  0
SECTION
  2
HEADER
  9
$ANGBASE
  50
0.0
  9
$ANGDIR
  70
1
  9
$MEASUREMENT
  70
0
  0
ENDSEC
  0
SECTION
  2
TABLES
  0
TABLE
  2
LTYPE
  70
4
  0
LTYPE
  5
40F
  2
CONTINUOUS
  70
0
  3
Solid line
  72
65
  73
0
  40
0.0
  0
LTYPE
  5
410
  2
DASHDOT
 70
0
  3
Dash Dot ____ _ ____ _
 72
65
 73
4
 40
2.0
 49
1.25
 49
-0.25
 49
0.25
 49
-0.25
  0
LTYPE
  5
411
  2
DASHED
 70
0
  3
Dashed __ __ __ __ __
 72
65
 73
2
 40
0.75
 49
0.5
 49
-0.25
  0
LTYPE
  5
43B
  2
DOTTED
 70
0
  3
Dotted .  .  .  .
 72
65
 73
2
 40
0.2
 49
0.0
 49
-0.2
  0
ENDTAB
  0
TABLE
  2
STYLE
  70
4
  0
STYLE
  2
KICAD
  70
0
  40
0
  41
1
  42
1
  50
0
  71
0
  3
isocp.shx
  0
STYLE
  2
KICADB
  70
0
  40
0
  41
1
  42
1
  50
0
  71
0
  3
isocp.shx
  0
STYLE
  2
KICADI
  70
0
  40
0
  41
1
  42
1
  50
15
  71
0
  3
isocp.shx
  0
STYLE
  2
KICADBI
  70
0
  40
0
  41
1
  42
1
  50
15
  71
0
  3
isocp.shx
  0
ENDTAB
  0
TABLE
  2
LAYER
  70
1
  0
LAYER
  2
BLACK
  70
0
  62
7
  6
CONTINUOUS
  0
ENDTAB
  0
ENDSEC
  0
SECTION
  2
ENTITIES
0
LINE
8
BLACK
6
CONTINUOUS
10
0.2516064960629921
20
0.078387874015748
11
0.2516842519685039
21
0.0783933858267716
0
LINE
8
BLACK
6
CONTINUOUS
10
0.2516842519685039
20
0.0783933858267716
11
0.2517864960629921
21
0.078370157480315
0
LINE
8
BLACK
6
CONTINUOUS
10
0.2517864960629921
20
0.078370157480315
11
0.2518910236220472
21
0.078359842519685
0
LINE
8
BLACK
6
CONTINUOUS
10
0.2518910236220472
20
0.078359842519685
11
0.2519631102362205
21
0.07833
0
LINE
8
BLACK
6
CONTINUOUS
10
0.2519631102362205
20
0.07833
11
0.2522487007874016
21
0.0782650393700787
0
LINE
8
BLACK
6
CONTINUOUS
10
0.2522487007874016
20
0.0782650393700787
11
0.2578729921259842
21
0.0763902755905512
0
LINE
8
BLACK
6
CONTINUOUS
10
0.2578729921259842
20
0.0763902755905512
11
0.2584015354330709
21
0.0761542913385827
0
LINE
8
BLACK
6
CONTINUOUS
10
0.2584015354330709
20
0.0761542913385827
11
0.2584816535433071
21
0.0760848031496063
0
LINE
8
BLACK
6
CONTINUOUS
10
0.2584816535433071
20
0.0760848031496063
11
0.2585797244094488
21
0.0760441732283465
0
LINE
8
BLACK
6
CONTINUOUS
10
0.2585797244094488
20
0.0760441732283465
11
0.2590271653543307
21
0.075676968503937
0
LINE
8
BLACK
6
CONTINUOUS
10
0.2590271653543307
20
0.075676968503937
11
0.2627766929133858
21
0.0719274409448819
0
LINE
8
BLACK
6
CONTINUOUS
10
0.2627766929133858
20
0.0719274409448819
11
0.2629625196850394
21
0.071701062992126
0
LINE
8
BLACK
6
CONTINUOUS
10
0.2629625196850394
20
0.071701062992126
11
0.2630214566929134
21
0.0716499212598425
0
LINE
8
BLACK
6
CONTINUOUS
10
0.2630214566929134
20
0.0716499212598425
11
0.2630773228346457
21
0.0715611811023622
0
LINE
8
BLACK
6
CONTINUOUS
10
0.2630773228346457
20
0.0715611811023622
11
0.263143937007874
21
0.07148
0
LINE
8
BLACK
6
CONTINUOUS
10
0.263143937007874
20
0.07148
11
0.263173779527559
21
0.071407874015748
0
LINE
8
BLACK
6
CONTINUOUS
10
0.263173779527559
20
0.071407874015748
11
0.2633298031496063
21
0.0711600393700787
0
LINE
8
BLACK
6
CONTINUOUS
10
0.2633298031496063
20
0.0711600393700787
11
0.2652045669291339
21
0.0674105118110236
0
LINE
8
BLACK
6
CONTINUOUS
10
0.2652045669291339
20
0.0674105118110236
11
0.2652206692913386
21
0.0673684251968504
0
LINE
8
BLACK
6
CONTINUOUS
10
0.2652206692913386
20
0.0673684251968504
11
0.2652333858267716
21
0.0673512598425197
0
LINE
8
BLACK
6
CONTINUOUS
10
0.2652333858267716
20
0.0673512598425197
11
0.2653196850393701
21
0.0671096850393701
0
LINE
8
BLACK
6
CONTINUOUS
10
0.2653196850393701
20
0.0671096850393701
11
0.2654114566929134
21
0.0668699212598425
0
LINE
8
BLACK
6
CONTINUOUS
10
0.2654114566929134
20
0.0668699212598425
11
0.2654129527559055
21
0.0668486614173228
0
LINE
8
BLACK
6
CONTINUOUS
10
0.2654129527559055
20
0.0668486614173228
11
0.2654281496062992
21
0.0668061417322835
0
LINE
8
BLACK
6
CONTINUOUS
10
0.2654281496062992
20
0.0668061417322835
11
0.2673029133858268
21
0.0593070866141732
0
LINE
8
BLACK
6
CONTINUOUS
10
0.2673029133858268
20
0.0593070866141732
11
0.2673176771653543
21
0.0592072440944882
0
LINE
8
BLACK
6
CONTINUOUS
10
0.2673176771653543
20
0.0592072440944882
11
0.2673343307086614
21
0.0591670078740157
0
LINE
8
BLACK
6
CONTINUOUS
10
0.2673343307086614
20
0.0591670078740157
11
0.2673556692913386
21
0.05895
0
LINE
8
BLACK
6
CONTINUOUS
10
0.2673556692913386
20
0.05895
11
0.2673875590551181
21
0.0587344881889764
0
LINE
8
BLACK
6
CONTINUOUS
10
0.2673875590551181
20
0.0587344881889764
11
0.2673811417322834
21
0.0586914960629921
0
LINE
8
BLACK
6
CONTINUOUS
10
0.2673811417322834
20
0.0586914960629921
11
0.267391062992126
21
0.0585909448818898
0
LINE
8
BLACK
6
CONTINUOUS
10
0.267391062992126
20
0.0585909448818898
11
0.267391062992126
21
0.0529666535433071
0
LINE
8
BLACK
6
CONTINUOUS
10
0.267391062992126
20
0.0529666535433071
11
0.2673811417322834
21
0.0528661417322835
0
LINE
8
BLACK
6
CONTINUOUS
10
0.2673811417322834
20
0.0528661417322835
11
0.2673875590551181
21
0.0528231102362205
0
LINE
8
BLACK
6
CONTINUOUS
10
0.2673875590551181
20
0.0528231102362205
11
0.2673556692913386
21
0.0526076377952756
0
LINE
8
BLACK
6
CONTINUOUS
10
0.2673556692913386
20
0.0526076377952756
11
0.2673343307086614
21
0.0523905905511811
0
LINE
8
BLACK
6
CONTINUOUS
10
0.2673343307086614
20
0.0523905905511811
11
0.2673176771653543
21
0.0523503937007874
0
LINE
8
BLACK
6
CONTINUOUS
10
0.2673176771653543
20
0.0523503937007874
11
0.2673029133858268
21
0.0522505118110236
0
LINE
8
BLACK
6
CONTINUOUS
10
0.2673029133858268
20
0.0522505118110236
11
0.2654281496062992
21
0.0447514566929134
0
LINE
8
BLACK
6
CONTINUOUS
10
0.2654281496062992
20
0.0447514566929134
11
0.2654129527559055
21
0.0447089763779528
0
LINE
8
BLACK
6
CONTINUOUS
10
0.2654129527559055
20
0.0447089763779528
11
0.2654114566929134
21
0.0446876771653543
0
LINE
8
BLACK
6
CONTINUOUS
10
0.2654114566929134
20
0.0446876771653543
11
0.2653196850393701
21
0.0444479527559055
0
LINE
8
BLACK
6
CONTINUOUS
10
0.2653196850393701
20
0.0444479527559055
11
0.2652333858267716
21
0.0442063385826772
0
LINE
8
BLACK
6
CONTINUOUS
10
0.2652333858267716
20
0.0442063385826772
11
0.2652206692913386
21
0.0441892125984252
0
LINE
8
BLACK
6
CONTINUOUS
10
0.2652206692913386
20
0.0441892125984252
11
0.2652045669291339
21
0.0441470866141732
0
LINE
8
BLACK
6
CONTINUOUS
10
0.2652045669291339
20
0.0441470866141732
11
0.2633298031496063
21
0.0403975590551181
0
LINE
8
BLACK
6
CONTINUOUS
10
0.2633298031496063
20
0.0403975590551181
11
0.2631737401574803
21
0.0401496850393701
0
LINE
8
BLACK
6
CONTINUOUS
10
0.2631737401574803
20
0.0401496850393701
11
0.263143937007874
21
0.0400776377952756
0
LINE
8
BLACK
6
CONTINUOUS
10
0.263143937007874
20
0.0400776377952756
11
0.2630774015748031
21
0.0399966141732283
0
LINE
8
BLACK
6
CONTINUOUS
10
0.2630774015748031
20
0.0399966141732283
11
0.2630214566929134
21
0.0399076771653543
0
LINE
8
BLACK
6
CONTINUOUS
10
0.2630214566929134
20
0.0399076771653543
11
0.2629624409448819
21
0.0398565354330709
0
LINE
8
BLACK
6
CONTINUOUS
10
0.2629624409448819
20
0.0398565354330709
11
0.2627767322834645
21
0.0396301968503937
0
LINE
8
BLACK
6
CONTINUOUS
10
0.2627767322834645
20
0.0396301968503937
11
0.2590271653543307
21
0.0358805905511811
0
LINE
8
BLACK
6
CONTINUOUS
10
0.2590271653543307
20
0.0358805905511811
11
0.2585797244094488
21
0.0355133858267717
0
LINE
8
BLACK
6
CONTINUOUS
10
0.2585797244094488
20
0.0355133858267717
11
0.2584816535433071
21
0.0354727952755906
0
LINE
8
BLACK
6
CONTINUOUS
10
0.2584816535433071
20
0.0354727952755906
11
0.2584015354330709
21
0.0354032677165354
0
LINE
8
BLACK
6
CONTINUOUS
10
0.2584015354330709
20
0.0354032677165354
11
0.2578729921259842
21
0.0351672834645669
0
LINE
8
BLACK
6
CONTINUOUS
10
0.2578729921259842
20
0.0351672834645669
11
0.2522487007874016
21
0.0332925196850394
0
LINE
8
BLACK
6
CONTINUOUS
10
0.2522487007874016
20
0.0332925196850394
11
0.2519631102362205
21
0.0332275984251968
0
LINE
8
BLACK
6
CONTINUOUS
10
0.2519631102362205
20
0.0332275984251968
11
0.2518910236220472
21
0.0331977165354331
0
LINE
8
BLACK
6
CONTINUOUS
10
0.2518910236220472
20
0.0331977165354331
11
0.2517864960629921
21
0.0331874409448819
0
LINE
8
BLACK
6
CONTINUOUS
10
0.2517864960629921
20
0.0331874409448819
11
0.2516842519685039
21
0.0331641732283465
0
LINE
8
BLACK
6
CONTINUOUS
10
0.2516842519685039
20
0.0331641732283465
11
0.2516064960629921
21
0.0331697244094488
0
LINE
8
BLACK
6
CONTINUOUS
10
0.2516064960629921
20
0.0331697244094488
11
0.2513149606299213
21
0.0331409842519685
0
LINE
8
BLACK
6
CONTINUOUS
10
0.2513149606299213
20
0.0331409842519685
11
0.2419411417322835
21
0.0331409842519685
0
LINE
8
BLACK
6
CONTINUOUS
10
0.2419411417322835
20
0.0331409842519685
11
0.2413650787401575
21
0.0331977165354331
0
LINE
8
BLACK
6
CONTINUOUS
10
0.2413650787401575
20
0.0331977165354331
11
0.2403006692913386
21
0.0336386220472441
0
LINE
8
BLACK
6
CONTINUOUS
10
0.2403006692913386
20
0.0336386220472441
11
0.2394860236220472
21
0.0344532677165354
0
LINE
8
BLACK
6
CONTINUOUS
10
0.2394860236220472
20
0.0344532677165354
11
0.2390451181102362
21
0.0355176771653543
0
LINE
8
BLACK
6
CONTINUOUS
10
0.2390451181102362
20
0.0355176771653543
11
0.2389883858267716
21
0.0360937401574803
0
LINE
8
BLACK
6
CONTINUOUS
10
0.2389883858267716
20
0.0360937401574803
11
0.2389883858267716
21
0.0754638188976378
0
LINE
8
BLACK
6
CONTINUOUS
10
0.2389883858267716
20
0.0754638188976378
11
0.2390451181102362
21
0.0760398818897638
0
LINE
8
BLACK
6
CONTINUOUS
10
0.2390451181102362
20
0.0760398818897638
11
0.2394860236220472
21
0.0771042913385827
0
LINE
8
BLACK
6
CONTINUOUS
10
0.2394860236220472
20
0.0771042913385827
11
0.2403006692913386
21
0.077918937007874
0
LINE
8
BLACK
6
CONTINUOUS
10
0.2403006692913386
20
0.077918937007874
11
0.2413650787401575
21
0.078359842519685
0
LINE
8
BLACK
6
CONTINUOUS
10
0.2413650787401575
20
0.078359842519685
11
0.2419411417322835
21
0.0784165748031496
0
LINE
8
BLACK
6
CONTINUOUS
10
0.2419411417322835
20
0.0784165748031496
11
0.2513149606299213
21
0.0784165748031496
0
LINE
8
BLACK
6
CONTINUOUS
10
0.2513149606299213
20
0.0784165748031496
11
0.2516064960629921
21
0.078387874015748
0
LINE
8
BLACK
6
CONTINUOUS
10
0.2448938976377953
20
0.0390464960629921
11
0.2508358267716536
21
0.0390464960629921
0
LINE
8
BLACK
6
CONTINUOUS
10
0.2508358267716536
20
0.0390464960629921
11
0.2553442125984252
21
0.0405493307086614
0
LINE
8
BLACK
6
CONTINUOUS
10
0.2553442125984252
20
0.0405493307086614
11
0.2582620078740158
21
0.0434671653543307
0
LINE
8
BLACK
6
CONTINUOUS
10
0.2582620078740158
20
0.0434671653543307
11
0.2597775196850394
21
0.0464981496062992
0
LINE
8
BLACK
6
CONTINUOUS
10
0.2597775196850394
20
0.0464981496062992
11
0.2614855511811023
21
0.0533301968503937
0
LINE
8
BLACK
6
CONTINUOUS
10
0.2614855511811023
20
0.0533301968503937
11
0.2614855511811023
21
0.0582274015748031
0
LINE
8
BLACK
6
CONTINUOUS
10
0.2614855511811023
20
0.0582274015748031
11
0.2597775196850394
21
0.0650594488188976
0
LINE
8
BLACK
6
CONTINUOUS
10
0.2597775196850394
20
0.0650594488188976
11
0.2582620472440945
21
0.0680904330708661
0
LINE
8
BLACK
6
CONTINUOUS
10
0.2582620472440945
20
0.0680904330708661
11
0.2553442125984252
21
0.0710082677165354
0
LINE
8
BLACK
6
CONTINUOUS
10
0.2553442125984252
20
0.0710082677165354
11
0.2508358267716536
21
0.072511062992126
0
LINE
8
BLACK
6
CONTINUOUS
10
0.2508358267716536
20
0.072511062992126
11
0.2448938976377953
21
0.072511062992126
0
LINE
8
BLACK
6
CONTINUOUS
10
0.2448938976377953
20
0.072511062992126
11
0.2448938976377953
21
0.0390464960629921
0
LINE
8
BLACK
6
CONTINUOUS
10
0.3022382677165354
20
0.0783865748031496
11
0.3023157480314961
21
0.0783917322834646
0
LINE
8
BLACK
6
CONTINUOUS
10
0.3023157480314961
20
0.0783917322834646
11
0.302369094488189
21
0.0783737007874016
0
LINE
8
BLACK
6
CONTINUOUS
10
0.302369094488189
20
0.0783737007874016
11
0.3025096850393701
21
0.078359842519685
0
LINE
8
BLACK
6
CONTINUOUS
10
0.3025096850393701
20
0.078359842519685
11
0.302952874015748
21
0.0781762598425197
0
LINE
8
BLACK
6
CONTINUOUS
10
0.302952874015748
20
0.0781762598425197
11
0.303407125984252
21
0.0780226377952756
0
LINE
8
BLACK
6
CONTINUOUS
10
0.303407125984252
20
0.0780226377952756
11
0.3034820866141732
21
0.0779570866141732
0
LINE
8
BLACK
6
CONTINUOUS
10
0.3034820866141732
20
0.0779570866141732
11
0.303574094488189
21
0.077918937007874
0
LINE
8
BLACK
6
CONTINUOUS
10
0.303574094488189
20
0.077918937007874
11
0.3039130708661417
21
0.0775799606299213
0
LINE
8
BLACK
6
CONTINUOUS
10
0.3039130708661417
20
0.0775799606299213
11
0.3042742125984252
21
0.0772639763779528
0
LINE
8
BLACK
6
CONTINUOUS
10
0.3042742125984252
20
0.0772639763779528
11
0.3043183858267716
21
0.0771746456692913
0
LINE
8
BLACK
6
CONTINUOUS
10
0.3043183858267716
20
0.0771746456692913
11
0.3043887401574803
21
0.0771042913385827
0
LINE
8
BLACK
6
CONTINUOUS
10
0.3043887401574803
20
0.0771042913385827
11
0.3045722047244094
21
0.0766613779527559
0
LINE
8
BLACK
6
CONTINUOUS
10
0.3045722047244094
20
0.0766613779527559
11
0.3047849212598425
21
0.0762312204724409
0
LINE
8
BLACK
6
CONTINUOUS
10
0.3047849212598425
20
0.0762312204724409
11
0.3047915354330709
21
0.0761318897637795
0
LINE
8
BLACK
6
CONTINUOUS
10
0.3047915354330709
20
0.0761318897637795
11
0.3048296456692913
21
0.0760398818897638
0
LINE
8
BLACK
6
CONTINUOUS
10
0.3048296456692913
20
0.0760398818897638
11
0.3048296456692913
21
0.0755601968503937
0
LINE
8
BLACK
6
CONTINUOUS
10
0.3048296456692913
20
0.0755601968503937
11
0.3048615354330709
21
0.0750816929133858
0
LINE
8
BLACK
6
CONTINUOUS
10
0.3048615354330709
20
0.0750816929133858
11
0.3048296456692913
21
0.0749874015748031
0
LINE
8
BLACK
6
CONTINUOUS
10
0.3048296456692913
20
0.0749874015748031
11
0.3048296456692913
21
0.0748877559055118
0
LINE
8
BLACK
6
CONTINUOUS
10
0.3048296456692913
20
0.0748877559055118
11
0.3046460236220472
21
0.0744445669291339
0
LINE
8
BLACK
6
CONTINUOUS
10
0.3046460236220472
20
0.0744445669291339
11
0.3044924409448819
21
0.0739903149606299
0
LINE
8
BLACK
6
CONTINUOUS
10
0.3044924409448819
20
0.0739903149606299
11
0.3044103149606299
21
0.0738754724409449
0
LINE
8
BLACK
6
CONTINUOUS
10
0.3044103149606299
20
0.0738754724409449
11
0.3043887401574803
21
0.0738233464566929
0
LINE
8
BLACK
6
CONTINUOUS
10
0.3043887401574803
20
0.0738233464566929
11
0.304333779527559
21
0.0737684251968504
0
LINE
8
BLACK
6
CONTINUOUS
10
0.304333779527559
20
0.0737684251968504
11
0.3041557874015748
21
0.0735194094488189
0
LINE
8
BLACK
6
CONTINUOUS
10
0.3041557874015748
20
0.0735194094488189
11
0.295222874015748
21
0.0633103937007874
0
LINE
8
BLACK
6
CONTINUOUS
10
0.295222874015748
20
0.0633103937007874
11
0.2957550787401575
21
0.0631067322834646
0
LINE
8
BLACK
6
CONTINUOUS
10
0.2957550787401575
20
0.0631067322834646
11
0.2995046062992126
21
0.061231968503937
0
LINE
8
BLACK
6
CONTINUOUS
10
0.2995046062992126
20
0.061231968503937
11
0.2997525984251969
21
0.061075905511811
0
LINE
8
BLACK
6
CONTINUOUS
10
0.2997525984251969
20
0.061075905511811
11
0.2998245669291338
21
0.061046062992126
0
LINE
8
BLACK
6
CONTINUOUS
10
0.2998245669291338
20
0.061046062992126
11
0.2999055118110236
21
0.0609796062992126
0
LINE
8
BLACK
6
CONTINUOUS
10
0.2999055118110236
20
0.0609796062992126
11
0.2999944881889764
21
0.0609236220472441
0
LINE
8
BLACK
6
CONTINUOUS
10
0.2999944881889764
20
0.0609236220472441
11
0.3000456299212598
21
0.0608646456692913
0
LINE
8
BLACK
6
CONTINUOUS
10
0.3000456299212598
20
0.0608646456692913
11
0.3002720078740158
21
0.0606788582677165
0
LINE
8
BLACK
6
CONTINUOUS
10
0.3002720078740158
20
0.0606788582677165
11
0.3021467716535433
21
0.058804094488189
0
LINE
8
BLACK
6
CONTINUOUS
10
0.3021467716535433
20
0.058804094488189
11
0.3023325196850394
21
0.0585777559055118
0
LINE
8
BLACK
6
CONTINUOUS
10
0.3023325196850394
20
0.0585777559055118
11
0.3023915354330708
21
0.0585265748031496
0
LINE
8
BLACK
6
CONTINUOUS
10
0.3023915354330708
20
0.0585265748031496
11
0.3024474803149606
21
0.0584376377952756
0
LINE
8
BLACK
6
CONTINUOUS
10
0.3024474803149606
20
0.0584376377952756
11
0.3025139763779527
21
0.0583566535433071
0
LINE
8
BLACK
6
CONTINUOUS
10
0.3025139763779527
20
0.0583566535433071
11
0.3025437795275591
21
0.0582847244094488
0
LINE
8
BLACK
6
CONTINUOUS
10
0.3025437795275591
20
0.0582847244094488
11
0.3026998818897638
21
0.0580366929133858
0
LINE
8
BLACK
6
CONTINUOUS
10
0.3026998818897638
20
0.0580366929133858
11
0.3045746456692913
21
0.0542871653543307
0
LINE
8
BLACK
6
CONTINUOUS
10
0.3045746456692913
20
0.0542871653543307
11
0.3047815354330708
21
0.0537465748031496
0
LINE
8
BLACK
6
CONTINUOUS
10
0.3047815354330708
20
0.0537465748031496
11
0.3047890551181102
21
0.0536407086614173
0
LINE
8
BLACK
6
CONTINUOUS
10
0.3047890551181102
20
0.0536407086614173
11
0.3048296456692913
21
0.0535427165354331
0
LINE
8
BLACK
6
CONTINUOUS
10
0.3048296456692913
20
0.0535427165354331
11
0.3048863779527559
21
0.0529666535433071
0
LINE
8
BLACK
6
CONTINUOUS
10
0.3048863779527559
20
0.0529666535433071
11
0.3048863779527559
21
0.0435928346456693
0
LINE
8
BLACK
6
CONTINUOUS
10
0.3048863779527559
20
0.0435928346456693
11
0.3048296456692913
21
0.0430167716535433
0
LINE
8
BLACK
6
CONTINUOUS
10
0.3048296456692913
20
0.0430167716535433
11
0.3047890551181102
21
0.0429188188976378
0
LINE
8
BLACK
6
CONTINUOUS
10
0.3047890551181102
20
0.0429188188976378
11
0.3047815354330708
21
0.0428129133858268
0
LINE
8
BLACK
6
CONTINUOUS
10
0.3047815354330708
20
0.0428129133858268
11
0.3045746456692913
21
0.0422723228346457
0
LINE
8
BLACK
6
CONTINUOUS
10
0.3045746456692913
20
0.0422723228346457
11
0.3026998818897638
21
0.0385227952755905
0
LINE
8
BLACK
6
CONTINUOUS
10
0.3026998818897638
20
0.0385227952755905
11
0.3025438188976378
21
0.0382749212598425
0
LINE
8
BLACK
6
CONTINUOUS
10
0.3025438188976378
20
0.0382749212598425
11
0.3025140157480315
21
0.038202874015748
0
LINE
8
BLACK
6
CONTINUOUS
10
0.3025140157480315
20
0.038202874015748
11
0.3024474803149606
21
0.0381218503937008
0
LINE
8
BLACK
6
CONTINUOUS
10
0.3024474803149606
20
0.0381218503937008
11
0.3023915354330708
21
0.0380329133858268
0
LINE
8
BLACK
6
CONTINUOUS
10
0.3023915354330708
20
0.0380329133858268
11
0.3023325196850394
21
0.0379817716535433
0
LINE
8
BLACK
6
CONTINUOUS
10
0.3023325196850394
20
0.0379817716535433
11
0.3021467716535433
21
0.0377553937007874
0
LINE
8
BLACK
6
CONTINUOUS
10
0.3021467716535433
20
0.0377553937007874
11
0.3002720472440945
21
0.0358806299212598
0
LINE
8
BLACK
6
CONTINUOUS
10
0.3002720472440945
20
0.0358806299212598
11
0.3000456692913386
21
0.0356948818897638
0
LINE
8
BLACK
6
CONTINUOUS
10
0.3000456692913386
20
0.0356948818897638
11
0.2999944881889764
21
0.0356358267716535
0
LINE
8
BLACK
6
CONTINUOUS
10
0.2999944881889764
20
0.0356358267716535
11
0.2999055118110236
21
0.035579842519685
0
LINE
8
BLACK
6
CONTINUOUS
10
0.2999055118110236
20
0.035579842519685
11
0.2998245669291338
21
0.0355133858267717
0
LINE
8
BLACK
6
CONTINUOUS
10
0.2998245669291338
20
0.0355133858267717
11
0.2997525984251969
21
0.0354835826771654
0
LINE
8
BLACK
6
CONTINUOUS
10
0.2997525984251969
20
0.0354835826771654
11
0.2995046062992126
21
0.0353274803149606
0
LINE
8
BLACK
6
CONTINUOUS
10
0.2995046062992126
20
0.0353274803149606
11
0.2957550787401575
21
0.0334527165354331
0
LINE
8
BLACK
6
CONTINUOUS
10
0.2957550787401575
20
0.0334527165354331
11
0.2952144488188976
21
0.0332458267716535
0
LINE
8
BLACK
6
CONTINUOUS
10
0.2952144488188976
20
0.0332458267716535
11
0.2951086220472441
21
0.0332383464566929
0
LINE
8
BLACK
6
CONTINUOUS
10
0.2951086220472441
20
0.0332383464566929
11
0.2950106299212598
21
0.0331977165354331
0
LINE
8
BLACK
6
CONTINUOUS
10
0.2950106299212598
20
0.0331977165354331
11
0.2944345669291338
21
0.0331409842519685
0
LINE
8
BLACK
6
CONTINUOUS
10
0.2944345669291338
20
0.0331409842519685
11
0.2831859842519685
21
0.0331409842519685
0
LINE
8
BLACK
6
CONTINUOUS
10
0.2831859842519685
20
0.0331409842519685
11
0.2826099212598425
21
0.0331977165354331
0
LINE
8
BLACK
6
CONTINUOUS
10
0.2826099212598425
20
0.0331977165354331
11
0.2825119291338583
21
0.0332383070866142
0
LINE
8
BLACK
6
CONTINUOUS
10
0.2825119291338583
20
0.0332383070866142
11
0.282406062992126
21
0.0332458267716535
0
LINE
8
BLACK
6
CONTINUOUS
10
0.282406062992126
20
0.0332458267716535
11
0.2818654724409449
21
0.0334527165354331
0
LINE
8
BLACK
6
CONTINUOUS
10
0.2818654724409449
20
0.0334527165354331
11
0.2781159448818897
21
0.0353274803149606
0
LINE
8
BLACK
6
CONTINUOUS
10
0.2781159448818897
20
0.0353274803149606
11
0.2778679133858268
21
0.0354835826771654
0
LINE
8
BLACK
6
CONTINUOUS
10
0.2778679133858268
20
0.0354835826771654
11
0.2777959842519685
21
0.0355133858267717
0
LINE
8
BLACK
6
CONTINUOUS
10
0.2777959842519685
20
0.0355133858267717
11
0.277715
21
0.035579842519685
0
LINE
8
BLACK
6
CONTINUOUS
10
0.277715
20
0.035579842519685
11
0.277626062992126
21
0.0356358267716535
0
LINE
8
BLACK
6
CONTINUOUS
10
0.277626062992126
20
0.0356358267716535
11
0.277574842519685
21
0.0356948818897638
0
LINE
8
BLACK
6
CONTINUOUS
10
0.277574842519685
20
0.0356948818897638
11
0.2773485039370079
21
0.0358806299212598
0
LINE
8
BLACK
6
CONTINUOUS
10
0.2773485039370079
20
0.0358806299212598
11
0.2754737401574803
21
0.0377554330708661
0
LINE
8
BLACK
6
CONTINUOUS
10
0.2754737401574803
20
0.0377554330708661
11
0.2751065354330708
21
0.038202874015748
0
LINE
8
BLACK
6
CONTINUOUS
10
0.2751065354330708
20
0.038202874015748
11
0.2746656692913386
21
0.0392672834645669
0
LINE
8
BLACK
6
CONTINUOUS
10
0.2746656692913386
20
0.0392672834645669
11
0.2746656692913386
21
0.0404193700787402
0
LINE
8
BLACK
6
CONTINUOUS
10
0.2746656692913386
20
0.0404193700787402
11
0.2751065748031496
21
0.0414837795275591
0
LINE
8
BLACK
6
CONTINUOUS
10
0.2751065748031496
20
0.0414837795275591
11
0.2759212598425197
21
0.0422984645669291
0
LINE
8
BLACK
6
CONTINUOUS
10
0.2759212598425197
20
0.0422984645669291
11
0.2769856692913386
21
0.0427393307086614
0
LINE
8
BLACK
6
CONTINUOUS
10
0.2769856692913386
20
0.0427393307086614
11
0.2781377559055118
21
0.0427393307086614
0
LINE
8
BLACK
6
CONTINUOUS
10
0.2781377559055118
20
0.0427393307086614
11
0.2792021653543307
21
0.0422984251968504
0
LINE
8
BLACK
6
CONTINUOUS
10
0.2792021653543307
20
0.0422984251968504
11
0.2796496456692913
21
0.0419311811023622
0
LINE
8
BLACK
6
CONTINUOUS
10
0.2796496456692913
20
0.0419311811023622
11
0.2811855511811023
21
0.0403952362204724
0
LINE
8
BLACK
6
CONTINUOUS
10
0.2811855511811023
20
0.0403952362204724
11
0.283883031496063
21
0.0390464960629921
0
LINE
8
BLACK
6
CONTINUOUS
10
0.283883031496063
20
0.0390464960629921
11
0.2937375196850394
21
0.0390464960629921
0
LINE
8
BLACK
6
CONTINUOUS
10
0.2937375196850394
20
0.0390464960629921
11
0.2964349606299213
21
0.0403952362204724
0
LINE
8
BLACK
6
CONTINUOUS
10
0.2964349606299213
20
0.0403952362204724
11
0.2976320866141732
21
0.0415924015748032
0
LINE
8
BLACK
6
CONTINUOUS
10
0.2976320866141732
20
0.0415924015748032
11
0.2989808661417323
21
0.0442898818897638
0
LINE
8
BLACK
6
CONTINUOUS
10
0.2989808661417323
20
0.0442898818897638
11
0.2989808661417323
21
0.0522696062992126
0
LINE
8
BLACK
6
CONTINUOUS
10
0.2989808661417323
20
0.0522696062992126
11
0.297632125984252
21
0.0549670866141732
0
LINE
8
BLACK
6
CONTINUOUS
10
0.297632125984252
20
0.0549670866141732
11
0.296435
21
0.0561642125984252
0
LINE
8
BLACK
6
CONTINUOUS
10
0.296435
20
0.0561642125984252
11
0.2937375196850394
21
0.0575129527559055
0
LINE
8
BLACK
6
CONTINUOUS
10
0.2937375196850394
20
0.0575129527559055
11
0.2888102755905512
21
0.0575129527559055
0
LINE
8
BLACK
6
CONTINUOUS
10
0.2888102755905512
20
0.0575129527559055
11
0.2885055905511811
21
0.0575429921259843
0
LINE
8
BLACK
6
CONTINUOUS
10
0.2885055905511811
20
0.0575429921259843
11
0.2884281496062992
21
0.0575377952755906
0
LINE
8
BLACK
6
CONTINUOUS
10
0.2884281496062992
20
0.0575377952755906
11
0.2883747637795275
21
0.0575558661417323
0
LINE
8
BLACK
6
CONTINUOUS
10
0.2883747637795275
20
0.0575558661417323
11
0.2882342125984252
21
0.0575696850393701
0
LINE
8
BLACK
6
CONTINUOUS
10
0.2882342125984252
20
0.0575696850393701
11
0.2877909842519685
21
0.0577533070866142
0
LINE
8
BLACK
6
CONTINUOUS
10
0.2877909842519685
20
0.0577533070866142
11
0.2873367716535433
21
0.0579068897637795
0
LINE
8
BLACK
6
CONTINUOUS
10
0.2873367716535433
20
0.0579068897637795
11
0.2872617716535433
21
0.0579724803149606
0
LINE
8
BLACK
6
CONTINUOUS
10
0.2872617716535433
20
0.0579724803149606
11
0.2871698031496063
21
0.0580105905511811
0
LINE
8
BLACK
6
CONTINUOUS
10
0.2871698031496063
20
0.0580105905511811
11
0.2868307874015748
21
0.0583496062992126
0
LINE
8
BLACK
6
CONTINUOUS
10
0.2868307874015748
20
0.0583496062992126
11
0.2864696850393701
21
0.0586655511811024
0
LINE
8
BLACK
6
CONTINUOUS
10
0.2864696850393701
20
0.0586655511811024
11
0.2864254724409449
21
0.0587549212598425
0
LINE
8
BLACK
6
CONTINUOUS
10
0.2864254724409449
20
0.0587549212598425
11
0.286355157480315
21
0.0588252362204724
0
LINE
8
BLACK
6
CONTINUOUS
10
0.286355157480315
20
0.0588252362204724
11
0.2861716535433071
21
0.059268188976378
0
LINE
8
BLACK
6
CONTINUOUS
10
0.2861716535433071
20
0.059268188976378
11
0.2859589763779528
21
0.0596983070866142
0
LINE
8
BLACK
6
CONTINUOUS
10
0.2859589763779528
20
0.0596983070866142
11
0.2859523228346457
21
0.0597976771653543
0
LINE
8
BLACK
6
CONTINUOUS
10
0.2859523228346457
20
0.0597976771653543
11
0.285914251968504
21
0.0598896456692913
0
LINE
8
BLACK
6
CONTINUOUS
10
0.285914251968504
20
0.0598896456692913
11
0.285914251968504
21
0.0603693700787402
0
LINE
8
BLACK
6
CONTINUOUS
10
0.285914251968504
20
0.0603693700787402
11
0.2858823622047244
21
0.0608478346456693
0
LINE
8
BLACK
6
CONTINUOUS
10
0.2858823622047244
20
0.0608478346456693
11
0.285914251968504
21
0.0609421653543307
0
LINE
8
BLACK
6
CONTINUOUS
10
0.285914251968504
20
0.0609421653543307
11
0.285914251968504
21
0.0610417716535433
0
LINE
8
BLACK
6
CONTINUOUS
10
0.285914251968504
20
0.0610417716535433
11
0.2860978346456693
21
0.061485
0
LINE
8
BLACK
6
CONTINUOUS
10
0.2860978346456693
20
0.061485
11
0.2862514566929134
21
0.0619392125984252
0
LINE
8
BLACK
6
CONTINUOUS
10
0.2862514566929134
20
0.0619392125984252
11
0.2863335433070866
21
0.062054094488189
0
LINE
8
BLACK
6
CONTINUOUS
10
0.2863335433070866
20
0.062054094488189
11
0.286355157480315
21
0.0621061811023622
0
LINE
8
BLACK
6
CONTINUOUS
10
0.286355157480315
20
0.0621061811023622
11
0.2864100787401574
21
0.0621611417322835
0
LINE
8
BLACK
6
CONTINUOUS
10
0.2864100787401574
20
0.0621611417322835
11
0.2865881102362204
21
0.0624101181102362
0
LINE
8
BLACK
6
CONTINUOUS
10
0.2865881102362204
20
0.0624101181102362
11
0.2954264566929134
21
0.072511062992126
0
LINE
8
BLACK
6
CONTINUOUS
10
0.2954264566929134
20
0.072511062992126
11
0.2775616929133858
21
0.072511062992126
0
LINE
8
BLACK
6
CONTINUOUS
10
0.2775616929133858
20
0.072511062992126
11
0.2769856299212599
21
0.0725677952755906
0
LINE
8
BLACK
6
CONTINUOUS
10
0.2769856299212599
20
0.0725677952755906
11
0.2759212204724409
21
0.0730087007874016
0
LINE
8
BLACK
6
CONTINUOUS
10
0.2759212204724409
20
0.0730087007874016
11
0.2751065748031496
21
0.0738233464566929
0
LINE
8
BLACK
6
CONTINUOUS
10
0.2751065748031496
20
0.0738233464566929
11
0.2746656692913386
21
0.0748877559055118
0
LINE
8
BLACK
6
CONTINUOUS
10
0.2746656692913386
20
0.0748877559055118
11
0.2746656692913386
21
0.0760398818897638
0
LINE
8
BLACK
6
CONTINUOUS
10
0.2746656692913386
20
0.0760398818897638
11
0.2751065748031496
21
0.0771042913385827
0
LINE
8
BLACK
6
CONTINUOUS
10
0.2751065748031496
20
0.0771042913385827
11
0.2759212204724409
21
0.077918937007874
0
LINE
8
BLACK
6
CONTINUOUS
10
0.2759212204724409
20
0.077918937007874
11
0.2769856299212599
21
0.078359842519685
0
LINE
8
BLACK
6
CONTINUOUS
10
0.2769856299212599
20
0.078359842519685
11
0.2775616929133858
21
0.0784165748031496
0
LINE
8
BLACK
6
CONTINUOUS
10
0.2775616929133858
20
0.0784165748031496
11
0.3019336220472441
21
0.0784165748031496
0
LINE
8
BLACK
6
CONTINUOUS
10
0.3019336220472441
20
0.0784165748031496
11
0.3022382677165354
21
0.0783865748031496
0
LINE
8
BLACK
6
CONTINUOUS
10
0.3001165748031496
20
0.1511981496062992
11
0.301395
21
0.1499197244094488
0
LINE
8
BLACK
6
CONTINUOUS
10
0.301395
20
0.1499197244094488
11
0.301395
21
0.1481117716535433
0
LINE
8
BLACK
6
CONTINUOUS
10
0.301395
20
0.1481117716535433
11
0.3001165748031496
21
0.1468333464566929
0
LINE
8
BLACK
6
CONTINUOUS
10
0.3001165748031496
20
0.1468333464566929
11
0.2992125984251968
21
0.1466535433070866
0
LINE
8
BLACK
6
CONTINUOUS
10
0.2992125984251968
20
0.1466535433070866
11
0.2116141732283464
21
0.1466535433070866
0
LINE
8
BLACK
6
CONTINUOUS
10
0.2116141732283464
20
0.1466535433070866
11
0.2116141732283464
21
0.093503937007874
0
LINE
8
BLACK
6
CONTINUOUS
10
0.2116141732283464
20
0.093503937007874
11
0.2992125984251968
21
0.093503937007874
0
LINE
8
BLACK
6
CONTINUOUS
10
0.2992125984251968
20
0.093503937007874
11
0.3001165748031496
21
0.0933241338582677
0
LINE
8
BLACK
6
CONTINUOUS
10
0.3001165748031496
20
0.0933241338582677
11
0.301395
21
0.0920457086614173
0
LINE
8
BLACK
6
CONTINUOUS
10
0.301395
20
0.0920457086614173
11
0.301395
21
0.0902377559055118
0
LINE
8
BLACK
6
CONTINUOUS
10
0.301395
20
0.0902377559055118
11
0.3001165748031496
21
0.0889593307086614
0
LINE
8
BLACK
6
CONTINUOUS
10
0.3001165748031496
20
0.0889593307086614
11
0.2992125984251968
21
0.0887795275590551
0
LINE
8
BLACK
6
CONTINUOUS
10
0.2992125984251968
20
0.0887795275590551
11
0.209251968503937
21
0.0887795275590551
0
LINE
8
BLACK
6
CONTINUOUS
10
0.209251968503937
20
0.0887795275590551
11
0.2083479921259843
21
0.0889593307086614
0
LINE
8
BLACK
6
CONTINUOUS
10
0.2083479921259843
20
0.0889593307086614
11
0.2070695669291339
21
0.0902377559055118
0
LINE
8
BLACK
6
CONTINUOUS
10
0.2070695669291339
20
0.0902377559055118
11
0.2068897637795276
21
0.0911417322834646
0
LINE
8
BLACK
6
CONTINUOUS
10
0.2068897637795276
20
0.0911417322834646
11
0.2068897637795276
21
0.1490157480314961
0
LINE
8
BLACK
6
CONTINUOUS
10
0.2068897637795276
20
0.1490157480314961
11
0.2070695669291339
21
0.1499197244094488
0
LINE
8
BLACK
6
CONTINUOUS
10
0.2070695669291339
20
0.1499197244094488
11
0.2083479921259843
21
0.1511981496062992
0
LINE
8
BLACK
6
CONTINUOUS
10
0.2083479921259843
20
0.1511981496062992
11
0.209251968503937
21
0.1513779527559055
0
LINE
8
BLACK
6
CONTINUOUS
10
0.209251968503937
20
0.1513779527559055
11
0.2992125984251968
21
0.1513779527559055
0
LINE
8
BLACK
6
CONTINUOUS
10
0.2992125984251968
20
0.1513779527559055
11
0.3001165748031496
21
0.1511981496062992
0
LINE
8
BLACK
6
CONTINUOUS
10
0.4805153149606299
20
0.142359842519685
11
0.4806133070866141
21
0.1423192519685039
0
LINE
8
BLACK
6
CONTINUOUS
10
0.4806133070866141
20
0.1423192519685039
11
0.4807191338582677
21
0.1423117322834646
0
LINE
8
BLACK
6
CONTINUOUS
10
0.4807191338582677
20
0.1423117322834646
11
0.4812597637795276
21
0.142104842519685
0
LINE
8
BLACK
6
CONTINUOUS
10
0.4812597637795276
20
0.142104842519685
11
0.4850092913385827
21
0.1402300787401575
0
LINE
8
BLACK
6
CONTINUOUS
10
0.4850092913385827
20
0.1402300787401575
11
0.4852572834645669
21
0.1400740157480315
0
LINE
8
BLACK
6
CONTINUOUS
10
0.4852572834645669
20
0.1400740157480315
11
0.4853292519685039
21
0.1400441732283464
0
LINE
8
BLACK
6
CONTINUOUS
10
0.4853292519685039
20
0.1400441732283464
11
0.4854101968503937
21
0.1399777165354331
0
LINE
8
BLACK
6
CONTINUOUS
10
0.4854101968503937
20
0.1399777165354331
11
0.4854991732283465
21
0.1399217322834646
0
LINE
8
BLACK
6
CONTINUOUS
10
0.4854991732283465
20
0.1399217322834646
11
0.4855503149606299
21
0.1398627559055118
0
LINE
8
BLACK
6
CONTINUOUS
10
0.4855503149606299
20
0.1398627559055118
11
0.4857766929133858
21
0.139676968503937
0
LINE
8
BLACK
6
CONTINUOUS
10
0.4857766929133858
20
0.139676968503937
11
0.4876514566929134
21
0.1378022047244094
0
LINE
8
BLACK
6
CONTINUOUS
10
0.4876514566929134
20
0.1378022047244094
11
0.4878372047244094
21
0.1375758661417323
0
LINE
8
BLACK
6
CONTINUOUS
10
0.4878372047244094
20
0.1375758661417323
11
0.4878962204724409
21
0.1375246850393701
0
LINE
8
BLACK
6
CONTINUOUS
10
0.4878962204724409
20
0.1375246850393701
11
0.4879521653543307
21
0.1374357480314961
0
LINE
8
BLACK
6
CONTINUOUS
10
0.4879521653543307
20
0.1374357480314961
11
0.4880186614173228
21
0.1373547637795275
0
LINE
8
BLACK
6
CONTINUOUS
10
0.4880186614173228
20
0.1373547637795275
11
0.4880484645669291
21
0.1372828346456693
0
LINE
8
BLACK
6
CONTINUOUS
10
0.4880484645669291
20
0.1372828346456693
11
0.4882045669291338
21
0.1370348031496063
0
LINE
8
BLACK
6
CONTINUOUS
10
0.4882045669291338
20
0.1370348031496063
11
0.4900793307086614
21
0.1332852755905512
0
LINE
8
BLACK
6
CONTINUOUS
10
0.4900793307086614
20
0.1332852755905512
11
0.4902862204724409
21
0.1327446850393701
0
LINE
8
BLACK
6
CONTINUOUS
10
0.4902862204724409
20
0.1327446850393701
11
0.4902937401574803
21
0.1326388188976378
0
LINE
8
BLACK
6
CONTINUOUS
10
0.4902937401574803
20
0.1326388188976378
11
0.4903343307086614
21
0.1325408267716535
0
LINE
8
BLACK
6
CONTINUOUS
10
0.4903343307086614
20
0.1325408267716535
11
0.490391062992126
21
0.1319647637795276
0
LINE
8
BLACK
6
CONTINUOUS
10
0.490391062992126
20
0.1319647637795276
11
0.490391062992126
21
0.1263404724409449
0
LINE
8
BLACK
6
CONTINUOUS
10
0.490391062992126
20
0.1263404724409449
11
0.4903343307086614
21
0.1257644094488189
0
LINE
8
BLACK
6
CONTINUOUS
10
0.4903343307086614
20
0.1257644094488189
11
0.4902937401574803
21
0.1256664566929134
0
LINE
8
BLACK
6
CONTINUOUS
10
0.4902937401574803
20
0.1256664566929134
11
0.4902862204724409
21
0.1255605511811023
0
LINE
8
BLACK
6
CONTINUOUS
10
0.4902862204724409
20
0.1255605511811023
11
0.4900793307086614
21
0.1250199606299213
0
LINE
8
BLACK
6
CONTINUOUS
10
0.4900793307086614
20
0.1250199606299213
11
0.4882045669291338
21
0.1212704330708661
0
LINE
8
BLACK
6
CONTINUOUS
10
0.4882045669291338
20
0.1212704330708661
11
0.4880484645669291
21
0.1210224409448819
0
LINE
8
BLACK
6
CONTINUOUS
10
0.4880484645669291
20
0.1210224409448819
11
0.4880186614173228
21
0.1209504724409449
0
LINE
8
BLACK
6
CONTINUOUS
10
0.4880186614173228
20
0.1209504724409449
11
0.4879521653543307
21
0.1208695275590551
0
LINE
8
BLACK
6
CONTINUOUS
10
0.4879521653543307
20
0.1208695275590551
11
0.4878962204724409
21
0.1207805511811024
0
LINE
8
BLACK
6
CONTINUOUS
10
0.4878962204724409
20
0.1207805511811024
11
0.4878372047244094
21
0.1207294094488189
0
LINE
8
BLACK
6
CONTINUOUS
10
0.4878372047244094
20
0.1207294094488189
11
0.4876514566929134
21
0.120503031496063
0
LINE
8
BLACK
6
CONTINUOUS
10
0.4876514566929134
20
0.120503031496063
11
0.4857766929133858
21
0.1186282677165354
0
LINE
8
BLACK
6
CONTINUOUS
10
0.4857766929133858
20
0.1186282677165354
11
0.4855503149606299
21
0.1184425196850394
0
LINE
8
BLACK
6
CONTINUOUS
10
0.4855503149606299
20
0.1184425196850394
11
0.4854991732283465
21
0.1183835039370079
0
LINE
8
BLACK
6
CONTINUOUS
10
0.4854991732283465
20
0.1183835039370079
11
0.4854101968503937
21
0.1183275590551181
0
LINE
8
BLACK
6
CONTINUOUS
10
0.4854101968503937
20
0.1183275590551181
11
0.4853292519685039
21
0.118261062992126
0
LINE
8
BLACK
6
CONTINUOUS
10
0.4853292519685039
20
0.118261062992126
11
0.4852572834645669
21
0.1182312598425197
0
LINE
8
BLACK
6
CONTINUOUS
10
0.4852572834645669
20
0.1182312598425197
11
0.4850092913385827
21
0.118075157480315
0
LINE
8
BLACK
6
CONTINUOUS
10
0.4850092913385827
20
0.118075157480315
11
0.4812597637795276
21
0.1162003937007874
0
LINE
8
BLACK
6
CONTINUOUS
10
0.4812597637795276
20
0.1162003937007874
11
0.4807191338582677
21
0.1159935039370079
0
LINE
8
BLACK
6
CONTINUOUS
10
0.4807191338582677
20
0.1159935039370079
11
0.4806133070866141
21
0.1159860236220472
0
LINE
8
BLACK
6
CONTINUOUS
10
0.4806133070866141
20
0.1159860236220472
11
0.4805153149606299
21
0.1159453937007874
0
LINE
8
BLACK
6
CONTINUOUS
10
0.4805153149606299
20
0.1159453937007874
11
0.4799831496062992
21
0.1158929921259843
0
LINE
8
BLACK
6
CONTINUOUS
10
0.4799831496062992
20
0.1158929921259843
11
0.4898573228346457
21
0.1017870078740157
0
LINE
8
BLACK
6
CONTINUOUS
10
0.4898573228346457
20
0.1017870078740157
11
0.4901411811023622
21
0.1012825590551181
0
LINE
8
BLACK
6
CONTINUOUS
10
0.4901411811023622
20
0.1012825590551181
11
0.4903903543307087
21
0.1001577165354331
0
LINE
8
BLACK
6
CONTINUOUS
10
0.4903903543307087
20
0.1001577165354331
11
0.490190157480315
21
0.0990231496062992
0
LINE
8
BLACK
6
CONTINUOUS
10
0.490190157480315
20
0.0990231496062992
11
0.4895709842519685
21
0.0980515748031496
0
LINE
8
BLACK
6
CONTINUOUS
10
0.4895709842519685
20
0.0980515748031496
11
0.488627125984252
21
0.0973908661417323
0
LINE
8
BLACK
6
CONTINUOUS
10
0.488627125984252
20
0.0973908661417323
11
0.4875022834645669
21
0.0971416535433071
0
LINE
8
BLACK
6
CONTINUOUS
10
0.4875022834645669
20
0.0971416535433071
11
0.4863677559055118
21
0.0973418897637795
0
LINE
8
BLACK
6
CONTINUOUS
10
0.4863677559055118
20
0.0973418897637795
11
0.4853961417322835
21
0.097961062992126
0
LINE
8
BLACK
6
CONTINUOUS
10
0.4853961417322835
20
0.097961062992126
11
0.4850193307086614
21
0.0984004330708661
0
LINE
8
BLACK
6
CONTINUOUS
10
0.4850193307086614
20
0.0984004330708661
11
0.4727775984251968
21
0.1158886614173228
0
LINE
8
BLACK
6
CONTINUOUS
10
0.4727775984251968
20
0.1158886614173228
11
0.4678938976377953
21
0.1158886614173228
0
LINE
8
BLACK
6
CONTINUOUS
10
0.4678938976377953
20
0.1158886614173228
11
0.4678938976377953
21
0.1000937401574803
0
LINE
8
BLACK
6
CONTINUOUS
10
0.4678938976377953
20
0.1000937401574803
11
0.4678371653543307
21
0.0995176771653543
0
LINE
8
BLACK
6
CONTINUOUS
10
0.4678371653543307
20
0.0995176771653543
11
0.4673962598425197
21
0.0984532677165354
0
LINE
8
BLACK
6
CONTINUOUS
10
0.4673962598425197
20
0.0984532677165354
11
0.4665816141732284
21
0.0976386220472441
0
LINE
8
BLACK
6
CONTINUOUS
10
0.4665816141732284
20
0.0976386220472441
11
0.4655172047244094
21
0.0971977165354331
0
LINE
8
BLACK
6
CONTINUOUS
10
0.4655172047244094
20
0.0971977165354331
11
0.4643650787401575
21
0.0971977165354331
0
LINE
8
BLACK
6
CONTINUOUS
10
0.4643650787401575
20
0.0971977165354331
11
0.4633006692913386
21
0.0976386220472441
0
LINE
8
BLACK
6
CONTINUOUS
10
0.4633006692913386
20
0.0976386220472441
11
0.4624860236220472
21
0.0984532677165354
0
LINE
8
BLACK
6
CONTINUOUS
10
0.4624860236220472
20
0.0984532677165354
11
0.4620451181102362
21
0.0995176771653543
0
LINE
8
BLACK
6
CONTINUOUS
10
0.4620451181102362
20
0.0995176771653543
11
0.4619883858267717
21
0.1000937401574803
0
LINE
8
BLACK
6
CONTINUOUS
10
0.4619883858267717
20
0.1000937401574803
11
0.4619883858267717
21
0.1394638188976378
0
LINE
8
BLACK
6
CONTINUOUS
10
0.4619883858267717
20
0.1394638188976378
11
0.4620451181102362
21
0.1400398818897638
0
LINE
8
BLACK
6
CONTINUOUS
10
0.4620451181102362
20
0.1400398818897638
11
0.4624860236220472
21
0.1411042913385827
0
LINE
8
BLACK
6
CONTINUOUS
10
0.4624860236220472
20
0.1411042913385827
11
0.4633006692913386
21
0.141918937007874
0
LINE
8
BLACK
6
CONTINUOUS
10
0.4633006692913386
20
0.141918937007874
11
0.4643650787401575
21
0.142359842519685
0
LINE
8
BLACK
6
CONTINUOUS
10
0.4643650787401575
20
0.142359842519685
11
0.4649411417322835
21
0.1424165748031496
0
LINE
8
BLACK
6
CONTINUOUS
10
0.4649411417322835
20
0.1424165748031496
11
0.4799392519685039
21
0.1424165748031496
0
LINE
8
BLACK
6
CONTINUOUS
10
0.4799392519685039
20
0.1424165748031496
11
0.4805153149606299
21
0.142359842519685
0
LINE
8
BLACK
6
CONTINUOUS
10
0.4678938976377953
20
0.1217941732283465
11
0.4792422047244094
21
0.1217941732283465
0
LINE
8
BLACK
6
CONTINUOUS
10
0.4792422047244094
20
0.1217941732283465
11
0.4819396850393701
21
0.1231429133858268
0
LINE
8
BLACK
6
CONTINUOUS
10
0.4819396850393701
20
0.1231429133858268
11
0.483136811023622
21
0.1243400393700787
0
LINE
8
BLACK
6
CONTINUOUS
10
0.483136811023622
20
0.1243400393700787
11
0.4844855511811024
21
0.1270375196850394
0
LINE
8
BLACK
6
CONTINUOUS
10
0.4844855511811024
20
0.1270375196850394
11
0.4844855511811024
21
0.1312677165354331
0
LINE
8
BLACK
6
CONTINUOUS
10
0.4844855511811024
20
0.1312677165354331
11
0.483136811023622
21
0.1339651968503937
0
LINE
8
BLACK
6
CONTINUOUS
10
0.483136811023622
20
0.1339651968503937
11
0.4819396850393701
21
0.1351623228346457
0
LINE
8
BLACK
6
CONTINUOUS
10
0.4819396850393701
20
0.1351623228346457
11
0.4792422047244094
21
0.136511062992126
0
LINE
8
BLACK
6
CONTINUOUS
10
0.4792422047244094
20
0.136511062992126
11
0.4678938976377953
21
0.136511062992126
0
LINE
8
BLACK
6
CONTINUOUS
10
0.4678938976377953
20
0.136511062992126
11
0.4678938976377953
21
0.1217941732283465
0
LINE
8
BLACK
6
CONTINUOUS
10
0.5132725590551181
20
0.1439038188976378
11
0.5141429527559055
21
0.143148937007874
0
LINE
8
BLACK
6
CONTINUOUS
10
0.5141429527559055
20
0.143148937007874
11
0.5146581496062992
21
0.1421184645669291
0
LINE
8
BLACK
6
CONTINUOUS
10
0.5146581496062992
20
0.1421184645669291
11
0.5147398425196851
21
0.1409692519685039
0
LINE
8
BLACK
6
CONTINUOUS
10
0.5147398425196851
20
0.1409692519685039
11
0.5146114960629922
21
0.1404048031496063
0
LINE
8
BLACK
6
CONTINUOUS
10
0.5146114960629922
20
0.1404048031496063
11
0.5065331889763779
21
0.1161698818897638
0
LINE
8
BLACK
6
CONTINUOUS
10
0.5065331889763779
20
0.1161698818897638
11
0.5182313385826771
21
0.1161698818897638
0
LINE
8
BLACK
6
CONTINUOUS
10
0.5182313385826771
20
0.1161698818897638
11
0.5182313385826771
21
0.1263404724409449
0
LINE
8
BLACK
6
CONTINUOUS
10
0.5182313385826771
20
0.1263404724409449
11
0.5182880708661417
21
0.1269165354330709
0
LINE
8
BLACK
6
CONTINUOUS
10
0.5182880708661417
20
0.1269165354330709
11
0.5187289763779528
21
0.1279809448818898
0
LINE
8
BLACK
6
CONTINUOUS
10
0.5187289763779528
20
0.1279809448818898
11
0.5195436220472441
21
0.1287955905511811
0
LINE
8
BLACK
6
CONTINUOUS
10
0.5195436220472441
20
0.1287955905511811
11
0.5206080314960629
21
0.1292364960629921
0
LINE
8
BLACK
6
CONTINUOUS
10
0.5206080314960629
20
0.1292364960629921
11
0.5217601574803149
21
0.1292364960629921
0
LINE
8
BLACK
6
CONTINUOUS
10
0.5217601574803149
20
0.1292364960629921
11
0.5228245669291338
21
0.1287955905511811
0
LINE
8
BLACK
6
CONTINUOUS
10
0.5228245669291338
20
0.1287955905511811
11
0.5236392125984252
21
0.1279809448818898
0
LINE
8
BLACK
6
CONTINUOUS
10
0.5236392125984252
20
0.1279809448818898
11
0.5240801181102362
21
0.1269165354330709
0
LINE
8
BLACK
6
CONTINUOUS
10
0.5240801181102362
20
0.1269165354330709
11
0.5241368503937007
21
0.1263404724409449
0
LINE
8
BLACK
6
CONTINUOUS
10
0.5241368503937007
20
0.1263404724409449
11
0.5241368503937007
21
0.1161698818897638
0
LINE
8
BLACK
6
CONTINUOUS
10
0.5241368503937007
20
0.1161698818897638
11
0.5268083858267717
21
0.1161698818897638
0
LINE
8
BLACK
6
CONTINUOUS
10
0.5268083858267717
20
0.1161698818897638
11
0.5273844488188977
21
0.1161131496062992
0
LINE
8
BLACK
6
CONTINUOUS
10
0.5273844488188977
20
0.1161131496062992
11
0.5284488582677165
21
0.1156722440944882
0
LINE
8
BLACK
6
CONTINUOUS
10
0.5284488582677165
20
0.1156722440944882
11
0.5292635039370078
21
0.1148575984251968
0
LINE
8
BLACK
6
CONTINUOUS
10
0.5292635039370078
20
0.1148575984251968
11
0.5297044094488189
21
0.113793188976378
0
LINE
8
BLACK
6
CONTINUOUS
10
0.5297044094488189
20
0.113793188976378
11
0.5297044094488189
21
0.112641062992126
0
LINE
8
BLACK
6
CONTINUOUS
10
0.5297044094488189
20
0.112641062992126
11
0.5292635039370078
21
0.1115766535433071
0
LINE
8
BLACK
6
CONTINUOUS
10
0.5292635039370078
20
0.1115766535433071
11
0.5284488582677165
21
0.1107620078740157
0
LINE
8
BLACK
6
CONTINUOUS
10
0.5284488582677165
20
0.1107620078740157
11
0.5273844488188977
21
0.1103211023622047
0
LINE
8
BLACK
6
CONTINUOUS
10
0.5273844488188977
20
0.1103211023622047
11
0.5268083858267717
21
0.1102643700787402
0
LINE
8
BLACK
6
CONTINUOUS
10
0.5268083858267717
20
0.1102643700787402
11
0.5241368503937007
21
0.1102643700787402
0
LINE
8
BLACK
6
CONTINUOUS
10
0.5241368503937007
20
0.1102643700787402
11
0.5241368503937007
21
0.1000937401574803
0
LINE
8
BLACK
6
CONTINUOUS
10
0.5241368503937007
20
0.1000937401574803
11
0.5240801181102362
21
0.0995176771653543
0
LINE
8
BLACK
6
CONTINUOUS
10
0.5240801181102362
20
0.0995176771653543
11
0.5236392125984252
21
0.0984532677165354
0
LINE
8
BLACK
6
CONTINUOUS
10
0.5236392125984252
20
0.0984532677165354
11
0.5228245669291338
21
0.0976386220472441
0
LINE
8
BLACK
6
CONTINUOUS
10
0.5228245669291338
20
0.0976386220472441
11
0.5217601574803149
21
0.0971977165354331
0
LINE
8
BLACK
6
CONTINUOUS
10
0.5217601574803149
20
0.0971977165354331
11
0.5206080314960629
21
0.0971977165354331
0
LINE
8
BLACK
6
CONTINUOUS
10
0.5206080314960629
20
0.0971977165354331
11
0.5195436220472441
21
0.0976386220472441
0
LINE
8
BLACK
6
CONTINUOUS
10
0.5195436220472441
20
0.0976386220472441
11
0.5187289763779528
21
0.0984532677165354
0
LINE
8
BLACK
6
CONTINUOUS
10
0.5187289763779528
20
0.0984532677165354
11
0.5182880708661417
21
0.0995176771653543
0
LINE
8
BLACK
6
CONTINUOUS
10
0.5182880708661417
20
0.0995176771653543
11
0.5182313385826771
21
0.1000937401574803
0
LINE
8
BLACK
6
CONTINUOUS
10
0.5182313385826771
20
0.1000937401574803
11
0.5182313385826771
21
0.1102643700787402
0
LINE
8
BLACK
6
CONTINUOUS
10
0.5182313385826771
20
0.1102643700787402
11
0.5024364566929134
21
0.1102643700787402
0
LINE
8
BLACK
6
CONTINUOUS
10
0.5024364566929134
20
0.1102643700787402
11
0.5021448818897638
21
0.1102931102362205
0
LINE
8
BLACK
6
CONTINUOUS
10
0.5021448818897638
20
0.1102931102362205
11
0.5020671653543307
21
0.1102875590551181
0
LINE
8
BLACK
6
CONTINUOUS
10
0.5020671653543307
20
0.1102875590551181
11
0.5020110236220472
21
0.1103062992125984
0
LINE
8
BLACK
6
CONTINUOUS
10
0.5020110236220472
20
0.1103062992125984
11
0.5018603937007874
21
0.1103211023622047
0
LINE
8
BLACK
6
CONTINUOUS
10
0.5018603937007874
20
0.1103211023622047
11
0.5014230708661417
21
0.1105022440944882
0
LINE
8
BLACK
6
CONTINUOUS
10
0.5014230708661417
20
0.1105022440944882
11
0.5009741338582677
21
0.1106518897637795
0
LINE
8
BLACK
6
CONTINUOUS
10
0.5009741338582677
20
0.1106518897637795
11
0.500893937007874
21
0.1107214566929134
0
LINE
8
BLACK
6
CONTINUOUS
10
0.500893937007874
20
0.1107214566929134
11
0.5007959842519685
21
0.1107620078740157
0
LINE
8
BLACK
6
CONTINUOUS
10
0.5007959842519685
20
0.1107620078740157
11
0.5004613385826772
21
0.1110966535433071
0
LINE
8
BLACK
6
CONTINUOUS
10
0.5004613385826772
20
0.1110966535433071
11
0.500103779527559
21
0.1114067716535433
0
LINE
8
BLACK
6
CONTINUOUS
10
0.500103779527559
20
0.1114067716535433
11
0.5000563385826772
21
0.1115016535433071
0
LINE
8
BLACK
6
CONTINUOUS
10
0.5000563385826772
20
0.1115016535433071
11
0.4999813385826772
21
0.1115766535433071
0
LINE
8
BLACK
6
CONTINUOUS
10
0.4999813385826772
20
0.1115766535433071
11
0.4998001574803149
21
0.1120140157480315
0
LINE
8
BLACK
6
CONTINUOUS
10
0.4998001574803149
20
0.1120140157480315
11
0.4995885826771653
21
0.1124372047244094
0
LINE
8
BLACK
6
CONTINUOUS
10
0.4995885826771653
20
0.1124372047244094
11
0.499581062992126
21
0.1125429921259842
0
LINE
8
BLACK
6
CONTINUOUS
10
0.499581062992126
20
0.1125429921259842
11
0.4995404330708662
21
0.112641062992126
0
LINE
8
BLACK
6
CONTINUOUS
10
0.4995404330708662
20
0.112641062992126
11
0.4995404330708662
21
0.1131145669291339
0
LINE
8
BLACK
6
CONTINUOUS
10
0.4995404330708662
20
0.1131145669291339
11
0.4995068897637795
21
0.1135864173228346
0
LINE
8
BLACK
6
CONTINUOUS
10
0.4995068897637795
20
0.1135864173228346
11
0.4995404330708662
21
0.113733937007874
0
LINE
8
BLACK
6
CONTINUOUS
10
0.4995404330708662
20
0.113733937007874
11
0.4995404330708662
21
0.113793188976378
0
LINE
8
BLACK
6
CONTINUOUS
10
0.4995404330708662
20
0.113793188976378
11
0.4995702755905512
21
0.1138653149606299
0
LINE
8
BLACK
6
CONTINUOUS
10
0.4995702755905512
20
0.1138653149606299
11
0.4996352362204725
21
0.1141508661417323
0
LINE
8
BLACK
6
CONTINUOUS
10
0.4996352362204725
20
0.1141508661417323
11
0.5090090551181102
21
0.1422723228346457
0
LINE
8
BLACK
6
CONTINUOUS
10
0.5090090551181102
20
0.1422723228346457
11
0.5092450393700787
21
0.1428008661417323
0
LINE
8
BLACK
6
CONTINUOUS
10
0.5092450393700787
20
0.1428008661417323
11
0.5099999212598425
21
0.1436712204724409
0
LINE
8
BLACK
6
CONTINUOUS
10
0.5099999212598425
20
0.1436712204724409
11
0.5110303543307086
21
0.1441864566929134
0
LINE
8
BLACK
6
CONTINUOUS
10
0.5110303543307086
20
0.1441864566929134
11
0.5121795669291338
21
0.1442681496062992
0
LINE
8
BLACK
6
CONTINUOUS
10
0.5121795669291338
20
0.1442681496062992
11
0.5132725590551181
21
0.1439038188976378
0
LINE
8
BLACK
6
CONTINUOUS
10
0.4059141338582677
20
0.1026115354330709
11
0.4071925590551181
21
0.1013331102362205
0
LINE
8
BLACK
6
CONTINUOUS
10
0.4071925590551181
20
0.1013331102362205
11
0.4071925590551181
21
0.099525157480315
0
LINE
8
BLACK
6
CONTINUOUS
10
0.4071925590551181
20
0.099525157480315
11
0.4059141338582677
21
0.0982467322834646
0
LINE
8
BLACK
6
CONTINUOUS
10
0.4059141338582677
20
0.0982467322834646
11
0.4050101574803149
21
0.0980669291338583
0
LINE
8
BLACK
6
CONTINUOUS
10
0.4050101574803149
20
0.0980669291338583
11
0.3863284251968504
21
0.0980669291338583
0
LINE
8
BLACK
6
CONTINUOUS
10
0.3863284251968504
20
0.0980669291338583
11
0.3854244488188976
21
0.0982467322834646
0
LINE
8
BLACK
6
CONTINUOUS
10
0.3854244488188976
20
0.0982467322834646
11
0.3841460236220473
21
0.099525157480315
0
LINE
8
BLACK
6
CONTINUOUS
10
0.3841460236220473
20
0.099525157480315
11
0.3841460236220473
21
0.1013331102362205
0
LINE
8
BLACK
6
CONTINUOUS
10
0.3841460236220473
20
0.1013331102362205
11
0.3854244488188976
21
0.1026115354330709
0
LINE
8
BLACK
6
CONTINUOUS
10
0.3854244488188976
20
0.1026115354330709
11
0.3863284251968504
21
0.1027913385826772
0
LINE
8
BLACK
6
CONTINUOUS
10
0.3863284251968504
20
0.1027913385826772
11
0.4050101574803149
21
0.1027913385826772
0
LINE
8
BLACK
6
CONTINUOUS
10
0.4050101574803149
20
0.1027913385826772
11
0.4059141338582677
21
0.1026115354330709
0
LINE
8
BLACK
6
CONTINUOUS
10
0.8349491732283464
20
0.1216432283464567
11
0.8350269291338582
21
0.1216487401574803
0
LINE
8
BLACK
6
CONTINUOUS
10
0.8350269291338582
20
0.1216487401574803
11
0.8351291732283465
21
0.1216255118110236
0
LINE
8
BLACK
6
CONTINUOUS
10
0.8351291732283465
20
0.1216255118110236
11
0.8352337007874016
21
0.1216151968503937
0
LINE
8
BLACK
6
CONTINUOUS
10
0.8352337007874016
20
0.1216151968503937
11
0.8353057874015748
21
0.1215853543307087
0
LINE
8
BLACK
6
CONTINUOUS
10
0.8353057874015748
20
0.1215853543307087
11
0.8355913779527558
21
0.1215203937007874
0
LINE
8
BLACK
6
CONTINUOUS
10
0.8355913779527558
20
0.1215203937007874
11
0.8412156692913385
21
0.1196456299212598
0
LINE
8
BLACK
6
CONTINUOUS
10
0.8412156692913385
20
0.1196456299212598
11
0.8417442125984251
21
0.1194096456692913
0
LINE
8
BLACK
6
CONTINUOUS
10
0.8417442125984251
20
0.1194096456692913
11
0.8418242913385826
21
0.1193401968503937
0
LINE
8
BLACK
6
CONTINUOUS
10
0.8418242913385826
20
0.1193401968503937
11
0.8419223622047244
21
0.1192995669291338
0
LINE
8
BLACK
6
CONTINUOUS
10
0.8419223622047244
20
0.1192995669291338
11
0.8423698425196851
21
0.1189323228346457
0
LINE
8
BLACK
6
CONTINUOUS
10
0.8423698425196851
20
0.1189323228346457
11
0.8461194094488189
21
0.1151827952755906
0
LINE
8
BLACK
6
CONTINUOUS
10
0.8461194094488189
20
0.1151827952755906
11
0.8464866535433071
21
0.1147353543307087
0
LINE
8
BLACK
6
CONTINUOUS
10
0.8464866535433071
20
0.1147353543307087
11
0.8465272440944882
21
0.1146373228346457
0
LINE
8
BLACK
6
CONTINUOUS
10
0.8465272440944882
20
0.1146373228346457
11
0.8465967322834645
21
0.1145572047244094
0
LINE
8
BLACK
6
CONTINUOUS
10
0.8465967322834645
20
0.1145572047244094
11
0.846832716535433
21
0.1140286220472441
0
LINE
8
BLACK
6
CONTINUOUS
10
0.846832716535433
20
0.1140286220472441
11
0.8487074803149606
21
0.1084043700787402
0
LINE
8
BLACK
6
CONTINUOUS
10
0.8487074803149606
20
0.1084043700787402
11
0.8487724015748032
21
0.1081187401574803
0
LINE
8
BLACK
6
CONTINUOUS
10
0.8487724015748032
20
0.1081187401574803
11
0.8488022834645669
21
0.1080466535433071
0
LINE
8
BLACK
6
CONTINUOUS
10
0.8488022834645669
20
0.1080466535433071
11
0.8488125590551181
21
0.1079422047244094
0
LINE
8
BLACK
6
CONTINUOUS
10
0.8488125590551181
20
0.1079422047244094
11
0.8488358267716535
21
0.1078399212598425
0
LINE
8
BLACK
6
CONTINUOUS
10
0.8488358267716535
20
0.1078399212598425
11
0.8488302755905511
21
0.1077622047244094
0
LINE
8
BLACK
6
CONTINUOUS
10
0.8488302755905511
20
0.1077622047244094
11
0.8488590157480315
21
0.1074705905511811
0
LINE
8
BLACK
6
CONTINUOUS
10
0.8488590157480315
20
0.1074705905511811
11
0.8488590157480315
21
0.103721062992126
0
LINE
8
BLACK
6
CONTINUOUS
10
0.8488590157480315
20
0.103721062992126
11
0.8488022834645669
21
0.103145
0
LINE
8
BLACK
6
CONTINUOUS
10
0.8488022834645669
20
0.103145
11
0.8483613779527559
21
0.1020805905511811
0
LINE
8
BLACK
6
CONTINUOUS
10
0.8483613779527559
20
0.1020805905511811
11
0.8475467322834646
21
0.1012659448818898
0
LINE
8
BLACK
6
CONTINUOUS
10
0.8475467322834646
20
0.1012659448818898
11
0.8464823228346456
21
0.1008250393700787
0
LINE
8
BLACK
6
CONTINUOUS
10
0.8464823228346456
20
0.1008250393700787
11
0.8453301968503937
21
0.1008250393700787
0
LINE
8
BLACK
6
CONTINUOUS
10
0.8453301968503937
20
0.1008250393700787
11
0.8442657874015748
21
0.1012659448818898
0
LINE
8
BLACK
6
CONTINUOUS
10
0.8442657874015748
20
0.1012659448818898
11
0.8434511417322834
21
0.1020805905511811
0
LINE
8
BLACK
6
CONTINUOUS
10
0.8434511417322834
20
0.1020805905511811
11
0.8430102362204724
21
0.103145
0
LINE
8
BLACK
6
CONTINUOUS
10
0.8430102362204724
20
0.103145
11
0.8429535039370079
21
0.103721062992126
0
LINE
8
BLACK
6
CONTINUOUS
10
0.8429535039370079
20
0.103721062992126
11
0.8429535039370079
21
0.1069914566929134
0
LINE
8
BLACK
6
CONTINUOUS
10
0.8429535039370079
20
0.1069914566929134
11
0.8414507086614174
21
0.111499842519685
0
LINE
8
BLACK
6
CONTINUOUS
10
0.8414507086614174
20
0.111499842519685
11
0.8386868897637795
21
0.1142636220472441
0
LINE
8
BLACK
6
CONTINUOUS
10
0.8386868897637795
20
0.1142636220472441
11
0.8341785039370079
21
0.1157664173228346
0
LINE
8
BLACK
6
CONTINUOUS
10
0.8341785039370079
20
0.1157664173228346
11
0.8065361811023621
21
0.1157664173228346
0
LINE
8
BLACK
6
CONTINUOUS
10
0.8065361811023621
20
0.1157664173228346
11
0.8059601181102362
21
0.1158231496062992
0
LINE
8
BLACK
6
CONTINUOUS
10
0.8059601181102362
20
0.1158231496062992
11
0.8048957086614174
21
0.1162640551181102
0
LINE
8
BLACK
6
CONTINUOUS
10
0.8048957086614174
20
0.1162640551181102
11
0.804081062992126
21
0.1170787007874016
0
LINE
8
BLACK
6
CONTINUOUS
10
0.804081062992126
20
0.1170787007874016
11
0.8036401574803149
21
0.1181431102362205
0
LINE
8
BLACK
6
CONTINUOUS
10
0.8036401574803149
20
0.1181431102362205
11
0.8036401574803149
21
0.1192952362204724
0
LINE
8
BLACK
6
CONTINUOUS
10
0.8036401574803149
20
0.1192952362204724
11
0.804081062992126
21
0.1203596456692913
0
LINE
8
BLACK
6
CONTINUOUS
10
0.804081062992126
20
0.1203596456692913
11
0.8048957086614174
21
0.1211742913385827
0
LINE
8
BLACK
6
CONTINUOUS
10
0.8048957086614174
20
0.1211742913385827
11
0.8059601181102362
21
0.1216151968503937
0
LINE
8
BLACK
6
CONTINUOUS
10
0.8059601181102362
20
0.1216151968503937
11
0.8065361811023621
21
0.1216719291338583
0
LINE
8
BLACK
6
CONTINUOUS
10
0.8065361811023621
20
0.1216719291338583
11
0.8346576377952756
21
0.1216719291338583
0
LINE
8
BLACK
6
CONTINUOUS
10
0.8346576377952756
20
0.1216719291338583
11
0.8349491732283464
21
0.1216432283464567
0
LINE
8
BLACK
6
CONTINUOUS
10
0.5734574803149606
20
0.1549925196850394
11
0.5739049212598425
21
0.1546253149606299
0
LINE
8
BLACK
6
CONTINUOUS
10
0.5739049212598425
20
0.1546253149606299
11
0.5911385039370078
21
0.1373917322834646
0
LINE
8
BLACK
6
CONTINUOUS
10
0.5911385039370078
20
0.1373917322834646
11
0.5913326377952756
21
0.137155157480315
0
LINE
8
BLACK
6
CONTINUOUS
10
0.5913326377952756
20
0.137155157480315
11
0.5913911417322835
21
0.1371039763779527
0
LINE
8
BLACK
6
CONTINUOUS
10
0.5913911417322835
20
0.1371039763779527
11
0.5914161023622048
21
0.1370534645669291
0
LINE
8
BLACK
6
CONTINUOUS
10
0.5914161023622048
20
0.1370534645669291
11
0.5915057086614173
21
0.1369442913385827
0
LINE
8
BLACK
6
CONTINUOUS
10
0.5915057086614173
20
0.1369442913385827
11
0.5916891338582677
21
0.1365013779527559
0
LINE
8
BLACK
6
CONTINUOUS
10
0.5916891338582677
20
0.1365013779527559
11
0.5919018897637796
21
0.1360712598425197
0
LINE
8
BLACK
6
CONTINUOUS
10
0.5919018897637796
20
0.1360712598425197
11
0.5919085039370079
21
0.1359718503937008
0
LINE
8
BLACK
6
CONTINUOUS
10
0.5919085039370079
20
0.1359718503937008
11
0.5919466141732284
21
0.135879842519685
0
LINE
8
BLACK
6
CONTINUOUS
10
0.5919466141732284
20
0.135879842519685
11
0.5919466141732284
21
0.1354001968503937
0
LINE
8
BLACK
6
CONTINUOUS
10
0.5919466141732284
20
0.1354001968503937
11
0.5919785039370079
21
0.1349216535433071
0
LINE
8
BLACK
6
CONTINUOUS
10
0.5919785039370079
20
0.1349216535433071
11
0.5919466141732284
21
0.1348274015748031
0
LINE
8
BLACK
6
CONTINUOUS
10
0.5919466141732284
20
0.1348274015748031
11
0.5919466141732284
21
0.1347277952755906
0
LINE
8
BLACK
6
CONTINUOUS
10
0.5919466141732284
20
0.1347277952755906
11
0.5917629921259843
21
0.1342845669291338
0
LINE
8
BLACK
6
CONTINUOUS
10
0.5917629921259843
20
0.1342845669291338
11
0.5916093700787401
21
0.1338302755905512
0
LINE
8
BLACK
6
CONTINUOUS
10
0.5916093700787401
20
0.1338302755905512
11
0.5915438188976377
21
0.1337553937007874
0
LINE
8
BLACK
6
CONTINUOUS
10
0.5915438188976377
20
0.1337553937007874
11
0.5915057086614173
21
0.1336633464566929
0
LINE
8
BLACK
6
CONTINUOUS
10
0.5915057086614173
20
0.1336633464566929
11
0.5911665354330708
21
0.1333242125984252
0
LINE
8
BLACK
6
CONTINUOUS
10
0.5911665354330708
20
0.1333242125984252
11
0.5908507480314961
21
0.1329632677165354
0
LINE
8
BLACK
6
CONTINUOUS
10
0.5908507480314961
20
0.1329632677165354
11
0.5907614566929134
21
0.1329191338582677
0
LINE
8
BLACK
6
CONTINUOUS
10
0.5907614566929134
20
0.1329191338582677
11
0.5906910629921259
21
0.1328487007874016
0
LINE
8
BLACK
6
CONTINUOUS
10
0.5906910629921259
20
0.1328487007874016
11
0.5902479921259842
21
0.1326651968503937
0
LINE
8
BLACK
6
CONTINUOUS
10
0.5902479921259842
20
0.1326651968503937
11
0.5898179921259843
21
0.1324525196850394
0
LINE
8
BLACK
6
CONTINUOUS
10
0.5898179921259843
20
0.1324525196850394
11
0.5896786614173228
21
0.1324293700787401
0
LINE
8
BLACK
6
CONTINUOUS
10
0.5896786614173228
20
0.1324293700787401
11
0.5896266141732284
21
0.1324077952755905
0
LINE
8
BLACK
6
CONTINUOUS
10
0.5896266141732284
20
0.1324077952755905
11
0.5895489763779528
21
0.1324077952755905
0
LINE
8
BLACK
6
CONTINUOUS
10
0.5895489763779528
20
0.1324077952755905
11
0.5892470078740157
21
0.1323575984251968
0
LINE
8
BLACK
6
CONTINUOUS
10
0.5892470078740157
20
0.1323575984251968
11
0.5757115748031496
21
0.1314552755905512
0
LINE
8
BLACK
6
CONTINUOUS
10
0.5757115748031496
20
0.1314552755905512
11
0.5759438976377953
21
0.1309349212598425
0
LINE
8
BLACK
6
CONTINUOUS
10
0.5759438976377953
20
0.1309349212598425
11
0.5772695669291339
21
0.1269579921259842
0
LINE
8
BLACK
6
CONTINUOUS
10
0.5772695669291339
20
0.1269579921259842
11
0.5773344881889764
21
0.1266723622047244
0
LINE
8
BLACK
6
CONTINUOUS
10
0.5773344881889764
20
0.1266723622047244
11
0.5773643700787402
21
0.1266002755905512
0
LINE
8
BLACK
6
CONTINUOUS
10
0.5773643700787402
20
0.1266002755905512
11
0.5773746456692913
21
0.1264958267716536
0
LINE
8
BLACK
6
CONTINUOUS
10
0.5773746456692913
20
0.1264958267716536
11
0.5773979133858268
21
0.1263935433070866
0
LINE
8
BLACK
6
CONTINUOUS
10
0.5773979133858268
20
0.1263935433070866
11
0.5773923622047243
21
0.1263158267716535
0
LINE
8
BLACK
6
CONTINUOUS
10
0.5773923622047243
20
0.1263158267716535
11
0.5774211023622047
21
0.1260242125984252
0
LINE
8
BLACK
6
CONTINUOUS
10
0.5774211023622047
20
0.1260242125984252
11
0.5774211023622047
21
0.1233729133858268
0
LINE
8
BLACK
6
CONTINUOUS
10
0.5774211023622047
20
0.1233729133858268
11
0.5773923622047243
21
0.1230813779527559
0
LINE
8
BLACK
6
CONTINUOUS
10
0.5773923622047243
20
0.1230813779527559
11
0.5773979133858268
21
0.1230036220472441
0
LINE
8
BLACK
6
CONTINUOUS
10
0.5773979133858268
20
0.1230036220472441
11
0.5773746456692913
21
0.1229013779527559
0
LINE
8
BLACK
6
CONTINUOUS
10
0.5773746456692913
20
0.1229013779527559
11
0.5773643700787402
21
0.1227968503937008
0
LINE
8
BLACK
6
CONTINUOUS
10
0.5773643700787402
20
0.1227968503937008
11
0.5773344881889764
21
0.1227247637795276
0
LINE
8
BLACK
6
CONTINUOUS
10
0.5773344881889764
20
0.1227247637795276
11
0.5772695669291339
21
0.1224391732283465
0
LINE
8
BLACK
6
CONTINUOUS
10
0.5772695669291339
20
0.1224391732283465
11
0.5759438976377953
21
0.1184621653543307
0
LINE
8
BLACK
6
CONTINUOUS
10
0.5759438976377953
20
0.1184621653543307
11
0.5757079133858267
21
0.1179335826771653
0
LINE
8
BLACK
6
CONTINUOUS
10
0.5757079133858267
20
0.1179335826771653
11
0.5756383464566929
21
0.1178534251968504
0
LINE
8
BLACK
6
CONTINUOUS
10
0.5756383464566929
20
0.1178534251968504
11
0.5755977952755905
21
0.1177554330708661
0
LINE
8
BLACK
6
CONTINUOUS
10
0.5755977952755905
20
0.1177554330708661
11
0.5752305905511811
21
0.1173079921259843
0
LINE
8
BLACK
6
CONTINUOUS
10
0.5752305905511811
20
0.1173079921259843
11
0.5686022834645669
21
0.1106797244094488
0
LINE
8
BLACK
6
CONTINUOUS
10
0.5686022834645669
20
0.1106797244094488
11
0.5681548031496063
21
0.1103124803149606
0
LINE
8
BLACK
6
CONTINUOUS
10
0.5681548031496063
20
0.1103124803149606
11
0.5680567322834645
21
0.1102718897637795
0
LINE
8
BLACK
6
CONTINUOUS
10
0.5680567322834645
20
0.1102718897637795
11
0.5679766535433071
21
0.1102024015748031
0
LINE
8
BLACK
6
CONTINUOUS
10
0.5679766535433071
20
0.1102024015748031
11
0.5674481102362204
21
0.1099664173228346
0
LINE
8
BLACK
6
CONTINUOUS
10
0.5674481102362204
20
0.1099664173228346
11
0.5634711417322834
21
0.1086407480314961
0
LINE
8
BLACK
6
CONTINUOUS
10
0.5634711417322834
20
0.1086407480314961
11
0.5631855511811024
21
0.1085758267716535
0
LINE
8
BLACK
6
CONTINUOUS
10
0.5631855511811024
20
0.1085758267716535
11
0.5631134645669291
21
0.1085459448818898
0
LINE
8
BLACK
6
CONTINUOUS
10
0.5631134645669291
20
0.1085459448818898
11
0.563008937007874
21
0.1085356692913386
0
LINE
8
BLACK
6
CONTINUOUS
10
0.563008937007874
20
0.1085356692913386
11
0.5629066929133858
21
0.1085124015748031
0
LINE
8
BLACK
6
CONTINUOUS
10
0.5629066929133858
20
0.1085124015748031
11
0.562828937007874
21
0.1085179527559055
0
LINE
8
BLACK
6
CONTINUOUS
10
0.562828937007874
20
0.1085179527559055
11
0.5625374015748031
21
0.1084892125984252
0
LINE
8
BLACK
6
CONTINUOUS
10
0.5625374015748031
20
0.1084892125984252
11
0.559886062992126
21
0.1084892125984252
0
LINE
8
BLACK
6
CONTINUOUS
10
0.559886062992126
20
0.1084892125984252
11
0.5595944488188976
21
0.1085179527559055
0
LINE
8
BLACK
6
CONTINUOUS
10
0.5595944488188976
20
0.1085179527559055
11
0.5595167322834645
21
0.1085124015748031
0
LINE
8
BLACK
6
CONTINUOUS
10
0.5595167322834645
20
0.1085124015748031
11
0.5594144488188977
21
0.1085356692913386
0
LINE
8
BLACK
6
CONTINUOUS
10
0.5594144488188977
20
0.1085356692913386
11
0.55931
21
0.1085459448818898
0
LINE
8
BLACK
6
CONTINUOUS
10
0.55931
20
0.1085459448818898
11
0.5592379133858267
21
0.1085758267716535
0
LINE
8
BLACK
6
CONTINUOUS
10
0.5592379133858267
20
0.1085758267716535
11
0.5589522834645669
21
0.1086407480314961
0
LINE
8
BLACK
6
CONTINUOUS
10
0.5589522834645669
20
0.1086407480314961
11
0.5549753543307087
21
0.1099664173228346
0
LINE
8
BLACK
6
CONTINUOUS
10
0.5549753543307087
20
0.1099664173228346
11
0.5544467716535433
21
0.1102024015748031
0
LINE
8
BLACK
6
CONTINUOUS
10
0.5544467716535433
20
0.1102024015748031
11
0.5543666141732283
21
0.1102719291338583
0
LINE
8
BLACK
6
CONTINUOUS
10
0.5543666141732283
20
0.1102719291338583
11
0.5542686614173228
21
0.1103124803149606
0
LINE
8
BLACK
6
CONTINUOUS
10
0.5542686614173228
20
0.1103124803149606
11
0.5538211811023622
21
0.1106797244094488
0
LINE
8
BLACK
6
CONTINUOUS
10
0.5538211811023622
20
0.1106797244094488
11
0.5458672440944882
21
0.1186336614173228
0
LINE
8
BLACK
6
CONTINUOUS
10
0.5458672440944882
20
0.1186336614173228
11
0.5455000393700787
21
0.1190811023622047
0
LINE
8
BLACK
6
CONTINUOUS
10
0.5455000393700787
20
0.1190811023622047
11
0.5454594094488189
21
0.1191791732283465
0
LINE
8
BLACK
6
CONTINUOUS
10
0.5454594094488189
20
0.1191791732283465
11
0.5453899212598425
21
0.1192592913385827
0
LINE
8
BLACK
6
CONTINUOUS
10
0.5453899212598425
20
0.1192592913385827
11
0.545153937007874
21
0.1197878346456693
0
LINE
8
BLACK
6
CONTINUOUS
10
0.545153937007874
20
0.1197878346456693
11
0.5438282677165355
21
0.1237648031496063
0
LINE
8
BLACK
6
CONTINUOUS
10
0.5438282677165355
20
0.1237648031496063
11
0.5437633070866141
21
0.1240503937007874
0
LINE
8
BLACK
6
CONTINUOUS
10
0.5437633070866141
20
0.1240503937007874
11
0.5437334645669292
21
0.1241224803149606
0
LINE
8
BLACK
6
CONTINUOUS
10
0.5437334645669292
20
0.1241224803149606
11
0.5437231496062992
21
0.1242270078740157
0
LINE
8
BLACK
6
CONTINUOUS
10
0.5437231496062992
20
0.1242270078740157
11
0.5436999212598425
21
0.1243292519685039
0
LINE
8
BLACK
6
CONTINUOUS
10
0.5436999212598425
20
0.1243292519685039
11
0.5437054330708662
21
0.1244070078740157
0
LINE
8
BLACK
6
CONTINUOUS
10
0.5437054330708662
20
0.1244070078740157
11
0.5436767322834646
21
0.1246985433070866
0
LINE
8
BLACK
6
CONTINUOUS
10
0.5436767322834646
20
0.1246985433070866
11
0.5436767322834646
21
0.1273498818897638
0
LINE
8
BLACK
6
CONTINUOUS
10
0.5436767322834646
20
0.1273498818897638
11
0.5437334645669292
21
0.1279259448818898
0
LINE
8
BLACK
6
CONTINUOUS
10
0.5437334645669292
20
0.1279259448818898
11
0.5441743700787401
21
0.1289903543307087
0
LINE
8
BLACK
6
CONTINUOUS
10
0.5441743700787401
20
0.1289903543307087
11
0.5449890157480315
21
0.129805
0
LINE
8
BLACK
6
CONTINUOUS
10
0.5449890157480315
20
0.129805
11
0.5460534251968504
21
0.130245905511811
0
LINE
8
BLACK
6
CONTINUOUS
10
0.5460534251968504
20
0.130245905511811
11
0.5472055511811024
21
0.130245905511811
0
LINE
8
BLACK
6
CONTINUOUS
10
0.5472055511811024
20
0.130245905511811
11
0.5482699606299213
21
0.129805
0
LINE
8
BLACK
6
CONTINUOUS
10
0.5482699606299213
20
0.129805
11
0.5490846062992126
21
0.1289903543307087
0
LINE
8
BLACK
6
CONTINUOUS
10
0.5490846062992126
20
0.1289903543307087
11
0.5495255118110236
21
0.1279259448818898
0
LINE
8
BLACK
6
CONTINUOUS
10
0.5495255118110236
20
0.1279259448818898
11
0.5495822440944882
21
0.1273498818897638
0
LINE
8
BLACK
6
CONTINUOUS
10
0.5495822440944882
20
0.1273498818897638
11
0.5495822440944882
21
0.1251777165354331
0
LINE
8
BLACK
6
CONTINUOUS
10
0.5495822440944882
20
0.1251777165354331
11
0.5505359448818897
21
0.1223166141732283
0
LINE
8
BLACK
6
CONTINUOUS
10
0.5505359448818897
20
0.1223166141732283
11
0.5575041338582677
21
0.1153484251968504
0
LINE
8
BLACK
6
CONTINUOUS
10
0.5575041338582677
20
0.1153484251968504
11
0.5603651968503937
21
0.1143947244094488
0
LINE
8
BLACK
6
CONTINUOUS
10
0.5603651968503937
20
0.1143947244094488
11
0.5620582677165354
21
0.1143947244094488
0
LINE
8
BLACK
6
CONTINUOUS
10
0.5620582677165354
20
0.1143947244094488
11
0.5649193307086614
21
0.1153484645669291
0
LINE
8
BLACK
6
CONTINUOUS
10
0.5649193307086614
20
0.1153484645669291
11
0.5705618897637795
21
0.1209909842519685
0
LINE
8
BLACK
6
CONTINUOUS
10
0.5705618897637795
20
0.1209909842519685
11
0.5715155905511811
21
0.1238520472440945
0
LINE
8
BLACK
6
CONTINUOUS
10
0.5715155905511811
20
0.1238520472440945
11
0.5715155905511811
21
0.1255450787401575
0
LINE
8
BLACK
6
CONTINUOUS
10
0.5715155905511811
20
0.1255450787401575
11
0.5705618897637795
21
0.1284061811023622
0
LINE
8
BLACK
6
CONTINUOUS
10
0.5705618897637795
20
0.1284061811023622
11
0.5670777952755905
21
0.1318902755905512
0
LINE
8
BLACK
6
CONTINUOUS
10
0.5670777952755905
20
0.1318902755905512
11
0.5668835826771653
21
0.1321268897637795
0
LINE
8
BLACK
6
CONTINUOUS
10
0.5668835826771653
20
0.1321268897637795
11
0.5668251574803149
21
0.132178031496063
0
LINE
8
BLACK
6
CONTINUOUS
10
0.5668251574803149
20
0.132178031496063
11
0.566800157480315
21
0.1322285826771654
0
LINE
8
BLACK
6
CONTINUOUS
10
0.566800157480315
20
0.1322285826771654
11
0.5667105511811024
21
0.1323377559055118
0
LINE
8
BLACK
6
CONTINUOUS
10
0.5667105511811024
20
0.1323377559055118
11
0.5665270078740158
21
0.1327808267716535
0
LINE
8
BLACK
6
CONTINUOUS
10
0.5665270078740158
20
0.1327808267716535
11
0.5663144094488188
21
0.1332107480314961
0
LINE
8
BLACK
6
CONTINUOUS
10
0.5663144094488188
20
0.1332107480314961
11
0.5663077559055117
21
0.1333101968503937
0
LINE
8
BLACK
6
CONTINUOUS
10
0.5663077559055117
20
0.1333101968503937
11
0.56626968503937
21
0.1334021653543307
0
LINE
8
BLACK
6
CONTINUOUS
10
0.56626968503937
20
0.1334021653543307
11
0.56626968503937
21
0.1338818503937008
0
LINE
8
BLACK
6
CONTINUOUS
10
0.56626968503937
20
0.1338818503937008
11
0.5662377952755905
21
0.1343603543307087
0
LINE
8
BLACK
6
CONTINUOUS
10
0.5662377952755905
20
0.1343603543307087
11
0.56626968503937
21
0.1344546850393701
0
LINE
8
BLACK
6
CONTINUOUS
10
0.56626968503937
20
0.1344546850393701
11
0.56626968503937
21
0.1345542519685039
0
LINE
8
BLACK
6
CONTINUOUS
10
0.56626968503937
20
0.1345542519685039
11
0.566453188976378
21
0.1349972834645669
0
LINE
8
BLACK
6
CONTINUOUS
10
0.566453188976378
20
0.1349972834645669
11
0.5666068897637795
21
0.1354517322834646
0
LINE
8
BLACK
6
CONTINUOUS
10
0.5666068897637795
20
0.1354517322834646
11
0.5666724803149606
21
0.1355267322834646
0
LINE
8
BLACK
6
CONTINUOUS
10
0.5666724803149606
20
0.1355267322834646
11
0.5667105905511811
21
0.1356186614173228
0
LINE
8
BLACK
6
CONTINUOUS
10
0.5667105905511811
20
0.1356186614173228
11
0.5670496062992126
21
0.1359577165354331
0
LINE
8
BLACK
6
CONTINUOUS
10
0.5670496062992126
20
0.1359577165354331
11
0.5673655511811023
21
0.1363187401574803
0
LINE
8
BLACK
6
CONTINUOUS
10
0.5673655511811023
20
0.1363187401574803
11
0.5674548031496063
21
0.1363629133858268
0
LINE
8
BLACK
6
CONTINUOUS
10
0.5674548031496063
20
0.1363629133858268
11
0.5675252755905512
21
0.1364333464566929
0
LINE
8
BLACK
6
CONTINUOUS
10
0.5675252755905512
20
0.1364333464566929
11
0.5679683070866142
21
0.1366168897637795
0
LINE
8
BLACK
6
CONTINUOUS
10
0.5679683070866142
20
0.1366168897637795
11
0.5683982677165355
21
0.1368294881889764
0
LINE
8
BLACK
6
CONTINUOUS
10
0.5683982677165355
20
0.1368294881889764
11
0.5685376377952756
21
0.1368526771653543
0
LINE
8
BLACK
6
CONTINUOUS
10
0.5685376377952756
20
0.1368526771653543
11
0.56858968503937
21
0.1368742125984252
0
LINE
8
BLACK
6
CONTINUOUS
10
0.56858968503937
20
0.1368742125984252
11
0.5686673228346456
21
0.1368742125984252
0
LINE
8
BLACK
6
CONTINUOUS
10
0.5686673228346456
20
0.1368742125984252
11
0.5689692913385827
21
0.1369244094488189
0
LINE
8
BLACK
6
CONTINUOUS
10
0.5689692913385827
20
0.1369244094488189
11
0.5823613779527559
21
0.1378172047244094
0
LINE
8
BLACK
6
CONTINUOUS
10
0.5823613779527559
20
0.1378172047244094
11
0.569729094488189
21
0.1504494881889764
0
LINE
8
BLACK
6
CONTINUOUS
10
0.569729094488189
20
0.1504494881889764
11
0.5693618897637795
21
0.1508969291338583
0
LINE
8
BLACK
6
CONTINUOUS
10
0.5693618897637795
20
0.1508969291338583
11
0.5689209842519685
21
0.1519613779527559
0
LINE
8
BLACK
6
CONTINUOUS
10
0.5689209842519685
20
0.1519613779527559
11
0.5689209842519685
21
0.1531134251968504
0
LINE
8
BLACK
6
CONTINUOUS
10
0.5689209842519685
20
0.1531134251968504
11
0.5693618897637795
21
0.154177874015748
0
LINE
8
BLACK
6
CONTINUOUS
10
0.5693618897637795
20
0.154177874015748
11
0.5701765354330709
21
0.1549925196850394
0
LINE
8
BLACK
6
CONTINUOUS
10
0.5701765354330709
20
0.1549925196850394
11
0.5712409842519685
21
0.1554334251968504
0
LINE
8
BLACK
6
CONTINUOUS
10
0.5712409842519685
20
0.1554334251968504
11
0.572393031496063
21
0.1554334251968504
0
LINE
8
BLACK
6
CONTINUOUS
10
0.572393031496063
20
0.1554334251968504
11
0.5734574803149606
21
0.1549925196850394
0
LINE
8
BLACK
6
CONTINUOUS
10
0.1866312204724409
20
0.2003134251968504
11
0.1868110236220472
21
0.1994094488188976
0
LINE
8
BLACK
6
CONTINUOUS
10
0.1868110236220472
20
0.1994094488188976
11
0.1868110236220472
21
0.1285433070866142
0
LINE
8
BLACK
6
CONTINUOUS
10
0.1868110236220472
20
0.1285433070866142
11
0.1866312204724409
21
0.1276393307086614
0
LINE
8
BLACK
6
CONTINUOUS
10
0.1866312204724409
20
0.1276393307086614
11
0.1853527952755905
21
0.126360905511811
0
LINE
8
BLACK
6
CONTINUOUS
10
0.1853527952755905
20
0.126360905511811
11
0.1844488188976378
21
0.1261811023622047
0
LINE
8
BLACK
6
CONTINUOUS
10
0.1844488188976378
20
0.1261811023622047
11
0.1273622047244095
21
0.1261811023622047
0
LINE
8
BLACK
6
CONTINUOUS
10
0.1273622047244095
20
0.1261811023622047
11
0.1264582283464567
21
0.126360905511811
0
LINE
8
BLACK
6
CONTINUOUS
10
0.1264582283464567
20
0.126360905511811
11
0.1251798031496063
21
0.1276393307086614
0
LINE
8
BLACK
6
CONTINUOUS
10
0.1251798031496063
20
0.1276393307086614
11
0.1251798031496063
21
0.1294472834645669
0
LINE
8
BLACK
6
CONTINUOUS
10
0.1251798031496063
20
0.1294472834645669
11
0.1264582283464567
21
0.1307257086614173
0
LINE
8
BLACK
6
CONTINUOUS
10
0.1264582283464567
20
0.1307257086614173
11
0.1273622047244095
21
0.1309055118110236
0
LINE
8
BLACK
6
CONTINUOUS
10
0.1273622047244095
20
0.1309055118110236
11
0.1820866141732284
21
0.1309055118110236
0
LINE
8
BLACK
6
CONTINUOUS
10
0.1820866141732284
20
0.1309055118110236
11
0.1820866141732284
21
0.1994094488188976
0
LINE
8
BLACK
6
CONTINUOUS
10
0.1820866141732284
20
0.1994094488188976
11
0.1822664173228346
21
0.2003134251968504
0
LINE
8
BLACK
6
CONTINUOUS
10
0.1822664173228346
20
0.2003134251968504
11
0.183544842519685
21
0.2015918503937008
0
LINE
8
BLACK
6
CONTINUOUS
10
0.183544842519685
20
0.2015918503937008
11
0.1853527952755905
21
0.2015918503937008
0
LINE
8
BLACK
6
CONTINUOUS
10
0.1853527952755905
20
0.2015918503937008
11
0.1866312204724409
21
0.2003134251968504
0
LINE
8
BLACK
6
CONTINUOUS
10
0.8475467322834646
20
0.1605443700787401
11
0.8483613779527559
21
0.1597297244094488
0
LINE
8
BLACK
6
CONTINUOUS
10
0.8483613779527559
20
0.1597297244094488
11
0.8488022834645669
21
0.1586653149606299
0
LINE
8
BLACK
6
CONTINUOUS
10
0.8488022834645669
20
0.1586653149606299
11
0.8488590157480315
21
0.1580892519685039
0
LINE
8
BLACK
6
CONTINUOUS
10
0.8488590157480315
20
0.1580892519685039
11
0.8488590157480315
21
0.1355920866141732
0
LINE
8
BLACK
6
CONTINUOUS
10
0.8488590157480315
20
0.1355920866141732
11
0.8488022834645669
21
0.1350160236220472
0
LINE
8
BLACK
6
CONTINUOUS
10
0.8488022834645669
20
0.1350160236220472
11
0.8483613779527559
21
0.1339516141732283
0
LINE
8
BLACK
6
CONTINUOUS
10
0.8483613779527559
20
0.1339516141732283
11
0.8475467322834646
21
0.133136968503937
0
LINE
8
BLACK
6
CONTINUOUS
10
0.8475467322834646
20
0.133136968503937
11
0.8464823228346456
21
0.132696062992126
0
LINE
8
BLACK
6
CONTINUOUS
10
0.8464823228346456
20
0.132696062992126
11
0.8453301968503937
21
0.132696062992126
0
LINE
8
BLACK
6
CONTINUOUS
10
0.8453301968503937
20
0.132696062992126
11
0.8442657874015748
21
0.133136968503937
0
LINE
8
BLACK
6
CONTINUOUS
10
0.8442657874015748
20
0.133136968503937
11
0.8434511417322834
21
0.1339516141732283
0
LINE
8
BLACK
6
CONTINUOUS
10
0.8434511417322834
20
0.1339516141732283
11
0.8430102362204724
21
0.1350160236220472
0
LINE
8
BLACK
6
CONTINUOUS
10
0.8430102362204724
20
0.1350160236220472
11
0.8429535039370079
21
0.1355920866141732
0
LINE
8
BLACK
6
CONTINUOUS
10
0.8429535039370079
20
0.1355920866141732
11
0.8429535039370079
21
0.1438879133858268
0
LINE
8
BLACK
6
CONTINUOUS
10
0.8429535039370079
20
0.1438879133858268
11
0.8155395275590551
21
0.1438879133858268
0
LINE
8
BLACK
6
CONTINUOUS
10
0.8155395275590551
20
0.1438879133858268
11
0.8179979133858267
21
0.1414295275590551
0
LINE
8
BLACK
6
CONTINUOUS
10
0.8179979133858267
20
0.1414295275590551
11
0.8181837401574803
21
0.1412031496062992
0
LINE
8
BLACK
6
CONTINUOUS
10
0.8181837401574803
20
0.1412031496062992
11
0.8182426771653543
21
0.1411520078740157
0
LINE
8
BLACK
6
CONTINUOUS
10
0.8182426771653543
20
0.1411520078740157
11
0.8182985433070866
21
0.1410632677165354
0
LINE
8
BLACK
6
CONTINUOUS
10
0.8182985433070866
20
0.1410632677165354
11
0.8183651574803149
21
0.1409820866141732
0
LINE
8
BLACK
6
CONTINUOUS
10
0.8183651574803149
20
0.1409820866141732
11
0.818395
21
0.1409099606299213
0
LINE
8
BLACK
6
CONTINUOUS
10
0.818395
20
0.1409099606299213
11
0.8185510236220472
21
0.140662125984252
0
LINE
8
BLACK
6
CONTINUOUS
10
0.8185510236220472
20
0.140662125984252
11
0.8204257874015748
21
0.1369125984251968
0
LINE
8
BLACK
6
CONTINUOUS
10
0.8204257874015748
20
0.1369125984251968
11
0.8206326771653543
21
0.1363720078740157
0
LINE
8
BLACK
6
CONTINUOUS
10
0.8206326771653543
20
0.1363720078740157
11
0.8207143307086614
21
0.1352227952755906
0
LINE
8
BLACK
6
CONTINUOUS
10
0.8207143307086614
20
0.1352227952755906
11
0.82035
21
0.1341298031496063
0
LINE
8
BLACK
6
CONTINUOUS
10
0.82035
20
0.1341298031496063
11
0.819595157480315
21
0.1332594488188976
0
LINE
8
BLACK
6
CONTINUOUS
10
0.819595157480315
20
0.1332594488188976
11
0.8185646456692913
21
0.1327441732283464
0
LINE
8
BLACK
6
CONTINUOUS
10
0.8185646456692913
20
0.1327441732283464
11
0.8174154330708662
21
0.1326625196850394
0
LINE
8
BLACK
6
CONTINUOUS
10
0.8174154330708662
20
0.1326625196850394
11
0.8163224803149606
21
0.1330268503937008
0
LINE
8
BLACK
6
CONTINUOUS
10
0.8163224803149606
20
0.1330268503937008
11
0.8154520866141732
21
0.1337816929133858
0
LINE
8
BLACK
6
CONTINUOUS
10
0.8154520866141732
20
0.1337816929133858
11
0.8151437401574803
21
0.1342715748031496
0
LINE
8
BLACK
6
CONTINUOUS
10
0.8151437401574803
20
0.1342715748031496
11
0.8134832677165355
21
0.1375925196850394
0
LINE
8
BLACK
6
CONTINUOUS
10
0.8134832677165355
20
0.1375925196850394
11
0.8102792913385827
21
0.1407964960629921
0
LINE
8
BLACK
6
CONTINUOUS
10
0.8102792913385827
20
0.1407964960629921
11
0.8048982677165354
21
0.1443838188976378
0
LINE
8
BLACK
6
CONTINUOUS
10
0.8048982677165354
20
0.1443838188976378
11
0.8048965748031496
21
0.1443851968503937
0
LINE
8
BLACK
6
CONTINUOUS
10
0.8048965748031496
20
0.1443851968503937
11
0.8048957086614174
21
0.1443855511811024
0
LINE
8
BLACK
6
CONTINUOUS
10
0.8048957086614174
20
0.1443855511811024
11
0.8048936614173228
21
0.1443875984251969
0
LINE
8
BLACK
6
CONTINUOUS
10
0.8048936614173228
20
0.1443875984251969
11
0.8044504330708662
21
0.1447505905511811
0
LINE
8
BLACK
6
CONTINUOUS
10
0.8044504330708662
20
0.1447505905511811
11
0.8042877559055118
21
0.1449935039370079
0
LINE
8
BLACK
6
CONTINUOUS
10
0.8042877559055118
20
0.1449935039370079
11
0.804081062992126
21
0.1452001968503937
0
LINE
8
BLACK
6
CONTINUOUS
10
0.804081062992126
20
0.1452001968503937
11
0.8039703149606299
21
0.1454675196850394
0
LINE
8
BLACK
6
CONTINUOUS
10
0.8039703149606299
20
0.1454675196850394
11
0.8038093700787401
21
0.145707874015748
0
LINE
8
BLACK
6
CONTINUOUS
10
0.8038093700787401
20
0.145707874015748
11
0.8037520078740157
21
0.1459945275590551
0
LINE
8
BLACK
6
CONTINUOUS
10
0.8037520078740157
20
0.1459945275590551
11
0.8036401574803149
21
0.1462646062992126
0
LINE
8
BLACK
6
CONTINUOUS
10
0.8036401574803149
20
0.1462646062992126
11
0.8036401574803149
21
0.146553937007874
0
LINE
8
BLACK
6
CONTINUOUS
10
0.8036401574803149
20
0.146553937007874
11
0.8035834251968503
21
0.1468375590551181
0
LINE
8
BLACK
6
CONTINUOUS
10
0.8035834251968503
20
0.1468375590551181
11
0.8036401574803149
21
0.1471243700787402
0
LINE
8
BLACK
6
CONTINUOUS
10
0.8036401574803149
20
0.1471243700787402
11
0.8036401574803149
21
0.1474167322834646
0
LINE
8
BLACK
6
CONTINUOUS
10
0.8036401574803149
20
0.1474167322834646
11
0.8037508661417323
21
0.1476840157480315
0
LINE
8
BLACK
6
CONTINUOUS
10
0.8037508661417323
20
0.1476840157480315
11
0.8038070078740157
21
0.1479677952755905
0
LINE
8
BLACK
6
CONTINUOUS
10
0.8038070078740157
20
0.1479677952755905
11
0.8039691732283465
21
0.148211062992126
0
LINE
8
BLACK
6
CONTINUOUS
10
0.8039691732283465
20
0.148211062992126
11
0.804081062992126
21
0.1484811417322835
0
LINE
8
BLACK
6
CONTINUOUS
10
0.804081062992126
20
0.1484811417322835
11
0.8042855905511811
21
0.1486857086614173
0
LINE
8
BLACK
6
CONTINUOUS
10
0.8042855905511811
20
0.1486857086614173
11
0.8044461023622047
21
0.1489264173228347
0
LINE
8
BLACK
6
CONTINUOUS
10
0.8044461023622047
20
0.1489264173228347
11
0.8046889763779528
21
0.149089094488189
0
LINE
8
BLACK
6
CONTINUOUS
10
0.8046889763779528
20
0.149089094488189
11
0.8048957086614174
21
0.1492957874015748
0
LINE
8
BLACK
6
CONTINUOUS
10
0.8048957086614174
20
0.1492957874015748
11
0.8051629921259842
21
0.1494065354330709
0
LINE
8
BLACK
6
CONTINUOUS
10
0.8051629921259842
20
0.1494065354330709
11
0.8054033858267716
21
0.1495674803149606
0
LINE
8
BLACK
6
CONTINUOUS
10
0.8054033858267716
20
0.1495674803149606
11
0.80569
21
0.149624842519685
0
LINE
8
BLACK
6
CONTINUOUS
10
0.80569
20
0.149624842519685
11
0.8059601181102362
21
0.1497366929133858
0
LINE
8
BLACK
6
CONTINUOUS
10
0.8059601181102362
20
0.1497366929133858
11
0.8065300393700787
21
0.1497928346456693
0
LINE
8
BLACK
6
CONTINUOUS
10
0.8065300393700787
20
0.1497928346456693
11
0.8065330708661417
21
0.1497934251968504
0
LINE
8
BLACK
6
CONTINUOUS
10
0.8065330708661417
20
0.1497934251968504
11
0.8065340944881889
21
0.1497932283464567
0
LINE
8
BLACK
6
CONTINUOUS
10
0.8065340944881889
20
0.1497932283464567
11
0.8065361811023621
21
0.1497934251968504
0
LINE
8
BLACK
6
CONTINUOUS
10
0.8065361811023621
20
0.1497934251968504
11
0.8429535039370079
21
0.1497934251968504
0
LINE
8
BLACK
6
CONTINUOUS
10
0.8429535039370079
20
0.1497934251968504
11
0.8429535039370079
21
0.1580892519685039
0
LINE
8
BLACK
6
CONTINUOUS
10
0.8429535039370079
20
0.1580892519685039
11
0.8430102362204724
21
0.1586653149606299
0
LINE
8
BLACK
6
CONTINUOUS
10
0.8430102362204724
20
0.1586653149606299
11
0.8434511417322834
21
0.1597297244094488
0
LINE
8
BLACK
6
CONTINUOUS
10
0.8434511417322834
20
0.1597297244094488
11
0.8442657874015748
21
0.1605443700787401
0
LINE
8
BLACK
6
CONTINUOUS
10
0.8442657874015748
20
0.1605443700787401
11
0.8453301968503937
21
0.1609852755905512
0
LINE
8
BLACK
6
CONTINUOUS
10
0.8453301968503937
20
0.1609852755905512
11
0.8464823228346456
21
0.1609852755905512
0
LINE
8
BLACK
6
CONTINUOUS
10
0.8464823228346456
20
0.1609852755905512
11
0.8475467322834646
21
0.1605443700787401
0
LINE
8
BLACK
6
CONTINUOUS
10
0.5498568503937008
20
0.1753183070866142
11
0.5499548425196851
21
0.1752777165354331
0
LINE
8
BLACK
6
CONTINUOUS
10
0.5499548425196851
20
0.1752777165354331
11
0.5500606692913386
21
0.1752701968503937
0
LINE
8
BLACK
6
CONTINUOUS
10
0.5500606692913386
20
0.1752701968503937
11
0.5506012992125984
21
0.1750633070866142
0
LINE
8
BLACK
6
CONTINUOUS
10
0.5506012992125984
20
0.1750633070866142
11
0.5559038976377952
21
0.1724120078740158
0
LINE
8
BLACK
6
CONTINUOUS
10
0.5559038976377952
20
0.1724120078740158
11
0.556151811023622
21
0.1722559842519685
0
LINE
8
BLACK
6
CONTINUOUS
10
0.556151811023622
20
0.1722559842519685
11
0.5562238976377952
21
0.1722261023622047
0
LINE
8
BLACK
6
CONTINUOUS
10
0.5562238976377952
20
0.1722261023622047
11
0.5563049999999999
21
0.1721595669291339
0
LINE
8
BLACK
6
CONTINUOUS
10
0.5563049999999999
20
0.1721595669291339
11
0.5563937795275591
21
0.1721036614173228
0
LINE
8
BLACK
6
CONTINUOUS
10
0.5563937795275591
20
0.1721036614173228
11
0.5564448425196851
21
0.1720447637795275
0
LINE
8
BLACK
6
CONTINUOUS
10
0.5564448425196851
20
0.1720447637795275
11
0.5566713385826771
21
0.1718588976377953
0
LINE
8
BLACK
6
CONTINUOUS
10
0.5566713385826771
20
0.1718588976377953
11
0.5593226771653543
21
0.1692075590551181
0
LINE
8
BLACK
6
CONTINUOUS
10
0.5593226771653543
20
0.1692075590551181
11
0.5595085039370079
21
0.1689811811023622
0
LINE
8
BLACK
6
CONTINUOUS
10
0.5595085039370079
20
0.1689811811023622
11
0.5595674409448819
21
0.1689300393700787
0
LINE
8
BLACK
6
CONTINUOUS
10
0.5595674409448819
20
0.1689300393700787
11
0.5596233070866141
21
0.1688412992125984
0
LINE
8
BLACK
6
CONTINUOUS
10
0.5596233070866141
20
0.1688412992125984
11
0.5596899212598425
21
0.1687601181102362
0
LINE
8
BLACK
6
CONTINUOUS
10
0.5596899212598425
20
0.1687601181102362
11
0.5597197637795276
21
0.1686879921259843
0
LINE
8
BLACK
6
CONTINUOUS
10
0.5597197637795276
20
0.1686879921259843
11
0.5598757874015748
21
0.168440157480315
0
LINE
8
BLACK
6
CONTINUOUS
10
0.5598757874015748
20
0.168440157480315
11
0.5625270866141732
21
0.1631375196850394
0
LINE
8
BLACK
6
CONTINUOUS
10
0.5625270866141732
20
0.1631375196850394
11
0.5627339763779527
21
0.1625968897637795
0
LINE
8
BLACK
6
CONTINUOUS
10
0.5627339763779527
20
0.1625968897637795
11
0.5627414566929134
21
0.1624911023622047
0
LINE
8
BLACK
6
CONTINUOUS
10
0.5627414566929134
20
0.1624911023622047
11
0.5627820866141732
21
0.1623930708661417
0
LINE
8
BLACK
6
CONTINUOUS
10
0.5627820866141732
20
0.1623930708661417
11
0.5628388188976378
21
0.1618170078740157
0
LINE
8
BLACK
6
CONTINUOUS
10
0.5628388188976378
20
0.1618170078740157
11
0.5628388188976378
21
0.1591657086614173
0
LINE
8
BLACK
6
CONTINUOUS
10
0.5628388188976378
20
0.1591657086614173
11
0.5627820866141732
21
0.1585896456692913
0
LINE
8
BLACK
6
CONTINUOUS
10
0.5627820866141732
20
0.1585896456692913
11
0.5623411811023622
21
0.1575252362204724
0
LINE
8
BLACK
6
CONTINUOUS
10
0.5623411811023622
20
0.1575252362204724
11
0.5615265354330709
21
0.1567105905511811
0
LINE
8
BLACK
6
CONTINUOUS
10
0.5615265354330709
20
0.1567105905511811
11
0.5604621259842519
21
0.1562696850393701
0
LINE
8
BLACK
6
CONTINUOUS
10
0.5604621259842519
20
0.1562696850393701
11
0.55931
21
0.1562696850393701
0
LINE
8
BLACK
6
CONTINUOUS
10
0.55931
20
0.1562696850393701
11
0.5582455905511811
21
0.1567105905511811
0
LINE
8
BLACK
6
CONTINUOUS
10
0.5582455905511811
20
0.1567105905511811
11
0.5574309448818897
21
0.1575252362204724
0
LINE
8
BLACK
6
CONTINUOUS
10
0.5574309448818897
20
0.1575252362204724
11
0.5569900393700787
21
0.1585896456692913
0
LINE
8
BLACK
6
CONTINUOUS
10
0.5569900393700787
20
0.1585896456692913
11
0.5569333070866141
21
0.1591657086614173
0
LINE
8
BLACK
6
CONTINUOUS
10
0.5569333070866141
20
0.1591657086614173
11
0.5569333070866141
21
0.16112
0
LINE
8
BLACK
6
CONTINUOUS
10
0.5569333070866141
20
0.16112
11
0.5548080314960629
21
0.1653705511811024
0
LINE
8
BLACK
6
CONTINUOUS
10
0.5548080314960629
20
0.1653705511811024
11
0.5528343307086614
21
0.1673442519685039
0
LINE
8
BLACK
6
CONTINUOUS
10
0.5528343307086614
20
0.1673442519685039
11
0.5485837401574803
21
0.1694695275590551
0
LINE
8
BLACK
6
CONTINUOUS
10
0.5485837401574803
20
0.1694695275590551
11
0.5444572834645669
21
0.1694695275590551
0
LINE
8
BLACK
6
CONTINUOUS
10
0.5444572834645669
20
0.1694695275590551
11
0.5412424409448818
21
0.1683979527559055
0
LINE
8
BLACK
6
CONTINUOUS
10
0.5412424409448818
20
0.1683979527559055
11
0.5352037401574803
21
0.1647747244094488
0
LINE
8
BLACK
6
CONTINUOUS
10
0.5352037401574803
20
0.1647747244094488
11
0.5317408267716536
21
0.161311811023622
0
LINE
8
BLACK
6
CONTINUOUS
10
0.5317408267716536
20
0.161311811023622
11
0.5281176377952755
21
0.1552731496062992
0
LINE
8
BLACK
6
CONTINUOUS
10
0.5281176377952755
20
0.1552731496062992
11
0.5270460236220472
21
0.1520582677165354
0
LINE
8
BLACK
6
CONTINUOUS
10
0.5270460236220472
20
0.1520582677165354
11
0.5270460236220472
21
0.1479318503937008
0
LINE
8
BLACK
6
CONTINUOUS
10
0.5270460236220472
20
0.1479318503937008
11
0.5291712992125984
21
0.1436812598425197
0
LINE
8
BLACK
6
CONTINUOUS
10
0.5291712992125984
20
0.1436812598425197
11
0.531145
21
0.1417075590551181
0
LINE
8
BLACK
6
CONTINUOUS
10
0.531145
20
0.1417075590551181
11
0.5353955905511811
21
0.1395822440944882
0
LINE
8
BLACK
6
CONTINUOUS
10
0.5353955905511811
20
0.1395822440944882
11
0.5373498818897637
21
0.1395822440944882
0
LINE
8
BLACK
6
CONTINUOUS
10
0.5373498818897637
20
0.1395822440944882
11
0.5379259448818897
21
0.1395255118110236
0
LINE
8
BLACK
6
CONTINUOUS
10
0.5379259448818897
20
0.1395255118110236
11
0.5389903543307086
21
0.1390846062992126
0
LINE
8
BLACK
6
CONTINUOUS
10
0.5389903543307086
20
0.1390846062992126
11
0.539805
21
0.1382699606299213
0
LINE
8
BLACK
6
CONTINUOUS
10
0.539805
20
0.1382699606299213
11
0.5402459055118111
21
0.1372055511811024
0
LINE
8
BLACK
6
CONTINUOUS
10
0.5402459055118111
20
0.1372055511811024
11
0.5402459055118111
21
0.1360534251968504
0
LINE
8
BLACK
6
CONTINUOUS
10
0.5402459055118111
20
0.1360534251968504
11
0.539805
21
0.1349890157480315
0
LINE
8
BLACK
6
CONTINUOUS
10
0.539805
20
0.1349890157480315
11
0.5389903543307086
21
0.1341743700787402
0
LINE
8
BLACK
6
CONTINUOUS
10
0.5389903543307086
20
0.1341743700787402
11
0.5379259448818897
21
0.1337334645669291
0
LINE
8
BLACK
6
CONTINUOUS
10
0.5379259448818897
20
0.1337334645669291
11
0.5373498818897637
21
0.1336767322834646
0
LINE
8
BLACK
6
CONTINUOUS
10
0.5373498818897637
20
0.1336767322834646
11
0.5346985433070865
21
0.1336767322834646
0
LINE
8
BLACK
6
CONTINUOUS
10
0.5346985433070865
20
0.1336767322834646
11
0.5341224803149606
21
0.1337334645669291
0
LINE
8
BLACK
6
CONTINUOUS
10
0.5341224803149606
20
0.1337334645669291
11
0.5340244488188977
21
0.133774094488189
0
LINE
8
BLACK
6
CONTINUOUS
10
0.5340244488188977
20
0.133774094488189
11
0.5339186614173228
21
0.1337815748031496
0
LINE
8
BLACK
6
CONTINUOUS
10
0.5339186614173228
20
0.1337815748031496
11
0.533378031496063
21
0.1339884645669291
0
LINE
8
BLACK
6
CONTINUOUS
10
0.533378031496063
20
0.1339884645669291
11
0.5280753937007874
21
0.1366398031496063
0
LINE
8
BLACK
6
CONTINUOUS
10
0.5280753937007874
20
0.1366398031496063
11
0.5278274803149606
21
0.1367958661417323
0
LINE
8
BLACK
6
CONTINUOUS
10
0.5278274803149606
20
0.1367958661417323
11
0.5277554330708661
21
0.1368257086614173
0
LINE
8
BLACK
6
CONTINUOUS
10
0.5277554330708661
20
0.1368257086614173
11
0.5276742519685039
21
0.1368923228346457
0
LINE
8
BLACK
6
CONTINUOUS
10
0.5276742519685039
20
0.1368923228346457
11
0.5275855118110236
21
0.1369481889763779
0
LINE
8
BLACK
6
CONTINUOUS
10
0.5275855118110236
20
0.1369481889763779
11
0.5275344488188977
21
0.1370070866141732
0
LINE
8
BLACK
6
CONTINUOUS
10
0.5275344488188977
20
0.1370070866141732
11
0.5273079921259842
21
0.1371929133858268
0
LINE
8
BLACK
6
CONTINUOUS
10
0.5273079921259842
20
0.1371929133858268
11
0.5246566929133858
21
0.1398442125984252
0
LINE
8
BLACK
6
CONTINUOUS
10
0.5246566929133858
20
0.1398442125984252
11
0.5244708267716536
21
0.1400707086614173
0
LINE
8
BLACK
6
CONTINUOUS
10
0.5244708267716536
20
0.1400707086614173
11
0.524411968503937
21
0.1401217322834646
0
LINE
8
BLACK
6
CONTINUOUS
10
0.524411968503937
20
0.1401217322834646
11
0.524356062992126
21
0.1402105118110236
0
LINE
8
BLACK
6
CONTINUOUS
10
0.524356062992126
20
0.1402105118110236
11
0.5242894881889764
21
0.1402916535433071
0
LINE
8
BLACK
6
CONTINUOUS
10
0.5242894881889764
20
0.1402916535433071
11
0.5242596062992125
21
0.1403637401574803
0
LINE
8
BLACK
6
CONTINUOUS
10
0.5242596062992125
20
0.1403637401574803
11
0.5241035826771654
21
0.1406116141732283
0
LINE
8
BLACK
6
CONTINUOUS
10
0.5241035826771654
20
0.1406116141732283
11
0.5214522440944882
21
0.1459142519685039
0
LINE
8
BLACK
6
CONTINUOUS
10
0.5214522440944882
20
0.1459142519685039
11
0.5212453543307086
21
0.146454842519685
0
LINE
8
BLACK
6
CONTINUOUS
10
0.5212453543307086
20
0.146454842519685
11
0.5212377952755906
21
0.146560748031496
0
LINE
8
BLACK
6
CONTINUOUS
10
0.5212377952755906
20
0.146560748031496
11
0.5211972440944882
21
0.1466587007874016
0
LINE
8
BLACK
6
CONTINUOUS
10
0.5211972440944882
20
0.1466587007874016
11
0.5211405118110236
21
0.1472347637795275
0
LINE
8
BLACK
6
CONTINUOUS
10
0.5211405118110236
20
0.1472347637795275
11
0.5211405118110236
21
0.1525374015748031
0
LINE
8
BLACK
6
CONTINUOUS
10
0.5211405118110236
20
0.1525374015748031
11
0.5211692125984252
21
0.1528289763779528
0
LINE
8
BLACK
6
CONTINUOUS
10
0.5211692125984252
20
0.1528289763779528
11
0.5211637007874016
21
0.1529066929133858
0
LINE
8
BLACK
6
CONTINUOUS
10
0.5211637007874016
20
0.1529066929133858
11
0.5211869291338582
21
0.1530089763779527
0
LINE
8
BLACK
6
CONTINUOUS
10
0.5211869291338582
20
0.1530089763779527
11
0.5211972440944882
21
0.1531134645669291
0
LINE
8
BLACK
6
CONTINUOUS
10
0.5211972440944882
20
0.1531134645669291
11
0.5212270866141732
21
0.1531855905511811
0
LINE
8
BLACK
6
CONTINUOUS
10
0.5212270866141732
20
0.1531855905511811
11
0.5212920472440945
21
0.1534711417322835
0
LINE
8
BLACK
6
CONTINUOUS
10
0.5212920472440945
20
0.1534711417322835
11
0.5226177165354331
21
0.1574481102362205
0
LINE
8
BLACK
6
CONTINUOUS
10
0.5226177165354331
20
0.1574481102362205
11
0.5226361023622047
21
0.1574893307086614
0
LINE
8
BLACK
6
CONTINUOUS
10
0.5226361023622047
20
0.1574893307086614
11
0.5226392519685039
21
0.1575103937007874
0
LINE
8
BLACK
6
CONTINUOUS
10
0.5226392519685039
20
0.1575103937007874
11
0.5227491338582677
21
0.1577424803149606
0
LINE
8
BLACK
6
CONTINUOUS
10
0.5227491338582677
20
0.1577424803149606
11
0.5228537007874016
21
0.1579766535433071
0
LINE
8
BLACK
6
CONTINUOUS
10
0.5228537007874016
20
0.1579766535433071
11
0.5228676377952756
21
0.1579927559055118
0
LINE
8
BLACK
6
CONTINUOUS
10
0.5228676377952756
20
0.1579927559055118
11
0.522886968503937
21
0.1580335433070866
0
LINE
8
BLACK
6
CONTINUOUS
10
0.522886968503937
20
0.1580335433070866
11
0.526863937007874
21
0.1646618503937008
0
LINE
8
BLACK
6
CONTINUOUS
10
0.526863937007874
20
0.1646618503937008
11
0.526924094488189
21
0.1647429527559055
0
LINE
8
BLACK
6
CONTINUOUS
10
0.526924094488189
20
0.1647429527559055
11
0.5269407874015748
21
0.1647831496062992
0
LINE
8
BLACK
6
CONTINUOUS
10
0.5269407874015748
20
0.1647831496062992
11
0.5270788976377953
21
0.1649514960629921
0
LINE
8
BLACK
6
CONTINUOUS
10
0.5270788976377953
20
0.1649514960629921
11
0.527208937007874
21
0.1651266141732284
0
LINE
8
BLACK
6
CONTINUOUS
10
0.527208937007874
20
0.1651266141732284
11
0.527243937007874
21
0.1651525984251968
0
LINE
8
BLACK
6
CONTINUOUS
10
0.527243937007874
20
0.1651525984251968
11
0.5273079921259842
21
0.1652305905511811
0
LINE
8
BLACK
6
CONTINUOUS
10
0.5273079921259842
20
0.1652305905511811
11
0.5312849606299213
21
0.1692075590551181
0
LINE
8
BLACK
6
CONTINUOUS
10
0.5312849606299213
20
0.1692075590551181
11
0.5313629527559055
21
0.1692716141732283
0
LINE
8
BLACK
6
CONTINUOUS
10
0.5313629527559055
20
0.1692716141732283
11
0.5313888976377953
21
0.1693065748031496
0
LINE
8
BLACK
6
CONTINUOUS
10
0.5313888976377953
20
0.1693065748031496
11
0.5315636614173228
21
0.1694363385826771
0
LINE
8
BLACK
6
CONTINUOUS
10
0.5315636614173228
20
0.1694363385826771
11
0.5317324015748032
21
0.1695748031496063
0
LINE
8
BLACK
6
CONTINUOUS
10
0.5317324015748032
20
0.1695748031496063
11
0.531772716535433
21
0.1695915354330709
0
LINE
8
BLACK
6
CONTINUOUS
10
0.531772716535433
20
0.1695915354330709
11
0.5318537007874016
21
0.1696516141732284
0
LINE
8
BLACK
6
CONTINUOUS
10
0.5318537007874016
20
0.1696516141732284
11
0.5384820078740158
21
0.1736286220472441
0
LINE
8
BLACK
6
CONTINUOUS
10
0.5384820078740158
20
0.1736286220472441
11
0.5385227952755905
21
0.1736479527559055
0
LINE
8
BLACK
6
CONTINUOUS
10
0.5385227952755905
20
0.1736479527559055
11
0.5385388976377953
21
0.1736618897637795
0
LINE
8
BLACK
6
CONTINUOUS
10
0.5385388976377953
20
0.1736618897637795
11
0.5387731889763779
21
0.1737664960629921
0
LINE
8
BLACK
6
CONTINUOUS
10
0.5387731889763779
20
0.1737664960629921
11
0.539005157480315
21
0.1738763385826771
0
LINE
8
BLACK
6
CONTINUOUS
10
0.539005157480315
20
0.1738763385826771
11
0.539026220472441
21
0.1738794881889764
0
LINE
8
BLACK
6
CONTINUOUS
10
0.539026220472441
20
0.1738794881889764
11
0.5390674409448819
21
0.173897874015748
0
LINE
8
BLACK
6
CONTINUOUS
10
0.5390674409448819
20
0.173897874015748
11
0.5430444094488189
21
0.1752235039370079
0
LINE
8
BLACK
6
CONTINUOUS
10
0.5430444094488189
20
0.1752235039370079
11
0.5433299606299212
21
0.1752884645669291
0
LINE
8
BLACK
6
CONTINUOUS
10
0.5433299606299212
20
0.1752884645669291
11
0.5434020866141732
21
0.1753183070866142
0
LINE
8
BLACK
6
CONTINUOUS
10
0.5434020866141732
20
0.1753183070866142
11
0.5435065748031496
21
0.1753286220472441
0
LINE
8
BLACK
6
CONTINUOUS
10
0.5435065748031496
20
0.1753286220472441
11
0.5436088582677165
21
0.1753518503937008
0
LINE
8
BLACK
6
CONTINUOUS
10
0.5436088582677165
20
0.1753518503937008
11
0.5436865748031496
21
0.1753463385826772
0
LINE
8
BLACK
6
CONTINUOUS
10
0.5436865748031496
20
0.1753463385826772
11
0.5439781496062992
21
0.1753750393700787
0
LINE
8
BLACK
6
CONTINUOUS
10
0.5439781496062992
20
0.1753750393700787
11
0.5492807874015748
21
0.1753750393700787
0
LINE
8
BLACK
6
CONTINUOUS
10
0.5492807874015748
20
0.1753750393700787
11
0.5498568503937008
21
0.1753183070866142
0
LINE
8
BLACK
6
CONTINUOUS
10
0.4059141338582677
20
0.1437532677165354
11
0.4071925590551181
21
0.142474842519685
0
LINE
8
BLACK
6
CONTINUOUS
10
0.4071925590551181
20
0.142474842519685
11
0.4071925590551181
21
0.1406668897637795
0
LINE
8
BLACK
6
CONTINUOUS
10
0.4071925590551181
20
0.1406668897637795
11
0.4059141338582677
21
0.1393884645669291
0
LINE
8
BLACK
6
CONTINUOUS
10
0.4059141338582677
20
0.1393884645669291
11
0.4050101574803149
21
0.1392086614173228
0
LINE
8
BLACK
6
CONTINUOUS
10
0.4050101574803149
20
0.1392086614173228
11
0.3863284251968504
21
0.1392086614173228
0
LINE
8
BLACK
6
CONTINUOUS
10
0.3863284251968504
20
0.1392086614173228
11
0.3854244488188976
21
0.1393884645669291
0
LINE
8
BLACK
6
CONTINUOUS
10
0.3854244488188976
20
0.1393884645669291
11
0.3841460236220473
21
0.1406668897637795
0
LINE
8
BLACK
6
CONTINUOUS
10
0.3841460236220473
20
0.1406668897637795
11
0.3841460236220473
21
0.142474842519685
0
LINE
8
BLACK
6
CONTINUOUS
10
0.3841460236220473
20
0.142474842519685
11
0.3854244488188976
21
0.1437532677165354
0
LINE
8
BLACK
6
CONTINUOUS
10
0.3854244488188976
20
0.1437532677165354
11
0.3863284251968504
21
0.1439330708661417
0
LINE
8
BLACK
6
CONTINUOUS
10
0.3863284251968504
20
0.1439330708661417
11
0.4050101574803149
21
0.1439330708661417
0
LINE
8
BLACK
6
CONTINUOUS
10
0.4050101574803149
20
0.1439330708661417
11
0.4059141338582677
21
0.1437532677165354
0
LINE
8
BLACK
6
CONTINUOUS
10
0.6997938188976378
20
0.1945882283464567
11
0.7006084645669292
21
0.1937735826771654
0
LINE
8
BLACK
6
CONTINUOUS
10
0.7006084645669292
20
0.1937735826771654
11
0.7010493700787401
21
0.1927091732283465
0
LINE
8
BLACK
6
CONTINUOUS
10
0.7010493700787401
20
0.1927091732283465
11
0.7011061023622047
21
0.1921331102362205
0
LINE
8
BLACK
6
CONTINUOUS
10
0.7011061023622047
20
0.1921331102362205
11
0.7011061023622047
21
0.1609591732283465
0
LINE
8
BLACK
6
CONTINUOUS
10
0.7011061023622047
20
0.1609591732283465
11
0.702454842519685
21
0.1582616929133858
0
LINE
8
BLACK
6
CONTINUOUS
10
0.702454842519685
20
0.1582616929133858
11
0.703651968503937
21
0.1570645275590551
0
LINE
8
BLACK
6
CONTINUOUS
10
0.703651968503937
20
0.1570645275590551
11
0.7063494488188976
21
0.1557157874015748
0
LINE
8
BLACK
6
CONTINUOUS
10
0.7063494488188976
20
0.1557157874015748
11
0.7124544094488189
21
0.1557157874015748
0
LINE
8
BLACK
6
CONTINUOUS
10
0.7124544094488189
20
0.1557157874015748
11
0.7151518503937008
21
0.1570645275590551
0
LINE
8
BLACK
6
CONTINUOUS
10
0.7151518503937008
20
0.1570645275590551
11
0.7163489763779527
21
0.1582616929133858
0
LINE
8
BLACK
6
CONTINUOUS
10
0.7163489763779527
20
0.1582616929133858
11
0.7176977559055118
21
0.1609591732283465
0
LINE
8
BLACK
6
CONTINUOUS
10
0.7176977559055118
20
0.1609591732283465
11
0.7176977559055118
21
0.1921331102362205
0
LINE
8
BLACK
6
CONTINUOUS
10
0.7176977559055118
20
0.1921331102362205
11
0.7177544881889764
21
0.1927091732283465
0
LINE
8
BLACK
6
CONTINUOUS
10
0.7177544881889764
20
0.1927091732283465
11
0.7181953937007873
21
0.1937735826771654
0
LINE
8
BLACK
6
CONTINUOUS
10
0.7181953937007873
20
0.1937735826771654
11
0.7190100393700787
21
0.1945882283464567
0
LINE
8
BLACK
6
CONTINUOUS
10
0.7190100393700787
20
0.1945882283464567
11
0.7200744488188976
21
0.1950291338582677
0
LINE
8
BLACK
6
CONTINUOUS
10
0.7200744488188976
20
0.1950291338582677
11
0.7212265748031496
21
0.1950291338582677
0
LINE
8
BLACK
6
CONTINUOUS
10
0.7212265748031496
20
0.1950291338582677
11
0.7222909842519685
21
0.1945882283464567
0
LINE
8
BLACK
6
CONTINUOUS
10
0.7222909842519685
20
0.1945882283464567
11
0.7231056299212598
21
0.1937735826771654
0
LINE
8
BLACK
6
CONTINUOUS
10
0.7231056299212598
20
0.1937735826771654
11
0.7235465354330709
21
0.1927091732283465
0
LINE
8
BLACK
6
CONTINUOUS
10
0.7235465354330709
20
0.1927091732283465
11
0.7236032677165354
21
0.1921331102362205
0
LINE
8
BLACK
6
CONTINUOUS
10
0.7236032677165354
20
0.1921331102362205
11
0.7236032677165354
21
0.160262125984252
0
LINE
8
BLACK
6
CONTINUOUS
10
0.7236032677165354
20
0.160262125984252
11
0.7235465354330709
21
0.159686062992126
0
LINE
8
BLACK
6
CONTINUOUS
10
0.7235465354330709
20
0.159686062992126
11
0.7235059448818898
21
0.1595881102362205
0
LINE
8
BLACK
6
CONTINUOUS
10
0.7235059448818898
20
0.1595881102362205
11
0.7234984251968504
21
0.1594822047244094
0
LINE
8
BLACK
6
CONTINUOUS
10
0.7234984251968504
20
0.1594822047244094
11
0.7232915354330709
21
0.1589416141732283
0
LINE
8
BLACK
6
CONTINUOUS
10
0.7232915354330709
20
0.1589416141732283
11
0.7214167716535433
21
0.1551920866141732
0
LINE
8
BLACK
6
CONTINUOUS
10
0.7214167716535433
20
0.1551920866141732
11
0.7212607086614173
21
0.1549442125984252
0
LINE
8
BLACK
6
CONTINUOUS
10
0.7212607086614173
20
0.1549442125984252
11
0.721230905511811
21
0.1548721653543307
0
LINE
8
BLACK
6
CONTINUOUS
10
0.721230905511811
20
0.1548721653543307
11
0.7211643700787401
21
0.1547911417322834
0
LINE
8
BLACK
6
CONTINUOUS
10
0.7211643700787401
20
0.1547911417322834
11
0.7211084251968504
21
0.1547022047244095
0
LINE
8
BLACK
6
CONTINUOUS
10
0.7211084251968504
20
0.1547022047244095
11
0.7210494094488189
21
0.154651062992126
0
LINE
8
BLACK
6
CONTINUOUS
10
0.7210494094488189
20
0.154651062992126
11
0.7208636614173228
21
0.1544246850393701
0
LINE
8
BLACK
6
CONTINUOUS
10
0.7208636614173228
20
0.1544246850393701
11
0.718988937007874
21
0.1525499212598425
0
LINE
8
BLACK
6
CONTINUOUS
10
0.718988937007874
20
0.1525499212598425
11
0.7187625590551181
21
0.1523641732283464
0
LINE
8
BLACK
6
CONTINUOUS
10
0.7187625590551181
20
0.1523641732283464
11
0.7187113779527559
21
0.1523051181102362
0
LINE
8
BLACK
6
CONTINUOUS
10
0.7187113779527559
20
0.1523051181102362
11
0.7186224015748032
21
0.1522491338582677
0
LINE
8
BLACK
6
CONTINUOUS
10
0.7186224015748032
20
0.1522491338582677
11
0.7185414566929134
21
0.1521826771653543
0
LINE
8
BLACK
6
CONTINUOUS
10
0.7185414566929134
20
0.1521826771653543
11
0.7184694881889764
21
0.152152874015748
0
LINE
8
BLACK
6
CONTINUOUS
10
0.7184694881889764
20
0.152152874015748
11
0.7182214960629921
21
0.1519967716535433
0
LINE
8
BLACK
6
CONTINUOUS
10
0.7182214960629921
20
0.1519967716535433
11
0.714471968503937
21
0.1501220078740158
0
LINE
8
BLACK
6
CONTINUOUS
10
0.714471968503937
20
0.1501220078740158
11
0.7139313385826771
21
0.1499151181102362
0
LINE
8
BLACK
6
CONTINUOUS
10
0.7139313385826771
20
0.1499151181102362
11
0.7138255118110236
21
0.1499076377952756
0
LINE
8
BLACK
6
CONTINUOUS
10
0.7138255118110236
20
0.1499076377952756
11
0.7137275196850393
21
0.1498670078740157
0
LINE
8
BLACK
6
CONTINUOUS
10
0.7137275196850393
20
0.1498670078740157
11
0.7131514566929134
21
0.1498102755905512
0
LINE
8
BLACK
6
CONTINUOUS
10
0.7131514566929134
20
0.1498102755905512
11
0.7056524015748031
21
0.1498102755905512
0
LINE
8
BLACK
6
CONTINUOUS
10
0.7056524015748031
20
0.1498102755905512
11
0.7050763385826772
21
0.1498670078740157
0
LINE
8
BLACK
6
CONTINUOUS
10
0.7050763385826772
20
0.1498670078740157
11
0.7049783464566929
21
0.1499075984251969
0
LINE
8
BLACK
6
CONTINUOUS
10
0.7049783464566929
20
0.1499075984251969
11
0.7048724803149606
21
0.1499151181102362
0
LINE
8
BLACK
6
CONTINUOUS
10
0.7048724803149606
20
0.1499151181102362
11
0.7043318897637795
21
0.1501220078740158
0
LINE
8
BLACK
6
CONTINUOUS
10
0.7043318897637795
20
0.1501220078740158
11
0.7005823622047244
21
0.1519967716535433
0
LINE
8
BLACK
6
CONTINUOUS
10
0.7005823622047244
20
0.1519967716535433
11
0.7003343307086614
21
0.152152874015748
0
LINE
8
BLACK
6
CONTINUOUS
10
0.7003343307086614
20
0.152152874015748
11
0.7002624015748031
21
0.1521826771653543
0
LINE
8
BLACK
6
CONTINUOUS
10
0.7002624015748031
20
0.1521826771653543
11
0.7001814173228347
21
0.1522491338582677
0
LINE
8
BLACK
6
CONTINUOUS
10
0.7001814173228347
20
0.1522491338582677
11
0.7000924803149606
21
0.1523051181102362
0
LINE
8
BLACK
6
CONTINUOUS
10
0.7000924803149606
20
0.1523051181102362
11
0.7000412598425196
21
0.1523641732283464
0
LINE
8
BLACK
6
CONTINUOUS
10
0.7000412598425196
20
0.1523641732283464
11
0.6998149212598425
21
0.1525499212598425
0
LINE
8
BLACK
6
CONTINUOUS
10
0.6998149212598425
20
0.1525499212598425
11
0.6979401574803149
21
0.1544247244094488
0
LINE
8
BLACK
6
CONTINUOUS
10
0.6979401574803149
20
0.1544247244094488
11
0.6977544094488188
21
0.154651062992126
0
LINE
8
BLACK
6
CONTINUOUS
10
0.6977544094488188
20
0.154651062992126
11
0.6976954330708661
21
0.1547022047244095
0
LINE
8
BLACK
6
CONTINUOUS
10
0.6976954330708661
20
0.1547022047244095
11
0.6976394488188976
21
0.1547911417322834
0
LINE
8
BLACK
6
CONTINUOUS
10
0.6976394488188976
20
0.1547911417322834
11
0.6975729527559055
21
0.1548721653543307
0
LINE
8
BLACK
6
CONTINUOUS
10
0.6975729527559055
20
0.1548721653543307
11
0.6975431102362205
21
0.1549442125984252
0
LINE
8
BLACK
6
CONTINUOUS
10
0.6975431102362205
20
0.1549442125984252
11
0.6973870866141733
21
0.1551920866141732
0
LINE
8
BLACK
6
CONTINUOUS
10
0.6973870866141733
20
0.1551920866141732
11
0.6955123228346457
21
0.1589416141732283
0
LINE
8
BLACK
6
CONTINUOUS
10
0.6955123228346457
20
0.1589416141732283
11
0.6953054330708661
21
0.1594822440944882
0
LINE
8
BLACK
6
CONTINUOUS
10
0.6953054330708661
20
0.1594822440944882
11
0.6952979133858268
21
0.1595880708661417
0
LINE
8
BLACK
6
CONTINUOUS
10
0.6952979133858268
20
0.1595880708661417
11
0.6952573228346457
21
0.159686062992126
0
LINE
8
BLACK
6
CONTINUOUS
10
0.6952573228346457
20
0.159686062992126
11
0.6952005905511811
21
0.160262125984252
0
LINE
8
BLACK
6
CONTINUOUS
10
0.6952005905511811
20
0.160262125984252
11
0.6952005905511811
21
0.1921331102362205
0
LINE
8
BLACK
6
CONTINUOUS
10
0.6952005905511811
20
0.1921331102362205
11
0.6952573228346457
21
0.1927091732283465
0
LINE
8
BLACK
6
CONTINUOUS
10
0.6952573228346457
20
0.1927091732283465
11
0.6956982283464567
21
0.1937735826771654
0
LINE
8
BLACK
6
CONTINUOUS
10
0.6956982283464567
20
0.1937735826771654
11
0.696512874015748
21
0.1945882283464567
0
LINE
8
BLACK
6
CONTINUOUS
10
0.696512874015748
20
0.1945882283464567
11
0.6975772834645669
21
0.1950291338582677
0
LINE
8
BLACK
6
CONTINUOUS
10
0.6975772834645669
20
0.1950291338582677
11
0.6987294094488189
21
0.1950291338582677
0
LINE
8
BLACK
6
CONTINUOUS
10
0.6987294094488189
20
0.1950291338582677
11
0.6997938188976378
21
0.1945882283464567
0
LINE
8
BLACK
6
CONTINUOUS
10
0.7530975984251969
20
0.1950291338582677
11
0.7531955905511811
21
0.1949885433070866
0
LINE
8
BLACK
6
CONTINUOUS
10
0.7531955905511811
20
0.1949885433070866
11
0.7533014173228346
21
0.1949810236220473
0
LINE
8
BLACK
6
CONTINUOUS
10
0.7533014173228346
20
0.1949810236220473
11
0.7538420472440944
21
0.1947741338582677
0
LINE
8
BLACK
6
CONTINUOUS
10
0.7538420472440944
20
0.1947741338582677
11
0.7575915748031495
21
0.1928993700787401
0
LINE
8
BLACK
6
CONTINUOUS
10
0.7575915748031495
20
0.1928993700787401
11
0.7578395669291338
21
0.1927433070866142
0
LINE
8
BLACK
6
CONTINUOUS
10
0.7578395669291338
20
0.1927433070866142
11
0.7579115354330709
21
0.1927134645669291
0
LINE
8
BLACK
6
CONTINUOUS
10
0.7579115354330709
20
0.1927134645669291
11
0.7579924803149606
21
0.1926470078740157
0
LINE
8
BLACK
6
CONTINUOUS
10
0.7579924803149606
20
0.1926470078740157
11
0.7580814566929134
21
0.1925910236220472
0
LINE
8
BLACK
6
CONTINUOUS
10
0.7580814566929134
20
0.1925910236220472
11
0.7581325984251969
21
0.1925320472440945
0
LINE
8
BLACK
6
CONTINUOUS
10
0.7581325984251969
20
0.1925320472440945
11
0.7583589763779527
21
0.1923462598425197
0
LINE
8
BLACK
6
CONTINUOUS
10
0.7583589763779527
20
0.1923462598425197
11
0.7602337401574802
21
0.1904714960629921
0
LINE
8
BLACK
6
CONTINUOUS
10
0.7602337401574802
20
0.1904714960629921
11
0.7604194881889763
21
0.190245157480315
0
LINE
8
BLACK
6
CONTINUOUS
10
0.7604194881889763
20
0.190245157480315
11
0.7604785039370079
21
0.1901939763779527
0
LINE
8
BLACK
6
CONTINUOUS
10
0.7604785039370079
20
0.1901939763779527
11
0.7605344488188976
21
0.1901050393700787
0
LINE
8
BLACK
6
CONTINUOUS
10
0.7605344488188976
20
0.1901050393700787
11
0.7606009448818898
21
0.1900240551181102
0
LINE
8
BLACK
6
CONTINUOUS
10
0.7606009448818898
20
0.1900240551181102
11
0.760630748031496
21
0.189952125984252
0
LINE
8
BLACK
6
CONTINUOUS
10
0.760630748031496
20
0.189952125984252
11
0.7607868503937008
21
0.189704094488189
0
LINE
8
BLACK
6
CONTINUOUS
10
0.7607868503937008
20
0.189704094488189
11
0.7626616141732283
21
0.1859545669291338
0
LINE
8
BLACK
6
CONTINUOUS
10
0.7626616141732283
20
0.1859545669291338
11
0.7628685039370079
21
0.1854139763779528
0
LINE
8
BLACK
6
CONTINUOUS
10
0.7628685039370079
20
0.1854139763779528
11
0.7628760236220472
21
0.1853081102362205
0
LINE
8
BLACK
6
CONTINUOUS
10
0.7628760236220472
20
0.1853081102362205
11
0.7629166141732283
21
0.1852101181102362
0
LINE
8
BLACK
6
CONTINUOUS
10
0.7629166141732283
20
0.1852101181102362
11
0.7629733464566929
21
0.1846340551181102
0
LINE
8
BLACK
6
CONTINUOUS
10
0.7629733464566929
20
0.1846340551181102
11
0.7629733464566929
21
0.1808845275590551
0
LINE
8
BLACK
6
CONTINUOUS
10
0.7629733464566929
20
0.1808845275590551
11
0.7629446062992126
21
0.1805929527559055
0
LINE
8
BLACK
6
CONTINUOUS
10
0.7629446062992126
20
0.1805929527559055
11
0.7629501574803149
21
0.1805151968503937
0
LINE
8
BLACK
6
CONTINUOUS
10
0.7629501574803149
20
0.1805151968503937
11
0.7629268897637795
21
0.1804129527559055
0
LINE
8
BLACK
6
CONTINUOUS
10
0.7629268897637795
20
0.1804129527559055
11
0.7629166141732283
21
0.1803084645669291
0
LINE
8
BLACK
6
CONTINUOUS
10
0.7629166141732283
20
0.1803084645669291
11
0.7628867322834646
21
0.1802364173228346
0
LINE
8
BLACK
6
CONTINUOUS
10
0.7628867322834646
20
0.1802364173228346
11
0.762821811023622
21
0.179950748031496
0
LINE
8
BLACK
6
CONTINUOUS
10
0.762821811023622
20
0.179950748031496
11
0.7609470472440945
21
0.1743264960629921
0
LINE
8
BLACK
6
CONTINUOUS
10
0.7609470472440945
20
0.1743264960629921
11
0.760711062992126
21
0.1737979133858268
0
LINE
8
BLACK
6
CONTINUOUS
10
0.760711062992126
20
0.1737979133858268
11
0.7606415748031495
21
0.1737178346456693
0
LINE
8
BLACK
6
CONTINUOUS
10
0.7606415748031495
20
0.1737178346456693
11
0.7606009842519685
21
0.1736197637795276
0
LINE
8
BLACK
6
CONTINUOUS
10
0.7606009842519685
20
0.1736197637795276
11
0.7602337401574802
21
0.1731723228346457
0
LINE
8
BLACK
6
CONTINUOUS
10
0.7602337401574802
20
0.1731723228346457
11
0.7427772440944882
21
0.1557157874015748
0
LINE
8
BLACK
6
CONTINUOUS
10
0.7427772440944882
20
0.1557157874015748
11
0.7600205905511811
21
0.1557157874015748
0
LINE
8
BLACK
6
CONTINUOUS
10
0.7600205905511811
20
0.1557157874015748
11
0.7605966535433071
21
0.1556590551181102
0
LINE
8
BLACK
6
CONTINUOUS
10
0.7605966535433071
20
0.1556590551181102
11
0.761661062992126
21
0.1552181496062992
0
LINE
8
BLACK
6
CONTINUOUS
10
0.761661062992126
20
0.1552181496062992
11
0.7624757086614173
21
0.1544035039370079
0
LINE
8
BLACK
6
CONTINUOUS
10
0.7624757086614173
20
0.1544035039370079
11
0.7629166141732283
21
0.153339094488189
0
LINE
8
BLACK
6
CONTINUOUS
10
0.7629166141732283
20
0.153339094488189
11
0.7629166141732283
21
0.152186968503937
0
LINE
8
BLACK
6
CONTINUOUS
10
0.7629166141732283
20
0.152186968503937
11
0.7624757086614173
21
0.1511225590551181
0
LINE
8
BLACK
6
CONTINUOUS
10
0.7624757086614173
20
0.1511225590551181
11
0.761661062992126
21
0.1503079133858268
0
LINE
8
BLACK
6
CONTINUOUS
10
0.761661062992126
20
0.1503079133858268
11
0.7605966535433071
21
0.1498670078740157
0
LINE
8
BLACK
6
CONTINUOUS
10
0.7605966535433071
20
0.1498670078740157
11
0.7600205905511811
21
0.1498102755905512
0
LINE
8
BLACK
6
CONTINUOUS
10
0.7600205905511811
20
0.1498102755905512
11
0.7356486614173228
21
0.1498102755905512
0
LINE
8
BLACK
6
CONTINUOUS
10
0.7356486614173228
20
0.1498102755905512
11
0.7350725984251968
21
0.1498670078740157
0
LINE
8
BLACK
6
CONTINUOUS
10
0.7350725984251968
20
0.1498670078740157
11
0.734008188976378
21
0.1503079133858268
0
LINE
8
BLACK
6
CONTINUOUS
10
0.734008188976378
20
0.1503079133858268
11
0.7331935433070866
21
0.1511225590551181
0
LINE
8
BLACK
6
CONTINUOUS
10
0.7331935433070866
20
0.1511225590551181
11
0.7327526377952756
21
0.152186968503937
0
LINE
8
BLACK
6
CONTINUOUS
10
0.7327526377952756
20
0.152186968503937
11
0.7327526377952756
21
0.153339094488189
0
LINE
8
BLACK
6
CONTINUOUS
10
0.7327526377952756
20
0.153339094488189
11
0.7331935433070866
21
0.1544035039370079
0
LINE
8
BLACK
6
CONTINUOUS
10
0.7331935433070866
20
0.1544035039370079
11
0.7335607480314961
21
0.1548509448818898
0
LINE
8
BLACK
6
CONTINUOUS
10
0.7335607480314961
20
0.1548509448818898
11
0.7555649999999999
21
0.1768552755905512
0
LINE
8
BLACK
6
CONTINUOUS
10
0.7555649999999999
20
0.1768552755905512
11
0.7570678346456693
21
0.1813636614173228
0
LINE
8
BLACK
6
CONTINUOUS
10
0.7570678346456693
20
0.1813636614173228
11
0.7570678346456693
21
0.1839370078740157
0
LINE
8
BLACK
6
CONTINUOUS
10
0.7570678346456693
20
0.1839370078740157
11
0.755719094488189
21
0.1866344881889764
0
LINE
8
BLACK
6
CONTINUOUS
10
0.755719094488189
20
0.1866344881889764
11
0.754521968503937
21
0.1878316141732283
0
LINE
8
BLACK
6
CONTINUOUS
10
0.754521968503937
20
0.1878316141732283
11
0.7518244881889764
21
0.1891803543307086
0
LINE
8
BLACK
6
CONTINUOUS
10
0.7518244881889764
20
0.1891803543307086
11
0.7438447637795276
21
0.1891803543307086
0
LINE
8
BLACK
6
CONTINUOUS
10
0.7438447637795276
20
0.1891803543307086
11
0.7411472834645669
21
0.1878316141732283
0
LINE
8
BLACK
6
CONTINUOUS
10
0.7411472834645669
20
0.1878316141732283
11
0.7396113385826771
21
0.1862956692913386
0
LINE
8
BLACK
6
CONTINUOUS
10
0.7396113385826771
20
0.1862956692913386
11
0.7391638976377952
21
0.1859284645669291
0
LINE
8
BLACK
6
CONTINUOUS
10
0.7391638976377952
20
0.1859284645669291
11
0.7380994488188977
21
0.1854875590551181
0
LINE
8
BLACK
6
CONTINUOUS
10
0.7380994488188977
20
0.1854875590551181
11
0.7369474015748031
21
0.1854875590551181
0
LINE
8
BLACK
6
CONTINUOUS
10
0.7369474015748031
20
0.1854875590551181
11
0.7358829527559055
21
0.1859284645669291
0
LINE
8
BLACK
6
CONTINUOUS
10
0.7358829527559055
20
0.1859284645669291
11
0.7350683070866142
21
0.1867431102362205
0
LINE
8
BLACK
6
CONTINUOUS
10
0.7350683070866142
20
0.1867431102362205
11
0.7346274015748031
21
0.1878075590551181
0
LINE
8
BLACK
6
CONTINUOUS
10
0.7346274015748031
20
0.1878075590551181
11
0.7346274015748031
21
0.1889596062992126
0
LINE
8
BLACK
6
CONTINUOUS
10
0.7346274015748031
20
0.1889596062992126
11
0.7350683070866142
21
0.1900240551181102
0
LINE
8
BLACK
6
CONTINUOUS
10
0.7350683070866142
20
0.1900240551181102
11
0.7354355118110236
21
0.1904714960629921
0
LINE
8
BLACK
6
CONTINUOUS
10
0.7354355118110236
20
0.1904714960629921
11
0.7373102755905512
21
0.1923462598425197
0
LINE
8
BLACK
6
CONTINUOUS
10
0.7373102755905512
20
0.1923462598425197
11
0.7375366141732284
21
0.1925320472440945
0
LINE
8
BLACK
6
CONTINUOUS
10
0.7375366141732284
20
0.1925320472440945
11
0.7375877952755905
21
0.1925910236220472
0
LINE
8
BLACK
6
CONTINUOUS
10
0.7375877952755905
20
0.1925910236220472
11
0.7376767322834645
21
0.1926470078740157
0
LINE
8
BLACK
6
CONTINUOUS
10
0.7376767322834645
20
0.1926470078740157
11
0.7377577165354331
21
0.1927134645669291
0
LINE
8
BLACK
6
CONTINUOUS
10
0.7377577165354331
20
0.1927134645669291
11
0.7378296456692913
21
0.1927433070866142
0
LINE
8
BLACK
6
CONTINUOUS
10
0.7378296456692913
20
0.1927433070866142
11
0.7380776771653543
21
0.1928993700787401
0
LINE
8
BLACK
6
CONTINUOUS
10
0.7380776771653543
20
0.1928993700787401
11
0.7418272047244094
21
0.1947741338582677
0
LINE
8
BLACK
6
CONTINUOUS
10
0.7418272047244094
20
0.1947741338582677
11
0.7423677952755905
21
0.1949810236220473
0
LINE
8
BLACK
6
CONTINUOUS
10
0.7423677952755905
20
0.1949810236220473
11
0.7424736614173228
21
0.1949885826771653
0
LINE
8
BLACK
6
CONTINUOUS
10
0.7424736614173228
20
0.1949885826771653
11
0.7425716535433071
21
0.1950291338582677
0
LINE
8
BLACK
6
CONTINUOUS
10
0.7425716535433071
20
0.1950291338582677
11
0.7431477165354331
21
0.1950858661417323
0
LINE
8
BLACK
6
CONTINUOUS
10
0.7431477165354331
20
0.1950858661417323
11
0.7525215354330709
21
0.1950858661417323
0
LINE
8
BLACK
6
CONTINUOUS
10
0.7525215354330709
20
0.1950858661417323
11
0.7530975984251969
21
0.1950291338582677
0
LINE
8
BLACK
6
CONTINUOUS
10
0.0185209842519685
20
0.4129118503937008
11
0.0187007874015748
21
0.412007874015748
0
LINE
8
BLACK
6
CONTINUOUS
10
0.0187007874015748
20
0.412007874015748
11
0.0187007874015748
21
0.1785433070866142
0
LINE
8
BLACK
6
CONTINUOUS
10
0.0187007874015748
20
0.1785433070866142
11
0.0185209842519685
21
0.1776393307086614
0
LINE
8
BLACK
6
CONTINUOUS
10
0.0185209842519685
20
0.1776393307086614
11
0.0172425590551181
21
0.176360905511811
0
LINE
8
BLACK
6
CONTINUOUS
10
0.0172425590551181
20
0.176360905511811
11
0.0154346062992126
21
0.176360905511811
0
LINE
8
BLACK
6
CONTINUOUS
10
0.0154346062992126
20
0.176360905511811
11
0.0141561811023622
21
0.1776393307086614
0
LINE
8
BLACK
6
CONTINUOUS
10
0.0141561811023622
20
0.1776393307086614
11
0.0139763779527559
21
0.1785433070866142
0
LINE
8
BLACK
6
CONTINUOUS
10
0.0139763779527559
20
0.1785433070866142
11
0.0139763779527559
21
0.412007874015748
0
LINE
8
BLACK
6
CONTINUOUS
10
0.0139763779527559
20
0.412007874015748
11
0.0141561811023622
21
0.4129118503937008
0
LINE
8
BLACK
6
CONTINUOUS
10
0.0141561811023622
20
0.4129118503937008
11
0.0154346062992126
21
0.4141902755905512
0
LINE
8
BLACK
6
CONTINUOUS
10
0.0154346062992126
20
0.4141902755905512
11
0.0172425590551181
21
0.4141902755905512
0
LINE
8
BLACK
6
CONTINUOUS
10
0.0172425590551181
20
0.4141902755905512
11
0.0185209842519685
21
0.4129118503937008
0
LINE
8
BLACK
6
CONTINUOUS
10
0.3371244488188976
20
0.2707847637795275
11
0.338402874015748
21
0.2695063385826771
0
LINE
8
BLACK
6
CONTINUOUS
10
0.338402874015748
20
0.2695063385826771
11
0.338402874015748
21
0.2676983858267716
0
LINE
8
BLACK
6
CONTINUOUS
10
0.338402874015748
20
0.2676983858267716
11
0.3371244488188976
21
0.2664199606299212
0
LINE
8
BLACK
6
CONTINUOUS
10
0.3371244488188976
20
0.2664199606299212
11
0.3366141732283465
21
0.2663185039370078
0
LINE
8
BLACK
6
CONTINUOUS
10
0.3366141732283465
20
0.2663185039370078
11
0.3366141732283465
21
0.1992327165354331
0
LINE
8
BLACK
6
CONTINUOUS
10
0.3366141732283465
20
0.1992327165354331
11
0.3371244488188976
21
0.1991312204724409
0
LINE
8
BLACK
6
CONTINUOUS
10
0.3371244488188976
20
0.1991312204724409
11
0.338402874015748
21
0.1978527952755905
0
LINE
8
BLACK
6
CONTINUOUS
10
0.338402874015748
20
0.1978527952755905
11
0.338402874015748
21
0.196044842519685
0
LINE
8
BLACK
6
CONTINUOUS
10
0.338402874015748
20
0.196044842519685
11
0.3371244488188976
21
0.1947664173228346
0
LINE
8
BLACK
6
CONTINUOUS
10
0.3371244488188976
20
0.1947664173228346
11
0.3362204724409449
21
0.1945866141732283
0
LINE
8
BLACK
6
CONTINUOUS
10
0.3362204724409449
20
0.1945866141732283
11
0.334251968503937
21
0.1945866141732283
0
LINE
8
BLACK
6
CONTINUOUS
10
0.334251968503937
20
0.1945866141732283
11
0.3333479921259843
21
0.1947664173228346
0
LINE
8
BLACK
6
CONTINUOUS
10
0.3333479921259843
20
0.1947664173228346
11
0.3320695669291339
21
0.196044842519685
0
LINE
8
BLACK
6
CONTINUOUS
10
0.3320695669291339
20
0.196044842519685
11
0.3318897637795276
21
0.1969488188976378
0
LINE
8
BLACK
6
CONTINUOUS
10
0.3318897637795276
20
0.1969488188976378
11
0.3318897637795276
21
0.2686023622047244
0
LINE
8
BLACK
6
CONTINUOUS
10
0.3318897637795276
20
0.2686023622047244
11
0.3320695669291339
21
0.2695063385826771
0
LINE
8
BLACK
6
CONTINUOUS
10
0.3320695669291339
20
0.2695063385826771
11
0.3333479921259843
21
0.2707847637795275
0
LINE
8
BLACK
6
CONTINUOUS
10
0.3333479921259843
20
0.2707847637795275
11
0.334251968503937
21
0.2709645669291338
0
LINE
8
BLACK
6
CONTINUOUS
10
0.334251968503937
20
0.2709645669291338
11
0.3362204724409449
21
0.2709645669291338
0
LINE
8
BLACK
6
CONTINUOUS
10
0.3362204724409449
20
0.2709645669291338
11
0.3371244488188976
21
0.2707847637795275
0
LINE
8
BLACK
6
CONTINUOUS
10
0.4119275984251968
20
0.1991312204724409
11
0.4132060236220472
21
0.1978527952755905
0
LINE
8
BLACK
6
CONTINUOUS
10
0.4132060236220472
20
0.1978527952755905
11
0.4132060236220472
21
0.196044842519685
0
LINE
8
BLACK
6
CONTINUOUS
10
0.4132060236220472
20
0.196044842519685
11
0.4119275984251968
21
0.1947664173228346
0
LINE
8
BLACK
6
CONTINUOUS
10
0.4119275984251968
20
0.1947664173228346
11
0.4110236220472441
21
0.1945866141732283
0
LINE
8
BLACK
6
CONTINUOUS
10
0.4110236220472441
20
0.1945866141732283
11
0.3803149606299213
21
0.1945866141732283
0
LINE
8
BLACK
6
CONTINUOUS
10
0.3803149606299213
20
0.1945866141732283
11
0.3794109842519685
21
0.1947664173228346
0
LINE
8
BLACK
6
CONTINUOUS
10
0.3794109842519685
20
0.1947664173228346
11
0.3781325590551181
21
0.196044842519685
0
LINE
8
BLACK
6
CONTINUOUS
10
0.3781325590551181
20
0.196044842519685
11
0.3781325590551181
21
0.1978527952755905
0
LINE
8
BLACK
6
CONTINUOUS
10
0.3781325590551181
20
0.1978527952755905
11
0.3794109842519685
21
0.1991312204724409
0
LINE
8
BLACK
6
CONTINUOUS
10
0.3794109842519685
20
0.1991312204724409
11
0.3803149606299213
21
0.1993110236220473
0
LINE
8
BLACK
6
CONTINUOUS
10
0.3803149606299213
20
0.1993110236220473
11
0.4110236220472441
21
0.1993110236220473
0
LINE
8
BLACK
6
CONTINUOUS
10
0.4110236220472441
20
0.1993110236220473
11
0.4119275984251968
21
0.1991312204724409
0
LINE
8
BLACK
6
CONTINUOUS
10
0.4579905905511811
20
0.2707847637795275
11
0.4592690157480315
21
0.2695063385826771
0
LINE
8
BLACK
6
CONTINUOUS
10
0.4592690157480315
20
0.2695063385826771
11
0.4594488188976378
21
0.2686023622047244
0
LINE
8
BLACK
6
CONTINUOUS
10
0.4594488188976378
20
0.2686023622047244
11
0.4594488188976378
21
0.1969488188976378
0
LINE
8
BLACK
6
CONTINUOUS
10
0.4594488188976378
20
0.1969488188976378
11
0.4592690157480315
21
0.196044842519685
0
LINE
8
BLACK
6
CONTINUOUS
10
0.4592690157480315
20
0.196044842519685
11
0.4579905905511811
21
0.1947664173228346
0
LINE
8
BLACK
6
CONTINUOUS
10
0.4579905905511811
20
0.1947664173228346
11
0.4570866141732283
21
0.1945866141732283
0
LINE
8
BLACK
6
CONTINUOUS
10
0.4570866141732283
20
0.1945866141732283
11
0.4551181102362205
21
0.1945866141732283
0
LINE
8
BLACK
6
CONTINUOUS
10
0.4551181102362205
20
0.1945866141732283
11
0.4542141338582677
21
0.1947664173228346
0
LINE
8
BLACK
6
CONTINUOUS
10
0.4542141338582677
20
0.1947664173228346
11
0.4529357086614173
21
0.196044842519685
0
LINE
8
BLACK
6
CONTINUOUS
10
0.4529357086614173
20
0.196044842519685
11
0.4529357086614173
21
0.1978527952755905
0
LINE
8
BLACK
6
CONTINUOUS
10
0.4529357086614173
20
0.1978527952755905
11
0.4542141338582677
21
0.1991312204724409
0
LINE
8
BLACK
6
CONTINUOUS
10
0.4542141338582677
20
0.1991312204724409
11
0.4547244094488189
21
0.1992327165354331
0
LINE
8
BLACK
6
CONTINUOUS
10
0.4547244094488189
20
0.1992327165354331
11
0.4547244094488189
21
0.2663185039370078
0
LINE
8
BLACK
6
CONTINUOUS
10
0.4547244094488189
20
0.2663185039370078
11
0.4542141338582677
21
0.2664199606299212
0
LINE
8
BLACK
6
CONTINUOUS
10
0.4542141338582677
20
0.2664199606299212
11
0.4529357086614173
21
0.2676983858267716
0
LINE
8
BLACK
6
CONTINUOUS
10
0.4529357086614173
20
0.2676983858267716
11
0.4529357086614173
21
0.2695063385826771
0
LINE
8
BLACK
6
CONTINUOUS
10
0.4529357086614173
20
0.2695063385826771
11
0.4542141338582677
21
0.2707847637795275
0
LINE
8
BLACK
6
CONTINUOUS
10
0.4542141338582677
20
0.2707847637795275
11
0.4551181102362205
21
0.2709645669291338
0
LINE
8
BLACK
6
CONTINUOUS
10
0.4551181102362205
20
0.2709645669291338
11
0.4570866141732283
21
0.2709645669291338
0
LINE
8
BLACK
6
CONTINUOUS
10
0.4570866141732283
20
0.2709645669291338
11
0.4579905905511811
21
0.2707847637795275
0
LINE
8
BLACK
6
CONTINUOUS
10
0.8161531496062991
20
0.2135245669291339
11
0.8166741732283465
21
0.2130035433070866
0
LINE
8
BLACK
6
CONTINUOUS
10
0.8166741732283465
20
0.2130035433070866
11
0.8261229921259843
21
0.2000114173228346
0
LINE
8
BLACK
6
CONTINUOUS
10
0.8261229921259843
20
0.2000114173228346
11
0.826545905511811
21
0.1982536220472441
0
LINE
8
BLACK
6
CONTINUOUS
10
0.826545905511811
20
0.1982536220472441
11
0.825601968503937
21
0.1967116535433071
0
LINE
8
BLACK
6
CONTINUOUS
10
0.825601968503937
20
0.1967116535433071
11
0.8242125984251968
21
0.196259842519685
0
LINE
8
BLACK
6
CONTINUOUS
10
0.8242125984251968
20
0.196259842519685
11
0.8053149606299213
21
0.196259842519685
0
LINE
8
BLACK
6
CONTINUOUS
10
0.8053149606299213
20
0.196259842519685
11
0.8036446456692913
21
0.1969517322834646
0
LINE
8
BLACK
6
CONTINUOUS
10
0.8036446456692913
20
0.1969517322834646
11
0.8029527559055117
21
0.1986220472440945
0
LINE
8
BLACK
6
CONTINUOUS
10
0.8029527559055117
20
0.1986220472440945
11
0.8034045669291339
21
0.2000114173228346
0
LINE
8
BLACK
6
CONTINUOUS
10
0.8034045669291339
20
0.2000114173228346
11
0.8128533858267717
21
0.2130035433070866
0
LINE
8
BLACK
6
CONTINUOUS
10
0.8128533858267717
20
0.2130035433070866
11
0.8143953543307086
21
0.2139474803149606
0
LINE
8
BLACK
6
CONTINUOUS
10
0.8143953543307086
20
0.2139474803149606
11
0.8161531496062991
21
0.2135245669291339
0
LINE
8
BLACK
6
CONTINUOUS
10
0.6669461811023621
20
0.2125181496062992
11
0.6671259842519685
21
0.2116141732283464
0
LINE
8
BLACK
6
CONTINUOUS
10
0.6671259842519685
20
0.2116141732283464
11
0.6671259842519685
21
0.2061023622047244
0
LINE
8
BLACK
6
CONTINUOUS
10
0.6671259842519685
20
0.2061023622047244
11
0.7891732283464566
21
0.2061023622047244
0
LINE
8
BLACK
6
CONTINUOUS
10
0.7891732283464566
20
0.2061023622047244
11
0.7891732283464566
21
0.2116141732283464
0
LINE
8
BLACK
6
CONTINUOUS
10
0.7891732283464566
20
0.2116141732283464
11
0.789353031496063
21
0.2125181496062992
0
LINE
8
BLACK
6
CONTINUOUS
10
0.789353031496063
20
0.2125181496062992
11
0.7906314566929133
21
0.2137965748031496
0
LINE
8
BLACK
6
CONTINUOUS
10
0.7906314566929133
20
0.2137965748031496
11
0.7924394094488189
21
0.2137965748031496
0
LINE
8
BLACK
6
CONTINUOUS
10
0.7924394094488189
20
0.2137965748031496
11
0.7937178346456693
21
0.2125181496062992
0
LINE
8
BLACK
6
CONTINUOUS
10
0.7937178346456693
20
0.2125181496062992
11
0.7938976377952756
21
0.2116141732283464
0
LINE
8
BLACK
6
CONTINUOUS
10
0.7938976377952756
20
0.2116141732283464
11
0.7938976377952756
21
0.203740157480315
0
LINE
8
BLACK
6
CONTINUOUS
10
0.7938976377952756
20
0.203740157480315
11
0.7937178346456693
21
0.2028361811023622
0
LINE
8
BLACK
6
CONTINUOUS
10
0.7937178346456693
20
0.2028361811023622
11
0.7924394094488189
21
0.2015577559055118
0
LINE
8
BLACK
6
CONTINUOUS
10
0.7924394094488189
20
0.2015577559055118
11
0.7915354330708662
21
0.2013779527559055
0
LINE
8
BLACK
6
CONTINUOUS
10
0.7915354330708662
20
0.2013779527559055
11
0.6647637795275591
21
0.2013779527559055
0
LINE
8
BLACK
6
CONTINUOUS
10
0.6647637795275591
20
0.2013779527559055
11
0.6638598031496062
21
0.2015577559055118
0
LINE
8
BLACK
6
CONTINUOUS
10
0.6638598031496062
20
0.2015577559055118
11
0.6625813779527558
21
0.2028361811023622
0
LINE
8
BLACK
6
CONTINUOUS
10
0.6625813779527558
20
0.2028361811023622
11
0.6624015748031495
21
0.203740157480315
0
LINE
8
BLACK
6
CONTINUOUS
10
0.6624015748031495
20
0.203740157480315
11
0.6624015748031495
21
0.2116141732283464
0
LINE
8
BLACK
6
CONTINUOUS
10
0.6624015748031495
20
0.2116141732283464
11
0.6625813779527558
21
0.2125181496062992
0
LINE
8
BLACK
6
CONTINUOUS
10
0.6625813779527558
20
0.2125181496062992
11
0.6638598031496062
21
0.2137965748031496
0
LINE
8
BLACK
6
CONTINUOUS
10
0.6638598031496062
20
0.2137965748031496
11
0.6656677559055117
21
0.2137965748031496
0
LINE
8
BLACK
6
CONTINUOUS
10
0.6656677559055117
20
0.2137965748031496
11
0.6669461811023621
21
0.2125181496062992
0
LINE
8
BLACK
6
CONTINUOUS
10
0.3189832283464567
20
0.236396968503937
11
0.3190812204724409
21
0.2363563779527559
0
LINE
8
BLACK
6
CONTINUOUS
10
0.3190812204724409
20
0.2363563779527559
11
0.3191870472440945
21
0.2363488582677165
0
LINE
8
BLACK
6
CONTINUOUS
10
0.3191870472440945
20
0.2363488582677165
11
0.3197276771653543
21
0.236141968503937
0
LINE
8
BLACK
6
CONTINUOUS
10
0.3197276771653543
20
0.236141968503937
11
0.3234772047244094
21
0.2342672047244095
0
LINE
8
BLACK
6
CONTINUOUS
10
0.3234772047244094
20
0.2342672047244095
11
0.3237250787401575
21
0.2341111811023622
0
LINE
8
BLACK
6
CONTINUOUS
10
0.3237250787401575
20
0.2341111811023622
11
0.323797125984252
21
0.2340813385826772
0
LINE
8
BLACK
6
CONTINUOUS
10
0.323797125984252
20
0.2340813385826772
11
0.3238781496062992
21
0.234014842519685
0
LINE
8
BLACK
6
CONTINUOUS
10
0.3238781496062992
20
0.234014842519685
11
0.3239670866141732
21
0.2339588582677165
0
LINE
8
BLACK
6
CONTINUOUS
10
0.3239670866141732
20
0.2339588582677165
11
0.3240182283464567
21
0.2338998818897638
0
LINE
8
BLACK
6
CONTINUOUS
10
0.3240182283464567
20
0.2338998818897638
11
0.3242445669291338
21
0.2337141338582677
0
LINE
8
BLACK
6
CONTINUOUS
10
0.3242445669291338
20
0.2337141338582677
11
0.3261193700787401
21
0.2318393700787401
0
LINE
8
BLACK
6
CONTINUOUS
10
0.3261193700787401
20
0.2318393700787401
11
0.3263051181102362
21
0.231613031496063
0
LINE
8
BLACK
6
CONTINUOUS
10
0.3263051181102362
20
0.231613031496063
11
0.3263641732283464
21
0.2315618110236221
0
LINE
8
BLACK
6
CONTINUOUS
10
0.3263641732283464
20
0.2315618110236221
11
0.3264201574803149
21
0.231472874015748
0
LINE
8
BLACK
6
CONTINUOUS
10
0.3264201574803149
20
0.231472874015748
11
0.3264866141732283
21
0.2313918897637795
0
LINE
8
BLACK
6
CONTINUOUS
10
0.3264866141732283
20
0.2313918897637795
11
0.3265164173228347
21
0.2313199606299212
0
LINE
8
BLACK
6
CONTINUOUS
10
0.3265164173228347
20
0.2313199606299212
11
0.3266725196850394
21
0.2310719291338583
0
LINE
8
BLACK
6
CONTINUOUS
10
0.3266725196850394
20
0.2310719291338583
11
0.3285472834645669
21
0.2273224015748032
0
LINE
8
BLACK
6
CONTINUOUS
10
0.3285472834645669
20
0.2273224015748032
11
0.3287541732283464
21
0.226781811023622
0
LINE
8
BLACK
6
CONTINUOUS
10
0.3287541732283464
20
0.226781811023622
11
0.3287616929133858
21
0.2266759448818897
0
LINE
8
BLACK
6
CONTINUOUS
10
0.3287616929133858
20
0.2266759448818897
11
0.3288022834645669
21
0.2265779527559055
0
LINE
8
BLACK
6
CONTINUOUS
10
0.3288022834645669
20
0.2265779527559055
11
0.3288590157480315
21
0.2260018897637795
0
LINE
8
BLACK
6
CONTINUOUS
10
0.3288590157480315
20
0.2260018897637795
11
0.3288590157480315
21
0.2185028346456693
0
LINE
8
BLACK
6
CONTINUOUS
10
0.3288590157480315
20
0.2185028346456693
11
0.3288022834645669
21
0.2179267716535433
0
LINE
8
BLACK
6
CONTINUOUS
10
0.3288022834645669
20
0.2179267716535433
11
0.3287616929133858
21
0.2178288188976378
0
LINE
8
BLACK
6
CONTINUOUS
10
0.3287616929133858
20
0.2178288188976378
11
0.3287541732283464
21
0.2177229133858268
0
LINE
8
BLACK
6
CONTINUOUS
10
0.3287541732283464
20
0.2177229133858268
11
0.3285472834645669
21
0.2171823228346457
0
LINE
8
BLACK
6
CONTINUOUS
10
0.3285472834645669
20
0.2171823228346457
11
0.3266725196850394
21
0.2134327952755906
0
LINE
8
BLACK
6
CONTINUOUS
10
0.3266725196850394
20
0.2134327952755906
11
0.3265164173228347
21
0.2131848031496063
0
LINE
8
BLACK
6
CONTINUOUS
10
0.3265164173228347
20
0.2131848031496063
11
0.3264866141732283
21
0.2131128346456693
0
LINE
8
BLACK
6
CONTINUOUS
10
0.3264866141732283
20
0.2131128346456693
11
0.3264201574803149
21
0.2130318897637795
0
LINE
8
BLACK
6
CONTINUOUS
10
0.3264201574803149
20
0.2130318897637795
11
0.3263641732283464
21
0.2129429133858268
0
LINE
8
BLACK
6
CONTINUOUS
10
0.3263641732283464
20
0.2129429133858268
11
0.3263051181102362
21
0.2128917322834646
0
LINE
8
BLACK
6
CONTINUOUS
10
0.3263051181102362
20
0.2128917322834646
11
0.3261193700787401
21
0.2126653543307087
0
LINE
8
BLACK
6
CONTINUOUS
10
0.3261193700787401
20
0.2126653543307087
11
0.3242445669291338
21
0.2107905905511811
0
LINE
8
BLACK
6
CONTINUOUS
10
0.3242445669291338
20
0.2107905905511811
11
0.3240182283464567
21
0.2106048818897638
0
LINE
8
BLACK
6
CONTINUOUS
10
0.3240182283464567
20
0.2106048818897638
11
0.3239670866141732
21
0.2105458661417323
0
LINE
8
BLACK
6
CONTINUOUS
10
0.3239670866141732
20
0.2105458661417323
11
0.3238781496062992
21
0.2104899212598425
0
LINE
8
BLACK
6
CONTINUOUS
10
0.3238781496062992
20
0.2104899212598425
11
0.323797125984252
21
0.2104233858267716
0
LINE
8
BLACK
6
CONTINUOUS
10
0.323797125984252
20
0.2104233858267716
11
0.3237250787401575
21
0.2103935826771653
0
LINE
8
BLACK
6
CONTINUOUS
10
0.3237250787401575
20
0.2103935826771653
11
0.3234772047244094
21
0.2102375196850394
0
LINE
8
BLACK
6
CONTINUOUS
10
0.3234772047244094
20
0.2102375196850394
11
0.3197276771653543
21
0.2083627559055118
0
LINE
8
BLACK
6
CONTINUOUS
10
0.3197276771653543
20
0.2083627559055118
11
0.3191870472440945
21
0.2081558661417323
0
LINE
8
BLACK
6
CONTINUOUS
10
0.3191870472440945
20
0.2081558661417323
11
0.3190812204724409
21
0.2081483858267716
0
LINE
8
BLACK
6
CONTINUOUS
10
0.3190812204724409
20
0.2081483858267716
11
0.3189832283464567
21
0.2081077559055118
0
LINE
8
BLACK
6
CONTINUOUS
10
0.3189832283464567
20
0.2081077559055118
11
0.3184071653543307
21
0.2080510236220472
0
LINE
8
BLACK
6
CONTINUOUS
10
0.3184071653543307
20
0.2080510236220472
11
0.2865361811023622
21
0.2080510236220472
0
LINE
8
BLACK
6
CONTINUOUS
10
0.2865361811023622
20
0.2080510236220472
11
0.2859601181102362
21
0.2081077559055118
0
LINE
8
BLACK
6
CONTINUOUS
10
0.2859601181102362
20
0.2081077559055118
11
0.2848957086614173
21
0.2085486614173228
0
LINE
8
BLACK
6
CONTINUOUS
10
0.2848957086614173
20
0.2085486614173228
11
0.284081062992126
21
0.2093633070866142
0
LINE
8
BLACK
6
CONTINUOUS
10
0.284081062992126
20
0.2093633070866142
11
0.283640157480315
21
0.2104277165354331
0
LINE
8
BLACK
6
CONTINUOUS
10
0.283640157480315
20
0.2104277165354331
11
0.283640157480315
21
0.211579842519685
0
LINE
8
BLACK
6
CONTINUOUS
10
0.283640157480315
20
0.211579842519685
11
0.284081062992126
21
0.2126442519685039
0
LINE
8
BLACK
6
CONTINUOUS
10
0.284081062992126
20
0.2126442519685039
11
0.2848957086614173
21
0.2134588976377953
0
LINE
8
BLACK
6
CONTINUOUS
10
0.2848957086614173
20
0.2134588976377953
11
0.2859601181102362
21
0.2138998031496063
0
LINE
8
BLACK
6
CONTINUOUS
10
0.2859601181102362
20
0.2138998031496063
11
0.2865361811023622
21
0.2139565354330709
0
LINE
8
BLACK
6
CONTINUOUS
10
0.2865361811023622
20
0.2139565354330709
11
0.3177101181102362
21
0.2139565354330709
0
LINE
8
BLACK
6
CONTINUOUS
10
0.3177101181102362
20
0.2139565354330709
11
0.3204075984251968
21
0.2153053149606299
0
LINE
8
BLACK
6
CONTINUOUS
10
0.3204075984251968
20
0.2153053149606299
11
0.3216047637795276
21
0.2165024409448819
0
LINE
8
BLACK
6
CONTINUOUS
10
0.3216047637795276
20
0.2165024409448819
11
0.3229535039370079
21
0.2191998818897638
0
LINE
8
BLACK
6
CONTINUOUS
10
0.3229535039370079
20
0.2191998818897638
11
0.3229535039370079
21
0.225304842519685
0
LINE
8
BLACK
6
CONTINUOUS
10
0.3229535039370079
20
0.225304842519685
11
0.3216047637795276
21
0.2280023228346457
0
LINE
8
BLACK
6
CONTINUOUS
10
0.3216047637795276
20
0.2280023228346457
11
0.3204075984251968
21
0.2291994488188976
0
LINE
8
BLACK
6
CONTINUOUS
10
0.3204075984251968
20
0.2291994488188976
11
0.3177101181102362
21
0.2305481889763779
0
LINE
8
BLACK
6
CONTINUOUS
10
0.3177101181102362
20
0.2305481889763779
11
0.2865361811023622
21
0.2305481889763779
0
LINE
8
BLACK
6
CONTINUOUS
10
0.2865361811023622
20
0.2305481889763779
11
0.2859601181102362
21
0.2306049212598425
0
LINE
8
BLACK
6
CONTINUOUS
10
0.2859601181102362
20
0.2306049212598425
11
0.2848957086614173
21
0.2310458267716535
0
LINE
8
BLACK
6
CONTINUOUS
10
0.2848957086614173
20
0.2310458267716535
11
0.284081062992126
21
0.2318604724409449
0
LINE
8
BLACK
6
CONTINUOUS
10
0.284081062992126
20
0.2318604724409449
11
0.283640157480315
21
0.2329248818897638
0
LINE
8
BLACK
6
CONTINUOUS
10
0.283640157480315
20
0.2329248818897638
11
0.283640157480315
21
0.2340770078740158
0
LINE
8
BLACK
6
CONTINUOUS
10
0.283640157480315
20
0.2340770078740158
11
0.284081062992126
21
0.2351414173228346
0
LINE
8
BLACK
6
CONTINUOUS
10
0.284081062992126
20
0.2351414173228346
11
0.2848957086614173
21
0.235956062992126
0
LINE
8
BLACK
6
CONTINUOUS
10
0.2848957086614173
20
0.235956062992126
11
0.2859601181102362
21
0.236396968503937
0
LINE
8
BLACK
6
CONTINUOUS
10
0.2859601181102362
20
0.236396968503937
11
0.2865361811023622
21
0.2364537007874016
0
LINE
8
BLACK
6
CONTINUOUS
10
0.2865361811023622
20
0.2364537007874016
11
0.3184071653543307
21
0.2364537007874016
0
LINE
8
BLACK
6
CONTINUOUS
10
0.3184071653543307
20
0.2364537007874016
11
0.3189832283464567
21
0.236396968503937
0
LINE
8
BLACK
6
CONTINUOUS
10
0.4887965748031496
20
0.2425606692913386
11
0.4889763779527559
21
0.2416566929133858
0
LINE
8
BLACK
6
CONTINUOUS
10
0.4889763779527559
20
0.2416566929133858
11
0.4889763779527559
21
0.2305874015748031
0
LINE
8
BLACK
6
CONTINUOUS
10
0.4889763779527559
20
0.2305874015748031
11
0.4887965748031496
21
0.2296834251968504
0
LINE
8
BLACK
6
CONTINUOUS
10
0.4887965748031496
20
0.2296834251968504
11
0.4875181496062992
21
0.228405
0
LINE
8
BLACK
6
CONTINUOUS
10
0.4875181496062992
20
0.228405
11
0.4857101968503937
21
0.228405
0
LINE
8
BLACK
6
CONTINUOUS
10
0.4857101968503937
20
0.228405
11
0.4844317716535433
21
0.2296834251968504
0
LINE
8
BLACK
6
CONTINUOUS
10
0.4844317716535433
20
0.2296834251968504
11
0.484251968503937
21
0.2305874015748031
0
LINE
8
BLACK
6
CONTINUOUS
10
0.484251968503937
20
0.2305874015748031
11
0.484251968503937
21
0.2416566929133858
0
LINE
8
BLACK
6
CONTINUOUS
10
0.484251968503937
20
0.2416566929133858
11
0.4844317716535433
21
0.2425606692913386
0
LINE
8
BLACK
6
CONTINUOUS
10
0.4844317716535433
20
0.2425606692913386
11
0.4857101968503937
21
0.243839094488189
0
LINE
8
BLACK
6
CONTINUOUS
10
0.4857101968503937
20
0.243839094488189
11
0.4875181496062992
21
0.243839094488189
0
LINE
8
BLACK
6
CONTINUOUS
10
0.4875181496062992
20
0.243839094488189
11
0.4887965748031496
21
0.2425606692913386
0
LINE
8
BLACK
6
CONTINUOUS
10
0.5289540551181102
20
0.2425606692913386
11
0.5291338582677165
21
0.2416566929133858
0
LINE
8
BLACK
6
CONTINUOUS
10
0.5291338582677165
20
0.2416566929133858
11
0.5291338582677165
21
0.2305874015748031
0
LINE
8
BLACK
6
CONTINUOUS
10
0.5291338582677165
20
0.2305874015748031
11
0.5289540551181102
21
0.2296834251968504
0
LINE
8
BLACK
6
CONTINUOUS
10
0.5289540551181102
20
0.2296834251968504
11
0.5276756299212598
21
0.228405
0
LINE
8
BLACK
6
CONTINUOUS
10
0.5276756299212598
20
0.228405
11
0.5258676771653543
21
0.228405
0
LINE
8
BLACK
6
CONTINUOUS
10
0.5258676771653543
20
0.228405
11
0.5245892519685039
21
0.2296834251968504
0
LINE
8
BLACK
6
CONTINUOUS
10
0.5245892519685039
20
0.2296834251968504
11
0.5244094488188976
21
0.2305874015748031
0
LINE
8
BLACK
6
CONTINUOUS
10
0.5244094488188976
20
0.2305874015748031
11
0.5244094488188976
21
0.2416566929133858
0
LINE
8
BLACK
6
CONTINUOUS
10
0.5244094488188976
20
0.2416566929133858
11
0.5245892519685039
21
0.2425606692913386
0
LINE
8
BLACK
6
CONTINUOUS
10
0.5245892519685039
20
0.2425606692913386
11
0.5258676771653543
21
0.243839094488189
0
LINE
8
BLACK
6
CONTINUOUS
10
0.5258676771653543
20
0.243839094488189
11
0.5276756299212598
21
0.243839094488189
0
LINE
8
BLACK
6
CONTINUOUS
10
0.5276756299212598
20
0.243839094488189
11
0.5289540551181102
21
0.2425606692913386
0
LINE
8
BLACK
6
CONTINUOUS
10
0.5547414566929134
20
0.2425606692913386
11
0.5549212598425197
21
0.2416566929133858
0
LINE
8
BLACK
6
CONTINUOUS
10
0.5549212598425197
20
0.2416566929133858
11
0.5549212598425197
21
0.2305874015748031
0
LINE
8
BLACK
6
CONTINUOUS
10
0.5549212598425197
20
0.2305874015748031
11
0.5547414566929134
21
0.2296834251968504
0
LINE
8
BLACK
6
CONTINUOUS
10
0.5547414566929134
20
0.2296834251968504
11
0.553463031496063
21
0.228405
0
LINE
8
BLACK
6
CONTINUOUS
10
0.553463031496063
20
0.228405
11
0.5516550787401575
21
0.228405
0
LINE
8
BLACK
6
CONTINUOUS
10
0.5516550787401575
20
0.228405
11
0.5503766535433071
21
0.2296834251968504
0
LINE
8
BLACK
6
CONTINUOUS
10
0.5503766535433071
20
0.2296834251968504
11
0.5501968503937008
21
0.2305874015748031
0
LINE
8
BLACK
6
CONTINUOUS
10
0.5501968503937008
20
0.2305874015748031
11
0.5501968503937008
21
0.2416566929133858
0
LINE
8
BLACK
6
CONTINUOUS
10
0.5501968503937008
20
0.2416566929133858
11
0.5503766535433071
21
0.2425606692913386
0
LINE
8
BLACK
6
CONTINUOUS
10
0.5503766535433071
20
0.2425606692913386
11
0.5516550787401575
21
0.243839094488189
0
LINE
8
BLACK
6
CONTINUOUS
10
0.5516550787401575
20
0.243839094488189
11
0.553463031496063
21
0.243839094488189
0
LINE
8
BLACK
6
CONTINUOUS
10
0.553463031496063
20
0.243839094488189
11
0.5547414566929134
21
0.2425606692913386
0
LINE
8
BLACK
6
CONTINUOUS
10
0.594898937007874
20
0.2425606692913386
11
0.5950787401574803
21
0.2416566929133858
0
LINE
8
BLACK
6
CONTINUOUS
10
0.5950787401574803
20
0.2416566929133858
11
0.5950787401574803
21
0.2305874015748031
0
LINE
8
BLACK
6
CONTINUOUS
10
0.5950787401574803
20
0.2305874015748031
11
0.594898937007874
21
0.2296834251968504
0
LINE
8
BLACK
6
CONTINUOUS
10
0.594898937007874
20
0.2296834251968504
11
0.5936205118110236
21
0.228405
0
LINE
8
BLACK
6
CONTINUOUS
10
0.5936205118110236
20
0.228405
11
0.5918125590551181
21
0.228405
0
LINE
8
BLACK
6
CONTINUOUS
10
0.5918125590551181
20
0.228405
11
0.5905341338582677
21
0.2296834251968504
0
LINE
8
BLACK
6
CONTINUOUS
10
0.5905341338582677
20
0.2296834251968504
11
0.5903543307086614
21
0.2305874015748031
0
LINE
8
BLACK
6
CONTINUOUS
10
0.5903543307086614
20
0.2305874015748031
11
0.5903543307086614
21
0.2416566929133858
0
LINE
8
BLACK
6
CONTINUOUS
10
0.5903543307086614
20
0.2416566929133858
11
0.5905341338582677
21
0.2425606692913386
0
LINE
8
BLACK
6
CONTINUOUS
10
0.5905341338582677
20
0.2425606692913386
11
0.5918125590551181
21
0.243839094488189
0
LINE
8
BLACK
6
CONTINUOUS
10
0.5918125590551181
20
0.243839094488189
11
0.5936205118110236
21
0.243839094488189
0
LINE
8
BLACK
6
CONTINUOUS
10
0.5936205118110236
20
0.243839094488189
11
0.594898937007874
21
0.2425606692913386
0
LINE
8
BLACK
6
CONTINUOUS
10
0.3275467322834645
20
0.2753261417322835
11
0.3283613779527559
21
0.2745114960629921
0
LINE
8
BLACK
6
CONTINUOUS
10
0.3283613779527559
20
0.2745114960629921
11
0.3288022834645669
21
0.2734470866141732
0
LINE
8
BLACK
6
CONTINUOUS
10
0.3288022834645669
20
0.2734470866141732
11
0.3288590157480315
21
0.2728710236220472
0
LINE
8
BLACK
6
CONTINUOUS
10
0.3288590157480315
20
0.2728710236220472
11
0.3288590157480315
21
0.2503738582677165
0
LINE
8
BLACK
6
CONTINUOUS
10
0.3288590157480315
20
0.2503738582677165
11
0.3288022834645669
21
0.2497977952755905
0
LINE
8
BLACK
6
CONTINUOUS
10
0.3288022834645669
20
0.2497977952755905
11
0.3283613779527559
21
0.2487333858267717
0
LINE
8
BLACK
6
CONTINUOUS
10
0.3283613779527559
20
0.2487333858267717
11
0.3275467322834645
21
0.2479187401574803
0
LINE
8
BLACK
6
CONTINUOUS
10
0.3275467322834645
20
0.2479187401574803
11
0.3264823228346457
21
0.2474778346456693
0
LINE
8
BLACK
6
CONTINUOUS
10
0.3264823228346457
20
0.2474778346456693
11
0.3253301968503937
21
0.2474778346456693
0
LINE
8
BLACK
6
CONTINUOUS
10
0.3253301968503937
20
0.2474778346456693
11
0.3242657874015748
21
0.2479187401574803
0
LINE
8
BLACK
6
CONTINUOUS
10
0.3242657874015748
20
0.2479187401574803
11
0.3234511417322835
21
0.2487333858267717
0
LINE
8
BLACK
6
CONTINUOUS
10
0.3234511417322835
20
0.2487333858267717
11
0.3230102362204724
21
0.2497977952755905
0
LINE
8
BLACK
6
CONTINUOUS
10
0.3230102362204724
20
0.2497977952755905
11
0.3229535039370079
21
0.2503738582677165
0
LINE
8
BLACK
6
CONTINUOUS
10
0.3229535039370079
20
0.2503738582677165
11
0.3229535039370079
21
0.25866968503937
0
LINE
8
BLACK
6
CONTINUOUS
10
0.3229535039370079
20
0.25866968503937
11
0.2955395275590551
21
0.25866968503937
0
LINE
8
BLACK
6
CONTINUOUS
10
0.2955395275590551
20
0.25866968503937
11
0.2979979133858268
21
0.2562112992125984
0
LINE
8
BLACK
6
CONTINUOUS
10
0.2979979133858268
20
0.2562112992125984
11
0.2981837401574803
21
0.2559849212598425
0
LINE
8
BLACK
6
CONTINUOUS
10
0.2981837401574803
20
0.2559849212598425
11
0.2982426771653543
21
0.255933779527559
0
LINE
8
BLACK
6
CONTINUOUS
10
0.2982426771653543
20
0.255933779527559
11
0.2982985433070866
21
0.2558450393700787
0
LINE
8
BLACK
6
CONTINUOUS
10
0.2982985433070866
20
0.2558450393700787
11
0.2983651574803149
21
0.2557638582677165
0
LINE
8
BLACK
6
CONTINUOUS
10
0.2983651574803149
20
0.2557638582677165
11
0.298395
21
0.2556917322834645
0
LINE
8
BLACK
6
CONTINUOUS
10
0.298395
20
0.2556917322834645
11
0.2985510236220472
21
0.2554438976377953
0
LINE
8
BLACK
6
CONTINUOUS
10
0.2985510236220472
20
0.2554438976377953
11
0.3004257874015748
21
0.2516943700787401
0
LINE
8
BLACK
6
CONTINUOUS
10
0.3004257874015748
20
0.2516943700787401
11
0.3006326771653543
21
0.2511537795275591
0
LINE
8
BLACK
6
CONTINUOUS
10
0.3006326771653543
20
0.2511537795275591
11
0.3007143307086614
21
0.2500045669291339
0
LINE
8
BLACK
6
CONTINUOUS
10
0.3007143307086614
20
0.2500045669291339
11
0.30035
21
0.2489115748031496
0
LINE
8
BLACK
6
CONTINUOUS
10
0.30035
20
0.2489115748031496
11
0.299595157480315
21
0.2480412204724409
0
LINE
8
BLACK
6
CONTINUOUS
10
0.299595157480315
20
0.2480412204724409
11
0.2985646456692913
21
0.2475259448818898
0
LINE
8
BLACK
6
CONTINUOUS
10
0.2985646456692913
20
0.2475259448818898
11
0.2974154330708662
21
0.2474442913385827
0
LINE
8
BLACK
6
CONTINUOUS
10
0.2974154330708662
20
0.2474442913385827
11
0.2963224803149606
21
0.2478086220472441
0
LINE
8
BLACK
6
CONTINUOUS
10
0.2963224803149606
20
0.2478086220472441
11
0.2954520866141732
21
0.2485634645669291
0
LINE
8
BLACK
6
CONTINUOUS
10
0.2954520866141732
20
0.2485634645669291
11
0.2951437401574803
21
0.2490533464566929
0
LINE
8
BLACK
6
CONTINUOUS
10
0.2951437401574803
20
0.2490533464566929
11
0.2934832677165354
21
0.2523742913385827
0
LINE
8
BLACK
6
CONTINUOUS
10
0.2934832677165354
20
0.2523742913385827
11
0.2902792913385827
21
0.2555782677165354
0
LINE
8
BLACK
6
CONTINUOUS
10
0.2902792913385827
20
0.2555782677165354
11
0.2848982677165354
21
0.2591655905511811
0
LINE
8
BLACK
6
CONTINUOUS
10
0.2848982677165354
20
0.2591655905511811
11
0.2848965748031496
21
0.259166968503937
0
LINE
8
BLACK
6
CONTINUOUS
10
0.2848965748031496
20
0.259166968503937
11
0.2848957086614173
21
0.2591673228346457
0
LINE
8
BLACK
6
CONTINUOUS
10
0.2848957086614173
20
0.2591673228346457
11
0.2848936614173228
21
0.2591693700787401
0
LINE
8
BLACK
6
CONTINUOUS
10
0.2848936614173228
20
0.2591693700787401
11
0.2844504330708661
21
0.2595323622047244
0
LINE
8
BLACK
6
CONTINUOUS
10
0.2844504330708661
20
0.2595323622047244
11
0.2842877559055118
21
0.2597752755905512
0
LINE
8
BLACK
6
CONTINUOUS
10
0.2842877559055118
20
0.2597752755905512
11
0.284081062992126
21
0.259981968503937
0
LINE
8
BLACK
6
CONTINUOUS
10
0.284081062992126
20
0.259981968503937
11
0.2839703149606299
21
0.2602492913385827
0
LINE
8
BLACK
6
CONTINUOUS
10
0.2839703149606299
20
0.2602492913385827
11
0.2838093700787401
21
0.2604896456692913
0
LINE
8
BLACK
6
CONTINUOUS
10
0.2838093700787401
20
0.2604896456692913
11
0.2837520078740157
21
0.2607762992125984
0
LINE
8
BLACK
6
CONTINUOUS
10
0.2837520078740157
20
0.2607762992125984
11
0.283640157480315
21
0.2610463779527559
0
LINE
8
BLACK
6
CONTINUOUS
10
0.283640157480315
20
0.2610463779527559
11
0.283640157480315
21
0.2613357086614173
0
LINE
8
BLACK
6
CONTINUOUS
10
0.283640157480315
20
0.2613357086614173
11
0.2835834251968504
21
0.2616193307086614
0
LINE
8
BLACK
6
CONTINUOUS
10
0.2835834251968504
20
0.2616193307086614
11
0.283640157480315
21
0.2619061417322834
0
LINE
8
BLACK
6
CONTINUOUS
10
0.283640157480315
20
0.2619061417322834
11
0.283640157480315
21
0.2621985039370079
0
LINE
8
BLACK
6
CONTINUOUS
10
0.283640157480315
20
0.2621985039370079
11
0.2837508661417323
21
0.2624657874015748
0
LINE
8
BLACK
6
CONTINUOUS
10
0.2837508661417323
20
0.2624657874015748
11
0.2838070078740157
21
0.2627495669291339
0
LINE
8
BLACK
6
CONTINUOUS
10
0.2838070078740157
20
0.2627495669291339
11
0.2839691732283465
21
0.2629928346456693
0
LINE
8
BLACK
6
CONTINUOUS
10
0.2839691732283465
20
0.2629928346456693
11
0.284081062992126
21
0.2632629133858267
0
LINE
8
BLACK
6
CONTINUOUS
10
0.284081062992126
20
0.2632629133858267
11
0.2842855905511811
21
0.2634674803149606
0
LINE
8
BLACK
6
CONTINUOUS
10
0.2842855905511811
20
0.2634674803149606
11
0.2844461023622047
21
0.2637081889763779
0
LINE
8
BLACK
6
CONTINUOUS
10
0.2844461023622047
20
0.2637081889763779
11
0.2846889763779528
21
0.2638708661417323
0
LINE
8
BLACK
6
CONTINUOUS
10
0.2846889763779528
20
0.2638708661417323
11
0.2848957086614173
21
0.2640775590551181
0
LINE
8
BLACK
6
CONTINUOUS
10
0.2848957086614173
20
0.2640775590551181
11
0.2851629921259842
21
0.2641883070866142
0
LINE
8
BLACK
6
CONTINUOUS
10
0.2851629921259842
20
0.2641883070866142
11
0.2854033858267717
21
0.264349251968504
0
LINE
8
BLACK
6
CONTINUOUS
10
0.2854033858267717
20
0.264349251968504
11
0.28569
21
0.2644066141732284
0
LINE
8
BLACK
6
CONTINUOUS
10
0.28569
20
0.2644066141732284
11
0.2859601181102362
21
0.2645184645669291
0
LINE
8
BLACK
6
CONTINUOUS
10
0.2859601181102362
20
0.2645184645669291
11
0.2865300393700788
21
0.2645746062992126
0
LINE
8
BLACK
6
CONTINUOUS
10
0.2865300393700788
20
0.2645746062992126
11
0.2865330708661417
21
0.2645751968503937
0
LINE
8
BLACK
6
CONTINUOUS
10
0.2865330708661417
20
0.2645751968503937
11
0.286534094488189
21
0.264575
0
LINE
8
BLACK
6
CONTINUOUS
10
0.286534094488189
20
0.264575
11
0.2865361811023622
21
0.2645751968503937
0
LINE
8
BLACK
6
CONTINUOUS
10
0.2865361811023622
20
0.2645751968503937
11
0.3229535039370079
21
0.2645751968503937
0
LINE
8
BLACK
6
CONTINUOUS
10
0.3229535039370079
20
0.2645751968503937
11
0.3229535039370079
21
0.2728710236220472
0
LINE
8
BLACK
6
CONTINUOUS
10
0.3229535039370079
20
0.2728710236220472
11
0.3230102362204724
21
0.2734470866141732
0
LINE
8
BLACK
6
CONTINUOUS
10
0.3230102362204724
20
0.2734470866141732
11
0.3234511417322835
21
0.2745114960629921
0
LINE
8
BLACK
6
CONTINUOUS
10
0.3234511417322835
20
0.2745114960629921
11
0.3242657874015748
21
0.2753261417322835
0
LINE
8
BLACK
6
CONTINUOUS
10
0.3242657874015748
20
0.2753261417322835
11
0.3253301968503937
21
0.2757670472440945
0
LINE
8
BLACK
6
CONTINUOUS
10
0.3253301968503937
20
0.2757670472440945
11
0.3264823228346457
21
0.2757670472440945
0
LINE
8
BLACK
6
CONTINUOUS
10
0.3264823228346457
20
0.2757670472440945
11
0.3275467322834645
21
0.2753261417322835
0
LINE
8
BLACK
6
CONTINUOUS
10
0.4700206299212598
20
0.3007003937007874
11
0.4704724409448819
21
0.2993110236220473
0
LINE
8
BLACK
6
CONTINUOUS
10
0.4704724409448819
20
0.2993110236220473
11
0.4704724409448819
21
0.2804133858267717
0
LINE
8
BLACK
6
CONTINUOUS
10
0.4704724409448819
20
0.2804133858267717
11
0.4697805511811023
21
0.2787430708661418
0
LINE
8
BLACK
6
CONTINUOUS
10
0.4697805511811023
20
0.2787430708661418
11
0.4681102362204724
21
0.2780511811023622
0
LINE
8
BLACK
6
CONTINUOUS
10
0.4681102362204724
20
0.2780511811023622
11
0.4667208661417322
21
0.2785029921259842
0
LINE
8
BLACK
6
CONTINUOUS
10
0.4667208661417322
20
0.2785029921259842
11
0.4537287401574803
21
0.2879518110236221
0
LINE
8
BLACK
6
CONTINUOUS
10
0.4537287401574803
20
0.2879518110236221
11
0.4527848031496063
21
0.2894937795275591
0
LINE
8
BLACK
6
CONTINUOUS
10
0.4527848031496063
20
0.2894937795275591
11
0.4532077165354331
21
0.2912515748031496
0
LINE
8
BLACK
6
CONTINUOUS
10
0.4532077165354331
20
0.2912515748031496
11
0.4537287401574803
21
0.2917725984251968
0
LINE
8
BLACK
6
CONTINUOUS
10
0.4537287401574803
20
0.2917725984251968
11
0.4667208661417322
21
0.3012214173228346
0
LINE
8
BLACK
6
CONTINUOUS
10
0.4667208661417322
20
0.3012214173228346
11
0.4684786614173228
21
0.3016443307086614
0
LINE
8
BLACK
6
CONTINUOUS
10
0.4684786614173228
20
0.3016443307086614
11
0.4700206299212598
21
0.3007003937007874
0
LINE
8
BLACK
6
CONTINUOUS
10
0.5629261417322835
20
0.3308934645669291
11
0.5637408267716535
21
0.330078779527559
0
LINE
8
BLACK
6
CONTINUOUS
10
0.5637408267716535
20
0.330078779527559
11
0.5641817322834646
21
0.3290143700787401
0
LINE
8
BLACK
6
CONTINUOUS
10
0.5641817322834646
20
0.3290143700787401
11
0.5641817322834646
21
0.3278622834645669
0
LINE
8
BLACK
6
CONTINUOUS
10
0.5641817322834646
20
0.3278622834645669
11
0.5637408267716535
21
0.326797874015748
0
LINE
8
BLACK
6
CONTINUOUS
10
0.5637408267716535
20
0.326797874015748
11
0.5633736220472441
21
0.3263504330708661
0
LINE
8
BLACK
6
CONTINUOUS
10
0.5633736220472441
20
0.3263504330708661
11
0.5619917322834646
21
0.3249685826771653
0
LINE
8
BLACK
6
CONTINUOUS
10
0.5619917322834646
20
0.3249685826771653
11
0.5604889370078741
21
0.320460157480315
0
LINE
8
BLACK
6
CONTINUOUS
10
0.5604889370078741
20
0.320460157480315
11
0.5604889370078741
21
0.317668937007874
0
LINE
8
BLACK
6
CONTINUOUS
10
0.5604889370078741
20
0.317668937007874
11
0.5619917322834646
21
0.3131605118110236
0
LINE
8
BLACK
6
CONTINUOUS
10
0.5619917322834646
20
0.3131605118110236
11
0.5649095669291339
21
0.3102426771653543
0
LINE
8
BLACK
6
CONTINUOUS
10
0.5649095669291339
20
0.3102426771653543
11
0.5679405511811023
21
0.3087272047244095
0
LINE
8
BLACK
6
CONTINUOUS
10
0.5679405511811023
20
0.3087272047244095
11
0.5747725984251968
21
0.3070191732283464
0
LINE
8
BLACK
6
CONTINUOUS
10
0.5747725984251968
20
0.3070191732283464
11
0.5796698031496063
21
0.3070191732283464
0
LINE
8
BLACK
6
CONTINUOUS
10
0.5796698031496063
20
0.3070191732283464
11
0.5865018503937007
21
0.3087272047244095
0
LINE
8
BLACK
6
CONTINUOUS
10
0.5865018503937007
20
0.3087272047244095
11
0.5895328346456693
21
0.3102427165354331
0
LINE
8
BLACK
6
CONTINUOUS
10
0.5895328346456693
20
0.3102427165354331
11
0.5924507086614174
21
0.3131605511811024
0
LINE
8
BLACK
6
CONTINUOUS
10
0.5924507086614174
20
0.3131605511811024
11
0.5939535039370079
21
0.3176688976377953
0
LINE
8
BLACK
6
CONTINUOUS
10
0.5939535039370079
20
0.3176688976377953
11
0.5939535039370079
21
0.320460157480315
0
LINE
8
BLACK
6
CONTINUOUS
10
0.5939535039370079
20
0.320460157480315
11
0.5924507086614174
21
0.3249685433070866
0
LINE
8
BLACK
6
CONTINUOUS
10
0.5924507086614174
20
0.3249685433070866
11
0.5910688188976377
21
0.3263503937007874
0
LINE
8
BLACK
6
CONTINUOUS
10
0.5910688188976377
20
0.3263503937007874
11
0.5907015748031496
21
0.326797874015748
0
LINE
8
BLACK
6
CONTINUOUS
10
0.5907015748031496
20
0.326797874015748
11
0.5902606692913386
21
0.3278622834645669
0
LINE
8
BLACK
6
CONTINUOUS
10
0.5902606692913386
20
0.3278622834645669
11
0.5902606692913386
21
0.3290143700787401
0
LINE
8
BLACK
6
CONTINUOUS
10
0.5902606692913386
20
0.3290143700787401
11
0.5907015354330708
21
0.330078779527559
0
LINE
8
BLACK
6
CONTINUOUS
10
0.5907015354330708
20
0.330078779527559
11
0.5915162204724409
21
0.3308934645669291
0
LINE
8
BLACK
6
CONTINUOUS
10
0.5915162204724409
20
0.3308934645669291
11
0.5925806299212598
21
0.3313343700787402
0
LINE
8
BLACK
6
CONTINUOUS
10
0.5925806299212598
20
0.3313343700787402
11
0.593732716535433
21
0.3313343700787402
0
LINE
8
BLACK
6
CONTINUOUS
10
0.593732716535433
20
0.3313343700787402
11
0.5947971259842519
21
0.3308935039370079
0
LINE
8
BLACK
6
CONTINUOUS
10
0.5947971259842519
20
0.3308935039370079
11
0.5952445669291339
21
0.3305262992125984
0
LINE
8
BLACK
6
CONTINUOUS
10
0.5952445669291339
20
0.3305262992125984
11
0.5971193700787402
21
0.3286515354330709
0
LINE
8
BLACK
6
CONTINUOUS
10
0.5971193700787402
20
0.3286515354330709
11
0.5974866141732283
21
0.3282040551181102
0
LINE
8
BLACK
6
CONTINUOUS
10
0.5974866141732283
20
0.3282040551181102
11
0.5975271653543307
21
0.3281061023622047
0
LINE
8
BLACK
6
CONTINUOUS
10
0.5975271653543307
20
0.3281061023622047
11
0.5975967322834645
21
0.328025905511811
0
LINE
8
BLACK
6
CONTINUOUS
10
0.5975967322834645
20
0.328025905511811
11
0.597832716535433
21
0.3274973228346457
0
LINE
8
BLACK
6
CONTINUOUS
10
0.597832716535433
20
0.3274973228346457
11
0.5997074803149606
21
0.3218730708661417
0
LINE
8
BLACK
6
CONTINUOUS
10
0.5997074803149606
20
0.3218730708661417
11
0.5997724015748032
21
0.3215874409448819
0
LINE
8
BLACK
6
CONTINUOUS
10
0.5997724015748032
20
0.3215874409448819
11
0.5998022834645669
21
0.3215153543307087
0
LINE
8
BLACK
6
CONTINUOUS
10
0.5998022834645669
20
0.3215153543307087
11
0.5998125590551181
21
0.321410905511811
0
LINE
8
BLACK
6
CONTINUOUS
10
0.5998125590551181
20
0.321410905511811
11
0.5998358267716535
21
0.3213086220472441
0
LINE
8
BLACK
6
CONTINUOUS
10
0.5998358267716535
20
0.3213086220472441
11
0.5998302755905511
21
0.321230905511811
0
LINE
8
BLACK
6
CONTINUOUS
10
0.5998302755905511
20
0.321230905511811
11
0.5998590157480315
21
0.3209392913385827
0
LINE
8
BLACK
6
CONTINUOUS
10
0.5998590157480315
20
0.3209392913385827
11
0.5998590157480315
21
0.3171897637795276
0
LINE
8
BLACK
6
CONTINUOUS
10
0.5998590157480315
20
0.3171897637795276
11
0.5998302755905511
21
0.3168981889763779
0
LINE
8
BLACK
6
CONTINUOUS
10
0.5998302755905511
20
0.3168981889763779
11
0.5998358267716535
21
0.3168204330708662
0
LINE
8
BLACK
6
CONTINUOUS
10
0.5998358267716535
20
0.3168204330708662
11
0.5998125590551181
21
0.3167181889763779
0
LINE
8
BLACK
6
CONTINUOUS
10
0.5998125590551181
20
0.3167181889763779
11
0.5998022834645669
21
0.3166137007874016
0
LINE
8
BLACK
6
CONTINUOUS
10
0.5998022834645669
20
0.3166137007874016
11
0.5997724015748032
21
0.3165416535433071
0
LINE
8
BLACK
6
CONTINUOUS
10
0.5997724015748032
20
0.3165416535433071
11
0.5997074803149606
21
0.3162559842519685
0
LINE
8
BLACK
6
CONTINUOUS
10
0.5997074803149606
20
0.3162559842519685
11
0.597832716535433
21
0.3106317322834646
0
LINE
8
BLACK
6
CONTINUOUS
10
0.597832716535433
20
0.3106317322834646
11
0.5975967322834645
21
0.3101031496062992
0
LINE
8
BLACK
6
CONTINUOUS
10
0.5975967322834645
20
0.3101031496062992
11
0.5975272440944882
21
0.3100230708661417
0
LINE
8
BLACK
6
CONTINUOUS
10
0.5975272440944882
20
0.3100230708661417
11
0.5974866535433071
21
0.309925
0
LINE
8
BLACK
6
CONTINUOUS
10
0.5974866535433071
20
0.309925
11
0.5971194094488189
21
0.3094775590551181
0
LINE
8
BLACK
6
CONTINUOUS
10
0.5971194094488189
20
0.3094775590551181
11
0.5933698425196851
21
0.305728031496063
0
LINE
8
BLACK
6
CONTINUOUS
10
0.5933698425196851
20
0.305728031496063
11
0.5931434645669291
21
0.3055422834645669
0
LINE
8
BLACK
6
CONTINUOUS
10
0.5931434645669291
20
0.3055422834645669
11
0.5930923228346456
21
0.3054832677165354
0
LINE
8
BLACK
6
CONTINUOUS
10
0.5930923228346456
20
0.3054832677165354
11
0.5930033858267716
21
0.3054273228346457
0
LINE
8
BLACK
6
CONTINUOUS
10
0.5930033858267716
20
0.3054273228346457
11
0.5929223622047244
21
0.3053607874015748
0
LINE
8
BLACK
6
CONTINUOUS
10
0.5929223622047244
20
0.3053607874015748
11
0.5928503149606299
21
0.3053309842519685
0
LINE
8
BLACK
6
CONTINUOUS
10
0.5928503149606299
20
0.3053309842519685
11
0.5926024409448819
21
0.3051749212598425
0
LINE
8
BLACK
6
CONTINUOUS
10
0.5926024409448819
20
0.3051749212598425
11
0.5888529133858268
21
0.303300157480315
0
LINE
8
BLACK
6
CONTINUOUS
10
0.5888529133858268
20
0.303300157480315
11
0.5888107874015748
21
0.3032840551181102
0
LINE
8
BLACK
6
CONTINUOUS
10
0.5888107874015748
20
0.3032840551181102
11
0.5887936614173228
21
0.3032713385826772
0
LINE
8
BLACK
6
CONTINUOUS
10
0.5887936614173228
20
0.3032713385826772
11
0.5885516929133858
21
0.3031849212598425
0
LINE
8
BLACK
6
CONTINUOUS
10
0.5885516929133858
20
0.3031849212598425
11
0.5883122834645669
21
0.3030932677165354
0
LINE
8
BLACK
6
CONTINUOUS
10
0.5883122834645669
20
0.3030932677165354
11
0.5882910236220472
21
0.3030917716535433
0
LINE
8
BLACK
6
CONTINUOUS
10
0.5882910236220472
20
0.3030917716535433
11
0.5882485433070866
21
0.3030765748031496
0
LINE
8
BLACK
6
CONTINUOUS
10
0.5882485433070866
20
0.3030765748031496
11
0.5807494881889763
21
0.301201811023622
0
LINE
8
BLACK
6
CONTINUOUS
10
0.5807494881889763
20
0.301201811023622
11
0.5806496062992126
21
0.3011870472440945
0
LINE
8
BLACK
6
CONTINUOUS
10
0.5806496062992126
20
0.3011870472440945
11
0.5806094094488189
21
0.3011703937007874
0
LINE
8
BLACK
6
CONTINUOUS
10
0.5806094094488189
20
0.3011703937007874
11
0.5803923622047243
21
0.3011490551181102
0
LINE
8
BLACK
6
CONTINUOUS
10
0.5803923622047243
20
0.3011490551181102
11
0.5801768897637796
21
0.3011171653543307
0
LINE
8
BLACK
6
CONTINUOUS
10
0.5801768897637796
20
0.3011171653543307
11
0.5801338582677166
21
0.3011235826771653
0
LINE
8
BLACK
6
CONTINUOUS
10
0.5801338582677166
20
0.3011235826771653
11
0.5800333464566929
21
0.3011136614173228
0
LINE
8
BLACK
6
CONTINUOUS
10
0.5800333464566929
20
0.3011136614173228
11
0.5744090551181102
21
0.3011136614173228
0
LINE
8
BLACK
6
CONTINUOUS
10
0.5744090551181102
20
0.3011136614173228
11
0.5743085039370078
21
0.3011235826771653
0
LINE
8
BLACK
6
CONTINUOUS
10
0.5743085039370078
20
0.3011235826771653
11
0.5742655118110236
21
0.3011171653543307
0
LINE
8
BLACK
6
CONTINUOUS
10
0.5742655118110236
20
0.3011171653543307
11
0.5740499999999999
21
0.3011490551181102
0
LINE
8
BLACK
6
CONTINUOUS
10
0.5740499999999999
20
0.3011490551181102
11
0.5738329921259843
21
0.3011703937007874
0
LINE
8
BLACK
6
CONTINUOUS
10
0.5738329921259843
20
0.3011703937007874
11
0.5737927559055118
21
0.3011870472440945
0
LINE
8
BLACK
6
CONTINUOUS
10
0.5737927559055118
20
0.3011870472440945
11
0.5736929133858267
21
0.301201811023622
0
LINE
8
BLACK
6
CONTINUOUS
10
0.5736929133858267
20
0.301201811023622
11
0.5661938582677165
21
0.3030765748031496
0
LINE
8
BLACK
6
CONTINUOUS
10
0.5661938582677165
20
0.3030765748031496
11
0.5661513385826772
21
0.3030917716535433
0
LINE
8
BLACK
6
CONTINUOUS
10
0.5661513385826772
20
0.3030917716535433
11
0.5661300787401574
21
0.3030932677165354
0
LINE
8
BLACK
6
CONTINUOUS
10
0.5661300787401574
20
0.3030932677165354
11
0.5658903149606299
21
0.3031850393700787
0
LINE
8
BLACK
6
CONTINUOUS
10
0.5658903149606299
20
0.3031850393700787
11
0.5656487401574803
21
0.3032713385826772
0
LINE
8
BLACK
6
CONTINUOUS
10
0.5656487401574803
20
0.3032713385826772
11
0.5656315748031496
21
0.3032840551181102
0
LINE
8
BLACK
6
CONTINUOUS
10
0.5656315748031496
20
0.3032840551181102
11
0.5655894881889764
21
0.303300157480315
0
LINE
8
BLACK
6
CONTINUOUS
10
0.5655894881889764
20
0.303300157480315
11
0.5618399606299213
21
0.3051749212598425
0
LINE
8
BLACK
6
CONTINUOUS
10
0.5618399606299213
20
0.3051749212598425
11
0.561592125984252
21
0.3053309448818898
0
LINE
8
BLACK
6
CONTINUOUS
10
0.561592125984252
20
0.3053309448818898
11
0.56152
21
0.3053607874015748
0
LINE
8
BLACK
6
CONTINUOUS
10
0.56152
20
0.3053607874015748
11
0.5614388188976378
21
0.3054274015748031
0
LINE
8
BLACK
6
CONTINUOUS
10
0.5614388188976378
20
0.3054274015748031
11
0.5613500787401575
21
0.3054832677165354
0
LINE
8
BLACK
6
CONTINUOUS
10
0.5613500787401575
20
0.3054832677165354
11
0.561298937007874
21
0.3055422047244095
0
LINE
8
BLACK
6
CONTINUOUS
10
0.561298937007874
20
0.3055422047244095
11
0.5610725590551181
21
0.305728031496063
0
LINE
8
BLACK
6
CONTINUOUS
10
0.5610725590551181
20
0.305728031496063
11
0.557323031496063
21
0.3094775590551181
0
LINE
8
BLACK
6
CONTINUOUS
10
0.557323031496063
20
0.3094775590551181
11
0.5569558267716536
21
0.309925
0
LINE
8
BLACK
6
CONTINUOUS
10
0.5569558267716536
20
0.309925
11
0.5569151968503937
21
0.3100230708661417
0
LINE
8
BLACK
6
CONTINUOUS
10
0.5569151968503937
20
0.3100230708661417
11
0.5568457086614174
21
0.310103188976378
0
LINE
8
BLACK
6
CONTINUOUS
10
0.5568457086614174
20
0.310103188976378
11
0.5566097244094488
21
0.3106317322834646
0
LINE
8
BLACK
6
CONTINUOUS
10
0.5566097244094488
20
0.3106317322834646
11
0.5547349606299212
21
0.3162560236220472
0
LINE
8
BLACK
6
CONTINUOUS
10
0.5547349606299212
20
0.3162560236220472
11
0.55467
21
0.3165416141732283
0
LINE
8
BLACK
6
CONTINUOUS
10
0.55467
20
0.3165416141732283
11
0.5546401574803149
21
0.3166137007874016
0
LINE
8
BLACK
6
CONTINUOUS
10
0.5546401574803149
20
0.3166137007874016
11
0.5546298425196851
21
0.3167182283464567
0
LINE
8
BLACK
6
CONTINUOUS
10
0.5546298425196851
20
0.3167182283464567
11
0.5546066141732283
21
0.3168204724409449
0
LINE
8
BLACK
6
CONTINUOUS
10
0.5546066141732283
20
0.3168204724409449
11
0.5546121259842519
21
0.3168982283464567
0
LINE
8
BLACK
6
CONTINUOUS
10
0.5546121259842519
20
0.3168982283464567
11
0.5545834251968503
21
0.3171897637795276
0
LINE
8
BLACK
6
CONTINUOUS
10
0.5545834251968503
20
0.3171897637795276
11
0.5545834251968503
21
0.3209392913385827
0
LINE
8
BLACK
6
CONTINUOUS
10
0.5545834251968503
20
0.3209392913385827
11
0.5546121259842519
21
0.3212308661417323
0
LINE
8
BLACK
6
CONTINUOUS
10
0.5546121259842519
20
0.3212308661417323
11
0.5546066141732283
21
0.3213085826771653
0
LINE
8
BLACK
6
CONTINUOUS
10
0.5546066141732283
20
0.3213085826771653
11
0.5546298425196851
21
0.3214108661417323
0
LINE
8
BLACK
6
CONTINUOUS
10
0.5546298425196851
20
0.3214108661417323
11
0.5546401574803149
21
0.3215153543307087
0
LINE
8
BLACK
6
CONTINUOUS
10
0.5546401574803149
20
0.3215153543307087
11
0.55467
21
0.3215874803149606
0
LINE
8
BLACK
6
CONTINUOUS
10
0.55467
20
0.3215874803149606
11
0.5547349606299212
21
0.321873031496063
0
LINE
8
BLACK
6
CONTINUOUS
10
0.5547349606299212
20
0.321873031496063
11
0.5566097244094488
21
0.3274973228346457
0
LINE
8
BLACK
6
CONTINUOUS
10
0.5566097244094488
20
0.3274973228346457
11
0.5568457086614174
21
0.3280258661417323
0
LINE
8
BLACK
6
CONTINUOUS
10
0.5568457086614174
20
0.3280258661417323
11
0.5569151968503937
21
0.3281060236220472
0
LINE
8
BLACK
6
CONTINUOUS
10
0.5569151968503937
20
0.3281060236220472
11
0.5569558267716536
21
0.3282040551181102
0
LINE
8
BLACK
6
CONTINUOUS
10
0.5569558267716536
20
0.3282040551181102
11
0.557323031496063
21
0.3286514960629921
0
LINE
8
BLACK
6
CONTINUOUS
10
0.557323031496063
20
0.3286514960629921
11
0.5591977952755905
21
0.3305262598425197
0
LINE
8
BLACK
6
CONTINUOUS
10
0.5591977952755905
20
0.3305262598425197
11
0.5596452362204725
21
0.3308934645669291
0
LINE
8
BLACK
6
CONTINUOUS
10
0.5596452362204725
20
0.3308934645669291
11
0.5607096456692914
21
0.3313343700787402
0
LINE
8
BLACK
6
CONTINUOUS
10
0.5607096456692914
20
0.3313343700787402
11
0.5618617322834646
21
0.3313343700787402
0
LINE
8
BLACK
6
CONTINUOUS
10
0.5618617322834646
20
0.3313343700787402
11
0.5629261417322835
21
0.3308934645669291
0
LINE
8
BLACK
6
CONTINUOUS
10
0.7924394094488189
20
0.3326942125984252
11
0.7937178346456693
21
0.3314157874015748
0
LINE
8
BLACK
6
CONTINUOUS
10
0.7937178346456693
20
0.3314157874015748
11
0.7938976377952756
21
0.330511811023622
0
LINE
8
BLACK
6
CONTINUOUS
10
0.7938976377952756
20
0.330511811023622
11
0.7938976377952756
21
0.3226377952755906
0
LINE
8
BLACK
6
CONTINUOUS
10
0.7938976377952756
20
0.3226377952755906
11
0.7937178346456693
21
0.3217338188976378
0
LINE
8
BLACK
6
CONTINUOUS
10
0.7937178346456693
20
0.3217338188976378
11
0.7924394094488189
21
0.3204553937007874
0
LINE
8
BLACK
6
CONTINUOUS
10
0.7924394094488189
20
0.3204553937007874
11
0.7906314566929133
21
0.3204553937007874
0
LINE
8
BLACK
6
CONTINUOUS
10
0.7906314566929133
20
0.3204553937007874
11
0.789353031496063
21
0.3217338188976378
0
LINE
8
BLACK
6
CONTINUOUS
10
0.789353031496063
20
0.3217338188976378
11
0.7891732283464566
21
0.3226377952755906
0
LINE
8
BLACK
6
CONTINUOUS
10
0.7891732283464566
20
0.3226377952755906
11
0.7891732283464566
21
0.3281496062992126
0
LINE
8
BLACK
6
CONTINUOUS
10
0.7891732283464566
20
0.3281496062992126
11
0.6671259842519685
21
0.3281496062992126
0
LINE
8
BLACK
6
CONTINUOUS
10
0.6671259842519685
20
0.3281496062992126
11
0.6671259842519685
21
0.3226377952755906
0
LINE
8
BLACK
6
CONTINUOUS
10
0.6671259842519685
20
0.3226377952755906
11
0.6669461811023621
21
0.3217338188976378
0
LINE
8
BLACK
6
CONTINUOUS
10
0.6669461811023621
20
0.3217338188976378
11
0.6656677559055117
21
0.3204553937007874
0
LINE
8
BLACK
6
CONTINUOUS
10
0.6656677559055117
20
0.3204553937007874
11
0.6638598031496062
21
0.3204553937007874
0
LINE
8
BLACK
6
CONTINUOUS
10
0.6638598031496062
20
0.3204553937007874
11
0.6625813779527558
21
0.3217338188976378
0
LINE
8
BLACK
6
CONTINUOUS
10
0.6625813779527558
20
0.3217338188976378
11
0.6624015748031495
21
0.3226377952755906
0
LINE
8
BLACK
6
CONTINUOUS
10
0.6624015748031495
20
0.3226377952755906
11
0.6624015748031495
21
0.330511811023622
0
LINE
8
BLACK
6
CONTINUOUS
10
0.6624015748031495
20
0.330511811023622
11
0.6625813779527558
21
0.3314157874015748
0
LINE
8
BLACK
6
CONTINUOUS
10
0.6625813779527558
20
0.3314157874015748
11
0.6638598031496062
21
0.3326942125984252
0
LINE
8
BLACK
6
CONTINUOUS
10
0.6638598031496062
20
0.3326942125984252
11
0.6647637795275591
21
0.3328740157480315
0
LINE
8
BLACK
6
CONTINUOUS
10
0.6647637795275591
20
0.3328740157480315
11
0.7915354330708662
21
0.3328740157480315
0
LINE
8
BLACK
6
CONTINUOUS
10
0.7915354330708662
20
0.3328740157480315
11
0.7924394094488189
21
0.3326942125984252
0
LINE
8
BLACK
6
CONTINUOUS
10
0.3353713779527559
20
0.4173016141732284
11
0.3355511811023622
21
0.4163976377952756
0
LINE
8
BLACK
6
CONTINUOUS
10
0.3355511811023622
20
0.4163976377952756
11
0.3355511811023622
21
0.3415944881889764
0
LINE
8
BLACK
6
CONTINUOUS
10
0.3355511811023622
20
0.3415944881889764
11
0.3780708661417323
21
0.3415944881889764
0
LINE
8
BLACK
6
CONTINUOUS
10
0.3780708661417323
20
0.3415944881889764
11
0.3780708661417323
21
0.4163976377952756
0
LINE
8
BLACK
6
CONTINUOUS
10
0.3780708661417323
20
0.4163976377952756
11
0.3782506692913385
21
0.4173016141732284
0
LINE
8
BLACK
6
CONTINUOUS
10
0.3782506692913385
20
0.4173016141732284
11
0.3795290944881889
21
0.4185800393700787
0
LINE
8
BLACK
6
CONTINUOUS
10
0.3795290944881889
20
0.4185800393700787
11
0.3813370472440945
21
0.4185800393700787
0
LINE
8
BLACK
6
CONTINUOUS
10
0.3813370472440945
20
0.4185800393700787
11
0.3826154724409448
21
0.4173016141732284
0
LINE
8
BLACK
6
CONTINUOUS
10
0.3826154724409448
20
0.4173016141732284
11
0.3827952755905512
21
0.4163976377952756
0
LINE
8
BLACK
6
CONTINUOUS
10
0.3827952755905512
20
0.4163976377952756
11
0.3827952755905512
21
0.3392322834645669
0
LINE
8
BLACK
6
CONTINUOUS
10
0.3827952755905512
20
0.3392322834645669
11
0.3826154724409448
21
0.3383283070866142
0
LINE
8
BLACK
6
CONTINUOUS
10
0.3826154724409448
20
0.3383283070866142
11
0.3813370472440945
21
0.3370498818897638
0
LINE
8
BLACK
6
CONTINUOUS
10
0.3813370472440945
20
0.3370498818897638
11
0.3804330708661417
21
0.3368700787401575
0
LINE
8
BLACK
6
CONTINUOUS
10
0.3804330708661417
20
0.3368700787401575
11
0.3331889763779528
21
0.3368700787401575
0
LINE
8
BLACK
6
CONTINUOUS
10
0.3331889763779528
20
0.3368700787401575
11
0.332285
21
0.3370498818897638
0
LINE
8
BLACK
6
CONTINUOUS
10
0.332285
20
0.3370498818897638
11
0.3310065748031496
21
0.3383283070866142
0
LINE
8
BLACK
6
CONTINUOUS
10
0.3310065748031496
20
0.3383283070866142
11
0.3308267716535433
21
0.3392322834645669
0
LINE
8
BLACK
6
CONTINUOUS
10
0.3308267716535433
20
0.3392322834645669
11
0.3308267716535433
21
0.4163976377952756
0
LINE
8
BLACK
6
CONTINUOUS
10
0.3308267716535433
20
0.4163976377952756
11
0.3310065748031496
21
0.4173016141732284
0
LINE
8
BLACK
6
CONTINUOUS
10
0.3310065748031496
20
0.4173016141732284
11
0.332285
21
0.4185800393700787
0
LINE
8
BLACK
6
CONTINUOUS
10
0.332285
20
0.4185800393700787
11
0.3340929527559055
21
0.4185800393700787
0
LINE
8
BLACK
6
CONTINUOUS
10
0.3340929527559055
20
0.4185800393700787
11
0.3353713779527559
21
0.4173016141732284
0
LINE
8
BLACK
6
CONTINUOUS
10
0.5854233464566929
20
0.3702635433070866
11
0.5862379921259843
21
0.3694488976377953
0
LINE
8
BLACK
6
CONTINUOUS
10
0.5862379921259843
20
0.3694488976377953
11
0.5866788976377952
21
0.3683844881889763
0
LINE
8
BLACK
6
CONTINUOUS
10
0.5866788976377952
20
0.3683844881889763
11
0.5867356299212598
21
0.3678084251968504
0
LINE
8
BLACK
6
CONTINUOUS
10
0.5867356299212598
20
0.3678084251968504
11
0.5867356299212598
21
0.3651368897637795
0
LINE
8
BLACK
6
CONTINUOUS
10
0.5867356299212598
20
0.3651368897637795
11
0.5969062598425197
21
0.3651368897637795
0
LINE
8
BLACK
6
CONTINUOUS
10
0.5969062598425197
20
0.3651368897637795
11
0.5974823228346456
21
0.365080157480315
0
LINE
8
BLACK
6
CONTINUOUS
10
0.5974823228346456
20
0.365080157480315
11
0.5985467322834646
21
0.3646392519685039
0
LINE
8
BLACK
6
CONTINUOUS
10
0.5985467322834646
20
0.3646392519685039
11
0.5993613779527559
21
0.3638246062992126
0
LINE
8
BLACK
6
CONTINUOUS
10
0.5993613779527559
20
0.3638246062992126
11
0.5998022834645669
21
0.3627601968503937
0
LINE
8
BLACK
6
CONTINUOUS
10
0.5998022834645669
20
0.3627601968503937
11
0.5998022834645669
21
0.3616080708661417
0
LINE
8
BLACK
6
CONTINUOUS
10
0.5998022834645669
20
0.3616080708661417
11
0.5993613779527559
21
0.3605436614173228
0
LINE
8
BLACK
6
CONTINUOUS
10
0.5993613779527559
20
0.3605436614173228
11
0.5985467322834646
21
0.3597290157480315
0
LINE
8
BLACK
6
CONTINUOUS
10
0.5985467322834646
20
0.3597290157480315
11
0.5974823228346456
21
0.3592881102362205
0
LINE
8
BLACK
6
CONTINUOUS
10
0.5974823228346456
20
0.3592881102362205
11
0.5969062598425197
21
0.3592313779527559
0
LINE
8
BLACK
6
CONTINUOUS
10
0.5969062598425197
20
0.3592313779527559
11
0.5867356299212598
21
0.3592313779527559
0
LINE
8
BLACK
6
CONTINUOUS
10
0.5867356299212598
20
0.3592313779527559
11
0.5867356299212598
21
0.3434364960629921
0
LINE
8
BLACK
6
CONTINUOUS
10
0.5867356299212598
20
0.3434364960629921
11
0.5867068897637795
21
0.3431449606299212
0
LINE
8
BLACK
6
CONTINUOUS
10
0.5867068897637795
20
0.3431449606299212
11
0.5867124409448818
21
0.3430672047244094
0
LINE
8
BLACK
6
CONTINUOUS
10
0.5867124409448818
20
0.3430672047244094
11
0.5866937007874016
21
0.3430111023622047
0
LINE
8
BLACK
6
CONTINUOUS
10
0.5866937007874016
20
0.3430111023622047
11
0.5866788976377952
21
0.3428604330708661
0
LINE
8
BLACK
6
CONTINUOUS
10
0.5866788976377952
20
0.3428604330708661
11
0.586497716535433
21
0.3424230708661417
0
LINE
8
BLACK
6
CONTINUOUS
10
0.586497716535433
20
0.3424230708661417
11
0.5863481102362205
21
0.3419742125984252
0
LINE
8
BLACK
6
CONTINUOUS
10
0.5863481102362205
20
0.3419742125984252
11
0.5862785826771654
21
0.341894094488189
0
LINE
8
BLACK
6
CONTINUOUS
10
0.5862785826771654
20
0.341894094488189
11
0.5862379921259843
21
0.3417960236220473
0
LINE
8
BLACK
6
CONTINUOUS
10
0.5862379921259843
20
0.3417960236220473
11
0.5859032283464567
21
0.3414612992125984
0
LINE
8
BLACK
6
CONTINUOUS
10
0.5859032283464567
20
0.3414612992125984
11
0.5855932283464567
21
0.3411038188976378
0
LINE
8
BLACK
6
CONTINUOUS
10
0.5855932283464567
20
0.3411038188976378
11
0.5854983464566929
21
0.3410564173228346
0
LINE
8
BLACK
6
CONTINUOUS
10
0.5854983464566929
20
0.3410564173228346
11
0.5854233464566929
21
0.3409813779527559
0
LINE
8
BLACK
6
CONTINUOUS
10
0.5854233464566929
20
0.3409813779527559
11
0.5849858661417323
21
0.3408001968503937
0
LINE
8
BLACK
6
CONTINUOUS
10
0.5849858661417323
20
0.3408001968503937
11
0.5845627559055118
21
0.3405886220472441
0
LINE
8
BLACK
6
CONTINUOUS
10
0.5845627559055118
20
0.3405886220472441
11
0.5844570078740158
21
0.3405811417322834
0
LINE
8
BLACK
6
CONTINUOUS
10
0.5844570078740158
20
0.3405811417322834
11
0.584358937007874
21
0.3405404724409449
0
LINE
8
BLACK
6
CONTINUOUS
10
0.584358937007874
20
0.3405404724409449
11
0.5838853937007874
21
0.3405404724409449
0
LINE
8
BLACK
6
CONTINUOUS
10
0.5838853937007874
20
0.3405404724409449
11
0.5834135433070866
21
0.3405069291338583
0
LINE
8
BLACK
6
CONTINUOUS
10
0.5834135433070866
20
0.3405069291338583
11
0.5832660236220473
21
0.3405404724409449
0
LINE
8
BLACK
6
CONTINUOUS
10
0.5832660236220473
20
0.3405404724409449
11
0.583206811023622
21
0.3405404724409449
0
LINE
8
BLACK
6
CONTINUOUS
10
0.583206811023622
20
0.3405404724409449
11
0.5831347244094488
21
0.3405703543307086
0
LINE
8
BLACK
6
CONTINUOUS
10
0.5831347244094488
20
0.3405703543307086
11
0.582849094488189
21
0.3406352755905512
0
LINE
8
BLACK
6
CONTINUOUS
10
0.582849094488189
20
0.3406352755905512
11
0.5547276771653543
21
0.350009094488189
0
LINE
8
BLACK
6
CONTINUOUS
10
0.5547276771653543
20
0.350009094488189
11
0.5541990944881889
21
0.3502450787401575
0
LINE
8
BLACK
6
CONTINUOUS
10
0.5541990944881889
20
0.3502450787401575
11
0.5533287401574803
21
0.3509999606299212
0
LINE
8
BLACK
6
CONTINUOUS
10
0.5533287401574803
20
0.3509999606299212
11
0.5528135433070867
21
0.3520303937007874
0
LINE
8
BLACK
6
CONTINUOUS
10
0.5528135433070867
20
0.3520303937007874
11
0.5527318503937008
21
0.3531796062992126
0
LINE
8
BLACK
6
CONTINUOUS
10
0.5527318503937008
20
0.3531796062992126
11
0.5530961811023621
21
0.3542726377952756
0
LINE
8
BLACK
6
CONTINUOUS
10
0.5530961811023621
20
0.3542726377952756
11
0.5538510629921259
21
0.3551429921259843
0
LINE
8
BLACK
6
CONTINUOUS
10
0.5538510629921259
20
0.3551429921259843
11
0.5548814960629921
21
0.355658188976378
0
LINE
8
BLACK
6
CONTINUOUS
10
0.5548814960629921
20
0.355658188976378
11
0.5560307086614173
21
0.3557398818897638
0
LINE
8
BLACK
6
CONTINUOUS
10
0.5560307086614173
20
0.3557398818897638
11
0.556595157480315
21
0.3556115354330708
0
LINE
8
BLACK
6
CONTINUOUS
10
0.556595157480315
20
0.3556115354330708
11
0.5808301181102362
21
0.3475332283464567
0
LINE
8
BLACK
6
CONTINUOUS
10
0.5808301181102362
20
0.3475332283464567
11
0.5808301181102362
21
0.3592313779527559
0
LINE
8
BLACK
6
CONTINUOUS
10
0.5808301181102362
20
0.3592313779527559
11
0.5706595275590551
21
0.3592313779527559
0
LINE
8
BLACK
6
CONTINUOUS
10
0.5706595275590551
20
0.3592313779527559
11
0.5700834645669292
21
0.3592881102362205
0
LINE
8
BLACK
6
CONTINUOUS
10
0.5700834645669292
20
0.3592881102362205
11
0.5690190551181102
21
0.3597290157480315
0
LINE
8
BLACK
6
CONTINUOUS
10
0.5690190551181102
20
0.3597290157480315
11
0.5682044094488189
21
0.3605436614173228
0
LINE
8
BLACK
6
CONTINUOUS
10
0.5682044094488189
20
0.3605436614173228
11
0.5677635039370078
21
0.3616080708661417
0
LINE
8
BLACK
6
CONTINUOUS
10
0.5677635039370078
20
0.3616080708661417
11
0.5677635039370078
21
0.3627601968503937
0
LINE
8
BLACK
6
CONTINUOUS
10
0.5677635039370078
20
0.3627601968503937
11
0.5682044094488189
21
0.3638246062992126
0
LINE
8
BLACK
6
CONTINUOUS
10
0.5682044094488189
20
0.3638246062992126
11
0.5690190551181102
21
0.3646392519685039
0
LINE
8
BLACK
6
CONTINUOUS
10
0.5690190551181102
20
0.3646392519685039
11
0.5700834645669292
21
0.365080157480315
0
LINE
8
BLACK
6
CONTINUOUS
10
0.5700834645669292
20
0.365080157480315
11
0.5706595275590551
21
0.3651368897637795
0
LINE
8
BLACK
6
CONTINUOUS
10
0.5706595275590551
20
0.3651368897637795
11
0.5808301181102362
21
0.3651368897637795
0
LINE
8
BLACK
6
CONTINUOUS
10
0.5808301181102362
20
0.3651368897637795
11
0.5808301181102362
21
0.3678084251968504
0
LINE
8
BLACK
6
CONTINUOUS
10
0.5808301181102362
20
0.3678084251968504
11
0.5808868503937008
21
0.3683844881889763
0
LINE
8
BLACK
6
CONTINUOUS
10
0.5808868503937008
20
0.3683844881889763
11
0.5813277559055118
21
0.3694488976377953
0
LINE
8
BLACK
6
CONTINUOUS
10
0.5813277559055118
20
0.3694488976377953
11
0.5821424015748031
21
0.3702635433070866
0
LINE
8
BLACK
6
CONTINUOUS
10
0.5821424015748031
20
0.3702635433070866
11
0.583206811023622
21
0.3707044488188976
0
LINE
8
BLACK
6
CONTINUOUS
10
0.583206811023622
20
0.3707044488188976
11
0.584358937007874
21
0.3707044488188976
0
LINE
8
BLACK
6
CONTINUOUS
10
0.584358937007874
20
0.3707044488188976
11
0.5854233464566929
21
0.3702635433070866
0
LINE
8
BLACK
6
CONTINUOUS
10
0.2690131102362205
20
0.3901661023622047
11
0.2691929133858268
21
0.389262125984252
0
LINE
8
BLACK
6
CONTINUOUS
10
0.2691929133858268
20
0.389262125984252
11
0.2691929133858268
21
0.3705803937007874
0
LINE
8
BLACK
6
CONTINUOUS
10
0.2691929133858268
20
0.3705803937007874
11
0.2690131102362205
21
0.3696764173228346
0
LINE
8
BLACK
6
CONTINUOUS
10
0.2690131102362205
20
0.3696764173228346
11
0.2677346850393701
21
0.3683979921259842
0
LINE
8
BLACK
6
CONTINUOUS
10
0.2677346850393701
20
0.3683979921259842
11
0.2659267322834646
21
0.3683979921259842
0
LINE
8
BLACK
6
CONTINUOUS
10
0.2659267322834646
20
0.3683979921259842
11
0.2646483070866142
21
0.3696764173228346
0
LINE
8
BLACK
6
CONTINUOUS
10
0.2646483070866142
20
0.3696764173228346
11
0.2644685039370079
21
0.3705803937007874
0
LINE
8
BLACK
6
CONTINUOUS
10
0.2644685039370079
20
0.3705803937007874
11
0.2644685039370079
21
0.389262125984252
0
LINE
8
BLACK
6
CONTINUOUS
10
0.2644685039370079
20
0.389262125984252
11
0.2646483070866142
21
0.3901661023622047
0
LINE
8
BLACK
6
CONTINUOUS
10
0.2646483070866142
20
0.3901661023622047
11
0.2659267322834646
21
0.3914445275590551
0
LINE
8
BLACK
6
CONTINUOUS
10
0.2659267322834646
20
0.3914445275590551
11
0.2677346850393701
21
0.3914445275590551
0
LINE
8
BLACK
6
CONTINUOUS
10
0.2677346850393701
20
0.3914445275590551
11
0.2690131102362205
21
0.3901661023622047
0
LINE
8
BLACK
6
CONTINUOUS
10
0.3101548425196851
20
0.3901661023622047
11
0.3103346456692913
21
0.389262125984252
0
LINE
8
BLACK
6
CONTINUOUS
10
0.3103346456692913
20
0.389262125984252
11
0.3103346456692913
21
0.3705803937007874
0
LINE
8
BLACK
6
CONTINUOUS
10
0.3103346456692913
20
0.3705803937007874
11
0.3101548425196851
21
0.3696764173228346
0
LINE
8
BLACK
6
CONTINUOUS
10
0.3101548425196851
20
0.3696764173228346
11
0.3088764173228347
21
0.3683979921259842
0
LINE
8
BLACK
6
CONTINUOUS
10
0.3088764173228347
20
0.3683979921259842
11
0.3070684645669291
21
0.3683979921259842
0
LINE
8
BLACK
6
CONTINUOUS
10
0.3070684645669291
20
0.3683979921259842
11
0.3057900393700788
21
0.3696764173228346
0
LINE
8
BLACK
6
CONTINUOUS
10
0.3057900393700788
20
0.3696764173228346
11
0.3056102362204725
21
0.3705803937007874
0
LINE
8
BLACK
6
CONTINUOUS
10
0.3056102362204725
20
0.3705803937007874
11
0.3056102362204725
21
0.389262125984252
0
LINE
8
BLACK
6
CONTINUOUS
10
0.3056102362204725
20
0.389262125984252
11
0.3057900393700788
21
0.3901661023622047
0
LINE
8
BLACK
6
CONTINUOUS
10
0.3057900393700788
20
0.3901661023622047
11
0.3070684645669291
21
0.3914445275590551
0
LINE
8
BLACK
6
CONTINUOUS
10
0.3070684645669291
20
0.3914445275590551
11
0.3088764173228347
21
0.3914445275590551
0
LINE
8
BLACK
6
CONTINUOUS
10
0.3088764173228347
20
0.3914445275590551
11
0.3101548425196851
21
0.3901661023622047
0
LINE
8
BLACK
6
CONTINUOUS
10
0.4952138976377953
20
0.3983677559055118
11
0.4953937007874016
21
0.3974637795275591
0
LINE
8
BLACK
6
CONTINUOUS
10
0.4953937007874016
20
0.3974637795275591
11
0.4953937007874016
21
0.3863944881889764
0
LINE
8
BLACK
6
CONTINUOUS
10
0.4953937007874016
20
0.3863944881889764
11
0.4952138976377953
21
0.3854905118110236
0
LINE
8
BLACK
6
CONTINUOUS
10
0.4952138976377953
20
0.3854905118110236
11
0.4939354724409449
21
0.3842120866141732
0
LINE
8
BLACK
6
CONTINUOUS
10
0.4939354724409449
20
0.3842120866141732
11
0.4921275196850394
21
0.3842120866141732
0
LINE
8
BLACK
6
CONTINUOUS
10
0.4921275196850394
20
0.3842120866141732
11
0.490849094488189
21
0.3854905118110236
0
LINE
8
BLACK
6
CONTINUOUS
10
0.490849094488189
20
0.3854905118110236
11
0.4906692913385827
21
0.3863944881889764
0
LINE
8
BLACK
6
CONTINUOUS
10
0.4906692913385827
20
0.3863944881889764
11
0.4906692913385827
21
0.3974637795275591
0
LINE
8
BLACK
6
CONTINUOUS
10
0.4906692913385827
20
0.3974637795275591
11
0.490849094488189
21
0.3983677559055118
0
LINE
8
BLACK
6
CONTINUOUS
10
0.490849094488189
20
0.3983677559055118
11
0.4921275196850394
21
0.3996461811023622
0
LINE
8
BLACK
6
CONTINUOUS
10
0.4921275196850394
20
0.3996461811023622
11
0.4939354724409449
21
0.3996461811023622
0
LINE
8
BLACK
6
CONTINUOUS
10
0.4939354724409449
20
0.3996461811023622
11
0.4952138976377953
21
0.3983677559055118
0
LINE
8
BLACK
6
CONTINUOUS
10
0.5353713779527559
20
0.3983677559055118
11
0.5355511811023622
21
0.3974637795275591
0
LINE
8
BLACK
6
CONTINUOUS
10
0.5355511811023622
20
0.3974637795275591
11
0.5355511811023622
21
0.3863944881889764
0
LINE
8
BLACK
6
CONTINUOUS
10
0.5355511811023622
20
0.3863944881889764
11
0.5353713779527559
21
0.3854905118110236
0
LINE
8
BLACK
6
CONTINUOUS
10
0.5353713779527559
20
0.3854905118110236
11
0.5340929527559055
21
0.3842120866141732
0
LINE
8
BLACK
6
CONTINUOUS
10
0.5340929527559055
20
0.3842120866141732
11
0.532285
21
0.3842120866141732
0
LINE
8
BLACK
6
CONTINUOUS
10
0.532285
20
0.3842120866141732
11
0.5310065748031496
21
0.3854905118110236
0
LINE
8
BLACK
6
CONTINUOUS
10
0.5310065748031496
20
0.3854905118110236
11
0.5308267716535433
21
0.3863944881889764
0
LINE
8
BLACK
6
CONTINUOUS
10
0.5308267716535433
20
0.3863944881889764
11
0.5308267716535433
21
0.3974637795275591
0
LINE
8
BLACK
6
CONTINUOUS
10
0.5308267716535433
20
0.3974637795275591
11
0.5310065748031496
21
0.3983677559055118
0
LINE
8
BLACK
6
CONTINUOUS
10
0.5310065748031496
20
0.3983677559055118
11
0.532285
21
0.3996461811023622
0
LINE
8
BLACK
6
CONTINUOUS
10
0.532285
20
0.3996461811023622
11
0.5340929527559055
21
0.3996461811023622
0
LINE
8
BLACK
6
CONTINUOUS
10
0.5340929527559055
20
0.3996461811023622
11
0.5353713779527559
21
0.3983677559055118
0
LINE
8
BLACK
6
CONTINUOUS
10
0.4076154724409449
20
0.4098115354330709
11
0.4077952755905512
21
0.4089075590551181
0
LINE
8
BLACK
6
CONTINUOUS
10
0.4077952755905512
20
0.4089075590551181
11
0.4077952755905512
21
0.3883365354330708
0
LINE
8
BLACK
6
CONTINUOUS
10
0.4077952755905512
20
0.3883365354330708
11
0.4076154724409449
21
0.3874325590551181
0
LINE
8
BLACK
6
CONTINUOUS
10
0.4076154724409449
20
0.3874325590551181
11
0.4063370472440945
21
0.3861541338582677
0
LINE
8
BLACK
6
CONTINUOUS
10
0.4063370472440945
20
0.3861541338582677
11
0.404529094488189
21
0.3861541338582677
0
LINE
8
BLACK
6
CONTINUOUS
10
0.404529094488189
20
0.3861541338582677
11
0.4032506692913386
21
0.3874325590551181
0
LINE
8
BLACK
6
CONTINUOUS
10
0.4032506692913386
20
0.3874325590551181
11
0.4030708661417323
21
0.3883365354330708
0
LINE
8
BLACK
6
CONTINUOUS
10
0.4030708661417323
20
0.3883365354330708
11
0.4030708661417323
21
0.4089075590551181
0
LINE
8
BLACK
6
CONTINUOUS
10
0.4030708661417323
20
0.4089075590551181
11
0.4032506692913386
21
0.4098115354330709
0
LINE
8
BLACK
6
CONTINUOUS
10
0.4032506692913386
20
0.4098115354330709
11
0.404529094488189
21
0.4110899606299213
0
LINE
8
BLACK
6
CONTINUOUS
10
0.404529094488189
20
0.4110899606299213
11
0.4063370472440945
21
0.4110899606299213
0
LINE
8
BLACK
6
CONTINUOUS
10
0.4063370472440945
20
0.4110899606299213
11
0.4076154724409449
21
0.4098115354330709
0
LINE
8
BLACK
6
CONTINUOUS
10
0.4654894881889763
20
0.4098115354330709
11
0.4656692913385826
21
0.4089075590551181
0
LINE
8
BLACK
6
CONTINUOUS
10
0.4656692913385826
20
0.4089075590551181
11
0.4656692913385826
21
0.3883365354330708
0
LINE
8
BLACK
6
CONTINUOUS
10
0.4656692913385826
20
0.3883365354330708
11
0.4654894881889763
21
0.3874325590551181
0
LINE
8
BLACK
6
CONTINUOUS
10
0.4654894881889763
20
0.3874325590551181
11
0.464211062992126
21
0.3861541338582677
0
LINE
8
BLACK
6
CONTINUOUS
10
0.464211062992126
20
0.3861541338582677
11
0.4624031102362204
21
0.3861541338582677
0
LINE
8
BLACK
6
CONTINUOUS
10
0.4624031102362204
20
0.3861541338582677
11
0.46112468503937
21
0.3874325590551181
0
LINE
8
BLACK
6
CONTINUOUS
10
0.46112468503937
20
0.3874325590551181
11
0.4609448818897638
21
0.3883365354330708
0
LINE
8
BLACK
6
CONTINUOUS
10
0.4609448818897638
20
0.3883365354330708
11
0.4609448818897638
21
0.4089075590551181
0
LINE
8
BLACK
6
CONTINUOUS
10
0.4609448818897638
20
0.4089075590551181
11
0.46112468503937
21
0.4098115354330709
0
LINE
8
BLACK
6
CONTINUOUS
10
0.46112468503937
20
0.4098115354330709
11
0.4624031102362204
21
0.4110899606299213
0
LINE
8
BLACK
6
CONTINUOUS
10
0.4624031102362204
20
0.4110899606299213
11
0.464211062992126
21
0.4110899606299213
0
LINE
8
BLACK
6
CONTINUOUS
10
0.464211062992126
20
0.4110899606299213
11
0.4654894881889763
21
0.4098115354330709
0
LINE
8
BLACK
6
CONTINUOUS
10
0.1853527952755905
20
0.4641902755905511
11
0.1866312204724409
21
0.4629118503937008
0
LINE
8
BLACK
6
CONTINUOUS
10
0.1866312204724409
20
0.4629118503937008
11
0.1868110236220472
21
0.462007874015748
0
LINE
8
BLACK
6
CONTINUOUS
10
0.1868110236220472
20
0.462007874015748
11
0.1868110236220472
21
0.393503937007874
0
LINE
8
BLACK
6
CONTINUOUS
10
0.1868110236220472
20
0.393503937007874
11
0.2234251968503937
21
0.393503937007874
0
LINE
8
BLACK
6
CONTINUOUS
10
0.2234251968503937
20
0.393503937007874
11
0.2243291732283464
21
0.3933241338582677
0
LINE
8
BLACK
6
CONTINUOUS
10
0.2243291732283464
20
0.3933241338582677
11
0.2256075984251968
21
0.3920457086614173
0
LINE
8
BLACK
6
CONTINUOUS
10
0.2256075984251968
20
0.3920457086614173
11
0.2256075984251968
21
0.3902377559055118
0
LINE
8
BLACK
6
CONTINUOUS
10
0.2256075984251968
20
0.3902377559055118
11
0.2243291732283464
21
0.3889593307086614
0
LINE
8
BLACK
6
CONTINUOUS
10
0.2243291732283464
20
0.3889593307086614
11
0.2234251968503937
21
0.3887795275590551
0
LINE
8
BLACK
6
CONTINUOUS
10
0.2234251968503937
20
0.3887795275590551
11
0.1844488188976378
21
0.3887795275590551
0
LINE
8
BLACK
6
CONTINUOUS
10
0.1844488188976378
20
0.3887795275590551
11
0.183544842519685
21
0.3889593307086614
0
LINE
8
BLACK
6
CONTINUOUS
10
0.183544842519685
20
0.3889593307086614
11
0.1822664173228346
21
0.3902377559055118
0
LINE
8
BLACK
6
CONTINUOUS
10
0.1822664173228346
20
0.3902377559055118
11
0.1820866141732284
21
0.3911417322834645
0
LINE
8
BLACK
6
CONTINUOUS
10
0.1820866141732284
20
0.3911417322834645
11
0.1820866141732284
21
0.4596456692913386
0
LINE
8
BLACK
6
CONTINUOUS
10
0.1820866141732284
20
0.4596456692913386
11
0.1273622047244095
21
0.4596456692913386
0
LINE
8
BLACK
6
CONTINUOUS
10
0.1273622047244095
20
0.4596456692913386
11
0.1264582283464567
21
0.4598254724409448
0
LINE
8
BLACK
6
CONTINUOUS
10
0.1264582283464567
20
0.4598254724409448
11
0.1251798031496063
21
0.4611038976377952
0
LINE
8
BLACK
6
CONTINUOUS
10
0.1251798031496063
20
0.4611038976377952
11
0.1251798031496063
21
0.4629118503937008
0
LINE
8
BLACK
6
CONTINUOUS
10
0.1251798031496063
20
0.4629118503937008
11
0.1264582283464567
21
0.4641902755905511
0
LINE
8
BLACK
6
CONTINUOUS
10
0.1264582283464567
20
0.4641902755905511
11
0.1273622047244095
21
0.4643700787401575
0
LINE
8
BLACK
6
CONTINUOUS
10
0.1273622047244095
20
0.4643700787401575
11
0.1844488188976378
21
0.4643700787401575
0
LINE
8
BLACK
6
CONTINUOUS
10
0.1844488188976378
20
0.4643700787401575
11
0.1853527952755905
21
0.4641902755905511
0
LINE
8
BLACK
6
CONTINUOUS
10
0.7528713779527559
20
0.4640834251968504
11
0.7530511811023621
21
0.4631794488188976
0
LINE
8
BLACK
6
CONTINUOUS
10
0.7530511811023621
20
0.4631794488188976
11
0.7530511811023621
21
0.4444977165354331
0
LINE
8
BLACK
6
CONTINUOUS
10
0.7530511811023621
20
0.4444977165354331
11
0.7528713779527559
21
0.4435937401574803
0
LINE
8
BLACK
6
CONTINUOUS
10
0.7528713779527559
20
0.4435937401574803
11
0.7515929527559055
21
0.4423153149606299
0
LINE
8
BLACK
6
CONTINUOUS
10
0.7515929527559055
20
0.4423153149606299
11
0.749785
21
0.4423153149606299
0
LINE
8
BLACK
6
CONTINUOUS
10
0.749785
20
0.4423153149606299
11
0.7485065748031496
21
0.4435937401574803
0
LINE
8
BLACK
6
CONTINUOUS
10
0.7485065748031496
20
0.4435937401574803
11
0.7483267716535433
21
0.4444977165354331
0
LINE
8
BLACK
6
CONTINUOUS
10
0.7483267716535433
20
0.4444977165354331
11
0.7483267716535433
21
0.4631794488188976
0
LINE
8
BLACK
6
CONTINUOUS
10
0.7483267716535433
20
0.4631794488188976
11
0.7485065748031496
21
0.4640834251968504
0
LINE
8
BLACK
6
CONTINUOUS
10
0.7485065748031496
20
0.4640834251968504
11
0.749785
21
0.4653618503937008
0
LINE
8
BLACK
6
CONTINUOUS
10
0.749785
20
0.4653618503937008
11
0.7515929527559055
21
0.4653618503937008
0
LINE
8
BLACK
6
CONTINUOUS
10
0.7515929527559055
20
0.4653618503937008
11
0.7528713779527559
21
0.4640834251968504
0
LINE
8
BLACK
6
CONTINUOUS
10
0.7940131102362205
20
0.4640834251968504
11
0.7941929133858268
21
0.4631794488188976
0
LINE
8
BLACK
6
CONTINUOUS
10
0.7941929133858268
20
0.4631794488188976
11
0.7941929133858268
21
0.4444977165354331
0
LINE
8
BLACK
6
CONTINUOUS
10
0.7941929133858268
20
0.4444977165354331
11
0.7940131102362205
21
0.4435937401574803
0
LINE
8
BLACK
6
CONTINUOUS
10
0.7940131102362205
20
0.4435937401574803
11
0.7927346850393701
21
0.4423153149606299
0
LINE
8
BLACK
6
CONTINUOUS
10
0.7927346850393701
20
0.4423153149606299
11
0.7909267322834646
21
0.4423153149606299
0
LINE
8
BLACK
6
CONTINUOUS
10
0.7909267322834646
20
0.4423153149606299
11
0.7896483070866142
21
0.4435937401574803
0
LINE
8
BLACK
6
CONTINUOUS
10
0.7896483070866142
20
0.4435937401574803
11
0.7894685039370078
21
0.4444977165354331
0
LINE
8
BLACK
6
CONTINUOUS
10
0.7894685039370078
20
0.4444977165354331
11
0.7894685039370078
21
0.4631794488188976
0
LINE
8
BLACK
6
CONTINUOUS
10
0.7894685039370078
20
0.4631794488188976
11
0.7896483070866142
21
0.4640834251968504
0
LINE
8
BLACK
6
CONTINUOUS
10
0.7896483070866142
20
0.4640834251968504
11
0.7909267322834646
21
0.4653618503937008
0
LINE
8
BLACK
6
CONTINUOUS
10
0.7909267322834646
20
0.4653618503937008
11
0.7927346850393701
21
0.4653618503937008
0
LINE
8
BLACK
6
CONTINUOUS
10
0.7927346850393701
20
0.4653618503937008
11
0.7940131102362205
21
0.4640834251968504
0
LINE
8
BLACK
6
CONTINUOUS
10
0.6847611417322834
20
0.4644771259842519
11
0.6849409448818897
21
0.4635731496062992
0
LINE
8
BLACK
6
CONTINUOUS
10
0.6849409448818897
20
0.4635731496062992
11
0.6849409448818897
21
0.4448914173228347
0
LINE
8
BLACK
6
CONTINUOUS
10
0.6849409448818897
20
0.4448914173228347
11
0.6847611417322834
21
0.4439874409448819
0
LINE
8
BLACK
6
CONTINUOUS
10
0.6847611417322834
20
0.4439874409448819
11
0.683482716535433
21
0.4427090157480315
0
LINE
8
BLACK
6
CONTINUOUS
10
0.683482716535433
20
0.4427090157480315
11
0.6816747637795275
21
0.4427090157480315
0
LINE
8
BLACK
6
CONTINUOUS
10
0.6816747637795275
20
0.4427090157480315
11
0.6803963385826771
21
0.4439874409448819
0
LINE
8
BLACK
6
CONTINUOUS
10
0.6803963385826771
20
0.4439874409448819
11
0.6802165354330708
21
0.4448914173228347
0
LINE
8
BLACK
6
CONTINUOUS
10
0.6802165354330708
20
0.4448914173228347
11
0.6802165354330708
21
0.4635731496062992
0
LINE
8
BLACK
6
CONTINUOUS
10
0.6802165354330708
20
0.4635731496062992
11
0.6803963385826771
21
0.4644771259842519
0
LINE
8
BLACK
6
CONTINUOUS
10
0.6803963385826771
20
0.4644771259842519
11
0.6816747637795275
21
0.4657555511811023
0
LINE
8
BLACK
6
CONTINUOUS
10
0.6816747637795275
20
0.4657555511811023
11
0.683482716535433
21
0.4657555511811023
0
LINE
8
BLACK
6
CONTINUOUS
10
0.683482716535433
20
0.4657555511811023
11
0.6847611417322834
21
0.4644771259842519
0
LINE
8
BLACK
6
CONTINUOUS
10
0.725902874015748
20
0.4644771259842519
11
0.7260826771653544
21
0.4635731496062992
0
LINE
8
BLACK
6
CONTINUOUS
10
0.7260826771653544
20
0.4635731496062992
11
0.7260826771653544
21
0.4448914173228347
0
LINE
8
BLACK
6
CONTINUOUS
10
0.7260826771653544
20
0.4448914173228347
11
0.725902874015748
21
0.4439874409448819
0
LINE
8
BLACK
6
CONTINUOUS
10
0.725902874015748
20
0.4439874409448819
11
0.7246244488188976
21
0.4427090157480315
0
LINE
8
BLACK
6
CONTINUOUS
10
0.7246244488188976
20
0.4427090157480315
11
0.7228164960629921
21
0.4427090157480315
0
LINE
8
BLACK
6
CONTINUOUS
10
0.7228164960629921
20
0.4427090157480315
11
0.7215380708661417
21
0.4439874409448819
0
LINE
8
BLACK
6
CONTINUOUS
10
0.7215380708661417
20
0.4439874409448819
11
0.7213582677165354
21
0.4448914173228347
0
LINE
8
BLACK
6
CONTINUOUS
10
0.7213582677165354
20
0.4448914173228347
11
0.7213582677165354
21
0.4635731496062992
0
LINE
8
BLACK
6
CONTINUOUS
10
0.7213582677165354
20
0.4635731496062992
11
0.7215380708661417
21
0.4644771259842519
0
LINE
8
BLACK
6
CONTINUOUS
10
0.7215380708661417
20
0.4644771259842519
11
0.7228164960629921
21
0.4657555511811023
0
LINE
8
BLACK
6
CONTINUOUS
10
0.7228164960629921
20
0.4657555511811023
11
0.7246244488188976
21
0.4657555511811023
0
LINE
8
BLACK
6
CONTINUOUS
10
0.7246244488188976
20
0.4657555511811023
11
0.725902874015748
21
0.4644771259842519
0
LINE
8
BLACK
6
CONTINUOUS
10
0.3270850787401575
20
0.5074973622047244
11
0.3283635039370079
21
0.506218937007874
0
LINE
8
BLACK
6
CONTINUOUS
10
0.3283635039370079
20
0.506218937007874
11
0.3285433070866142
21
0.5053149606299212
0
LINE
8
BLACK
6
CONTINUOUS
10
0.3285433070866142
20
0.5053149606299212
11
0.3285433070866142
21
0.4474409448818897
0
LINE
8
BLACK
6
CONTINUOUS
10
0.3285433070866142
20
0.4474409448818897
11
0.3283635039370079
21
0.446536968503937
0
LINE
8
BLACK
6
CONTINUOUS
10
0.3283635039370079
20
0.446536968503937
11
0.3270850787401575
21
0.4452585433070866
0
LINE
8
BLACK
6
CONTINUOUS
10
0.3270850787401575
20
0.4452585433070866
11
0.3261811023622047
21
0.4450787401574803
0
LINE
8
BLACK
6
CONTINUOUS
10
0.3261811023622047
20
0.4450787401574803
11
0.2362204724409449
21
0.4450787401574803
0
LINE
8
BLACK
6
CONTINUOUS
10
0.2362204724409449
20
0.4450787401574803
11
0.2353164960629921
21
0.4452585433070866
0
LINE
8
BLACK
6
CONTINUOUS
10
0.2353164960629921
20
0.4452585433070866
11
0.2340380708661417
21
0.446536968503937
0
LINE
8
BLACK
6
CONTINUOUS
10
0.2340380708661417
20
0.446536968503937
11
0.2340380708661417
21
0.4483449212598425
0
LINE
8
BLACK
6
CONTINUOUS
10
0.2340380708661417
20
0.4483449212598425
11
0.2353164960629921
21
0.4496233464566929
0
LINE
8
BLACK
6
CONTINUOUS
10
0.2353164960629921
20
0.4496233464566929
11
0.2362204724409449
21
0.4498031496062992
0
LINE
8
BLACK
6
CONTINUOUS
10
0.2362204724409449
20
0.4498031496062992
11
0.3238188976377953
21
0.4498031496062992
0
LINE
8
BLACK
6
CONTINUOUS
10
0.3238188976377953
20
0.4498031496062992
11
0.3238188976377953
21
0.5029527559055118
0
LINE
8
BLACK
6
CONTINUOUS
10
0.3238188976377953
20
0.5029527559055118
11
0.2362204724409449
21
0.5029527559055118
0
LINE
8
BLACK
6
CONTINUOUS
10
0.2362204724409449
20
0.5029527559055118
11
0.2353164960629921
21
0.5031325590551181
0
LINE
8
BLACK
6
CONTINUOUS
10
0.2353164960629921
20
0.5031325590551181
11
0.2340380708661417
21
0.5044109842519685
0
LINE
8
BLACK
6
CONTINUOUS
10
0.2340380708661417
20
0.5044109842519685
11
0.2340380708661417
21
0.506218937007874
0
LINE
8
BLACK
6
CONTINUOUS
10
0.2340380708661417
20
0.506218937007874
11
0.2353164960629921
21
0.5074973622047244
0
LINE
8
BLACK
6
CONTINUOUS
10
0.2353164960629921
20
0.5074973622047244
11
0.2362204724409449
21
0.5076771653543307
0
LINE
8
BLACK
6
CONTINUOUS
10
0.2362204724409449
20
0.5076771653543307
11
0.3261811023622047
21
0.5076771653543307
0
LINE
8
BLACK
6
CONTINUOUS
10
0.3261811023622047
20
0.5076771653543307
11
0.3270850787401575
21
0.5074973622047244
0
LINE
8
BLACK
6
CONTINUOUS
10
0.5222307874015748
20
0.499387874015748
11
0.5223085433070866
21
0.4993933858267716
0
LINE
8
BLACK
6
CONTINUOUS
10
0.5223085433070866
20
0.4993933858267716
11
0.5224107874015748
21
0.4993701574803149
0
LINE
8
BLACK
6
CONTINUOUS
10
0.5224107874015748
20
0.4993701574803149
11
0.5225153149606299
21
0.499359842519685
0
LINE
8
BLACK
6
CONTINUOUS
10
0.5225153149606299
20
0.499359842519685
11
0.5225874015748031
21
0.49933
0
LINE
8
BLACK
6
CONTINUOUS
10
0.5225874015748031
20
0.49933
11
0.5228729921259843
21
0.4992650393700787
0
LINE
8
BLACK
6
CONTINUOUS
10
0.5228729921259843
20
0.4992650393700787
11
0.5284972834645669
21
0.4973902755905512
0
LINE
8
BLACK
6
CONTINUOUS
10
0.5284972834645669
20
0.4973902755905512
11
0.5290258267716536
21
0.4971542913385827
0
LINE
8
BLACK
6
CONTINUOUS
10
0.5290258267716536
20
0.4971542913385827
11
0.5291059448818898
21
0.4970848031496063
0
LINE
8
BLACK
6
CONTINUOUS
10
0.5291059448818898
20
0.4970848031496063
11
0.5292040157480314
21
0.4970441732283464
0
LINE
8
BLACK
6
CONTINUOUS
10
0.5292040157480314
20
0.4970441732283464
11
0.5296514566929134
21
0.496676968503937
0
LINE
8
BLACK
6
CONTINUOUS
10
0.5296514566929134
20
0.496676968503937
11
0.5315262204724409
21
0.4948022047244094
0
LINE
8
BLACK
6
CONTINUOUS
10
0.5315262204724409
20
0.4948022047244094
11
0.5318934251968503
21
0.4943547637795275
0
LINE
8
BLACK
6
CONTINUOUS
10
0.5318934251968503
20
0.4943547637795275
11
0.5323343307086614
21
0.4932903543307087
0
LINE
8
BLACK
6
CONTINUOUS
10
0.5323343307086614
20
0.4932903543307087
11
0.5323343307086614
21
0.4921382677165354
0
LINE
8
BLACK
6
CONTINUOUS
10
0.5323343307086614
20
0.4921382677165354
11
0.5318934251968503
21
0.4910738582677165
0
LINE
8
BLACK
6
CONTINUOUS
10
0.5318934251968503
20
0.4910738582677165
11
0.5310787401574804
21
0.4902591732283464
0
LINE
8
BLACK
6
CONTINUOUS
10
0.5310787401574804
20
0.4902591732283464
11
0.5300143307086614
21
0.4898182677165354
0
LINE
8
BLACK
6
CONTINUOUS
10
0.5300143307086614
20
0.4898182677165354
11
0.5288622440944882
21
0.4898182677165354
0
LINE
8
BLACK
6
CONTINUOUS
10
0.5288622440944882
20
0.4898182677165354
11
0.5277978346456693
21
0.4902591732283464
0
LINE
8
BLACK
6
CONTINUOUS
10
0.5277978346456693
20
0.4902591732283464
11
0.5273503937007874
21
0.4906263779527559
0
LINE
8
BLACK
6
CONTINUOUS
10
0.5273503937007874
20
0.4906263779527559
11
0.5259685039370079
21
0.4920082677165354
0
LINE
8
BLACK
6
CONTINUOUS
10
0.5259685039370079
20
0.4920082677165354
11
0.5214601181102362
21
0.493511062992126
0
LINE
8
BLACK
6
CONTINUOUS
10
0.5214601181102362
20
0.493511062992126
11
0.5186688582677165
21
0.493511062992126
0
LINE
8
BLACK
6
CONTINUOUS
10
0.5186688582677165
20
0.493511062992126
11
0.5141604724409449
21
0.4920082677165354
0
LINE
8
BLACK
6
CONTINUOUS
10
0.5141604724409449
20
0.4920082677165354
11
0.5112426377952756
21
0.4890904330708661
0
LINE
8
BLACK
6
CONTINUOUS
10
0.5112426377952756
20
0.4890904330708661
11
0.509727125984252
21
0.4860594488188976
0
LINE
8
BLACK
6
CONTINUOUS
10
0.509727125984252
20
0.4860594488188976
11
0.5080191338582677
21
0.4792274015748031
0
LINE
8
BLACK
6
CONTINUOUS
10
0.5080191338582677
20
0.4792274015748031
11
0.5080191338582677
21
0.4743301968503937
0
LINE
8
BLACK
6
CONTINUOUS
10
0.5080191338582677
20
0.4743301968503937
11
0.509727125984252
21
0.4674981496062992
0
LINE
8
BLACK
6
CONTINUOUS
10
0.509727125984252
20
0.4674981496062992
11
0.5112426377952756
21
0.4644671653543307
0
LINE
8
BLACK
6
CONTINUOUS
10
0.5112426377952756
20
0.4644671653543307
11
0.5141604724409449
21
0.4615492913385827
0
LINE
8
BLACK
6
CONTINUOUS
10
0.5141604724409449
20
0.4615492913385827
11
0.5186688582677165
21
0.4600464960629921
0
LINE
8
BLACK
6
CONTINUOUS
10
0.5186688582677165
20
0.4600464960629921
11
0.5214601181102362
21
0.4600464960629921
0
LINE
8
BLACK
6
CONTINUOUS
10
0.5214601181102362
20
0.4600464960629921
11
0.5259685039370079
21
0.4615493307086614
0
LINE
8
BLACK
6
CONTINUOUS
10
0.5259685039370079
20
0.4615493307086614
11
0.5273503543307086
21
0.4629311811023622
0
LINE
8
BLACK
6
CONTINUOUS
10
0.5273503543307086
20
0.4629311811023622
11
0.5277978346456693
21
0.4632984251968504
0
LINE
8
BLACK
6
CONTINUOUS
10
0.5277978346456693
20
0.4632984251968504
11
0.5288622440944882
21
0.4637393307086614
0
LINE
8
BLACK
6
CONTINUOUS
10
0.5288622440944882
20
0.4637393307086614
11
0.5300143307086614
21
0.4637393307086614
0
LINE
8
BLACK
6
CONTINUOUS
10
0.5300143307086614
20
0.4637393307086614
11
0.5310787401574804
21
0.4632984645669291
0
LINE
8
BLACK
6
CONTINUOUS
10
0.5310787401574804
20
0.4632984645669291
11
0.5318934251968503
21
0.462483779527559
0
LINE
8
BLACK
6
CONTINUOUS
10
0.5318934251968503
20
0.462483779527559
11
0.5323343307086614
21
0.4614193700787401
0
LINE
8
BLACK
6
CONTINUOUS
10
0.5323343307086614
20
0.4614193700787401
11
0.5323343307086614
21
0.4602672834645669
0
LINE
8
BLACK
6
CONTINUOUS
10
0.5323343307086614
20
0.4602672834645669
11
0.5318934645669291
21
0.459202874015748
0
LINE
8
BLACK
6
CONTINUOUS
10
0.5318934645669291
20
0.459202874015748
11
0.5315262204724409
21
0.4587553937007874
0
LINE
8
BLACK
6
CONTINUOUS
10
0.5315262204724409
20
0.4587553937007874
11
0.5296514960629921
21
0.4568806299212598
0
LINE
8
BLACK
6
CONTINUOUS
10
0.5296514960629921
20
0.4568806299212598
11
0.5292040157480314
21
0.4565133858267716
0
LINE
8
BLACK
6
CONTINUOUS
10
0.5292040157480314
20
0.4565133858267716
11
0.5291059448818898
21
0.4564727952755905
0
LINE
8
BLACK
6
CONTINUOUS
10
0.5291059448818898
20
0.4564727952755905
11
0.5290258267716536
21
0.4564032677165354
0
LINE
8
BLACK
6
CONTINUOUS
10
0.5290258267716536
20
0.4564032677165354
11
0.5284972834645669
21
0.4561672834645669
0
LINE
8
BLACK
6
CONTINUOUS
10
0.5284972834645669
20
0.4561672834645669
11
0.5228729921259843
21
0.4542925196850394
0
LINE
8
BLACK
6
CONTINUOUS
10
0.5228729921259843
20
0.4542925196850394
11
0.5225874015748031
21
0.4542275984251968
0
LINE
8
BLACK
6
CONTINUOUS
10
0.5225874015748031
20
0.4542275984251968
11
0.5225153149606299
21
0.4541977165354331
0
LINE
8
BLACK
6
CONTINUOUS
10
0.5225153149606299
20
0.4541977165354331
11
0.5224107874015748
21
0.4541874409448819
0
LINE
8
BLACK
6
CONTINUOUS
10
0.5224107874015748
20
0.4541874409448819
11
0.5223085433070866
21
0.4541641732283465
0
LINE
8
BLACK
6
CONTINUOUS
10
0.5223085433070866
20
0.4541641732283465
11
0.5222307874015748
21
0.4541697244094488
0
LINE
8
BLACK
6
CONTINUOUS
10
0.5222307874015748
20
0.4541697244094488
11
0.5219392519685039
21
0.4541409842519685
0
LINE
8
BLACK
6
CONTINUOUS
10
0.5219392519685039
20
0.4541409842519685
11
0.5181897244094488
21
0.4541409842519685
0
LINE
8
BLACK
6
CONTINUOUS
10
0.5181897244094488
20
0.4541409842519685
11
0.5178981102362205
21
0.4541697244094488
0
LINE
8
BLACK
6
CONTINUOUS
10
0.5178981102362205
20
0.4541697244094488
11
0.5178203937007874
21
0.4541641732283465
0
LINE
8
BLACK
6
CONTINUOUS
10
0.5178203937007874
20
0.4541641732283465
11
0.5177181102362205
21
0.4541874409448819
0
LINE
8
BLACK
6
CONTINUOUS
10
0.5177181102362205
20
0.4541874409448819
11
0.5176136614173228
21
0.4541977165354331
0
LINE
8
BLACK
6
CONTINUOUS
10
0.5176136614173228
20
0.4541977165354331
11
0.5175415748031496
21
0.4542275984251968
0
LINE
8
BLACK
6
CONTINUOUS
10
0.5175415748031496
20
0.4542275984251968
11
0.5172559448818898
21
0.4542925196850394
0
LINE
8
BLACK
6
CONTINUOUS
10
0.5172559448818898
20
0.4542925196850394
11
0.5116316929133858
21
0.4561672834645669
0
LINE
8
BLACK
6
CONTINUOUS
10
0.5116316929133858
20
0.4561672834645669
11
0.5111031102362205
21
0.4564032677165354
0
LINE
8
BLACK
6
CONTINUOUS
10
0.5111031102362205
20
0.4564032677165354
11
0.5110229921259842
21
0.4564727559055118
0
LINE
8
BLACK
6
CONTINUOUS
10
0.5110229921259842
20
0.4564727559055118
11
0.5109249606299212
21
0.4565133464566929
0
LINE
8
BLACK
6
CONTINUOUS
10
0.5109249606299212
20
0.4565133464566929
11
0.5104775196850394
21
0.4568805905511811
0
LINE
8
BLACK
6
CONTINUOUS
10
0.5104775196850394
20
0.4568805905511811
11
0.5067279921259843
21
0.4606301574803149
0
LINE
8
BLACK
6
CONTINUOUS
10
0.5067279921259843
20
0.4606301574803149
11
0.5065422047244095
21
0.4608565354330709
0
LINE
8
BLACK
6
CONTINUOUS
10
0.5065422047244095
20
0.4608565354330709
11
0.5064832283464566
21
0.4609076771653543
0
LINE
8
BLACK
6
CONTINUOUS
10
0.5064832283464566
20
0.4609076771653543
11
0.5064272440944881
21
0.4609966141732283
0
LINE
8
BLACK
6
CONTINUOUS
10
0.5064272440944881
20
0.4609966141732283
11
0.506360748031496
21
0.4610776377952756
0
LINE
8
BLACK
6
CONTINUOUS
10
0.506360748031496
20
0.4610776377952756
11
0.506330905511811
21
0.4611496850393701
0
LINE
8
BLACK
6
CONTINUOUS
10
0.506330905511811
20
0.4611496850393701
11
0.5061748818897638
21
0.4613975590551181
0
LINE
8
BLACK
6
CONTINUOUS
10
0.5061748818897638
20
0.4613975590551181
11
0.5043001181102362
21
0.4651470866141732
0
LINE
8
BLACK
6
CONTINUOUS
10
0.5043001181102362
20
0.4651470866141732
11
0.5042839763779527
21
0.4651892125984252
0
LINE
8
BLACK
6
CONTINUOUS
10
0.5042839763779527
20
0.4651892125984252
11
0.5042712992125984
21
0.4652063385826772
0
LINE
8
BLACK
6
CONTINUOUS
10
0.5042712992125984
20
0.4652063385826772
11
0.504184842519685
21
0.4654483070866142
0
LINE
8
BLACK
6
CONTINUOUS
10
0.504184842519685
20
0.4654483070866142
11
0.5040932283464566
21
0.4656877165354331
0
LINE
8
BLACK
6
CONTINUOUS
10
0.5040932283464566
20
0.4656877165354331
11
0.5040916929133858
21
0.4657089763779527
0
LINE
8
BLACK
6
CONTINUOUS
10
0.5040916929133858
20
0.4657089763779527
11
0.5040765354330708
21
0.4657514566929134
0
LINE
8
BLACK
6
CONTINUOUS
10
0.5040765354330708
20
0.4657514566929134
11
0.5022017716535433
21
0.4732505118110236
0
LINE
8
BLACK
6
CONTINUOUS
10
0.5022017716535433
20
0.4732505118110236
11
0.502186968503937
21
0.4733503937007874
0
LINE
8
BLACK
6
CONTINUOUS
10
0.502186968503937
20
0.4733503937007874
11
0.5021703543307087
21
0.4733905905511811
0
LINE
8
BLACK
6
CONTINUOUS
10
0.5021703543307087
20
0.4733905905511811
11
0.5021489763779527
21
0.4736076377952756
0
LINE
8
BLACK
6
CONTINUOUS
10
0.5021489763779527
20
0.4736076377952756
11
0.502117125984252
21
0.4738231102362205
0
LINE
8
BLACK
6
CONTINUOUS
10
0.502117125984252
20
0.4738231102362205
11
0.5021235039370079
21
0.4738661417322835
0
LINE
8
BLACK
6
CONTINUOUS
10
0.5021235039370079
20
0.4738661417322835
11
0.5021136220472441
21
0.4739666535433071
0
LINE
8
BLACK
6
CONTINUOUS
10
0.5021136220472441
20
0.4739666535433071
11
0.5021136220472441
21
0.4795909448818897
0
LINE
8
BLACK
6
CONTINUOUS
10
0.5021136220472441
20
0.4795909448818897
11
0.5021235039370079
21
0.4796914960629921
0
LINE
8
BLACK
6
CONTINUOUS
10
0.5021235039370079
20
0.4796914960629921
11
0.502117125984252
21
0.4797344881889763
0
LINE
8
BLACK
6
CONTINUOUS
10
0.502117125984252
20
0.4797344881889763
11
0.5021489763779527
21
0.47995
0
LINE
8
BLACK
6
CONTINUOUS
10
0.5021489763779527
20
0.47995
11
0.5021703543307087
21
0.4801670078740157
0
LINE
8
BLACK
6
CONTINUOUS
10
0.5021703543307087
20
0.4801670078740157
11
0.502186968503937
21
0.4802072440944882
0
LINE
8
BLACK
6
CONTINUOUS
10
0.502186968503937
20
0.4802072440944882
11
0.5022017716535433
21
0.4803070866141732
0
LINE
8
BLACK
6
CONTINUOUS
10
0.5022017716535433
20
0.4803070866141732
11
0.5040765354330708
21
0.4878061417322834
0
LINE
8
BLACK
6
CONTINUOUS
10
0.5040765354330708
20
0.4878061417322834
11
0.5040916929133858
21
0.4878486614173228
0
LINE
8
BLACK
6
CONTINUOUS
10
0.5040916929133858
20
0.4878486614173228
11
0.5040932283464566
21
0.4878698818897638
0
LINE
8
BLACK
6
CONTINUOUS
10
0.5040932283464566
20
0.4878698818897638
11
0.504184842519685
21
0.4881093307086614
0
LINE
8
BLACK
6
CONTINUOUS
10
0.504184842519685
20
0.4881093307086614
11
0.5042712992125984
21
0.4883512598425196
0
LINE
8
BLACK
6
CONTINUOUS
10
0.5042712992125984
20
0.4883512598425196
11
0.5042839763779527
21
0.4883684251968504
0
LINE
8
BLACK
6
CONTINUOUS
10
0.5042839763779527
20
0.4883684251968504
11
0.5043001181102362
21
0.4884105118110236
0
LINE
8
BLACK
6
CONTINUOUS
10
0.5043001181102362
20
0.4884105118110236
11
0.5061748818897638
21
0.4921600393700787
0
LINE
8
BLACK
6
CONTINUOUS
10
0.5061748818897638
20
0.4921600393700787
11
0.5063309448818898
21
0.4924080708661417
0
LINE
8
BLACK
6
CONTINUOUS
10
0.5063309448818898
20
0.4924080708661417
11
0.5063607874015748
21
0.49248
0
LINE
8
BLACK
6
CONTINUOUS
10
0.5063607874015748
20
0.49248
11
0.5064272440944881
21
0.4925609842519685
0
LINE
8
BLACK
6
CONTINUOUS
10
0.5064272440944881
20
0.4925609842519685
11
0.5064832283464566
21
0.4926499212598425
0
LINE
8
BLACK
6
CONTINUOUS
10
0.5064832283464566
20
0.4926499212598425
11
0.5065422047244095
21
0.4927011023622047
0
LINE
8
BLACK
6
CONTINUOUS
10
0.5065422047244095
20
0.4927011023622047
11
0.5067279921259843
21
0.4929274409448819
0
LINE
8
BLACK
6
CONTINUOUS
10
0.5067279921259843
20
0.4929274409448819
11
0.5104775196850394
21
0.496676968503937
0
LINE
8
BLACK
6
CONTINUOUS
10
0.5104775196850394
20
0.496676968503937
11
0.5109249606299212
21
0.4970442125984252
0
LINE
8
BLACK
6
CONTINUOUS
10
0.5109249606299212
20
0.4970442125984252
11
0.5110229921259842
21
0.497084842519685
0
LINE
8
BLACK
6
CONTINUOUS
10
0.5110229921259842
20
0.497084842519685
11
0.5111031102362205
21
0.4971542913385827
0
LINE
8
BLACK
6
CONTINUOUS
10
0.5111031102362205
20
0.4971542913385827
11
0.5116316929133858
21
0.4973902755905512
0
LINE
8
BLACK
6
CONTINUOUS
10
0.5116316929133858
20
0.4973902755905512
11
0.5172559448818898
21
0.4992650393700787
0
LINE
8
BLACK
6
CONTINUOUS
10
0.5172559448818898
20
0.4992650393700787
11
0.5175415748031496
21
0.49933
0
LINE
8
BLACK
6
CONTINUOUS
10
0.5175415748031496
20
0.49933
11
0.5176136614173228
21
0.499359842519685
0
LINE
8
BLACK
6
CONTINUOUS
10
0.5176136614173228
20
0.499359842519685
11
0.5177181102362205
21
0.4993701574803149
0
LINE
8
BLACK
6
CONTINUOUS
10
0.5177181102362205
20
0.4993701574803149
11
0.5178203937007874
21
0.4993933858267716
0
LINE
8
BLACK
6
CONTINUOUS
10
0.5178203937007874
20
0.4993933858267716
11
0.5178981102362205
21
0.499387874015748
0
LINE
8
BLACK
6
CONTINUOUS
10
0.5178981102362205
20
0.499387874015748
11
0.5181897244094488
21
0.4994165748031496
0
LINE
8
BLACK
6
CONTINUOUS
10
0.5181897244094488
20
0.4994165748031496
11
0.5219392519685039
21
0.4994165748031496
0
LINE
8
BLACK
6
CONTINUOUS
10
0.5219392519685039
20
0.4994165748031496
11
0.5222307874015748
21
0.499387874015748
0
LINE
8
BLACK
6
CONTINUOUS
10
0.5600106299212598
20
0.499359842519685
11
0.5601086220472441
21
0.4993192519685039
0
LINE
8
BLACK
6
CONTINUOUS
10
0.5601086220472441
20
0.4993192519685039
11
0.5602144488188976
21
0.4993117322834645
0
LINE
8
BLACK
6
CONTINUOUS
10
0.5602144488188976
20
0.4993117322834645
11
0.5607550787401575
21
0.499104842519685
0
LINE
8
BLACK
6
CONTINUOUS
10
0.5607550787401575
20
0.499104842519685
11
0.5645046062992126
21
0.4972300787401575
0
LINE
8
BLACK
6
CONTINUOUS
10
0.5645046062992126
20
0.4972300787401575
11
0.5647525984251969
21
0.4970740157480315
0
LINE
8
BLACK
6
CONTINUOUS
10
0.5647525984251969
20
0.4970740157480315
11
0.5648245669291339
21
0.4970441732283464
0
LINE
8
BLACK
6
CONTINUOUS
10
0.5648245669291339
20
0.4970441732283464
11
0.5649055118110237
21
0.496977716535433
0
LINE
8
BLACK
6
CONTINUOUS
10
0.5649055118110237
20
0.496977716535433
11
0.5649944881889764
21
0.4969217322834645
0
LINE
8
BLACK
6
CONTINUOUS
10
0.5649944881889764
20
0.4969217322834645
11
0.5650456299212598
21
0.4968627559055118
0
LINE
8
BLACK
6
CONTINUOUS
10
0.5650456299212598
20
0.4968627559055118
11
0.5652720078740158
21
0.496676968503937
0
LINE
8
BLACK
6
CONTINUOUS
10
0.5652720078740158
20
0.496676968503937
11
0.5671467716535433
21
0.4948022047244094
0
LINE
8
BLACK
6
CONTINUOUS
10
0.5671467716535433
20
0.4948022047244094
11
0.5673325196850394
21
0.4945758661417323
0
LINE
8
BLACK
6
CONTINUOUS
10
0.5673325196850394
20
0.4945758661417323
11
0.5673915354330709
21
0.4945246850393701
0
LINE
8
BLACK
6
CONTINUOUS
10
0.5673915354330709
20
0.4945246850393701
11
0.5674474803149606
21
0.494435748031496
0
LINE
8
BLACK
6
CONTINUOUS
10
0.5674474803149606
20
0.494435748031496
11
0.5675139763779528
21
0.4943547637795275
0
LINE
8
BLACK
6
CONTINUOUS
10
0.5675139763779528
20
0.4943547637795275
11
0.5675437795275591
21
0.4942828346456693
0
LINE
8
BLACK
6
CONTINUOUS
10
0.5675437795275591
20
0.4942828346456693
11
0.5676998818897637
21
0.4940348031496063
0
LINE
8
BLACK
6
CONTINUOUS
10
0.5676998818897637
20
0.4940348031496063
11
0.5695746456692913
21
0.4902852755905512
0
LINE
8
BLACK
6
CONTINUOUS
10
0.5695746456692913
20
0.4902852755905512
11
0.5697815354330709
21
0.4897446850393701
0
LINE
8
BLACK
6
CONTINUOUS
10
0.5697815354330709
20
0.4897446850393701
11
0.5697890551181102
21
0.4896388188976378
0
LINE
8
BLACK
6
CONTINUOUS
10
0.5697890551181102
20
0.4896388188976378
11
0.5698296456692913
21
0.4895408267716536
0
LINE
8
BLACK
6
CONTINUOUS
10
0.5698296456692913
20
0.4895408267716536
11
0.5698863779527559
21
0.4889647637795275
0
LINE
8
BLACK
6
CONTINUOUS
10
0.5698863779527559
20
0.4889647637795275
11
0.5698863779527559
21
0.4852152362204724
0
LINE
8
BLACK
6
CONTINUOUS
10
0.5698863779527559
20
0.4852152362204724
11
0.5698576377952755
21
0.4849236614173228
0
LINE
8
BLACK
6
CONTINUOUS
10
0.5698576377952755
20
0.4849236614173228
11
0.5698631889763779
21
0.484845905511811
0
LINE
8
BLACK
6
CONTINUOUS
10
0.5698631889763779
20
0.484845905511811
11
0.5698399212598425
21
0.4847436614173228
0
LINE
8
BLACK
6
CONTINUOUS
10
0.5698399212598425
20
0.4847436614173228
11
0.5698296456692913
21
0.4846391732283464
0
LINE
8
BLACK
6
CONTINUOUS
10
0.5698296456692913
20
0.4846391732283464
11
0.5697997637795276
21
0.4845671259842519
0
LINE
8
BLACK
6
CONTINUOUS
10
0.5697997637795276
20
0.4845671259842519
11
0.569734842519685
21
0.4842814566929134
0
LINE
8
BLACK
6
CONTINUOUS
10
0.569734842519685
20
0.4842814566929134
11
0.5678600787401574
21
0.4786572047244094
0
LINE
8
BLACK
6
CONTINUOUS
10
0.5678600787401574
20
0.4786572047244094
11
0.567624094488189
21
0.4781286220472441
0
LINE
8
BLACK
6
CONTINUOUS
10
0.567624094488189
20
0.4781286220472441
11
0.5675546062992126
21
0.4780485433070866
0
LINE
8
BLACK
6
CONTINUOUS
10
0.5675546062992126
20
0.4780485433070866
11
0.5675140157480315
21
0.4779504724409449
0
LINE
8
BLACK
6
CONTINUOUS
10
0.5675140157480315
20
0.4779504724409449
11
0.5671467716535433
21
0.477503031496063
0
LINE
8
BLACK
6
CONTINUOUS
10
0.5671467716535433
20
0.477503031496063
11
0.5496902755905512
21
0.4600464960629921
0
LINE
8
BLACK
6
CONTINUOUS
10
0.5496902755905512
20
0.4600464960629921
11
0.5669336220472441
21
0.4600464960629921
0
LINE
8
BLACK
6
CONTINUOUS
10
0.5669336220472441
20
0.4600464960629921
11
0.56750968503937
21
0.4599897637795275
0
LINE
8
BLACK
6
CONTINUOUS
10
0.56750968503937
20
0.4599897637795275
11
0.568574094488189
21
0.4595488582677165
0
LINE
8
BLACK
6
CONTINUOUS
10
0.568574094488189
20
0.4595488582677165
11
0.5693887401574803
21
0.4587342125984252
0
LINE
8
BLACK
6
CONTINUOUS
10
0.5693887401574803
20
0.4587342125984252
11
0.5698296456692913
21
0.4576698031496063
0
LINE
8
BLACK
6
CONTINUOUS
10
0.5698296456692913
20
0.4576698031496063
11
0.5698296456692913
21
0.4565176771653543
0
LINE
8
BLACK
6
CONTINUOUS
10
0.5698296456692913
20
0.4565176771653543
11
0.5693887401574803
21
0.4554532677165354
0
LINE
8
BLACK
6
CONTINUOUS
10
0.5693887401574803
20
0.4554532677165354
11
0.568574094488189
21
0.4546386220472441
0
LINE
8
BLACK
6
CONTINUOUS
10
0.568574094488189
20
0.4546386220472441
11
0.56750968503937
21
0.4541977165354331
0
LINE
8
BLACK
6
CONTINUOUS
10
0.56750968503937
20
0.4541977165354331
11
0.5669336220472441
21
0.4541409842519685
0
LINE
8
BLACK
6
CONTINUOUS
10
0.5669336220472441
20
0.4541409842519685
11
0.5425616929133859
21
0.4541409842519685
0
LINE
8
BLACK
6
CONTINUOUS
10
0.5425616929133859
20
0.4541409842519685
11
0.5419856299212599
21
0.4541977165354331
0
LINE
8
BLACK
6
CONTINUOUS
10
0.5419856299212599
20
0.4541977165354331
11
0.540921220472441
21
0.4546386220472441
0
LINE
8
BLACK
6
CONTINUOUS
10
0.540921220472441
20
0.4546386220472441
11
0.5401065748031496
21
0.4554532677165354
0
LINE
8
BLACK
6
CONTINUOUS
10
0.5401065748031496
20
0.4554532677165354
11
0.5396656692913385
21
0.4565176771653543
0
LINE
8
BLACK
6
CONTINUOUS
10
0.5396656692913385
20
0.4565176771653543
11
0.5396656692913385
21
0.4576698031496063
0
LINE
8
BLACK
6
CONTINUOUS
10
0.5396656692913385
20
0.4576698031496063
11
0.5401065748031496
21
0.4587342125984252
0
LINE
8
BLACK
6
CONTINUOUS
10
0.5401065748031496
20
0.4587342125984252
11
0.540473779527559
21
0.4591816535433071
0
LINE
8
BLACK
6
CONTINUOUS
10
0.540473779527559
20
0.4591816535433071
11
0.562478031496063
21
0.4811859842519685
0
LINE
8
BLACK
6
CONTINUOUS
10
0.562478031496063
20
0.4811859842519685
11
0.5639808661417323
21
0.4856943700787402
0
LINE
8
BLACK
6
CONTINUOUS
10
0.5639808661417323
20
0.4856943700787402
11
0.5639808661417323
21
0.488267716535433
0
LINE
8
BLACK
6
CONTINUOUS
10
0.5639808661417323
20
0.488267716535433
11
0.5626321259842519
21
0.4909651968503937
0
LINE
8
BLACK
6
CONTINUOUS
10
0.5626321259842519
20
0.4909651968503937
11
0.561435
21
0.4921623228346457
0
LINE
8
BLACK
6
CONTINUOUS
10
0.561435
20
0.4921623228346457
11
0.5587375196850394
21
0.493511062992126
0
LINE
8
BLACK
6
CONTINUOUS
10
0.5587375196850394
20
0.493511062992126
11
0.5507577952755905
21
0.493511062992126
0
LINE
8
BLACK
6
CONTINUOUS
10
0.5507577952755905
20
0.493511062992126
11
0.5480603149606299
21
0.4921623228346457
0
LINE
8
BLACK
6
CONTINUOUS
10
0.5480603149606299
20
0.4921623228346457
11
0.5465243700787401
21
0.4906263779527559
0
LINE
8
BLACK
6
CONTINUOUS
10
0.5465243700787401
20
0.4906263779527559
11
0.5460769291338583
21
0.4902591732283464
0
LINE
8
BLACK
6
CONTINUOUS
10
0.5460769291338583
20
0.4902591732283464
11
0.5450124803149606
21
0.4898182677165354
0
LINE
8
BLACK
6
CONTINUOUS
10
0.5450124803149606
20
0.4898182677165354
11
0.5438604330708662
21
0.4898182677165354
0
LINE
8
BLACK
6
CONTINUOUS
10
0.5438604330708662
20
0.4898182677165354
11
0.5427959842519685
21
0.4902591732283464
0
LINE
8
BLACK
6
CONTINUOUS
10
0.5427959842519685
20
0.4902591732283464
11
0.5419813385826772
21
0.4910738188976378
0
LINE
8
BLACK
6
CONTINUOUS
10
0.5419813385826772
20
0.4910738188976378
11
0.5415404330708661
21
0.4921382677165354
0
LINE
8
BLACK
6
CONTINUOUS
10
0.5415404330708661
20
0.4921382677165354
11
0.5415404330708661
21
0.4932903149606299
0
LINE
8
BLACK
6
CONTINUOUS
10
0.5415404330708661
20
0.4932903149606299
11
0.5419813385826772
21
0.4943547637795275
0
LINE
8
BLACK
6
CONTINUOUS
10
0.5419813385826772
20
0.4943547637795275
11
0.5423485433070866
21
0.4948022047244094
0
LINE
8
BLACK
6
CONTINUOUS
10
0.5423485433070866
20
0.4948022047244094
11
0.5442233070866141
21
0.496676968503937
0
LINE
8
BLACK
6
CONTINUOUS
10
0.5442233070866141
20
0.496676968503937
11
0.5444496456692913
21
0.4968627559055118
0
LINE
8
BLACK
6
CONTINUOUS
10
0.5444496456692913
20
0.4968627559055118
11
0.5445008267716536
21
0.4969217322834645
0
LINE
8
BLACK
6
CONTINUOUS
10
0.5445008267716536
20
0.4969217322834645
11
0.5445897637795275
21
0.496977716535433
0
LINE
8
BLACK
6
CONTINUOUS
10
0.5445897637795275
20
0.496977716535433
11
0.5446707480314961
21
0.4970441732283464
0
LINE
8
BLACK
6
CONTINUOUS
10
0.5446707480314961
20
0.4970441732283464
11
0.5447426771653543
21
0.4970740157480315
0
LINE
8
BLACK
6
CONTINUOUS
10
0.5447426771653543
20
0.4970740157480315
11
0.5449907086614173
21
0.4972300787401575
0
LINE
8
BLACK
6
CONTINUOUS
10
0.5449907086614173
20
0.4972300787401575
11
0.5487402362204724
21
0.499104842519685
0
LINE
8
BLACK
6
CONTINUOUS
10
0.5487402362204724
20
0.499104842519685
11
0.5492808267716536
21
0.4993117322834645
0
LINE
8
BLACK
6
CONTINUOUS
10
0.5492808267716536
20
0.4993117322834645
11
0.5493866929133858
21
0.4993192913385827
0
LINE
8
BLACK
6
CONTINUOUS
10
0.5493866929133858
20
0.4993192913385827
11
0.5494846850393701
21
0.499359842519685
0
LINE
8
BLACK
6
CONTINUOUS
10
0.5494846850393701
20
0.499359842519685
11
0.5500607480314961
21
0.4994165748031496
0
LINE
8
BLACK
6
CONTINUOUS
10
0.5500607480314961
20
0.4994165748031496
11
0.5594345669291338
21
0.4994165748031496
0
LINE
8
BLACK
6
CONTINUOUS
10
0.5594345669291338
20
0.4994165748031496
11
0.5600106299212598
21
0.499359842519685
0
LINE
8
BLACK
6
CONTINUOUS
10
0.4232307874015748
20
0.523387874015748
11
0.4233085433070866
21
0.5233933858267716
0
LINE
8
BLACK
6
CONTINUOUS
10
0.4233085433070866
20
0.5233933858267716
11
0.4234107874015748
21
0.5233701574803149
0
LINE
8
BLACK
6
CONTINUOUS
10
0.4234107874015748
20
0.5233701574803149
11
0.4235153149606299
21
0.523359842519685
0
LINE
8
BLACK
6
CONTINUOUS
10
0.4235153149606299
20
0.523359842519685
11
0.4235874015748031
21
0.52333
0
LINE
8
BLACK
6
CONTINUOUS
10
0.4235874015748031
20
0.52333
11
0.4238729921259842
21
0.5232650393700787
0
LINE
8
BLACK
6
CONTINUOUS
10
0.4238729921259842
20
0.5232650393700787
11
0.4294972834645669
21
0.5213902755905512
0
LINE
8
BLACK
6
CONTINUOUS
10
0.4294972834645669
20
0.5213902755905512
11
0.4300258267716535
21
0.5211542913385827
0
LINE
8
BLACK
6
CONTINUOUS
10
0.4300258267716535
20
0.5211542913385827
11
0.4301059448818897
21
0.5210848031496063
0
LINE
8
BLACK
6
CONTINUOUS
10
0.4301059448818897
20
0.5210848031496063
11
0.4302040157480315
21
0.5210441732283464
0
LINE
8
BLACK
6
CONTINUOUS
10
0.4302040157480315
20
0.5210441732283464
11
0.4306514566929134
21
0.520676968503937
0
LINE
8
BLACK
6
CONTINUOUS
10
0.4306514566929134
20
0.520676968503937
11
0.4325262204724409
21
0.5188022047244094
0
LINE
8
BLACK
6
CONTINUOUS
10
0.4325262204724409
20
0.5188022047244094
11
0.4328934251968504
21
0.5183547637795275
0
LINE
8
BLACK
6
CONTINUOUS
10
0.4328934251968504
20
0.5183547637795275
11
0.4333343307086614
21
0.5172903543307087
0
LINE
8
BLACK
6
CONTINUOUS
10
0.4333343307086614
20
0.5172903543307087
11
0.4333343307086614
21
0.5161382677165354
0
LINE
8
BLACK
6
CONTINUOUS
10
0.4333343307086614
20
0.5161382677165354
11
0.4328934251968504
21
0.5150738582677166
0
LINE
8
BLACK
6
CONTINUOUS
10
0.4328934251968504
20
0.5150738582677166
11
0.4320787401574803
21
0.5142591732283465
0
LINE
8
BLACK
6
CONTINUOUS
10
0.4320787401574803
20
0.5142591732283465
11
0.4310143307086614
21
0.5138182677165354
0
LINE
8
BLACK
6
CONTINUOUS
10
0.4310143307086614
20
0.5138182677165354
11
0.4298622440944882
21
0.5138182677165354
0
LINE
8
BLACK
6
CONTINUOUS
10
0.4298622440944882
20
0.5138182677165354
11
0.4287978346456693
21
0.5142591732283465
0
LINE
8
BLACK
6
CONTINUOUS
10
0.4287978346456693
20
0.5142591732283465
11
0.4283503937007874
21
0.5146263779527559
0
LINE
8
BLACK
6
CONTINUOUS
10
0.4283503937007874
20
0.5146263779527559
11
0.4269685039370079
21
0.5160082677165354
0
LINE
8
BLACK
6
CONTINUOUS
10
0.4269685039370079
20
0.5160082677165354
11
0.4224601181102362
21
0.517511062992126
0
LINE
8
BLACK
6
CONTINUOUS
10
0.4224601181102362
20
0.517511062992126
11
0.4196688582677165
21
0.517511062992126
0
LINE
8
BLACK
6
CONTINUOUS
10
0.4196688582677165
20
0.517511062992126
11
0.4151604724409449
21
0.5160082677165354
0
LINE
8
BLACK
6
CONTINUOUS
10
0.4151604724409449
20
0.5160082677165354
11
0.4122426377952756
21
0.5130904330708661
0
LINE
8
BLACK
6
CONTINUOUS
10
0.4122426377952756
20
0.5130904330708661
11
0.410727125984252
21
0.5100594488188976
0
LINE
8
BLACK
6
CONTINUOUS
10
0.410727125984252
20
0.5100594488188976
11
0.4090191338582677
21
0.5032274015748032
0
LINE
8
BLACK
6
CONTINUOUS
10
0.4090191338582677
20
0.5032274015748032
11
0.4090191338582677
21
0.4983301968503937
0
LINE
8
BLACK
6
CONTINUOUS
10
0.4090191338582677
20
0.4983301968503937
11
0.410727125984252
21
0.4914981496062992
0
LINE
8
BLACK
6
CONTINUOUS
10
0.410727125984252
20
0.4914981496062992
11
0.4122426377952756
21
0.4884671653543307
0
LINE
8
BLACK
6
CONTINUOUS
10
0.4122426377952756
20
0.4884671653543307
11
0.4151604724409449
21
0.4855492913385827
0
LINE
8
BLACK
6
CONTINUOUS
10
0.4151604724409449
20
0.4855492913385827
11
0.4196688582677165
21
0.4840464960629921
0
LINE
8
BLACK
6
CONTINUOUS
10
0.4196688582677165
20
0.4840464960629921
11
0.4224601181102362
21
0.4840464960629921
0
LINE
8
BLACK
6
CONTINUOUS
10
0.4224601181102362
20
0.4840464960629921
11
0.4269685039370079
21
0.4855493307086614
0
LINE
8
BLACK
6
CONTINUOUS
10
0.4269685039370079
20
0.4855493307086614
11
0.4283503543307087
21
0.4869311811023622
0
LINE
8
BLACK
6
CONTINUOUS
10
0.4283503543307087
20
0.4869311811023622
11
0.4287978346456693
21
0.4872984251968504
0
LINE
8
BLACK
6
CONTINUOUS
10
0.4287978346456693
20
0.4872984251968504
11
0.4298622440944882
21
0.4877393307086614
0
LINE
8
BLACK
6
CONTINUOUS
10
0.4298622440944882
20
0.4877393307086614
11
0.4310143307086614
21
0.4877393307086614
0
LINE
8
BLACK
6
CONTINUOUS
10
0.4310143307086614
20
0.4877393307086614
11
0.4320787401574803
21
0.4872984645669291
0
LINE
8
BLACK
6
CONTINUOUS
10
0.4320787401574803
20
0.4872984645669291
11
0.4328934251968504
21
0.4864837795275591
0
LINE
8
BLACK
6
CONTINUOUS
10
0.4328934251968504
20
0.4864837795275591
11
0.4333343307086614
21
0.4854193700787401
0
LINE
8
BLACK
6
CONTINUOUS
10
0.4333343307086614
20
0.4854193700787401
11
0.4333343307086614
21
0.4842672834645669
0
LINE
8
BLACK
6
CONTINUOUS
10
0.4333343307086614
20
0.4842672834645669
11
0.4328934645669291
21
0.483202874015748
0
LINE
8
BLACK
6
CONTINUOUS
10
0.4328934645669291
20
0.483202874015748
11
0.4325262204724409
21
0.4827553937007874
0
LINE
8
BLACK
6
CONTINUOUS
10
0.4325262204724409
20
0.4827553937007874
11
0.4306514960629921
21
0.4808806299212599
0
LINE
8
BLACK
6
CONTINUOUS
10
0.4306514960629921
20
0.4808806299212599
11
0.4302040157480315
21
0.4805133858267717
0
LINE
8
BLACK
6
CONTINUOUS
10
0.4302040157480315
20
0.4805133858267717
11
0.4301059448818897
21
0.4804727952755906
0
LINE
8
BLACK
6
CONTINUOUS
10
0.4301059448818897
20
0.4804727952755906
11
0.4300258267716535
21
0.4804032677165354
0
LINE
8
BLACK
6
CONTINUOUS
10
0.4300258267716535
20
0.4804032677165354
11
0.4294972834645669
21
0.4801672834645669
0
LINE
8
BLACK
6
CONTINUOUS
10
0.4294972834645669
20
0.4801672834645669
11
0.4238729921259842
21
0.4782925196850394
0
LINE
8
BLACK
6
CONTINUOUS
10
0.4238729921259842
20
0.4782925196850394
11
0.4235874015748031
21
0.4782275984251969
0
LINE
8
BLACK
6
CONTINUOUS
10
0.4235874015748031
20
0.4782275984251969
11
0.4235153149606299
21
0.4781977165354331
0
LINE
8
BLACK
6
CONTINUOUS
10
0.4235153149606299
20
0.4781977165354331
11
0.4234107874015748
21
0.4781874409448819
0
LINE
8
BLACK
6
CONTINUOUS
10
0.4234107874015748
20
0.4781874409448819
11
0.4233085433070866
21
0.4781641732283464
0
LINE
8
BLACK
6
CONTINUOUS
10
0.4233085433070866
20
0.4781641732283464
11
0.4232307874015748
21
0.4781697244094488
0
LINE
8
BLACK
6
CONTINUOUS
10
0.4232307874015748
20
0.4781697244094488
11
0.4229392519685039
21
0.4781409842519685
0
LINE
8
BLACK
6
CONTINUOUS
10
0.4229392519685039
20
0.4781409842519685
11
0.4191897244094488
21
0.4781409842519685
0
LINE
8
BLACK
6
CONTINUOUS
10
0.4191897244094488
20
0.4781409842519685
11
0.4188981102362205
21
0.4781697244094488
0
LINE
8
BLACK
6
CONTINUOUS
10
0.4188981102362205
20
0.4781697244094488
11
0.4188203937007874
21
0.4781641732283464
0
LINE
8
BLACK
6
CONTINUOUS
10
0.4188203937007874
20
0.4781641732283464
11
0.4187181102362205
21
0.4781874409448819
0
LINE
8
BLACK
6
CONTINUOUS
10
0.4187181102362205
20
0.4781874409448819
11
0.4186136614173228
21
0.4781977165354331
0
LINE
8
BLACK
6
CONTINUOUS
10
0.4186136614173228
20
0.4781977165354331
11
0.4185415748031496
21
0.4782275984251969
0
LINE
8
BLACK
6
CONTINUOUS
10
0.4185415748031496
20
0.4782275984251969
11
0.4182559448818898
21
0.4782925196850394
0
LINE
8
BLACK
6
CONTINUOUS
10
0.4182559448818898
20
0.4782925196850394
11
0.4126316929133858
21
0.4801672834645669
0
LINE
8
BLACK
6
CONTINUOUS
10
0.4126316929133858
20
0.4801672834645669
11
0.4121031102362205
21
0.4804032677165354
0
LINE
8
BLACK
6
CONTINUOUS
10
0.4121031102362205
20
0.4804032677165354
11
0.4120229921259843
21
0.4804727559055118
0
LINE
8
BLACK
6
CONTINUOUS
10
0.4120229921259843
20
0.4804727559055118
11
0.4119249606299212
21
0.4805133464566929
0
LINE
8
BLACK
6
CONTINUOUS
10
0.4119249606299212
20
0.4805133464566929
11
0.4114775196850394
21
0.4808805905511811
0
LINE
8
BLACK
6
CONTINUOUS
10
0.4114775196850394
20
0.4808805905511811
11
0.4077279921259843
21
0.484630157480315
0
LINE
8
BLACK
6
CONTINUOUS
10
0.4077279921259843
20
0.484630157480315
11
0.4075422047244094
21
0.4848565354330708
0
LINE
8
BLACK
6
CONTINUOUS
10
0.4075422047244094
20
0.4848565354330708
11
0.4074832283464567
21
0.4849076771653543
0
LINE
8
BLACK
6
CONTINUOUS
10
0.4074832283464567
20
0.4849076771653543
11
0.4074272440944882
21
0.4849966141732283
0
LINE
8
BLACK
6
CONTINUOUS
10
0.4074272440944882
20
0.4849966141732283
11
0.4073607480314961
21
0.4850776377952756
0
LINE
8
BLACK
6
CONTINUOUS
10
0.4073607480314961
20
0.4850776377952756
11
0.407330905511811
21
0.4851496850393701
0
LINE
8
BLACK
6
CONTINUOUS
10
0.407330905511811
20
0.4851496850393701
11
0.4071748818897638
21
0.4853975590551181
0
LINE
8
BLACK
6
CONTINUOUS
10
0.4071748818897638
20
0.4853975590551181
11
0.4053001181102362
21
0.4891470866141732
0
LINE
8
BLACK
6
CONTINUOUS
10
0.4053001181102362
20
0.4891470866141732
11
0.4052839763779528
21
0.4891892125984252
0
LINE
8
BLACK
6
CONTINUOUS
10
0.4052839763779528
20
0.4891892125984252
11
0.4052712992125984
21
0.4892063385826771
0
LINE
8
BLACK
6
CONTINUOUS
10
0.4052712992125984
20
0.4892063385826771
11
0.405184842519685
21
0.4894483070866142
0
LINE
8
BLACK
6
CONTINUOUS
10
0.405184842519685
20
0.4894483070866142
11
0.4050932283464567
21
0.4896877165354331
0
LINE
8
BLACK
6
CONTINUOUS
10
0.4050932283464567
20
0.4896877165354331
11
0.4050916929133858
21
0.4897089763779527
0
LINE
8
BLACK
6
CONTINUOUS
10
0.4050916929133858
20
0.4897089763779527
11
0.4050765354330709
21
0.4897514566929134
0
LINE
8
BLACK
6
CONTINUOUS
10
0.4050765354330709
20
0.4897514566929134
11
0.4032017716535433
21
0.4972505118110236
0
LINE
8
BLACK
6
CONTINUOUS
10
0.4032017716535433
20
0.4972505118110236
11
0.403186968503937
21
0.4973503937007874
0
LINE
8
BLACK
6
CONTINUOUS
10
0.403186968503937
20
0.4973503937007874
11
0.4031703543307086
21
0.4973905905511811
0
LINE
8
BLACK
6
CONTINUOUS
10
0.4031703543307086
20
0.4973905905511811
11
0.4031489763779528
21
0.4976076377952756
0
LINE
8
BLACK
6
CONTINUOUS
10
0.4031489763779528
20
0.4976076377952756
11
0.403117125984252
21
0.4978231102362204
0
LINE
8
BLACK
6
CONTINUOUS
10
0.403117125984252
20
0.4978231102362204
11
0.4031235039370079
21
0.4978661417322834
0
LINE
8
BLACK
6
CONTINUOUS
10
0.4031235039370079
20
0.4978661417322834
11
0.4031136220472441
21
0.4979666535433071
0
LINE
8
BLACK
6
CONTINUOUS
10
0.4031136220472441
20
0.4979666535433071
11
0.4031136220472441
21
0.5035909448818897
0
LINE
8
BLACK
6
CONTINUOUS
10
0.4031136220472441
20
0.5035909448818897
11
0.4031235039370079
21
0.5036914960629921
0
LINE
8
BLACK
6
CONTINUOUS
10
0.4031235039370079
20
0.5036914960629921
11
0.403117125984252
21
0.5037344881889764
0
LINE
8
BLACK
6
CONTINUOUS
10
0.403117125984252
20
0.5037344881889764
11
0.4031489763779528
21
0.50395
0
LINE
8
BLACK
6
CONTINUOUS
10
0.4031489763779528
20
0.50395
11
0.4031703543307086
21
0.5041670078740157
0
LINE
8
BLACK
6
CONTINUOUS
10
0.4031703543307086
20
0.5041670078740157
11
0.403186968503937
21
0.5042072440944881
0
LINE
8
BLACK
6
CONTINUOUS
10
0.403186968503937
20
0.5042072440944881
11
0.4032017716535433
21
0.5043070866141732
0
LINE
8
BLACK
6
CONTINUOUS
10
0.4032017716535433
20
0.5043070866141732
11
0.4050765354330709
21
0.5118061417322834
0
LINE
8
BLACK
6
CONTINUOUS
10
0.4050765354330709
20
0.5118061417322834
11
0.4050916929133858
21
0.5118486614173228
0
LINE
8
BLACK
6
CONTINUOUS
10
0.4050916929133858
20
0.5118486614173228
11
0.4050932283464567
21
0.5118698818897638
0
LINE
8
BLACK
6
CONTINUOUS
10
0.4050932283464567
20
0.5118698818897638
11
0.4051852362204724
21
0.5121103543307086
0
LINE
8
BLACK
6
CONTINUOUS
10
0.4051852362204724
20
0.5121103543307086
11
0.4052712992125984
21
0.5123512598425197
0
LINE
8
BLACK
6
CONTINUOUS
10
0.4052712992125984
20
0.5123512598425197
11
0.4052839763779528
21
0.5123684251968503
0
LINE
8
BLACK
6
CONTINUOUS
10
0.4052839763779528
20
0.5123684251968503
11
0.4053001181102362
21
0.5124105118110236
0
LINE
8
BLACK
6
CONTINUOUS
10
0.4053001181102362
20
0.5124105118110236
11
0.4071748818897638
21
0.5161600393700787
0
LINE
8
BLACK
6
CONTINUOUS
10
0.4071748818897638
20
0.5161600393700787
11
0.4073309448818898
21
0.5164080708661417
0
LINE
8
BLACK
6
CONTINUOUS
10
0.4073309448818898
20
0.5164080708661417
11
0.4073607874015748
21
0.5164799999999999
0
LINE
8
BLACK
6
CONTINUOUS
10
0.4073607874015748
20
0.5164799999999999
11
0.4074272440944882
21
0.5165609842519685
0
LINE
8
BLACK
6
CONTINUOUS
10
0.4074272440944882
20
0.5165609842519685
11
0.4074832283464567
21
0.5166499212598425
0
LINE
8
BLACK
6
CONTINUOUS
10
0.4074832283464567
20
0.5166499212598425
11
0.4075422047244094
21
0.5167011023622047
0
LINE
8
BLACK
6
CONTINUOUS
10
0.4075422047244094
20
0.5167011023622047
11
0.4077279921259843
21
0.5169274409448819
0
LINE
8
BLACK
6
CONTINUOUS
10
0.4077279921259843
20
0.5169274409448819
11
0.4114775196850394
21
0.520676968503937
0
LINE
8
BLACK
6
CONTINUOUS
10
0.4114775196850394
20
0.520676968503937
11
0.4119249606299212
21
0.5210442125984251
0
LINE
8
BLACK
6
CONTINUOUS
10
0.4119249606299212
20
0.5210442125984251
11
0.4120229921259843
21
0.521084842519685
0
LINE
8
BLACK
6
CONTINUOUS
10
0.4120229921259843
20
0.521084842519685
11
0.4121031102362205
21
0.5211542913385827
0
LINE
8
BLACK
6
CONTINUOUS
10
0.4121031102362205
20
0.5211542913385827
11
0.4126316929133858
21
0.5213902755905512
0
LINE
8
BLACK
6
CONTINUOUS
10
0.4126316929133858
20
0.5213902755905512
11
0.4182559448818898
21
0.5232650393700787
0
LINE
8
BLACK
6
CONTINUOUS
10
0.4182559448818898
20
0.5232650393700787
11
0.4185415748031496
21
0.52333
0
LINE
8
BLACK
6
CONTINUOUS
10
0.4185415748031496
20
0.52333
11
0.4186136614173228
21
0.523359842519685
0
LINE
8
BLACK
6
CONTINUOUS
10
0.4186136614173228
20
0.523359842519685
11
0.4187181102362205
21
0.5233701574803149
0
LINE
8
BLACK
6
CONTINUOUS
10
0.4187181102362205
20
0.5233701574803149
11
0.4188203937007874
21
0.5233933858267716
0
LINE
8
BLACK
6
CONTINUOUS
10
0.4188203937007874
20
0.5233933858267716
11
0.4188981102362205
21
0.523387874015748
0
LINE
8
BLACK
6
CONTINUOUS
10
0.4188981102362205
20
0.523387874015748
11
0.4191897244094488
21
0.5234165748031496
0
LINE
8
BLACK
6
CONTINUOUS
10
0.4191897244094488
20
0.5234165748031496
11
0.4229392519685039
21
0.5234165748031496
0
LINE
8
BLACK
6
CONTINUOUS
10
0.4229392519685039
20
0.5234165748031496
11
0.4232307874015748
21
0.523387874015748
0
LINE
8
BLACK
6
CONTINUOUS
10
0.4569687007874015
20
0.523359842519685
11
0.4572611023622047
21
0.523359842519685
0
LINE
8
BLACK
6
CONTINUOUS
10
0.4572611023622047
20
0.523359842519685
11
0.4575283464566929
21
0.5232491338582677
0
LINE
8
BLACK
6
CONTINUOUS
10
0.4575283464566929
20
0.5232491338582677
11
0.4578121653543307
21
0.5231929921259842
0
LINE
8
BLACK
6
CONTINUOUS
10
0.4578121653543307
20
0.5231929921259842
11
0.4580554330708662
21
0.5230308267716536
0
LINE
8
BLACK
6
CONTINUOUS
10
0.4580554330708662
20
0.5230308267716536
11
0.4583255118110236
21
0.522918937007874
0
LINE
8
BLACK
6
CONTINUOUS
10
0.4583255118110236
20
0.522918937007874
11
0.4585299606299212
21
0.5227144881889764
0
LINE
8
BLACK
6
CONTINUOUS
10
0.4585299606299212
20
0.5227144881889764
11
0.4587707874015748
21
0.522553937007874
0
LINE
8
BLACK
6
CONTINUOUS
10
0.4587707874015748
20
0.522553937007874
11
0.4589335039370079
21
0.5223109448818898
0
LINE
8
BLACK
6
CONTINUOUS
10
0.4589335039370079
20
0.5223109448818898
11
0.4591401574803149
21
0.5221042913385827
0
LINE
8
BLACK
6
CONTINUOUS
10
0.4591401574803149
20
0.5221042913385827
11
0.4592508267716535
21
0.5218370866141732
0
LINE
8
BLACK
6
CONTINUOUS
10
0.4592508267716535
20
0.5218370866141732
11
0.4594118503937008
21
0.5215966535433071
0
LINE
8
BLACK
6
CONTINUOUS
10
0.4594118503937008
20
0.5215966535433071
11
0.4594691732283465
21
0.5213099999999999
0
LINE
8
BLACK
6
CONTINUOUS
10
0.4594691732283465
20
0.5213099999999999
11
0.459581062992126
21
0.5210398818897638
0
LINE
8
BLACK
6
CONTINUOUS
10
0.459581062992126
20
0.5210398818897638
11
0.4596371653543307
21
0.5204699606299212
0
LINE
8
BLACK
6
CONTINUOUS
10
0.4596371653543307
20
0.5204699606299212
11
0.4596377952755906
21
0.5204669291338583
0
LINE
8
BLACK
6
CONTINUOUS
10
0.4596377952755906
20
0.5204669291338583
11
0.4596375590551181
21
0.520465905511811
0
LINE
8
BLACK
6
CONTINUOUS
10
0.4596375590551181
20
0.520465905511811
11
0.4596377952755906
21
0.5204638188976378
0
LINE
8
BLACK
6
CONTINUOUS
10
0.4596377952755906
20
0.5204638188976378
11
0.4596377952755906
21
0.4840464960629921
0
LINE
8
BLACK
6
CONTINUOUS
10
0.4596377952755906
20
0.4840464960629921
11
0.4679336220472441
21
0.4840464960629921
0
LINE
8
BLACK
6
CONTINUOUS
10
0.4679336220472441
20
0.4840464960629921
11
0.4685096850393701
21
0.4839897637795276
0
LINE
8
BLACK
6
CONTINUOUS
10
0.4685096850393701
20
0.4839897637795276
11
0.469574094488189
21
0.4835488582677165
0
LINE
8
BLACK
6
CONTINUOUS
10
0.469574094488189
20
0.4835488582677165
11
0.4703887401574803
21
0.4827342125984252
0
LINE
8
BLACK
6
CONTINUOUS
10
0.4703887401574803
20
0.4827342125984252
11
0.4708296456692913
21
0.4816698031496063
0
LINE
8
BLACK
6
CONTINUOUS
10
0.4708296456692913
20
0.4816698031496063
11
0.4708296456692913
21
0.4805176771653543
0
LINE
8
BLACK
6
CONTINUOUS
10
0.4708296456692913
20
0.4805176771653543
11
0.4703887401574803
21
0.4794532677165354
0
LINE
8
BLACK
6
CONTINUOUS
10
0.4703887401574803
20
0.4794532677165354
11
0.469574094488189
21
0.4786386220472441
0
LINE
8
BLACK
6
CONTINUOUS
10
0.469574094488189
20
0.4786386220472441
11
0.4685096850393701
21
0.4781977165354331
0
LINE
8
BLACK
6
CONTINUOUS
10
0.4685096850393701
20
0.4781977165354331
11
0.4679336220472441
21
0.4781409842519685
0
LINE
8
BLACK
6
CONTINUOUS
10
0.4679336220472441
20
0.4781409842519685
11
0.4454364566929134
21
0.4781409842519685
0
LINE
8
BLACK
6
CONTINUOUS
10
0.4454364566929134
20
0.4781409842519685
11
0.4448603937007874
21
0.4781977165354331
0
LINE
8
BLACK
6
CONTINUOUS
10
0.4448603937007874
20
0.4781977165354331
11
0.4437959842519685
21
0.4786386220472441
0
LINE
8
BLACK
6
CONTINUOUS
10
0.4437959842519685
20
0.4786386220472441
11
0.4429813385826771
21
0.4794532677165354
0
LINE
8
BLACK
6
CONTINUOUS
10
0.4429813385826771
20
0.4794532677165354
11
0.4425404330708662
21
0.4805176771653543
0
LINE
8
BLACK
6
CONTINUOUS
10
0.4425404330708662
20
0.4805176771653543
11
0.4425404330708662
21
0.4816698031496063
0
LINE
8
BLACK
6
CONTINUOUS
10
0.4425404330708662
20
0.4816698031496063
11
0.4429813385826771
21
0.4827342125984252
0
LINE
8
BLACK
6
CONTINUOUS
10
0.4429813385826771
20
0.4827342125984252
11
0.4437959842519685
21
0.4835488582677165
0
LINE
8
BLACK
6
CONTINUOUS
10
0.4437959842519685
20
0.4835488582677165
11
0.4448603937007874
21
0.4839897637795276
0
LINE
8
BLACK
6
CONTINUOUS
10
0.4448603937007874
20
0.4839897637795276
11
0.4454364566929134
21
0.4840464960629921
0
LINE
8
BLACK
6
CONTINUOUS
10
0.4454364566929134
20
0.4840464960629921
11
0.4537322834645669
21
0.4840464960629921
0
LINE
8
BLACK
6
CONTINUOUS
10
0.4537322834645669
20
0.4840464960629921
11
0.4537322834645669
21
0.5114604724409448
0
LINE
8
BLACK
6
CONTINUOUS
10
0.4537322834645669
20
0.5114604724409448
11
0.4512738976377952
21
0.5090020866141732
0
LINE
8
BLACK
6
CONTINUOUS
10
0.4512738976377952
20
0.5090020866141732
11
0.4510475196850394
21
0.5088163385826772
0
LINE
8
BLACK
6
CONTINUOUS
10
0.4510475196850394
20
0.5088163385826772
11
0.4509963779527559
21
0.5087573228346457
0
LINE
8
BLACK
6
CONTINUOUS
10
0.4509963779527559
20
0.5087573228346457
11
0.4509074015748031
21
0.5087013779527559
0
LINE
8
BLACK
6
CONTINUOUS
10
0.4509074015748031
20
0.5087013779527559
11
0.4508264566929134
21
0.5086348818897638
0
LINE
8
BLACK
6
CONTINUOUS
10
0.4508264566929134
20
0.5086348818897638
11
0.4507544881889763
21
0.5086050787401575
0
LINE
8
BLACK
6
CONTINUOUS
10
0.4507544881889763
20
0.5086050787401575
11
0.4505064960629921
21
0.5084489763779527
0
LINE
8
BLACK
6
CONTINUOUS
10
0.4505064960629921
20
0.5084489763779527
11
0.446756968503937
21
0.5065742125984252
0
LINE
8
BLACK
6
CONTINUOUS
10
0.446756968503937
20
0.5065742125984252
11
0.4462163385826772
21
0.5063673228346457
0
LINE
8
BLACK
6
CONTINUOUS
10
0.4462163385826772
20
0.5063673228346457
11
0.445067125984252
21
0.5062856692913386
0
LINE
8
BLACK
6
CONTINUOUS
10
0.445067125984252
20
0.5062856692913386
11
0.4439741732283464
21
0.5066499999999999
0
LINE
8
BLACK
6
CONTINUOUS
10
0.4439741732283464
20
0.5066499999999999
11
0.443103779527559
21
0.507404842519685
0
LINE
8
BLACK
6
CONTINUOUS
10
0.443103779527559
20
0.507404842519685
11
0.4425885433070866
21
0.5084353543307086
0
LINE
8
BLACK
6
CONTINUOUS
10
0.4425885433070866
20
0.5084353543307086
11
0.4425068897637795
21
0.5095845669291339
0
LINE
8
BLACK
6
CONTINUOUS
10
0.4425068897637795
20
0.5095845669291339
11
0.4428712204724409
21
0.5106775196850394
0
LINE
8
BLACK
6
CONTINUOUS
10
0.4428712204724409
20
0.5106775196850394
11
0.443626062992126
21
0.5115479133858267
0
LINE
8
BLACK
6
CONTINUOUS
10
0.443626062992126
20
0.5115479133858267
11
0.4441159448818898
21
0.5118562598425197
0
LINE
8
BLACK
6
CONTINUOUS
10
0.4441159448818898
20
0.5118562598425197
11
0.4474368897637795
21
0.5135167322834645
0
LINE
8
BLACK
6
CONTINUOUS
10
0.4474368897637795
20
0.5135167322834645
11
0.4506407874015748
21
0.5167206299212598
0
LINE
8
BLACK
6
CONTINUOUS
10
0.4506407874015748
20
0.5167206299212598
11
0.454228188976378
21
0.5221017322834646
0
LINE
8
BLACK
6
CONTINUOUS
10
0.454228188976378
20
0.5221017322834646
11
0.4542295275590551
21
0.5221034251968504
0
LINE
8
BLACK
6
CONTINUOUS
10
0.4542295275590551
20
0.5221034251968504
11
0.4542299212598425
21
0.5221042913385827
0
LINE
8
BLACK
6
CONTINUOUS
10
0.4542299212598425
20
0.5221042913385827
11
0.4542319291338582
21
0.5221063385826772
0
LINE
8
BLACK
6
CONTINUOUS
10
0.4542319291338582
20
0.5221063385826772
11
0.4545949606299213
21
0.5225495669291339
0
LINE
8
BLACK
6
CONTINUOUS
10
0.4545949606299213
20
0.5225495669291339
11
0.4548378346456693
21
0.5227122440944881
0
LINE
8
BLACK
6
CONTINUOUS
10
0.4548378346456693
20
0.5227122440944881
11
0.4550445669291339
21
0.522918937007874
0
LINE
8
BLACK
6
CONTINUOUS
10
0.4550445669291339
20
0.522918937007874
11
0.4553118503937008
21
0.5230296850393701
0
LINE
8
BLACK
6
CONTINUOUS
10
0.4553118503937008
20
0.5230296850393701
11
0.4555522440944882
21
0.5231906299212599
0
LINE
8
BLACK
6
CONTINUOUS
10
0.4555522440944882
20
0.5231906299212599
11
0.4558388582677165
21
0.5232479921259843
0
LINE
8
BLACK
6
CONTINUOUS
10
0.4558388582677165
20
0.5232479921259843
11
0.4561089763779527
21
0.523359842519685
0
LINE
8
BLACK
6
CONTINUOUS
10
0.4561089763779527
20
0.523359842519685
11
0.4563982677165354
21
0.523359842519685
0
LINE
8
BLACK
6
CONTINUOUS
10
0.4563982677165354
20
0.523359842519685
11
0.4566819291338582
21
0.5234165748031496
0
LINE
8
BLACK
6
CONTINUOUS
10
0.4566819291338582
20
0.5234165748031496
11
0.4569687007874015
21
0.523359842519685
0
LINE
8
BLACK
6
CONTINUOUS
10
0.0325170866141732
20
0.528918937007874
11
0.0333317322834646
21
0.5281042913385826
0
LINE
8
BLACK
6
CONTINUOUS
10
0.0333317322834646
20
0.5281042913385826
11
0.0337726377952756
21
0.5270398818897638
0
LINE
8
BLACK
6
CONTINUOUS
10
0.0337726377952756
20
0.5270398818897638
11
0.0338293700787402
21
0.5264638188976378
0
LINE
8
BLACK
6
CONTINUOUS
10
0.0338293700787402
20
0.5264638188976378
11
0.0338293700787402
21
0.4983423622047244
0
LINE
8
BLACK
6
CONTINUOUS
10
0.0338293700787402
20
0.4983423622047244
11
0.0338006299212598
21
0.4980507874015748
0
LINE
8
BLACK
6
CONTINUOUS
10
0.0338006299212598
20
0.4980507874015748
11
0.0338061811023622
21
0.497973031496063
0
LINE
8
BLACK
6
CONTINUOUS
10
0.0338061811023622
20
0.497973031496063
11
0.0337829133858268
21
0.4978707874015748
0
LINE
8
BLACK
6
CONTINUOUS
10
0.0337829133858268
20
0.4978707874015748
11
0.0337726377952756
21
0.4977662992125984
0
LINE
8
BLACK
6
CONTINUOUS
10
0.0337726377952756
20
0.4977662992125984
11
0.0337427559055118
21
0.4976942519685039
0
LINE
8
BLACK
6
CONTINUOUS
10
0.0337427559055118
20
0.4976942519685039
11
0.0336778346456693
21
0.4974085826771654
0
LINE
8
BLACK
6
CONTINUOUS
10
0.0336778346456693
20
0.4974085826771654
11
0.0318030708661417
21
0.4917843307086614
0
LINE
8
BLACK
6
CONTINUOUS
10
0.0318030708661417
20
0.4917843307086614
11
0.0315670866141732
21
0.4912557480314961
0
LINE
8
BLACK
6
CONTINUOUS
10
0.0315670866141732
20
0.4912557480314961
11
0.0314975590551181
21
0.4911756299212598
0
LINE
8
BLACK
6
CONTINUOUS
10
0.0314975590551181
20
0.4911756299212598
11
0.0314570078740158
21
0.4910776377952756
0
LINE
8
BLACK
6
CONTINUOUS
10
0.0314570078740158
20
0.4910776377952756
11
0.0310898031496063
21
0.4906301968503937
0
LINE
8
BLACK
6
CONTINUOUS
10
0.0310898031496063
20
0.4906301968503937
11
0.0273402362204724
21
0.4868805905511811
0
LINE
8
BLACK
6
CONTINUOUS
10
0.0273402362204724
20
0.4868805905511811
11
0.0268927952755906
21
0.4865133858267716
0
LINE
8
BLACK
6
CONTINUOUS
10
0.0268927952755906
20
0.4865133858267716
11
0.0267947244094488
21
0.4864727952755906
0
LINE
8
BLACK
6
CONTINUOUS
10
0.0267947244094488
20
0.4864727952755906
11
0.0267146062992126
21
0.4864032677165354
0
LINE
8
BLACK
6
CONTINUOUS
10
0.0267146062992126
20
0.4864032677165354
11
0.026186062992126
21
0.4861672834645669
0
LINE
8
BLACK
6
CONTINUOUS
10
0.026186062992126
20
0.4861672834645669
11
0.0205617716535433
21
0.4842925196850393
0
LINE
8
BLACK
6
CONTINUOUS
10
0.0205617716535433
20
0.4842925196850393
11
0.0202761811023622
21
0.4842275984251969
0
LINE
8
BLACK
6
CONTINUOUS
10
0.0202761811023622
20
0.4842275984251969
11
0.020204094488189
21
0.4841977165354331
0
LINE
8
BLACK
6
CONTINUOUS
10
0.020204094488189
20
0.4841977165354331
11
0.0200995669291339
21
0.4841874409448819
0
LINE
8
BLACK
6
CONTINUOUS
10
0.0200995669291339
20
0.4841874409448819
11
0.0199973228346457
21
0.4841641732283464
0
LINE
8
BLACK
6
CONTINUOUS
10
0.0199973228346457
20
0.4841641732283464
11
0.0199195669291339
21
0.4841697244094488
0
LINE
8
BLACK
6
CONTINUOUS
10
0.0199195669291339
20
0.4841697244094488
11
0.019628031496063
21
0.4841409842519685
0
LINE
8
BLACK
6
CONTINUOUS
10
0.019628031496063
20
0.4841409842519685
11
0.0158785039370079
21
0.4841409842519685
0
LINE
8
BLACK
6
CONTINUOUS
10
0.0158785039370079
20
0.4841409842519685
11
0.0153024409448819
21
0.4841977165354331
0
LINE
8
BLACK
6
CONTINUOUS
10
0.0153024409448819
20
0.4841977165354331
11
0.014238031496063
21
0.4846386220472441
0
LINE
8
BLACK
6
CONTINUOUS
10
0.014238031496063
20
0.4846386220472441
11
0.0134233858267717
21
0.4854532677165354
0
LINE
8
BLACK
6
CONTINUOUS
10
0.0134233858267717
20
0.4854532677165354
11
0.0129824803149606
21
0.4865176771653543
0
LINE
8
BLACK
6
CONTINUOUS
10
0.0129824803149606
20
0.4865176771653543
11
0.0129824803149606
21
0.4876698031496063
0
LINE
8
BLACK
6
CONTINUOUS
10
0.0129824803149606
20
0.4876698031496063
11
0.0134233858267717
21
0.4887342125984252
0
LINE
8
BLACK
6
CONTINUOUS
10
0.0134233858267717
20
0.4887342125984252
11
0.014238031496063
21
0.4895488582677165
0
LINE
8
BLACK
6
CONTINUOUS
10
0.014238031496063
20
0.4895488582677165
11
0.0153024409448819
21
0.4899897637795275
0
LINE
8
BLACK
6
CONTINUOUS
10
0.0153024409448819
20
0.4899897637795275
11
0.0158785039370079
21
0.4900464960629921
0
LINE
8
BLACK
6
CONTINUOUS
10
0.0158785039370079
20
0.4900464960629921
11
0.0191488976377953
21
0.4900464960629921
0
LINE
8
BLACK
6
CONTINUOUS
10
0.0191488976377953
20
0.4900464960629921
11
0.0236572834645669
21
0.4915493307086614
0
LINE
8
BLACK
6
CONTINUOUS
10
0.0236572834645669
20
0.4915493307086614
11
0.0264210236220472
21
0.4943131102362205
0
LINE
8
BLACK
6
CONTINUOUS
10
0.0264210236220472
20
0.4943131102362205
11
0.0279238582677165
21
0.4988214960629921
0
LINE
8
BLACK
6
CONTINUOUS
10
0.0279238582677165
20
0.4988214960629921
11
0.0279238582677165
21
0.5264638188976378
0
LINE
8
BLACK
6
CONTINUOUS
10
0.0279238582677165
20
0.5264638188976378
11
0.0279805905511811
21
0.5270398818897638
0
LINE
8
BLACK
6
CONTINUOUS
10
0.0279805905511811
20
0.5270398818897638
11
0.0284214960629921
21
0.5281042913385826
0
LINE
8
BLACK
6
CONTINUOUS
10
0.0284214960629921
20
0.5281042913385826
11
0.0292361417322835
21
0.528918937007874
0
LINE
8
BLACK
6
CONTINUOUS
10
0.0292361417322835
20
0.528918937007874
11
0.0303005511811024
21
0.529359842519685
0
LINE
8
BLACK
6
CONTINUOUS
10
0.0303005511811024
20
0.529359842519685
11
0.0314526771653543
21
0.529359842519685
0
LINE
8
BLACK
6
CONTINUOUS
10
0.0314526771653543
20
0.529359842519685
11
0.0325170866141732
21
0.528918937007874
0
LINE
8
BLACK
6
CONTINUOUS
10
0.0633237007874016
20
0.529359842519685
11
0.0634216929133858
21
0.5293192519685039
0
LINE
8
BLACK
6
CONTINUOUS
10
0.0634216929133858
20
0.5293192519685039
11
0.0635275196850394
21
0.5293117322834645
0
LINE
8
BLACK
6
CONTINUOUS
10
0.0635275196850394
20
0.5293117322834645
11
0.0640681496062992
21
0.529104842519685
0
LINE
8
BLACK
6
CONTINUOUS
10
0.0640681496062992
20
0.529104842519685
11
0.0678176771653543
21
0.5272300787401575
0
LINE
8
BLACK
6
CONTINUOUS
10
0.0678176771653543
20
0.5272300787401575
11
0.0680656692913386
21
0.5270740157480315
0
LINE
8
BLACK
6
CONTINUOUS
10
0.0680656692913386
20
0.5270740157480315
11
0.0681376377952756
21
0.5270441732283464
0
LINE
8
BLACK
6
CONTINUOUS
10
0.0681376377952756
20
0.5270441732283464
11
0.0682185826771654
21
0.526977716535433
0
LINE
8
BLACK
6
CONTINUOUS
10
0.0682185826771654
20
0.526977716535433
11
0.0683075590551181
21
0.5269217322834645
0
LINE
8
BLACK
6
CONTINUOUS
10
0.0683075590551181
20
0.5269217322834645
11
0.0683587007874016
21
0.5268627559055118
0
LINE
8
BLACK
6
CONTINUOUS
10
0.0683587007874016
20
0.5268627559055118
11
0.0685850787401575
21
0.526676968503937
0
LINE
8
BLACK
6
CONTINUOUS
10
0.0685850787401575
20
0.526676968503937
11
0.070459842519685
21
0.5248022047244094
0
LINE
8
BLACK
6
CONTINUOUS
10
0.070459842519685
20
0.5248022047244094
11
0.0706455905511811
21
0.5245758661417322
0
LINE
8
BLACK
6
CONTINUOUS
10
0.0706455905511811
20
0.5245758661417322
11
0.0707046062992126
21
0.5245246850393701
0
LINE
8
BLACK
6
CONTINUOUS
10
0.0707046062992126
20
0.5245246850393701
11
0.0707605511811024
21
0.5244357480314961
0
LINE
8
BLACK
6
CONTINUOUS
10
0.0707605511811024
20
0.5244357480314961
11
0.0708270472440945
21
0.5243547637795275
0
LINE
8
BLACK
6
CONTINUOUS
10
0.0708270472440945
20
0.5243547637795275
11
0.0708568503937008
21
0.5242828346456693
0
LINE
8
BLACK
6
CONTINUOUS
10
0.0708568503937008
20
0.5242828346456693
11
0.0710129527559055
21
0.5240348031496063
0
LINE
8
BLACK
6
CONTINUOUS
10
0.0710129527559055
20
0.5240348031496063
11
0.0728877165354331
21
0.5202852755905512
0
LINE
8
BLACK
6
CONTINUOUS
10
0.0728877165354331
20
0.5202852755905512
11
0.0730946062992126
21
0.5197446850393701
0
LINE
8
BLACK
6
CONTINUOUS
10
0.0730946062992126
20
0.5197446850393701
11
0.073102125984252
21
0.5196388188976377
0
LINE
8
BLACK
6
CONTINUOUS
10
0.073102125984252
20
0.5196388188976377
11
0.0731427165354331
21
0.5195408267716536
0
LINE
8
BLACK
6
CONTINUOUS
10
0.0731427165354331
20
0.5195408267716536
11
0.0731994488188976
21
0.5189647637795275
0
LINE
8
BLACK
6
CONTINUOUS
10
0.0731994488188976
20
0.5189647637795275
11
0.0731994488188976
21
0.5152152362204724
0
LINE
8
BLACK
6
CONTINUOUS
10
0.0731994488188976
20
0.5152152362204724
11
0.0731707086614173
21
0.5149236614173228
0
LINE
8
BLACK
6
CONTINUOUS
10
0.0731707086614173
20
0.5149236614173228
11
0.0731762598425197
21
0.514845905511811
0
LINE
8
BLACK
6
CONTINUOUS
10
0.0731762598425197
20
0.514845905511811
11
0.0731529921259843
21
0.5147436614173229
0
LINE
8
BLACK
6
CONTINUOUS
10
0.0731529921259843
20
0.5147436614173229
11
0.0731427165354331
21
0.5146391732283464
0
LINE
8
BLACK
6
CONTINUOUS
10
0.0731427165354331
20
0.5146391732283464
11
0.0731128346456693
21
0.5145671259842519
0
LINE
8
BLACK
6
CONTINUOUS
10
0.0731128346456693
20
0.5145671259842519
11
0.0730479133858268
21
0.5142814566929134
0
LINE
8
BLACK
6
CONTINUOUS
10
0.0730479133858268
20
0.5142814566929134
11
0.0711731496062992
21
0.5086572047244095
0
LINE
8
BLACK
6
CONTINUOUS
10
0.0711731496062992
20
0.5086572047244095
11
0.0709371653543307
21
0.5081286220472441
0
LINE
8
BLACK
6
CONTINUOUS
10
0.0709371653543307
20
0.5081286220472441
11
0.0708676771653543
21
0.5080485433070866
0
LINE
8
BLACK
6
CONTINUOUS
10
0.0708676771653543
20
0.5080485433070866
11
0.0708270866141732
21
0.5079504724409448
0
LINE
8
BLACK
6
CONTINUOUS
10
0.0708270866141732
20
0.5079504724409448
11
0.070459842519685
21
0.507503031496063
0
LINE
8
BLACK
6
CONTINUOUS
10
0.070459842519685
20
0.507503031496063
11
0.0530033464566929
21
0.4900464960629921
0
LINE
8
BLACK
6
CONTINUOUS
10
0.0530033464566929
20
0.4900464960629921
11
0.0702466929133858
21
0.4900464960629921
0
LINE
8
BLACK
6
CONTINUOUS
10
0.0702466929133858
20
0.4900464960629921
11
0.0708227559055118
21
0.4899897637795275
0
LINE
8
BLACK
6
CONTINUOUS
10
0.0708227559055118
20
0.4899897637795275
11
0.0718871653543307
21
0.4895488582677165
0
LINE
8
BLACK
6
CONTINUOUS
10
0.0718871653543307
20
0.4895488582677165
11
0.072701811023622
21
0.4887342125984252
0
LINE
8
BLACK
6
CONTINUOUS
10
0.072701811023622
20
0.4887342125984252
11
0.0731427165354331
21
0.4876698031496063
0
LINE
8
BLACK
6
CONTINUOUS
10
0.0731427165354331
20
0.4876698031496063
11
0.0731427165354331
21
0.4865176771653543
0
LINE
8
BLACK
6
CONTINUOUS
10
0.0731427165354331
20
0.4865176771653543
11
0.072701811023622
21
0.4854532677165354
0
LINE
8
BLACK
6
CONTINUOUS
10
0.072701811023622
20
0.4854532677165354
11
0.0718871653543307
21
0.4846386220472441
0
LINE
8
BLACK
6
CONTINUOUS
10
0.0718871653543307
20
0.4846386220472441
11
0.0708227559055118
21
0.4841977165354331
0
LINE
8
BLACK
6
CONTINUOUS
10
0.0708227559055118
20
0.4841977165354331
11
0.0702466929133858
21
0.4841409842519685
0
LINE
8
BLACK
6
CONTINUOUS
10
0.0702466929133858
20
0.4841409842519685
11
0.0458747637795276
21
0.4841409842519685
0
LINE
8
BLACK
6
CONTINUOUS
10
0.0458747637795276
20
0.4841409842519685
11
0.0452987007874016
21
0.4841977165354331
0
LINE
8
BLACK
6
CONTINUOUS
10
0.0452987007874016
20
0.4841977165354331
11
0.0442342913385827
21
0.4846386220472441
0
LINE
8
BLACK
6
CONTINUOUS
10
0.0442342913385827
20
0.4846386220472441
11
0.0434196456692913
21
0.4854532677165354
0
LINE
8
BLACK
6
CONTINUOUS
10
0.0434196456692913
20
0.4854532677165354
11
0.0429787401574803
21
0.4865176771653543
0
LINE
8
BLACK
6
CONTINUOUS
10
0.0429787401574803
20
0.4865176771653543
11
0.0429787401574803
21
0.4876698031496063
0
LINE
8
BLACK
6
CONTINUOUS
10
0.0429787401574803
20
0.4876698031496063
11
0.0434196456692913
21
0.4887342125984252
0
LINE
8
BLACK
6
CONTINUOUS
10
0.0434196456692913
20
0.4887342125984252
11
0.0437868503937008
21
0.4891816535433071
0
LINE
8
BLACK
6
CONTINUOUS
10
0.0437868503937008
20
0.4891816535433071
11
0.0657911023622047
21
0.5111859842519685
0
LINE
8
BLACK
6
CONTINUOUS
10
0.0657911023622047
20
0.5111859842519685
11
0.067293937007874
21
0.5156943700787402
0
LINE
8
BLACK
6
CONTINUOUS
10
0.067293937007874
20
0.5156943700787402
11
0.067293937007874
21
0.518267716535433
0
LINE
8
BLACK
6
CONTINUOUS
10
0.067293937007874
20
0.518267716535433
11
0.0659451968503937
21
0.5209651968503937
0
LINE
8
BLACK
6
CONTINUOUS
10
0.0659451968503937
20
0.5209651968503937
11
0.0647480708661417
21
0.5221623228346457
0
LINE
8
BLACK
6
CONTINUOUS
10
0.0647480708661417
20
0.5221623228346457
11
0.0620505905511811
21
0.523511062992126
0
LINE
8
BLACK
6
CONTINUOUS
10
0.0620505905511811
20
0.523511062992126
11
0.0540708661417323
21
0.523511062992126
0
LINE
8
BLACK
6
CONTINUOUS
10
0.0540708661417323
20
0.523511062992126
11
0.0513733858267717
21
0.5221623228346457
0
LINE
8
BLACK
6
CONTINUOUS
10
0.0513733858267717
20
0.5221623228346457
11
0.0498374409448819
21
0.5206263779527559
0
LINE
8
BLACK
6
CONTINUOUS
10
0.0498374409448819
20
0.5206263779527559
11
0.04939
21
0.5202591732283465
0
LINE
8
BLACK
6
CONTINUOUS
10
0.04939
20
0.5202591732283465
11
0.0483255511811024
21
0.5198182677165354
0
LINE
8
BLACK
6
CONTINUOUS
10
0.0483255511811024
20
0.5198182677165354
11
0.0471735039370079
21
0.5198182677165354
0
LINE
8
BLACK
6
CONTINUOUS
10
0.0471735039370079
20
0.5198182677165354
11
0.0461090551181102
21
0.5202591732283465
0
LINE
8
BLACK
6
CONTINUOUS
10
0.0461090551181102
20
0.5202591732283465
11
0.0452944094488189
21
0.5210738188976378
0
LINE
8
BLACK
6
CONTINUOUS
10
0.0452944094488189
20
0.5210738188976378
11
0.0448535039370079
21
0.5221382677165354
0
LINE
8
BLACK
6
CONTINUOUS
10
0.0448535039370079
20
0.5221382677165354
11
0.0448535039370079
21
0.5232903149606299
0
LINE
8
BLACK
6
CONTINUOUS
10
0.0448535039370079
20
0.5232903149606299
11
0.0452944094488189
21
0.5243547637795275
0
LINE
8
BLACK
6
CONTINUOUS
10
0.0452944094488189
20
0.5243547637795275
11
0.0456616141732283
21
0.5248022047244094
0
LINE
8
BLACK
6
CONTINUOUS
10
0.0456616141732283
20
0.5248022047244094
11
0.0475363779527559
21
0.526676968503937
0
LINE
8
BLACK
6
CONTINUOUS
10
0.0475363779527559
20
0.526676968503937
11
0.0477627165354331
21
0.5268627559055118
0
LINE
8
BLACK
6
CONTINUOUS
10
0.0477627165354331
20
0.5268627559055118
11
0.0478138976377953
21
0.5269217322834645
0
LINE
8
BLACK
6
CONTINUOUS
10
0.0478138976377953
20
0.5269217322834645
11
0.0479028346456693
21
0.526977716535433
0
LINE
8
BLACK
6
CONTINUOUS
10
0.0479028346456693
20
0.526977716535433
11
0.0479838188976378
21
0.5270441732283464
0
LINE
8
BLACK
6
CONTINUOUS
10
0.0479838188976378
20
0.5270441732283464
11
0.0480557480314961
21
0.5270740157480315
0
LINE
8
BLACK
6
CONTINUOUS
10
0.0480557480314961
20
0.5270740157480315
11
0.0483037795275591
21
0.5272300787401575
0
LINE
8
BLACK
6
CONTINUOUS
10
0.0483037795275591
20
0.5272300787401575
11
0.0520533070866142
21
0.529104842519685
0
LINE
8
BLACK
6
CONTINUOUS
10
0.0520533070866142
20
0.529104842519685
11
0.0525938976377953
21
0.5293117322834645
0
LINE
8
BLACK
6
CONTINUOUS
10
0.0525938976377953
20
0.5293117322834645
11
0.0526997637795276
21
0.5293192913385827
0
LINE
8
BLACK
6
CONTINUOUS
10
0.0526997637795276
20
0.5293192913385827
11
0.0527977559055118
21
0.529359842519685
0
LINE
8
BLACK
6
CONTINUOUS
10
0.0527977559055118
20
0.529359842519685
11
0.0533738188976378
21
0.5294165748031496
0
LINE
8
BLACK
6
CONTINUOUS
10
0.0533738188976378
20
0.5294165748031496
11
0.0627476377952756
21
0.5294165748031496
0
LINE
8
BLACK
6
CONTINUOUS
10
0.0627476377952756
20
0.5294165748031496
11
0.0633237007874016
21
0.529359842519685
0
LINE
8
BLACK
6
CONTINUOUS
10
0.2456064960629921
20
0.562387874015748
11
0.2456842519685039
21
0.5623933858267717
0
LINE
8
BLACK
6
CONTINUOUS
10
0.2456842519685039
20
0.5623933858267717
11
0.2457864960629921
21
0.5623701574803149
0
LINE
8
BLACK
6
CONTINUOUS
10
0.2457864960629921
20
0.5623701574803149
11
0.2458910236220472
21
0.5623598425196851
0
LINE
8
BLACK
6
CONTINUOUS
10
0.2458910236220472
20
0.5623598425196851
11
0.2459631102362205
21
0.56233
0
LINE
8
BLACK
6
CONTINUOUS
10
0.2459631102362205
20
0.56233
11
0.2462487007874016
21
0.5622650393700788
0
LINE
8
BLACK
6
CONTINUOUS
10
0.2462487007874016
20
0.5622650393700788
11
0.2518729921259842
21
0.5603902755905512
0
LINE
8
BLACK
6
CONTINUOUS
10
0.2518729921259842
20
0.5603902755905512
11
0.2524015354330709
21
0.5601542913385826
0
LINE
8
BLACK
6
CONTINUOUS
10
0.2524015354330709
20
0.5601542913385826
11
0.2524816535433071
21
0.5600848031496063
0
LINE
8
BLACK
6
CONTINUOUS
10
0.2524816535433071
20
0.5600848031496063
11
0.2525797244094488
21
0.5600441732283464
0
LINE
8
BLACK
6
CONTINUOUS
10
0.2525797244094488
20
0.5600441732283464
11
0.2530271653543307
21
0.559676968503937
0
LINE
8
BLACK
6
CONTINUOUS
10
0.2530271653543307
20
0.559676968503937
11
0.2567766929133858
21
0.5559274409448819
0
LINE
8
BLACK
6
CONTINUOUS
10
0.2567766929133858
20
0.5559274409448819
11
0.2569625196850394
21
0.555701062992126
0
LINE
8
BLACK
6
CONTINUOUS
10
0.2569625196850394
20
0.555701062992126
11
0.2570214566929134
21
0.5556499212598425
0
LINE
8
BLACK
6
CONTINUOUS
10
0.2570214566929134
20
0.5556499212598425
11
0.2570773228346457
21
0.5555611811023622
0
LINE
8
BLACK
6
CONTINUOUS
10
0.2570773228346457
20
0.5555611811023622
11
0.257143937007874
21
0.55548
0
LINE
8
BLACK
6
CONTINUOUS
10
0.257143937007874
20
0.55548
11
0.257173779527559
21
0.555407874015748
0
LINE
8
BLACK
6
CONTINUOUS
10
0.257173779527559
20
0.555407874015748
11
0.2573298031496063
21
0.5551600393700787
0
LINE
8
BLACK
6
CONTINUOUS
10
0.2573298031496063
20
0.5551600393700787
11
0.2592045669291339
21
0.5514105118110236
0
LINE
8
BLACK
6
CONTINUOUS
10
0.2592045669291339
20
0.5514105118110236
11
0.2592206692913386
21
0.5513684251968504
0
LINE
8
BLACK
6
CONTINUOUS
10
0.2592206692913386
20
0.5513684251968504
11
0.2592333858267716
21
0.5513512598425196
0
LINE
8
BLACK
6
CONTINUOUS
10
0.2592333858267716
20
0.5513512598425196
11
0.2593194488188976
21
0.5511103543307087
0
LINE
8
BLACK
6
CONTINUOUS
10
0.2593194488188976
20
0.5511103543307087
11
0.2594114566929134
21
0.5508699212598425
0
LINE
8
BLACK
6
CONTINUOUS
10
0.2594114566929134
20
0.5508699212598425
11
0.2594129527559055
21
0.5508486614173228
0
LINE
8
BLACK
6
CONTINUOUS
10
0.2594129527559055
20
0.5508486614173228
11
0.2594281496062992
21
0.5508061417322835
0
LINE
8
BLACK
6
CONTINUOUS
10
0.2594281496062992
20
0.5508061417322835
11
0.2613029133858268
21
0.5433070866141733
0
LINE
8
BLACK
6
CONTINUOUS
10
0.2613029133858268
20
0.5433070866141733
11
0.2613176771653543
21
0.5432072440944882
0
LINE
8
BLACK
6
CONTINUOUS
10
0.2613176771653543
20
0.5432072440944882
11
0.2613343307086614
21
0.5431670078740157
0
LINE
8
BLACK
6
CONTINUOUS
10
0.2613343307086614
20
0.5431670078740157
11
0.2613556692913386
21
0.5429499999999999
0
LINE
8
BLACK
6
CONTINUOUS
10
0.2613556692913386
20
0.5429499999999999
11
0.2613875590551181
21
0.5427344881889764
0
LINE
8
BLACK
6
CONTINUOUS
10
0.2613875590551181
20
0.5427344881889764
11
0.2613811417322834
21
0.5426914960629922
0
LINE
8
BLACK
6
CONTINUOUS
10
0.2613811417322834
20
0.5426914960629922
11
0.261391062992126
21
0.5425909448818897
0
LINE
8
BLACK
6
CONTINUOUS
10
0.261391062992126
20
0.5425909448818897
11
0.261391062992126
21
0.5369666535433071
0
LINE
8
BLACK
6
CONTINUOUS
10
0.261391062992126
20
0.5369666535433071
11
0.2613811417322834
21
0.5368661417322834
0
LINE
8
BLACK
6
CONTINUOUS
10
0.2613811417322834
20
0.5368661417322834
11
0.2613875590551181
21
0.5368231102362204
0
LINE
8
BLACK
6
CONTINUOUS
10
0.2613875590551181
20
0.5368231102362204
11
0.2613556692913386
21
0.5366076377952755
0
LINE
8
BLACK
6
CONTINUOUS
10
0.2613556692913386
20
0.5366076377952755
11
0.2613343307086614
21
0.5363905905511811
0
LINE
8
BLACK
6
CONTINUOUS
10
0.2613343307086614
20
0.5363905905511811
11
0.2613176771653543
21
0.5363503937007874
0
LINE
8
BLACK
6
CONTINUOUS
10
0.2613176771653543
20
0.5363503937007874
11
0.2613029133858268
21
0.5362505118110236
0
LINE
8
BLACK
6
CONTINUOUS
10
0.2613029133858268
20
0.5362505118110236
11
0.2594281496062992
21
0.5287514566929133
0
LINE
8
BLACK
6
CONTINUOUS
10
0.2594281496062992
20
0.5287514566929133
11
0.2594129527559055
21
0.5287089763779528
0
LINE
8
BLACK
6
CONTINUOUS
10
0.2594129527559055
20
0.5287089763779528
11
0.2594114566929134
21
0.5286876771653544
0
LINE
8
BLACK
6
CONTINUOUS
10
0.2594114566929134
20
0.5286876771653544
11
0.2593196850393701
21
0.5284479527559055
0
LINE
8
BLACK
6
CONTINUOUS
10
0.2593196850393701
20
0.5284479527559055
11
0.2592333858267716
21
0.5282063385826772
0
LINE
8
BLACK
6
CONTINUOUS
10
0.2592333858267716
20
0.5282063385826772
11
0.2592206692913386
21
0.5281892125984252
0
LINE
8
BLACK
6
CONTINUOUS
10
0.2592206692913386
20
0.5281892125984252
11
0.2592045669291339
21
0.5281470866141732
0
LINE
8
BLACK
6
CONTINUOUS
10
0.2592045669291339
20
0.5281470866141732
11
0.2573298031496063
21
0.5243975590551181
0
LINE
8
BLACK
6
CONTINUOUS
10
0.2573298031496063
20
0.5243975590551181
11
0.2571737401574803
21
0.5241496850393701
0
LINE
8
BLACK
6
CONTINUOUS
10
0.2571737401574803
20
0.5241496850393701
11
0.257143937007874
21
0.5240776377952756
0
LINE
8
BLACK
6
CONTINUOUS
10
0.257143937007874
20
0.5240776377952756
11
0.2570774015748031
21
0.5239966141732283
0
LINE
8
BLACK
6
CONTINUOUS
10
0.2570774015748031
20
0.5239966141732283
11
0.2570214566929134
21
0.5239076771653544
0
LINE
8
BLACK
6
CONTINUOUS
10
0.2570214566929134
20
0.5239076771653544
11
0.2569624409448819
21
0.5238565354330709
0
LINE
8
BLACK
6
CONTINUOUS
10
0.2569624409448819
20
0.5238565354330709
11
0.2567767322834645
21
0.5236301968503937
0
LINE
8
BLACK
6
CONTINUOUS
10
0.2567767322834645
20
0.5236301968503937
11
0.2530271653543307
21
0.5198805905511811
0
LINE
8
BLACK
6
CONTINUOUS
10
0.2530271653543307
20
0.5198805905511811
11
0.2525797244094488
21
0.5195133858267716
0
LINE
8
BLACK
6
CONTINUOUS
10
0.2525797244094488
20
0.5195133858267716
11
0.2524816535433071
21
0.5194727952755905
0
LINE
8
BLACK
6
CONTINUOUS
10
0.2524816535433071
20
0.5194727952755905
11
0.2524015354330709
21
0.5194032677165354
0
LINE
8
BLACK
6
CONTINUOUS
10
0.2524015354330709
20
0.5194032677165354
11
0.2518729921259842
21
0.5191672834645669
0
LINE
8
BLACK
6
CONTINUOUS
10
0.2518729921259842
20
0.5191672834645669
11
0.2462487007874016
21
0.5172925196850393
0
LINE
8
BLACK
6
CONTINUOUS
10
0.2462487007874016
20
0.5172925196850393
11
0.2459631102362205
21
0.5172275984251968
0
LINE
8
BLACK
6
CONTINUOUS
10
0.2459631102362205
20
0.5172275984251968
11
0.2458910236220472
21
0.517197716535433
0
LINE
8
BLACK
6
CONTINUOUS
10
0.2458910236220472
20
0.517197716535433
11
0.2457864960629921
21
0.5171874409448819
0
LINE
8
BLACK
6
CONTINUOUS
10
0.2457864960629921
20
0.5171874409448819
11
0.2456842519685039
21
0.5171641732283464
0
LINE
8
BLACK
6
CONTINUOUS
10
0.2456842519685039
20
0.5171641732283464
11
0.2456064960629921
21
0.5171697244094489
0
LINE
8
BLACK
6
CONTINUOUS
10
0.2456064960629921
20
0.5171697244094489
11
0.2453149606299213
21
0.5171409842519685
0
LINE
8
BLACK
6
CONTINUOUS
10
0.2453149606299213
20
0.5171409842519685
11
0.2359411417322834
21
0.5171409842519685
0
LINE
8
BLACK
6
CONTINUOUS
10
0.2359411417322834
20
0.5171409842519685
11
0.2353650787401575
21
0.517197716535433
0
LINE
8
BLACK
6
CONTINUOUS
10
0.2353650787401575
20
0.517197716535433
11
0.2343006692913386
21
0.5176386220472441
0
LINE
8
BLACK
6
CONTINUOUS
10
0.2343006692913386
20
0.5176386220472441
11
0.2334860236220472
21
0.5184532677165354
0
LINE
8
BLACK
6
CONTINUOUS
10
0.2334860236220472
20
0.5184532677165354
11
0.2330451181102362
21
0.5195176771653544
0
LINE
8
BLACK
6
CONTINUOUS
10
0.2330451181102362
20
0.5195176771653544
11
0.2329883858267716
21
0.5200937401574803
0
LINE
8
BLACK
6
CONTINUOUS
10
0.2329883858267716
20
0.5200937401574803
11
0.2329883858267716
21
0.5594638188976377
0
LINE
8
BLACK
6
CONTINUOUS
10
0.2329883858267716
20
0.5594638188976377
11
0.2330451181102362
21
0.5600398818897637
0
LINE
8
BLACK
6
CONTINUOUS
10
0.2330451181102362
20
0.5600398818897637
11
0.2334860236220472
21
0.5611042913385826
0
LINE
8
BLACK
6
CONTINUOUS
10
0.2334860236220472
20
0.5611042913385826
11
0.2343006692913386
21
0.561918937007874
0
LINE
8
BLACK
6
CONTINUOUS
10
0.2343006692913386
20
0.561918937007874
11
0.2353650787401575
21
0.5623598425196851
0
LINE
8
BLACK
6
CONTINUOUS
10
0.2353650787401575
20
0.5623598425196851
11
0.2359411417322834
21
0.5624165748031495
0
LINE
8
BLACK
6
CONTINUOUS
10
0.2359411417322834
20
0.5624165748031495
11
0.2453149606299213
21
0.5624165748031495
0
LINE
8
BLACK
6
CONTINUOUS
10
0.2453149606299213
20
0.5624165748031495
11
0.2456064960629921
21
0.562387874015748
0
LINE
8
BLACK
6
CONTINUOUS
10
0.2388938976377953
20
0.5230464960629921
11
0.2448358267716535
21
0.5230464960629921
0
LINE
8
BLACK
6
CONTINUOUS
10
0.2448358267716535
20
0.5230464960629921
11
0.2493442125984252
21
0.5245493307086614
0
LINE
8
BLACK
6
CONTINUOUS
10
0.2493442125984252
20
0.5245493307086614
11
0.2522620078740158
21
0.5274671653543307
0
LINE
8
BLACK
6
CONTINUOUS
10
0.2522620078740158
20
0.5274671653543307
11
0.2537775196850394
21
0.5304981496062992
0
LINE
8
BLACK
6
CONTINUOUS
10
0.2537775196850394
20
0.5304981496062992
11
0.2554855511811023
21
0.5373301968503937
0
LINE
8
BLACK
6
CONTINUOUS
10
0.2554855511811023
20
0.5373301968503937
11
0.2554855511811023
21
0.5422274015748031
0
LINE
8
BLACK
6
CONTINUOUS
10
0.2554855511811023
20
0.5422274015748031
11
0.2537775196850394
21
0.5490594488188977
0
LINE
8
BLACK
6
CONTINUOUS
10
0.2537775196850394
20
0.5490594488188977
11
0.2522620472440945
21
0.5520904330708661
0
LINE
8
BLACK
6
CONTINUOUS
10
0.2522620472440945
20
0.5520904330708661
11
0.2493442125984252
21
0.5550082677165354
0
LINE
8
BLACK
6
CONTINUOUS
10
0.2493442125984252
20
0.5550082677165354
11
0.2448358267716535
21
0.5565110629921259
0
LINE
8
BLACK
6
CONTINUOUS
10
0.2448358267716535
20
0.5565110629921259
11
0.2388938976377953
21
0.5565110629921259
0
LINE
8
BLACK
6
CONTINUOUS
10
0.2388938976377953
20
0.5565110629921259
11
0.2388938976377953
21
0.5230464960629921
0
LINE
8
BLACK
6
CONTINUOUS
10
0.2849687007874016
20
0.5623598425196851
11
0.2852611023622047
21
0.5623598425196851
0
LINE
8
BLACK
6
CONTINUOUS
10
0.2852611023622047
20
0.5623598425196851
11
0.2855283464566929
21
0.5622491338582677
0
LINE
8
BLACK
6
CONTINUOUS
10
0.2855283464566929
20
0.5622491338582677
11
0.2858121653543307
21
0.5621929921259843
0
LINE
8
BLACK
6
CONTINUOUS
10
0.2858121653543307
20
0.5621929921259843
11
0.2860554330708661
21
0.5620308267716535
0
LINE
8
BLACK
6
CONTINUOUS
10
0.2860554330708661
20
0.5620308267716535
11
0.2863255118110236
21
0.561918937007874
0
LINE
8
BLACK
6
CONTINUOUS
10
0.2863255118110236
20
0.561918937007874
11
0.2865299606299213
21
0.5617144881889764
0
LINE
8
BLACK
6
CONTINUOUS
10
0.2865299606299213
20
0.5617144881889764
11
0.2867707874015748
21
0.561553937007874
0
LINE
8
BLACK
6
CONTINUOUS
10
0.2867707874015748
20
0.561553937007874
11
0.2869335039370079
21
0.5613109448818897
0
LINE
8
BLACK
6
CONTINUOUS
10
0.2869335039370079
20
0.5613109448818897
11
0.287140157480315
21
0.5611042913385826
0
LINE
8
BLACK
6
CONTINUOUS
10
0.287140157480315
20
0.5611042913385826
11
0.2872508267716535
21
0.5608370866141732
0
LINE
8
BLACK
6
CONTINUOUS
10
0.2872508267716535
20
0.5608370866141732
11
0.2874118503937008
21
0.5605966535433071
0
LINE
8
BLACK
6
CONTINUOUS
10
0.2874118503937008
20
0.5605966535433071
11
0.2874691732283465
21
0.56031
0
LINE
8
BLACK
6
CONTINUOUS
10
0.2874691732283465
20
0.56031
11
0.287581062992126
21
0.5600398818897637
0
LINE
8
BLACK
6
CONTINUOUS
10
0.287581062992126
20
0.5600398818897637
11
0.2876371653543307
21
0.5594699606299213
0
LINE
8
BLACK
6
CONTINUOUS
10
0.2876371653543307
20
0.5594699606299213
11
0.2876377952755905
21
0.5594669291338582
0
LINE
8
BLACK
6
CONTINUOUS
10
0.2876377952755905
20
0.5594669291338582
11
0.2876375590551181
21
0.559465905511811
0
LINE
8
BLACK
6
CONTINUOUS
10
0.2876375590551181
20
0.559465905511811
11
0.2876377952755905
21
0.5594638188976377
0
LINE
8
BLACK
6
CONTINUOUS
10
0.2876377952755905
20
0.5594638188976377
11
0.2876377952755905
21
0.5230464960629921
0
LINE
8
BLACK
6
CONTINUOUS
10
0.2876377952755905
20
0.5230464960629921
11
0.2959336220472441
21
0.5230464960629921
0
LINE
8
BLACK
6
CONTINUOUS
10
0.2959336220472441
20
0.5230464960629921
11
0.2965096850393701
21
0.5229897637795276
0
LINE
8
BLACK
6
CONTINUOUS
10
0.2965096850393701
20
0.5229897637795276
11
0.2975740944881889
21
0.5225488582677166
0
LINE
8
BLACK
6
CONTINUOUS
10
0.2975740944881889
20
0.5225488582677166
11
0.2983887401574803
21
0.5217342125984252
0
LINE
8
BLACK
6
CONTINUOUS
10
0.2983887401574803
20
0.5217342125984252
11
0.2988296456692913
21
0.5206698031496063
0
LINE
8
BLACK
6
CONTINUOUS
10
0.2988296456692913
20
0.5206698031496063
11
0.2988296456692913
21
0.5195176771653544
0
LINE
8
BLACK
6
CONTINUOUS
10
0.2988296456692913
20
0.5195176771653544
11
0.2983887401574803
21
0.5184532677165354
0
LINE
8
BLACK
6
CONTINUOUS
10
0.2983887401574803
20
0.5184532677165354
11
0.2975740944881889
21
0.5176386220472441
0
LINE
8
BLACK
6
CONTINUOUS
10
0.2975740944881889
20
0.5176386220472441
11
0.2965096850393701
21
0.517197716535433
0
LINE
8
BLACK
6
CONTINUOUS
10
0.2965096850393701
20
0.517197716535433
11
0.2959336220472441
21
0.5171409842519685
0
LINE
8
BLACK
6
CONTINUOUS
10
0.2959336220472441
20
0.5171409842519685
11
0.2734364566929134
21
0.5171409842519685
0
LINE
8
BLACK
6
CONTINUOUS
10
0.2734364566929134
20
0.5171409842519685
11
0.2728603937007874
21
0.517197716535433
0
LINE
8
BLACK
6
CONTINUOUS
10
0.2728603937007874
20
0.517197716535433
11
0.2717959842519685
21
0.5176386220472441
0
LINE
8
BLACK
6
CONTINUOUS
10
0.2717959842519685
20
0.5176386220472441
11
0.2709813385826771
21
0.5184532677165354
0
LINE
8
BLACK
6
CONTINUOUS
10
0.2709813385826771
20
0.5184532677165354
11
0.2705404330708661
21
0.5195176771653544
0
LINE
8
BLACK
6
CONTINUOUS
10
0.2705404330708661
20
0.5195176771653544
11
0.2705404330708661
21
0.5206698031496063
0
LINE
8
BLACK
6
CONTINUOUS
10
0.2705404330708661
20
0.5206698031496063
11
0.2709813385826771
21
0.5217342125984252
0
LINE
8
BLACK
6
CONTINUOUS
10
0.2709813385826771
20
0.5217342125984252
11
0.2717959842519685
21
0.5225488582677166
0
LINE
8
BLACK
6
CONTINUOUS
10
0.2717959842519685
20
0.5225488582677166
11
0.2728603937007874
21
0.5229897637795276
0
LINE
8
BLACK
6
CONTINUOUS
10
0.2728603937007874
20
0.5229897637795276
11
0.2734364566929134
21
0.5230464960629921
0
LINE
8
BLACK
6
CONTINUOUS
10
0.2734364566929134
20
0.5230464960629921
11
0.2817322834645669
21
0.5230464960629921
0
LINE
8
BLACK
6
CONTINUOUS
10
0.2817322834645669
20
0.5230464960629921
11
0.2817322834645669
21
0.5504604724409449
0
LINE
8
BLACK
6
CONTINUOUS
10
0.2817322834645669
20
0.5504604724409449
11
0.2792738976377953
21
0.5480020866141733
0
LINE
8
BLACK
6
CONTINUOUS
10
0.2792738976377953
20
0.5480020866141733
11
0.2790475196850394
21
0.5478163385826772
0
LINE
8
BLACK
6
CONTINUOUS
10
0.2790475196850394
20
0.5478163385826772
11
0.2789963779527559
21
0.5477573228346456
0
LINE
8
BLACK
6
CONTINUOUS
10
0.2789963779527559
20
0.5477573228346456
11
0.2789074015748031
21
0.5477013779527559
0
LINE
8
BLACK
6
CONTINUOUS
10
0.2789074015748031
20
0.5477013779527559
11
0.2788264566929134
21
0.5476348818897637
0
LINE
8
BLACK
6
CONTINUOUS
10
0.2788264566929134
20
0.5476348818897637
11
0.2787544881889764
21
0.5476050787401575
0
LINE
8
BLACK
6
CONTINUOUS
10
0.2787544881889764
20
0.5476050787401575
11
0.2785064960629921
21
0.5474489763779528
0
LINE
8
BLACK
6
CONTINUOUS
10
0.2785064960629921
20
0.5474489763779528
11
0.274756968503937
21
0.5455742125984252
0
LINE
8
BLACK
6
CONTINUOUS
10
0.274756968503937
20
0.5455742125984252
11
0.2742163385826771
21
0.5453673228346456
0
LINE
8
BLACK
6
CONTINUOUS
10
0.2742163385826771
20
0.5453673228346456
11
0.273067125984252
21
0.5452856692913386
0
LINE
8
BLACK
6
CONTINUOUS
10
0.273067125984252
20
0.5452856692913386
11
0.2719741732283464
21
0.54565
0
LINE
8
BLACK
6
CONTINUOUS
10
0.2719741732283464
20
0.54565
11
0.271103779527559
21
0.546404842519685
0
LINE
8
BLACK
6
CONTINUOUS
10
0.271103779527559
20
0.546404842519685
11
0.2705885433070866
21
0.5474353543307087
0
LINE
8
BLACK
6
CONTINUOUS
10
0.2705885433070866
20
0.5474353543307087
11
0.2705068897637795
21
0.5485845669291338
0
LINE
8
BLACK
6
CONTINUOUS
10
0.2705068897637795
20
0.5485845669291338
11
0.2708712204724409
21
0.5496775196850393
0
LINE
8
BLACK
6
CONTINUOUS
10
0.2708712204724409
20
0.5496775196850393
11
0.271626062992126
21
0.5505479133858268
0
LINE
8
BLACK
6
CONTINUOUS
10
0.271626062992126
20
0.5505479133858268
11
0.2721159448818898
21
0.5508562598425196
0
LINE
8
BLACK
6
CONTINUOUS
10
0.2721159448818898
20
0.5508562598425196
11
0.2754368897637795
21
0.5525167322834645
0
LINE
8
BLACK
6
CONTINUOUS
10
0.2754368897637795
20
0.5525167322834645
11
0.2786407874015748
21
0.5557206299212598
0
LINE
8
BLACK
6
CONTINUOUS
10
0.2786407874015748
20
0.5557206299212598
11
0.282228188976378
21
0.5611017322834646
0
LINE
8
BLACK
6
CONTINUOUS
10
0.282228188976378
20
0.5611017322834646
11
0.2822295275590551
21
0.5611034251968504
0
LINE
8
BLACK
6
CONTINUOUS
10
0.2822295275590551
20
0.5611034251968504
11
0.2822299212598425
21
0.5611042913385826
0
LINE
8
BLACK
6
CONTINUOUS
10
0.2822299212598425
20
0.5611042913385826
11
0.2822319291338583
21
0.5611063385826771
0
LINE
8
BLACK
6
CONTINUOUS
10
0.2822319291338583
20
0.5611063385826771
11
0.2825949606299212
21
0.5615495669291338
0
LINE
8
BLACK
6
CONTINUOUS
10
0.2825949606299212
20
0.5615495669291338
11
0.2828378346456693
21
0.5617122440944882
0
LINE
8
BLACK
6
CONTINUOUS
10
0.2828378346456693
20
0.5617122440944882
11
0.2830445669291339
21
0.561918937007874
0
LINE
8
BLACK
6
CONTINUOUS
10
0.2830445669291339
20
0.561918937007874
11
0.2833118503937008
21
0.5620296850393701
0
LINE
8
BLACK
6
CONTINUOUS
10
0.2833118503937008
20
0.5620296850393701
11
0.2835522440944882
21
0.5621906299212598
0
LINE
8
BLACK
6
CONTINUOUS
10
0.2835522440944882
20
0.5621906299212598
11
0.2838388582677165
21
0.5622479921259842
0
LINE
8
BLACK
6
CONTINUOUS
10
0.2838388582677165
20
0.5622479921259842
11
0.2841089763779527
21
0.5623598425196851
0
LINE
8
BLACK
6
CONTINUOUS
10
0.2841089763779527
20
0.5623598425196851
11
0.2843982677165354
21
0.5623598425196851
0
LINE
8
BLACK
6
CONTINUOUS
10
0.2843982677165354
20
0.5623598425196851
11
0.2846819291338583
21
0.5624165748031495
0
LINE
8
BLACK
6
CONTINUOUS
10
0.2846819291338583
20
0.5624165748031495
11
0.2849687007874016
21
0.5623598425196851
0
LINE
8
BLACK
6
CONTINUOUS
10
0.8050106299212598
20
0.5633598425196851
11
0.8051086220472441
21
0.563319251968504
0
LINE
8
BLACK
6
CONTINUOUS
10
0.8051086220472441
20
0.563319251968504
11
0.8052144488188976
21
0.5633117322834645
0
LINE
8
BLACK
6
CONTINUOUS
10
0.8052144488188976
20
0.5633117322834645
11
0.8057550787401575
21
0.5631048425196851
0
LINE
8
BLACK
6
CONTINUOUS
10
0.8057550787401575
20
0.5631048425196851
11
0.8095046062992126
21
0.5612300787401575
0
LINE
8
BLACK
6
CONTINUOUS
10
0.8095046062992126
20
0.5612300787401575
11
0.8097525984251969
21
0.5610740157480315
0
LINE
8
BLACK
6
CONTINUOUS
10
0.8097525984251969
20
0.5610740157480315
11
0.8098245669291338
21
0.5610441732283464
0
LINE
8
BLACK
6
CONTINUOUS
10
0.8098245669291338
20
0.5610441732283464
11
0.8099055118110235
21
0.560977716535433
0
LINE
8
BLACK
6
CONTINUOUS
10
0.8099055118110235
20
0.560977716535433
11
0.8099944881889763
21
0.5609217322834645
0
LINE
8
BLACK
6
CONTINUOUS
10
0.8099944881889763
20
0.5609217322834645
11
0.8100456299212598
21
0.5608627559055118
0
LINE
8
BLACK
6
CONTINUOUS
10
0.8100456299212598
20
0.5608627559055118
11
0.8102720078740158
21
0.560676968503937
0
LINE
8
BLACK
6
CONTINUOUS
10
0.8102720078740158
20
0.560676968503937
11
0.8121467716535433
21
0.5588022047244094
0
LINE
8
BLACK
6
CONTINUOUS
10
0.8121467716535433
20
0.5588022047244094
11
0.8123325196850394
21
0.5585758661417323
0
LINE
8
BLACK
6
CONTINUOUS
10
0.8123325196850394
20
0.5585758661417323
11
0.8123915354330709
21
0.55852468503937
0
LINE
8
BLACK
6
CONTINUOUS
10
0.8123915354330709
20
0.55852468503937
11
0.8124474803149606
21
0.5584357480314961
0
LINE
8
BLACK
6
CONTINUOUS
10
0.8124474803149606
20
0.5584357480314961
11
0.8125139763779528
21
0.5583547637795275
0
LINE
8
BLACK
6
CONTINUOUS
10
0.8125139763779528
20
0.5583547637795275
11
0.8125437795275591
21
0.5582828346456693
0
LINE
8
BLACK
6
CONTINUOUS
10
0.8125437795275591
20
0.5582828346456693
11
0.8126998818897637
21
0.5580348031496063
0
LINE
8
BLACK
6
CONTINUOUS
10
0.8126998818897637
20
0.5580348031496063
11
0.8145746456692913
21
0.5542852755905512
0
LINE
8
BLACK
6
CONTINUOUS
10
0.8145746456692913
20
0.5542852755905512
11
0.8147815354330709
21
0.55374468503937
0
LINE
8
BLACK
6
CONTINUOUS
10
0.8147815354330709
20
0.55374468503937
11
0.8147890551181102
21
0.5536388188976378
0
LINE
8
BLACK
6
CONTINUOUS
10
0.8147890551181102
20
0.5536388188976378
11
0.8148296456692913
21
0.5535408267716535
0
LINE
8
BLACK
6
CONTINUOUS
10
0.8148296456692913
20
0.5535408267716535
11
0.8148863779527559
21
0.5529647637795275
0
LINE
8
BLACK
6
CONTINUOUS
10
0.8148863779527559
20
0.5529647637795275
11
0.8148863779527559
21
0.5492152362204724
0
LINE
8
BLACK
6
CONTINUOUS
10
0.8148863779527559
20
0.5492152362204724
11
0.8148576377952755
21
0.5489236614173229
0
LINE
8
BLACK
6
CONTINUOUS
10
0.8148576377952755
20
0.5489236614173229
11
0.8148631889763779
21
0.548845905511811
0
LINE
8
BLACK
6
CONTINUOUS
10
0.8148631889763779
20
0.548845905511811
11
0.8148399212598425
21
0.5487436614173228
0
LINE
8
BLACK
6
CONTINUOUS
10
0.8148399212598425
20
0.5487436614173228
11
0.8148296456692913
21
0.5486391732283464
0
LINE
8
BLACK
6
CONTINUOUS
10
0.8148296456692913
20
0.5486391732283464
11
0.8147997637795276
21
0.5485671259842519
0
LINE
8
BLACK
6
CONTINUOUS
10
0.8147997637795276
20
0.5485671259842519
11
0.814734842519685
21
0.5482814566929134
0
LINE
8
BLACK
6
CONTINUOUS
10
0.814734842519685
20
0.5482814566929134
11
0.8128600787401574
21
0.5426572047244095
0
LINE
8
BLACK
6
CONTINUOUS
10
0.8128600787401574
20
0.5426572047244095
11
0.812624094488189
21
0.5421286220472441
0
LINE
8
BLACK
6
CONTINUOUS
10
0.812624094488189
20
0.5421286220472441
11
0.8125546062992126
21
0.5420485433070866
0
LINE
8
BLACK
6
CONTINUOUS
10
0.8125546062992126
20
0.5420485433070866
11
0.8125140157480315
21
0.5419504724409449
0
LINE
8
BLACK
6
CONTINUOUS
10
0.8125140157480315
20
0.5419504724409449
11
0.8121467716535433
21
0.5415030314960629
0
LINE
8
BLACK
6
CONTINUOUS
10
0.8121467716535433
20
0.5415030314960629
11
0.7946902755905512
21
0.5240464960629921
0
LINE
8
BLACK
6
CONTINUOUS
10
0.7946902755905512
20
0.5240464960629921
11
0.8119336220472441
21
0.5240464960629921
0
LINE
8
BLACK
6
CONTINUOUS
10
0.8119336220472441
20
0.5240464960629921
11
0.81250968503937
21
0.5239897637795276
0
LINE
8
BLACK
6
CONTINUOUS
10
0.81250968503937
20
0.5239897637795276
11
0.813574094488189
21
0.5235488582677166
0
LINE
8
BLACK
6
CONTINUOUS
10
0.813574094488189
20
0.5235488582677166
11
0.8143887401574803
21
0.5227342125984252
0
LINE
8
BLACK
6
CONTINUOUS
10
0.8143887401574803
20
0.5227342125984252
11
0.8148296456692913
21
0.5216698031496063
0
LINE
8
BLACK
6
CONTINUOUS
10
0.8148296456692913
20
0.5216698031496063
11
0.8148296456692913
21
0.5205176771653544
0
LINE
8
BLACK
6
CONTINUOUS
10
0.8148296456692913
20
0.5205176771653544
11
0.8143887401574803
21
0.5194532677165354
0
LINE
8
BLACK
6
CONTINUOUS
10
0.8143887401574803
20
0.5194532677165354
11
0.813574094488189
21
0.5186386220472441
0
LINE
8
BLACK
6
CONTINUOUS
10
0.813574094488189
20
0.5186386220472441
11
0.81250968503937
21
0.518197716535433
0
LINE
8
BLACK
6
CONTINUOUS
10
0.81250968503937
20
0.518197716535433
11
0.8119336220472441
21
0.5181409842519685
0
LINE
8
BLACK
6
CONTINUOUS
10
0.8119336220472441
20
0.5181409842519685
11
0.7875616929133858
21
0.5181409842519685
0
LINE
8
BLACK
6
CONTINUOUS
10
0.7875616929133858
20
0.5181409842519685
11
0.7869856299212599
21
0.518197716535433
0
LINE
8
BLACK
6
CONTINUOUS
10
0.7869856299212599
20
0.518197716535433
11
0.785921220472441
21
0.5186386220472441
0
LINE
8
BLACK
6
CONTINUOUS
10
0.785921220472441
20
0.5186386220472441
11
0.7851065748031496
21
0.5194532677165354
0
LINE
8
BLACK
6
CONTINUOUS
10
0.7851065748031496
20
0.5194532677165354
11
0.7846656692913385
21
0.5205176771653544
0
LINE
8
BLACK
6
CONTINUOUS
10
0.7846656692913385
20
0.5205176771653544
11
0.7846656692913385
21
0.5216698031496063
0
LINE
8
BLACK
6
CONTINUOUS
10
0.7846656692913385
20
0.5216698031496063
11
0.7851065748031496
21
0.5227342125984252
0
LINE
8
BLACK
6
CONTINUOUS
10
0.7851065748031496
20
0.5227342125984252
11
0.785473779527559
21
0.523181653543307
0
LINE
8
BLACK
6
CONTINUOUS
10
0.785473779527559
20
0.523181653543307
11
0.807478031496063
21
0.5451859842519685
0
LINE
8
BLACK
6
CONTINUOUS
10
0.807478031496063
20
0.5451859842519685
11
0.8089808661417323
21
0.5496943700787401
0
LINE
8
BLACK
6
CONTINUOUS
10
0.8089808661417323
20
0.5496943700787401
11
0.8089808661417323
21
0.5522677165354331
0
LINE
8
BLACK
6
CONTINUOUS
10
0.8089808661417323
20
0.5522677165354331
11
0.8076321259842519
21
0.5549651968503937
0
LINE
8
BLACK
6
CONTINUOUS
10
0.8076321259842519
20
0.5549651968503937
11
0.806435
21
0.5561623228346456
0
LINE
8
BLACK
6
CONTINUOUS
10
0.806435
20
0.5561623228346456
11
0.8037375196850394
21
0.5575110629921259
0
LINE
8
BLACK
6
CONTINUOUS
10
0.8037375196850394
20
0.5575110629921259
11
0.7957577952755905
21
0.5575110629921259
0
LINE
8
BLACK
6
CONTINUOUS
10
0.7957577952755905
20
0.5575110629921259
11
0.7930603149606299
21
0.5561623228346456
0
LINE
8
BLACK
6
CONTINUOUS
10
0.7930603149606299
20
0.5561623228346456
11
0.7915243700787401
21
0.5546263779527559
0
LINE
8
BLACK
6
CONTINUOUS
10
0.7915243700787401
20
0.5546263779527559
11
0.7910769291338583
21
0.5542591732283464
0
LINE
8
BLACK
6
CONTINUOUS
10
0.7910769291338583
20
0.5542591732283464
11
0.7900124803149606
21
0.5538182677165354
0
LINE
8
BLACK
6
CONTINUOUS
10
0.7900124803149606
20
0.5538182677165354
11
0.7888604330708662
21
0.5538182677165354
0
LINE
8
BLACK
6
CONTINUOUS
10
0.7888604330708662
20
0.5538182677165354
11
0.7877959842519685
21
0.5542591732283464
0
LINE
8
BLACK
6
CONTINUOUS
10
0.7877959842519685
20
0.5542591732283464
11
0.7869813385826772
21
0.5550738188976377
0
LINE
8
BLACK
6
CONTINUOUS
10
0.7869813385826772
20
0.5550738188976377
11
0.7865404330708661
21
0.5561382677165354
0
LINE
8
BLACK
6
CONTINUOUS
10
0.7865404330708661
20
0.5561382677165354
11
0.7865404330708661
21
0.5572903149606299
0
LINE
8
BLACK
6
CONTINUOUS
10
0.7865404330708661
20
0.5572903149606299
11
0.7869813385826772
21
0.5583547637795275
0
LINE
8
BLACK
6
CONTINUOUS
10
0.7869813385826772
20
0.5583547637795275
11
0.7873485433070866
21
0.5588022047244094
0
LINE
8
BLACK
6
CONTINUOUS
10
0.7873485433070866
20
0.5588022047244094
11
0.7892233070866141
21
0.560676968503937
0
LINE
8
BLACK
6
CONTINUOUS
10
0.7892233070866141
20
0.560676968503937
11
0.7894496456692913
21
0.5608627559055118
0
LINE
8
BLACK
6
CONTINUOUS
10
0.7894496456692913
20
0.5608627559055118
11
0.7895008267716536
21
0.5609217322834645
0
LINE
8
BLACK
6
CONTINUOUS
10
0.7895008267716536
20
0.5609217322834645
11
0.7895897637795275
21
0.560977716535433
0
LINE
8
BLACK
6
CONTINUOUS
10
0.7895897637795275
20
0.560977716535433
11
0.7896707480314961
21
0.5610441732283464
0
LINE
8
BLACK
6
CONTINUOUS
10
0.7896707480314961
20
0.5610441732283464
11
0.7897426771653543
21
0.5610740157480315
0
LINE
8
BLACK
6
CONTINUOUS
10
0.7897426771653543
20
0.5610740157480315
11
0.7899907086614173
21
0.5612300787401575
0
LINE
8
BLACK
6
CONTINUOUS
10
0.7899907086614173
20
0.5612300787401575
11
0.7937402362204724
21
0.5631048425196851
0
LINE
8
BLACK
6
CONTINUOUS
10
0.7937402362204724
20
0.5631048425196851
11
0.7942808267716536
21
0.5633117322834645
0
LINE
8
BLACK
6
CONTINUOUS
10
0.7942808267716536
20
0.5633117322834645
11
0.7943866929133858
21
0.5633192913385827
0
LINE
8
BLACK
6
CONTINUOUS
10
0.7943866929133858
20
0.5633192913385827
11
0.7944846850393701
21
0.5633598425196851
0
LINE
8
BLACK
6
CONTINUOUS
10
0.7944846850393701
20
0.5633598425196851
11
0.7950607480314961
21
0.5634165748031496
0
LINE
8
BLACK
6
CONTINUOUS
10
0.7950607480314961
20
0.5634165748031496
11
0.8044345669291338
21
0.5634165748031496
0
LINE
8
BLACK
6
CONTINUOUS
10
0.8044345669291338
20
0.5634165748031496
11
0.8050106299212598
21
0.5633598425196851
0
LINE
8
BLACK
6
CONTINUOUS
10
0.7675153149606299
20
0.5633598425196851
11
0.7676133070866141
21
0.563319251968504
0
LINE
8
BLACK
6
CONTINUOUS
10
0.7676133070866141
20
0.563319251968504
11
0.7677191338582677
21
0.5633117322834645
0
LINE
8
BLACK
6
CONTINUOUS
10
0.7677191338582677
20
0.5633117322834645
11
0.7682597637795275
21
0.5631048425196851
0
LINE
8
BLACK
6
CONTINUOUS
10
0.7682597637795275
20
0.5631048425196851
11
0.7720092913385826
21
0.5612300787401575
0
LINE
8
BLACK
6
CONTINUOUS
10
0.7720092913385826
20
0.5612300787401575
11
0.7722572834645669
21
0.5610740157480315
0
LINE
8
BLACK
6
CONTINUOUS
10
0.7722572834645669
20
0.5610740157480315
11
0.7723292519685039
21
0.5610441732283464
0
LINE
8
BLACK
6
CONTINUOUS
10
0.7723292519685039
20
0.5610441732283464
11
0.7724101968503937
21
0.560977716535433
0
LINE
8
BLACK
6
CONTINUOUS
10
0.7724101968503937
20
0.560977716535433
11
0.7724991732283465
21
0.5609217322834645
0
LINE
8
BLACK
6
CONTINUOUS
10
0.7724991732283465
20
0.5609217322834645
11
0.7725503149606299
21
0.5608627559055118
0
LINE
8
BLACK
6
CONTINUOUS
10
0.7725503149606299
20
0.5608627559055118
11
0.7727766929133858
21
0.560676968503937
0
LINE
8
BLACK
6
CONTINUOUS
10
0.7727766929133858
20
0.560676968503937
11
0.7746514566929134
21
0.5588022047244094
0
LINE
8
BLACK
6
CONTINUOUS
10
0.7746514566929134
20
0.5588022047244094
11
0.7748372047244094
21
0.5585758661417323
0
LINE
8
BLACK
6
CONTINUOUS
10
0.7748372047244094
20
0.5585758661417323
11
0.7748962204724409
21
0.55852468503937
0
LINE
8
BLACK
6
CONTINUOUS
10
0.7748962204724409
20
0.55852468503937
11
0.7749521653543306
21
0.5584357480314961
0
LINE
8
BLACK
6
CONTINUOUS
10
0.7749521653543306
20
0.5584357480314961
11
0.7750186614173228
21
0.5583547637795275
0
LINE
8
BLACK
6
CONTINUOUS
10
0.7750186614173228
20
0.5583547637795275
11
0.7750484645669291
21
0.5582828346456693
0
LINE
8
BLACK
6
CONTINUOUS
10
0.7750484645669291
20
0.5582828346456693
11
0.7752045669291339
21
0.5580348031496063
0
LINE
8
BLACK
6
CONTINUOUS
10
0.7752045669291339
20
0.5580348031496063
11
0.7770793307086614
21
0.5542852755905512
0
LINE
8
BLACK
6
CONTINUOUS
10
0.7770793307086614
20
0.5542852755905512
11
0.7772862204724409
21
0.55374468503937
0
LINE
8
BLACK
6
CONTINUOUS
10
0.7772862204724409
20
0.55374468503937
11
0.7772937401574803
21
0.5536388188976378
0
LINE
8
BLACK
6
CONTINUOUS
10
0.7772937401574803
20
0.5536388188976378
11
0.7773343307086614
21
0.5535408267716535
0
LINE
8
BLACK
6
CONTINUOUS
10
0.7773343307086614
20
0.5535408267716535
11
0.777391062992126
21
0.5529647637795275
0
LINE
8
BLACK
6
CONTINUOUS
10
0.777391062992126
20
0.5529647637795275
11
0.777391062992126
21
0.5473404724409449
0
LINE
8
BLACK
6
CONTINUOUS
10
0.777391062992126
20
0.5473404724409449
11
0.7773343307086614
21
0.5467644094488189
0
LINE
8
BLACK
6
CONTINUOUS
10
0.7773343307086614
20
0.5467644094488189
11
0.7772937401574803
21
0.5466664566929134
0
LINE
8
BLACK
6
CONTINUOUS
10
0.7772937401574803
20
0.5466664566929134
11
0.7772862204724409
21
0.5465605511811024
0
LINE
8
BLACK
6
CONTINUOUS
10
0.7772862204724409
20
0.5465605511811024
11
0.7770793307086614
21
0.5460199606299212
0
LINE
8
BLACK
6
CONTINUOUS
10
0.7770793307086614
20
0.5460199606299212
11
0.7752045669291339
21
0.5422704330708661
0
LINE
8
BLACK
6
CONTINUOUS
10
0.7752045669291339
20
0.5422704330708661
11
0.7750484645669291
21
0.5420224409448818
0
LINE
8
BLACK
6
CONTINUOUS
10
0.7750484645669291
20
0.5420224409448818
11
0.7750186614173228
21
0.5419504724409449
0
LINE
8
BLACK
6
CONTINUOUS
10
0.7750186614173228
20
0.5419504724409449
11
0.7749521653543306
21
0.5418695275590552
0
LINE
8
BLACK
6
CONTINUOUS
10
0.7749521653543306
20
0.5418695275590552
11
0.7748962204724409
21
0.5417805511811024
0
LINE
8
BLACK
6
CONTINUOUS
10
0.7748962204724409
20
0.5417805511811024
11
0.7748372047244094
21
0.5417294094488189
0
LINE
8
BLACK
6
CONTINUOUS
10
0.7748372047244094
20
0.5417294094488189
11
0.7746514566929134
21
0.5415030314960629
0
LINE
8
BLACK
6
CONTINUOUS
10
0.7746514566929134
20
0.5415030314960629
11
0.7727766929133858
21
0.5396282677165354
0
LINE
8
BLACK
6
CONTINUOUS
10
0.7727766929133858
20
0.5396282677165354
11
0.7725503149606299
21
0.5394425196850393
0
LINE
8
BLACK
6
CONTINUOUS
10
0.7725503149606299
20
0.5394425196850393
11
0.7724991732283465
21
0.5393835039370078
0
LINE
8
BLACK
6
CONTINUOUS
10
0.7724991732283465
20
0.5393835039370078
11
0.7724101968503937
21
0.5393275590551181
0
LINE
8
BLACK
6
CONTINUOUS
10
0.7724101968503937
20
0.5393275590551181
11
0.7723292519685039
21
0.539261062992126
0
LINE
8
BLACK
6
CONTINUOUS
10
0.7723292519685039
20
0.539261062992126
11
0.7722572834645669
21
0.5392312598425196
0
LINE
8
BLACK
6
CONTINUOUS
10
0.7722572834645669
20
0.5392312598425196
11
0.7720092913385826
21
0.539075157480315
0
LINE
8
BLACK
6
CONTINUOUS
10
0.7720092913385826
20
0.539075157480315
11
0.7682597637795275
21
0.5372003937007874
0
LINE
8
BLACK
6
CONTINUOUS
10
0.7682597637795275
20
0.5372003937007874
11
0.7677191338582677
21
0.5369935039370078
0
LINE
8
BLACK
6
CONTINUOUS
10
0.7677191338582677
20
0.5369935039370078
11
0.7676133070866141
21
0.5369860236220473
0
LINE
8
BLACK
6
CONTINUOUS
10
0.7676133070866141
20
0.5369860236220473
11
0.7675153149606299
21
0.5369453937007874
0
LINE
8
BLACK
6
CONTINUOUS
10
0.7675153149606299
20
0.5369453937007874
11
0.7669831496062992
21
0.5368929921259843
0
LINE
8
BLACK
6
CONTINUOUS
10
0.7669831496062992
20
0.5368929921259843
11
0.7768573228346457
21
0.5227870078740158
0
LINE
8
BLACK
6
CONTINUOUS
10
0.7768573228346457
20
0.5227870078740158
11
0.7771411811023622
21
0.5222825590551181
0
LINE
8
BLACK
6
CONTINUOUS
10
0.7771411811023622
20
0.5222825590551181
11
0.7773903543307087
21
0.5211577165354331
0
LINE
8
BLACK
6
CONTINUOUS
10
0.7773903543307087
20
0.5211577165354331
11
0.7771901574803149
21
0.5200231496062993
0
LINE
8
BLACK
6
CONTINUOUS
10
0.7771901574803149
20
0.5200231496062993
11
0.7765709842519685
21
0.5190515748031496
0
LINE
8
BLACK
6
CONTINUOUS
10
0.7765709842519685
20
0.5190515748031496
11
0.775627125984252
21
0.5183908661417322
0
LINE
8
BLACK
6
CONTINUOUS
10
0.775627125984252
20
0.5183908661417322
11
0.774502283464567
21
0.5181416535433071
0
LINE
8
BLACK
6
CONTINUOUS
10
0.774502283464567
20
0.5181416535433071
11
0.7733677559055118
21
0.5183418897637795
0
LINE
8
BLACK
6
CONTINUOUS
10
0.7733677559055118
20
0.5183418897637795
11
0.7723961417322834
21
0.518961062992126
0
LINE
8
BLACK
6
CONTINUOUS
10
0.7723961417322834
20
0.518961062992126
11
0.7720193307086614
21
0.5194004330708661
0
LINE
8
BLACK
6
CONTINUOUS
10
0.7720193307086614
20
0.5194004330708661
11
0.7597775984251969
21
0.5368886614173228
0
LINE
8
BLACK
6
CONTINUOUS
10
0.7597775984251969
20
0.5368886614173228
11
0.7548938976377952
21
0.5368886614173228
0
LINE
8
BLACK
6
CONTINUOUS
10
0.7548938976377952
20
0.5368886614173228
11
0.7548938976377952
21
0.5210937401574803
0
LINE
8
BLACK
6
CONTINUOUS
10
0.7548938976377952
20
0.5210937401574803
11
0.7548371653543307
21
0.5205176771653544
0
LINE
8
BLACK
6
CONTINUOUS
10
0.7548371653543307
20
0.5205176771653544
11
0.7543962598425197
21
0.5194532677165354
0
LINE
8
BLACK
6
CONTINUOUS
10
0.7543962598425197
20
0.5194532677165354
11
0.7535816141732283
21
0.5186386220472441
0
LINE
8
BLACK
6
CONTINUOUS
10
0.7535816141732283
20
0.5186386220472441
11
0.7525172047244094
21
0.518197716535433
0
LINE
8
BLACK
6
CONTINUOUS
10
0.7525172047244094
20
0.518197716535433
11
0.7513650787401575
21
0.518197716535433
0
LINE
8
BLACK
6
CONTINUOUS
10
0.7513650787401575
20
0.518197716535433
11
0.7503006692913385
21
0.5186386220472441
0
LINE
8
BLACK
6
CONTINUOUS
10
0.7503006692913385
20
0.5186386220472441
11
0.7494860236220472
21
0.5194532677165354
0
LINE
8
BLACK
6
CONTINUOUS
10
0.7494860236220472
20
0.5194532677165354
11
0.7490451181102362
21
0.5205176771653544
0
LINE
8
BLACK
6
CONTINUOUS
10
0.7490451181102362
20
0.5205176771653544
11
0.7489883858267716
21
0.5210937401574803
0
LINE
8
BLACK
6
CONTINUOUS
10
0.7489883858267716
20
0.5210937401574803
11
0.7489883858267716
21
0.5604638188976377
0
LINE
8
BLACK
6
CONTINUOUS
10
0.7489883858267716
20
0.5604638188976377
11
0.7490451181102362
21
0.5610398818897637
0
LINE
8
BLACK
6
CONTINUOUS
10
0.7490451181102362
20
0.5610398818897637
11
0.7494860236220472
21
0.5621042913385826
0
LINE
8
BLACK
6
CONTINUOUS
10
0.7494860236220472
20
0.5621042913385826
11
0.7503006692913385
21
0.562918937007874
0
LINE
8
BLACK
6
CONTINUOUS
10
0.7503006692913385
20
0.562918937007874
11
0.7513650787401575
21
0.5633598425196851
0
LINE
8
BLACK
6
CONTINUOUS
10
0.7513650787401575
20
0.5633598425196851
11
0.7519411417322834
21
0.5634165748031496
0
LINE
8
BLACK
6
CONTINUOUS
10
0.7519411417322834
20
0.5634165748031496
11
0.7669392519685039
21
0.5634165748031496
0
LINE
8
BLACK
6
CONTINUOUS
10
0.7669392519685039
20
0.5634165748031496
11
0.7675153149606299
21
0.5633598425196851
0
LINE
8
BLACK
6
CONTINUOUS
10
0.7548938976377952
20
0.5427941732283464
11
0.7662422047244094
21
0.5427941732283464
0
LINE
8
BLACK
6
CONTINUOUS
10
0.7662422047244094
20
0.5427941732283464
11
0.76893968503937
21
0.5441429133858268
0
LINE
8
BLACK
6
CONTINUOUS
10
0.76893968503937
20
0.5441429133858268
11
0.7701368110236221
21
0.5453400393700787
0
LINE
8
BLACK
6
CONTINUOUS
10
0.7701368110236221
20
0.5453400393700787
11
0.7714855511811023
21
0.5480375196850393
0
LINE
8
BLACK
6
CONTINUOUS
10
0.7714855511811023
20
0.5480375196850393
11
0.7714855511811023
21
0.5522677165354331
0
LINE
8
BLACK
6
CONTINUOUS
10
0.7714855511811023
20
0.5522677165354331
11
0.7701368110236221
21
0.5549651968503937
0
LINE
8
BLACK
6
CONTINUOUS
10
0.7701368110236221
20
0.5549651968503937
11
0.76893968503937
21
0.5561623228346456
0
LINE
8
BLACK
6
CONTINUOUS
10
0.76893968503937
20
0.5561623228346456
11
0.7662422047244094
21
0.5575110629921259
0
LINE
8
BLACK
6
CONTINUOUS
10
0.7662422047244094
20
0.5575110629921259
11
0.7548938976377952
21
0.5575110629921259
0
LINE
8
BLACK
6
CONTINUOUS
10
0.7548938976377952
20
0.5575110629921259
11
0.7548938976377952
21
0.5427941732283464
0
LINE
8
BLACK
6
CONTINUOUS
10
0.7332382677165354
20
0.5653865748031496
11
0.733315748031496
21
0.5653917322834645
0
LINE
8
BLACK
6
CONTINUOUS
10
0.733315748031496
20
0.5653917322834645
11
0.733369094488189
21
0.5653737007874016
0
LINE
8
BLACK
6
CONTINUOUS
10
0.733369094488189
20
0.5653737007874016
11
0.7335096850393701
21
0.5653598425196851
0
LINE
8
BLACK
6
CONTINUOUS
10
0.7335096850393701
20
0.5653598425196851
11
0.733952874015748
21
0.5651762598425196
0
LINE
8
BLACK
6
CONTINUOUS
10
0.733952874015748
20
0.5651762598425196
11
0.734407125984252
21
0.5650226377952756
0
LINE
8
BLACK
6
CONTINUOUS
10
0.734407125984252
20
0.5650226377952756
11
0.7344820866141732
21
0.5649570866141732
0
LINE
8
BLACK
6
CONTINUOUS
10
0.7344820866141732
20
0.5649570866141732
11
0.734574094488189
21
0.564918937007874
0
LINE
8
BLACK
6
CONTINUOUS
10
0.734574094488189
20
0.564918937007874
11
0.7349130708661418
21
0.5645799606299212
0
LINE
8
BLACK
6
CONTINUOUS
10
0.7349130708661418
20
0.5645799606299212
11
0.7352742125984252
21
0.5642639763779528
0
LINE
8
BLACK
6
CONTINUOUS
10
0.7352742125984252
20
0.5642639763779528
11
0.7353183858267717
21
0.5641746456692913
0
LINE
8
BLACK
6
CONTINUOUS
10
0.7353183858267717
20
0.5641746456692913
11
0.7353887401574803
21
0.5641042913385826
0
LINE
8
BLACK
6
CONTINUOUS
10
0.7353887401574803
20
0.5641042913385826
11
0.7355722047244094
21
0.5636613779527558
0
LINE
8
BLACK
6
CONTINUOUS
10
0.7355722047244094
20
0.5636613779527558
11
0.7357849212598425
21
0.5632312204724409
0
LINE
8
BLACK
6
CONTINUOUS
10
0.7357849212598425
20
0.5632312204724409
11
0.7357915354330709
21
0.5631318897637795
0
LINE
8
BLACK
6
CONTINUOUS
10
0.7357915354330709
20
0.5631318897637795
11
0.7358296456692913
21
0.5630398818897637
0
LINE
8
BLACK
6
CONTINUOUS
10
0.7358296456692913
20
0.5630398818897637
11
0.7358296456692913
21
0.5625601968503937
0
LINE
8
BLACK
6
CONTINUOUS
10
0.7358296456692913
20
0.5625601968503937
11
0.7358615354330709
21
0.5620816929133858
0
LINE
8
BLACK
6
CONTINUOUS
10
0.7358615354330709
20
0.5620816929133858
11
0.7358296456692913
21
0.5619874015748031
0
LINE
8
BLACK
6
CONTINUOUS
10
0.7358296456692913
20
0.5619874015748031
11
0.7358296456692913
21
0.5618877559055118
0
LINE
8
BLACK
6
CONTINUOUS
10
0.7358296456692913
20
0.5618877559055118
11
0.7356460236220472
21
0.5614445669291338
0
LINE
8
BLACK
6
CONTINUOUS
10
0.7356460236220472
20
0.5614445669291338
11
0.7354924409448819
21
0.5609903149606299
0
LINE
8
BLACK
6
CONTINUOUS
10
0.7354924409448819
20
0.5609903149606299
11
0.7354103149606299
21
0.5608754724409448
0
LINE
8
BLACK
6
CONTINUOUS
10
0.7354103149606299
20
0.5608754724409448
11
0.7353887401574803
21
0.5608233464566929
0
LINE
8
BLACK
6
CONTINUOUS
10
0.7353887401574803
20
0.5608233464566929
11
0.7353337795275591
21
0.5607684251968503
0
LINE
8
BLACK
6
CONTINUOUS
10
0.7353337795275591
20
0.5607684251968503
11
0.7351557874015748
21
0.5605194094488188
0
LINE
8
BLACK
6
CONTINUOUS
10
0.7351557874015748
20
0.5605194094488188
11
0.726222874015748
21
0.5503103937007874
0
LINE
8
BLACK
6
CONTINUOUS
10
0.726222874015748
20
0.5503103937007874
11
0.7267550787401574
21
0.5501067322834645
0
LINE
8
BLACK
6
CONTINUOUS
10
0.7267550787401574
20
0.5501067322834645
11
0.7305046062992125
21
0.548231968503937
0
LINE
8
BLACK
6
CONTINUOUS
10
0.7305046062992125
20
0.548231968503937
11
0.7307525984251968
21
0.548075905511811
0
LINE
8
BLACK
6
CONTINUOUS
10
0.7307525984251968
20
0.548075905511811
11
0.7308245669291339
21
0.548046062992126
0
LINE
8
BLACK
6
CONTINUOUS
10
0.7308245669291339
20
0.548046062992126
11
0.7309055118110236
21
0.5479796062992126
0
LINE
8
BLACK
6
CONTINUOUS
10
0.7309055118110236
20
0.5479796062992126
11
0.7309944881889764
21
0.5479236220472441
0
LINE
8
BLACK
6
CONTINUOUS
10
0.7309944881889764
20
0.5479236220472441
11
0.7310456299212599
21
0.5478646456692913
0
LINE
8
BLACK
6
CONTINUOUS
10
0.7310456299212599
20
0.5478646456692913
11
0.7312720078740157
21
0.5476788582677166
0
LINE
8
BLACK
6
CONTINUOUS
10
0.7312720078740157
20
0.5476788582677166
11
0.7331467716535432
21
0.545804094488189
0
LINE
8
BLACK
6
CONTINUOUS
10
0.7331467716535432
20
0.545804094488189
11
0.7333325196850393
21
0.5455777559055118
0
LINE
8
BLACK
6
CONTINUOUS
10
0.7333325196850393
20
0.5455777559055118
11
0.7333915354330709
21
0.5455265748031496
0
LINE
8
BLACK
6
CONTINUOUS
10
0.7333915354330709
20
0.5455265748031496
11
0.7334474803149607
21
0.5454376377952755
0
LINE
8
BLACK
6
CONTINUOUS
10
0.7334474803149607
20
0.5454376377952755
11
0.7335139763779528
21
0.5453566535433071
0
LINE
8
BLACK
6
CONTINUOUS
10
0.7335139763779528
20
0.5453566535433071
11
0.733543779527559
21
0.5452847244094488
0
LINE
8
BLACK
6
CONTINUOUS
10
0.733543779527559
20
0.5452847244094488
11
0.7336998818897638
21
0.5450366929133859
0
LINE
8
BLACK
6
CONTINUOUS
10
0.7336998818897638
20
0.5450366929133859
11
0.7355746456692913
21
0.5412871653543307
0
LINE
8
BLACK
6
CONTINUOUS
10
0.7355746456692913
20
0.5412871653543307
11
0.7357815354330709
21
0.5407465748031496
0
LINE
8
BLACK
6
CONTINUOUS
10
0.7357815354330709
20
0.5407465748031496
11
0.7357890551181102
21
0.5406407086614173
0
LINE
8
BLACK
6
CONTINUOUS
10
0.7357890551181102
20
0.5406407086614173
11
0.7358296456692913
21
0.5405427165354331
0
LINE
8
BLACK
6
CONTINUOUS
10
0.7358296456692913
20
0.5405427165354331
11
0.7358863779527559
21
0.5399666535433071
0
LINE
8
BLACK
6
CONTINUOUS
10
0.7358863779527559
20
0.5399666535433071
11
0.7358863779527559
21
0.5305928346456693
0
LINE
8
BLACK
6
CONTINUOUS
10
0.7358863779527559
20
0.5305928346456693
11
0.7358296456692913
21
0.5300167716535433
0
LINE
8
BLACK
6
CONTINUOUS
10
0.7358296456692913
20
0.5300167716535433
11
0.7357890551181102
21
0.5299188188976378
0
LINE
8
BLACK
6
CONTINUOUS
10
0.7357890551181102
20
0.5299188188976378
11
0.7357815354330709
21
0.5298129133858268
0
LINE
8
BLACK
6
CONTINUOUS
10
0.7357815354330709
20
0.5298129133858268
11
0.7355746456692913
21
0.5292723228346456
0
LINE
8
BLACK
6
CONTINUOUS
10
0.7355746456692913
20
0.5292723228346456
11
0.7336998818897638
21
0.5255227952755905
0
LINE
8
BLACK
6
CONTINUOUS
10
0.7336998818897638
20
0.5255227952755905
11
0.7335438188976378
21
0.5252749212598425
0
LINE
8
BLACK
6
CONTINUOUS
10
0.7335438188976378
20
0.5252749212598425
11
0.7335140157480314
21
0.5252028740157481
0
LINE
8
BLACK
6
CONTINUOUS
10
0.7335140157480314
20
0.5252028740157481
11
0.7334474803149607
21
0.5251218503937007
0
LINE
8
BLACK
6
CONTINUOUS
10
0.7334474803149607
20
0.5251218503937007
11
0.7333915354330709
21
0.5250329133858268
0
LINE
8
BLACK
6
CONTINUOUS
10
0.7333915354330709
20
0.5250329133858268
11
0.7333325196850393
21
0.5249817716535433
0
LINE
8
BLACK
6
CONTINUOUS
10
0.7333325196850393
20
0.5249817716535433
11
0.7331467716535432
21
0.5247553937007874
0
LINE
8
BLACK
6
CONTINUOUS
10
0.7331467716535432
20
0.5247553937007874
11
0.7312720472440944
21
0.5228806299212598
0
LINE
8
BLACK
6
CONTINUOUS
10
0.7312720472440944
20
0.5228806299212598
11
0.7310456692913385
21
0.5226948818897638
0
LINE
8
BLACK
6
CONTINUOUS
10
0.7310456692913385
20
0.5226948818897638
11
0.7309944881889764
21
0.5226358267716535
0
LINE
8
BLACK
6
CONTINUOUS
10
0.7309944881889764
20
0.5226358267716535
11
0.7309055118110236
21
0.522579842519685
0
LINE
8
BLACK
6
CONTINUOUS
10
0.7309055118110236
20
0.522579842519685
11
0.7308245669291339
21
0.5225133858267716
0
LINE
8
BLACK
6
CONTINUOUS
10
0.7308245669291339
20
0.5225133858267716
11
0.7307525984251968
21
0.5224835826771653
0
LINE
8
BLACK
6
CONTINUOUS
10
0.7307525984251968
20
0.5224835826771653
11
0.7305046062992125
21
0.5223274803149606
0
LINE
8
BLACK
6
CONTINUOUS
10
0.7305046062992125
20
0.5223274803149606
11
0.7267550787401574
21
0.520452716535433
0
LINE
8
BLACK
6
CONTINUOUS
10
0.7267550787401574
20
0.520452716535433
11
0.7262144488188976
21
0.5202458267716535
0
LINE
8
BLACK
6
CONTINUOUS
10
0.7262144488188976
20
0.5202458267716535
11
0.726108622047244
21
0.5202383464566929
0
LINE
8
BLACK
6
CONTINUOUS
10
0.726108622047244
20
0.5202383464566929
11
0.7260106299212599
21
0.520197716535433
0
LINE
8
BLACK
6
CONTINUOUS
10
0.7260106299212599
20
0.520197716535433
11
0.7254345669291339
21
0.5201409842519685
0
LINE
8
BLACK
6
CONTINUOUS
10
0.7254345669291339
20
0.5201409842519685
11
0.7141859842519684
21
0.5201409842519685
0
LINE
8
BLACK
6
CONTINUOUS
10
0.7141859842519684
20
0.5201409842519685
11
0.7136099212598425
21
0.520197716535433
0
LINE
8
BLACK
6
CONTINUOUS
10
0.7136099212598425
20
0.520197716535433
11
0.7135119291338583
21
0.5202383070866141
0
LINE
8
BLACK
6
CONTINUOUS
10
0.7135119291338583
20
0.5202383070866141
11
0.7134060629921259
21
0.5202458267716535
0
LINE
8
BLACK
6
CONTINUOUS
10
0.7134060629921259
20
0.5202458267716535
11
0.7128654724409449
21
0.520452716535433
0
LINE
8
BLACK
6
CONTINUOUS
10
0.7128654724409449
20
0.520452716535433
11
0.7091159448818898
21
0.5223274803149606
0
LINE
8
BLACK
6
CONTINUOUS
10
0.7091159448818898
20
0.5223274803149606
11
0.7088679133858268
21
0.5224835826771653
0
LINE
8
BLACK
6
CONTINUOUS
10
0.7088679133858268
20
0.5224835826771653
11
0.7087959842519684
21
0.5225133858267716
0
LINE
8
BLACK
6
CONTINUOUS
10
0.7087959842519684
20
0.5225133858267716
11
0.708715
21
0.522579842519685
0
LINE
8
BLACK
6
CONTINUOUS
10
0.708715
20
0.522579842519685
11
0.7086260629921259
21
0.5226358267716535
0
LINE
8
BLACK
6
CONTINUOUS
10
0.7086260629921259
20
0.5226358267716535
11
0.7085748425196851
21
0.5226948818897638
0
LINE
8
BLACK
6
CONTINUOUS
10
0.7085748425196851
20
0.5226948818897638
11
0.7083485039370079
21
0.5228806299212598
0
LINE
8
BLACK
6
CONTINUOUS
10
0.7083485039370079
20
0.5228806299212598
11
0.7064737401574803
21
0.5247554330708661
0
LINE
8
BLACK
6
CONTINUOUS
10
0.7064737401574803
20
0.5247554330708661
11
0.7061065354330709
21
0.5252028740157481
0
LINE
8
BLACK
6
CONTINUOUS
10
0.7061065354330709
20
0.5252028740157481
11
0.7056656692913386
21
0.526267283464567
0
LINE
8
BLACK
6
CONTINUOUS
10
0.7056656692913386
20
0.526267283464567
11
0.7056656692913386
21
0.5274193700787402
0
LINE
8
BLACK
6
CONTINUOUS
10
0.7056656692913386
20
0.5274193700787402
11
0.7061065748031496
21
0.5284837795275591
0
LINE
8
BLACK
6
CONTINUOUS
10
0.7061065748031496
20
0.5284837795275591
11
0.7069212598425196
21
0.5292984645669291
0
LINE
8
BLACK
6
CONTINUOUS
10
0.7069212598425196
20
0.5292984645669291
11
0.7079856692913385
21
0.5297393307086614
0
LINE
8
BLACK
6
CONTINUOUS
10
0.7079856692913385
20
0.5297393307086614
11
0.7091377559055118
21
0.5297393307086614
0
LINE
8
BLACK
6
CONTINUOUS
10
0.7091377559055118
20
0.5297393307086614
11
0.7102021653543307
21
0.5292984251968503
0
LINE
8
BLACK
6
CONTINUOUS
10
0.7102021653543307
20
0.5292984251968503
11
0.7106496456692913
21
0.5289311811023621
0
LINE
8
BLACK
6
CONTINUOUS
10
0.7106496456692913
20
0.5289311811023621
11
0.7121855511811024
21
0.5273952362204725
0
LINE
8
BLACK
6
CONTINUOUS
10
0.7121855511811024
20
0.5273952362204725
11
0.714883031496063
21
0.5260464960629921
0
LINE
8
BLACK
6
CONTINUOUS
10
0.714883031496063
20
0.5260464960629921
11
0.7247375196850393
21
0.5260464960629921
0
LINE
8
BLACK
6
CONTINUOUS
10
0.7247375196850393
20
0.5260464960629921
11
0.7274349606299212
21
0.5273952362204725
0
LINE
8
BLACK
6
CONTINUOUS
10
0.7274349606299212
20
0.5273952362204725
11
0.7286320866141732
21
0.5285924015748031
0
LINE
8
BLACK
6
CONTINUOUS
10
0.7286320866141732
20
0.5285924015748031
11
0.7299808661417323
21
0.5312898818897638
0
LINE
8
BLACK
6
CONTINUOUS
10
0.7299808661417323
20
0.5312898818897638
11
0.7299808661417323
21
0.5392696062992126
0
LINE
8
BLACK
6
CONTINUOUS
10
0.7299808661417323
20
0.5392696062992126
11
0.728632125984252
21
0.5419670866141733
0
LINE
8
BLACK
6
CONTINUOUS
10
0.728632125984252
20
0.5419670866141733
11
0.7274349999999999
21
0.5431642125984252
0
LINE
8
BLACK
6
CONTINUOUS
10
0.7274349999999999
20
0.5431642125984252
11
0.7247375196850393
21
0.5445129527559055
0
LINE
8
BLACK
6
CONTINUOUS
10
0.7247375196850393
20
0.5445129527559055
11
0.7198102755905512
21
0.5445129527559055
0
LINE
8
BLACK
6
CONTINUOUS
10
0.7198102755905512
20
0.5445129527559055
11
0.7195055905511811
21
0.5445429921259842
0
LINE
8
BLACK
6
CONTINUOUS
10
0.7195055905511811
20
0.5445429921259842
11
0.7194281496062992
21
0.5445377952755905
0
LINE
8
BLACK
6
CONTINUOUS
10
0.7194281496062992
20
0.5445377952755905
11
0.7193747637795276
21
0.5445558661417322
0
LINE
8
BLACK
6
CONTINUOUS
10
0.7193747637795276
20
0.5445558661417322
11
0.7192342125984251
21
0.5445696850393701
0
LINE
8
BLACK
6
CONTINUOUS
10
0.7192342125984251
20
0.5445696850393701
11
0.7187909842519685
21
0.5447533070866142
0
LINE
8
BLACK
6
CONTINUOUS
10
0.7187909842519685
20
0.5447533070866142
11
0.7183367716535433
21
0.5449068897637795
0
LINE
8
BLACK
6
CONTINUOUS
10
0.7183367716535433
20
0.5449068897637795
11
0.7182617716535433
21
0.5449724803149606
0
LINE
8
BLACK
6
CONTINUOUS
10
0.7182617716535433
20
0.5449724803149606
11
0.7181698031496063
21
0.5450105905511811
0
LINE
8
BLACK
6
CONTINUOUS
10
0.7181698031496063
20
0.5450105905511811
11
0.7178307874015748
21
0.5453496062992126
0
LINE
8
BLACK
6
CONTINUOUS
10
0.7178307874015748
20
0.5453496062992126
11
0.71746968503937
21
0.5456655511811024
0
LINE
8
BLACK
6
CONTINUOUS
10
0.71746968503937
20
0.5456655511811024
11
0.7174254724409449
21
0.5457549212598425
0
LINE
8
BLACK
6
CONTINUOUS
10
0.7174254724409449
20
0.5457549212598425
11
0.717355157480315
21
0.5458252362204724
0
LINE
8
BLACK
6
CONTINUOUS
10
0.717355157480315
20
0.5458252362204724
11
0.717171653543307
21
0.546268188976378
0
LINE
8
BLACK
6
CONTINUOUS
10
0.717171653543307
20
0.546268188976378
11
0.7169589763779527
21
0.5466983070866142
0
LINE
8
BLACK
6
CONTINUOUS
10
0.7169589763779527
20
0.5466983070866142
11
0.7169523228346456
21
0.5467976771653543
0
LINE
8
BLACK
6
CONTINUOUS
10
0.7169523228346456
20
0.5467976771653543
11
0.7169142519685039
21
0.5468896456692913
0
LINE
8
BLACK
6
CONTINUOUS
10
0.7169142519685039
20
0.5468896456692913
11
0.7169142519685039
21
0.5473693700787401
0
LINE
8
BLACK
6
CONTINUOUS
10
0.7169142519685039
20
0.5473693700787401
11
0.7168823622047243
21
0.5478478346456693
0
LINE
8
BLACK
6
CONTINUOUS
10
0.7168823622047243
20
0.5478478346456693
11
0.7169142519685039
21
0.5479421653543307
0
LINE
8
BLACK
6
CONTINUOUS
10
0.7169142519685039
20
0.5479421653543307
11
0.7169142519685039
21
0.5480417716535433
0
LINE
8
BLACK
6
CONTINUOUS
10
0.7169142519685039
20
0.5480417716535433
11
0.7170978346456692
21
0.548485
0
LINE
8
BLACK
6
CONTINUOUS
10
0.7170978346456692
20
0.548485
11
0.7172514566929133
21
0.5489392125984252
0
LINE
8
BLACK
6
CONTINUOUS
10
0.7172514566929133
20
0.5489392125984252
11
0.7173335433070867
21
0.549054094488189
0
LINE
8
BLACK
6
CONTINUOUS
10
0.7173335433070867
20
0.549054094488189
11
0.717355157480315
21
0.5491061811023622
0
LINE
8
BLACK
6
CONTINUOUS
10
0.717355157480315
20
0.5491061811023622
11
0.7174100787401575
21
0.5491611417322835
0
LINE
8
BLACK
6
CONTINUOUS
10
0.7174100787401575
20
0.5491611417322835
11
0.7175881102362205
21
0.5494101181102362
0
LINE
8
BLACK
6
CONTINUOUS
10
0.7175881102362205
20
0.5494101181102362
11
0.7264264566929134
21
0.5595110629921259
0
LINE
8
BLACK
6
CONTINUOUS
10
0.7264264566929134
20
0.5595110629921259
11
0.7085616929133858
21
0.5595110629921259
0
LINE
8
BLACK
6
CONTINUOUS
10
0.7085616929133858
20
0.5595110629921259
11
0.7079856299212598
21
0.5595677952755905
0
LINE
8
BLACK
6
CONTINUOUS
10
0.7079856299212598
20
0.5595677952755905
11
0.7069212204724409
21
0.5600087007874016
0
LINE
8
BLACK
6
CONTINUOUS
10
0.7069212204724409
20
0.5600087007874016
11
0.7061065748031496
21
0.5608233464566929
0
LINE
8
BLACK
6
CONTINUOUS
10
0.7061065748031496
20
0.5608233464566929
11
0.7056656692913386
21
0.5618877559055118
0
LINE
8
BLACK
6
CONTINUOUS
10
0.7056656692913386
20
0.5618877559055118
11
0.7056656692913386
21
0.5630398818897637
0
LINE
8
BLACK
6
CONTINUOUS
10
0.7056656692913386
20
0.5630398818897637
11
0.7061065748031496
21
0.5641042913385826
0
LINE
8
BLACK
6
CONTINUOUS
10
0.7061065748031496
20
0.5641042913385826
11
0.7069212204724409
21
0.564918937007874
0
LINE
8
BLACK
6
CONTINUOUS
10
0.7069212204724409
20
0.564918937007874
11
0.7079856299212598
21
0.5653598425196851
0
LINE
8
BLACK
6
CONTINUOUS
10
0.7079856299212598
20
0.5653598425196851
11
0.7085616929133858
21
0.5654165748031496
0
LINE
8
BLACK
6
CONTINUOUS
10
0.7085616929133858
20
0.5654165748031496
11
0.7329336220472441
21
0.5654165748031496
0
LINE
8
BLACK
6
CONTINUOUS
10
0.7329336220472441
20
0.5654165748031496
11
0.7332382677165354
21
0.5653865748031496
0
LINE
8
BLACK
6
CONTINUOUS
10
0.6885153149606299
20
0.5653598425196851
11
0.6886133070866142
21
0.565319251968504
0
LINE
8
BLACK
6
CONTINUOUS
10
0.6886133070866142
20
0.565319251968504
11
0.6887191338582677
21
0.5653117322834645
0
LINE
8
BLACK
6
CONTINUOUS
10
0.6887191338582677
20
0.5653117322834645
11
0.6892597637795276
21
0.5651048425196851
0
LINE
8
BLACK
6
CONTINUOUS
10
0.6892597637795276
20
0.5651048425196851
11
0.6930092913385827
21
0.5632300787401575
0
LINE
8
BLACK
6
CONTINUOUS
10
0.6930092913385827
20
0.5632300787401575
11
0.6932572834645669
21
0.5630740157480315
0
LINE
8
BLACK
6
CONTINUOUS
10
0.6932572834645669
20
0.5630740157480315
11
0.6933292519685039
21
0.5630441732283464
0
LINE
8
BLACK
6
CONTINUOUS
10
0.6933292519685039
20
0.5630441732283464
11
0.6934101968503937
21
0.562977716535433
0
LINE
8
BLACK
6
CONTINUOUS
10
0.6934101968503937
20
0.562977716535433
11
0.6934991732283464
21
0.5629217322834645
0
LINE
8
BLACK
6
CONTINUOUS
10
0.6934991732283464
20
0.5629217322834645
11
0.6935503149606299
21
0.5628627559055118
0
LINE
8
BLACK
6
CONTINUOUS
10
0.6935503149606299
20
0.5628627559055118
11
0.6937766929133858
21
0.562676968503937
0
LINE
8
BLACK
6
CONTINUOUS
10
0.6937766929133858
20
0.562676968503937
11
0.6956514566929134
21
0.5608022047244094
0
LINE
8
BLACK
6
CONTINUOUS
10
0.6956514566929134
20
0.5608022047244094
11
0.6958372047244095
21
0.5605758661417323
0
LINE
8
BLACK
6
CONTINUOUS
10
0.6958372047244095
20
0.5605758661417323
11
0.6958962204724409
21
0.56052468503937
0
LINE
8
BLACK
6
CONTINUOUS
10
0.6958962204724409
20
0.56052468503937
11
0.6959521653543307
21
0.5604357480314961
0
LINE
8
BLACK
6
CONTINUOUS
10
0.6959521653543307
20
0.5604357480314961
11
0.6960186614173228
21
0.5603547637795275
0
LINE
8
BLACK
6
CONTINUOUS
10
0.6960186614173228
20
0.5603547637795275
11
0.6960484645669291
21
0.5602828346456693
0
LINE
8
BLACK
6
CONTINUOUS
10
0.6960484645669291
20
0.5602828346456693
11
0.6962045669291338
21
0.5600348031496063
0
LINE
8
BLACK
6
CONTINUOUS
10
0.6962045669291338
20
0.5600348031496063
11
0.6980793307086613
21
0.5562852755905512
0
LINE
8
BLACK
6
CONTINUOUS
10
0.6980793307086613
20
0.5562852755905512
11
0.6982862204724409
21
0.55574468503937
0
LINE
8
BLACK
6
CONTINUOUS
10
0.6982862204724409
20
0.55574468503937
11
0.6982937401574802
21
0.5556388188976378
0
LINE
8
BLACK
6
CONTINUOUS
10
0.6982937401574802
20
0.5556388188976378
11
0.6983343307086614
21
0.5555408267716535
0
LINE
8
BLACK
6
CONTINUOUS
10
0.6983343307086614
20
0.5555408267716535
11
0.6983910629921259
21
0.5549647637795275
0
LINE
8
BLACK
6
CONTINUOUS
10
0.6983910629921259
20
0.5549647637795275
11
0.6983910629921259
21
0.5493404724409449
0
LINE
8
BLACK
6
CONTINUOUS
10
0.6983910629921259
20
0.5493404724409449
11
0.6983343307086614
21
0.5487644094488189
0
LINE
8
BLACK
6
CONTINUOUS
10
0.6983343307086614
20
0.5487644094488189
11
0.6982937401574802
21
0.5486664566929134
0
LINE
8
BLACK
6
CONTINUOUS
10
0.6982937401574802
20
0.5486664566929134
11
0.6982862204724409
21
0.5485605511811024
0
LINE
8
BLACK
6
CONTINUOUS
10
0.6982862204724409
20
0.5485605511811024
11
0.6980793307086613
21
0.5480199606299212
0
LINE
8
BLACK
6
CONTINUOUS
10
0.6980793307086613
20
0.5480199606299212
11
0.6962045669291338
21
0.5442704330708661
0
LINE
8
BLACK
6
CONTINUOUS
10
0.6962045669291338
20
0.5442704330708661
11
0.6960484645669291
21
0.5440224409448818
0
LINE
8
BLACK
6
CONTINUOUS
10
0.6960484645669291
20
0.5440224409448818
11
0.6960186614173228
21
0.5439504724409449
0
LINE
8
BLACK
6
CONTINUOUS
10
0.6960186614173228
20
0.5439504724409449
11
0.6959521653543307
21
0.5438695275590552
0
LINE
8
BLACK
6
CONTINUOUS
10
0.6959521653543307
20
0.5438695275590552
11
0.6958962204724409
21
0.5437805511811024
0
LINE
8
BLACK
6
CONTINUOUS
10
0.6958962204724409
20
0.5437805511811024
11
0.6958372047244095
21
0.5437294094488189
0
LINE
8
BLACK
6
CONTINUOUS
10
0.6958372047244095
20
0.5437294094488189
11
0.6956514566929134
21
0.5435030314960629
0
LINE
8
BLACK
6
CONTINUOUS
10
0.6956514566929134
20
0.5435030314960629
11
0.6937766929133858
21
0.5416282677165354
0
LINE
8
BLACK
6
CONTINUOUS
10
0.6937766929133858
20
0.5416282677165354
11
0.6935503149606299
21
0.5414425196850393
0
LINE
8
BLACK
6
CONTINUOUS
10
0.6935503149606299
20
0.5414425196850393
11
0.6934991732283464
21
0.5413835039370078
0
LINE
8
BLACK
6
CONTINUOUS
10
0.6934991732283464
20
0.5413835039370078
11
0.6934101968503937
21
0.5413275590551181
0
LINE
8
BLACK
6
CONTINUOUS
10
0.6934101968503937
20
0.5413275590551181
11
0.6933292519685039
21
0.541261062992126
0
LINE
8
BLACK
6
CONTINUOUS
10
0.6933292519685039
20
0.541261062992126
11
0.6932572834645669
21
0.5412312598425196
0
LINE
8
BLACK
6
CONTINUOUS
10
0.6932572834645669
20
0.5412312598425196
11
0.6930092913385827
21
0.541075157480315
0
LINE
8
BLACK
6
CONTINUOUS
10
0.6930092913385827
20
0.541075157480315
11
0.6892597637795276
21
0.5392003937007874
0
LINE
8
BLACK
6
CONTINUOUS
10
0.6892597637795276
20
0.5392003937007874
11
0.6887191338582677
21
0.5389935039370078
0
LINE
8
BLACK
6
CONTINUOUS
10
0.6887191338582677
20
0.5389935039370078
11
0.6886133070866142
21
0.5389860236220473
0
LINE
8
BLACK
6
CONTINUOUS
10
0.6886133070866142
20
0.5389860236220473
11
0.6885153149606299
21
0.5389453937007874
0
LINE
8
BLACK
6
CONTINUOUS
10
0.6885153149606299
20
0.5389453937007874
11
0.6879831496062992
21
0.5388929921259843
0
LINE
8
BLACK
6
CONTINUOUS
10
0.6879831496062992
20
0.5388929921259843
11
0.6978573228346456
21
0.5247870078740158
0
LINE
8
BLACK
6
CONTINUOUS
10
0.6978573228346456
20
0.5247870078740158
11
0.6981411811023622
21
0.5242825590551181
0
LINE
8
BLACK
6
CONTINUOUS
10
0.6981411811023622
20
0.5242825590551181
11
0.6983903543307086
21
0.5231577165354331
0
LINE
8
BLACK
6
CONTINUOUS
10
0.6983903543307086
20
0.5231577165354331
11
0.698190157480315
21
0.5220231496062993
0
LINE
8
BLACK
6
CONTINUOUS
10
0.698190157480315
20
0.5220231496062993
11
0.6975709842519685
21
0.5210515748031496
0
LINE
8
BLACK
6
CONTINUOUS
10
0.6975709842519685
20
0.5210515748031496
11
0.6966271259842519
21
0.5203908661417322
0
LINE
8
BLACK
6
CONTINUOUS
10
0.6966271259842519
20
0.5203908661417322
11
0.6955022834645669
21
0.5201416535433071
0
LINE
8
BLACK
6
CONTINUOUS
10
0.6955022834645669
20
0.5201416535433071
11
0.6943677559055118
21
0.5203418897637795
0
LINE
8
BLACK
6
CONTINUOUS
10
0.6943677559055118
20
0.5203418897637795
11
0.6933961417322835
21
0.520961062992126
0
LINE
8
BLACK
6
CONTINUOUS
10
0.6933961417322835
20
0.520961062992126
11
0.6930193307086614
21
0.5214004330708661
0
LINE
8
BLACK
6
CONTINUOUS
10
0.6930193307086614
20
0.5214004330708661
11
0.6807775984251968
21
0.5388886614173228
0
LINE
8
BLACK
6
CONTINUOUS
10
0.6807775984251968
20
0.5388886614173228
11
0.6758938976377953
21
0.5388886614173228
0
LINE
8
BLACK
6
CONTINUOUS
10
0.6758938976377953
20
0.5388886614173228
11
0.6758938976377953
21
0.5230937401574803
0
LINE
8
BLACK
6
CONTINUOUS
10
0.6758938976377953
20
0.5230937401574803
11
0.6758371653543307
21
0.5225176771653544
0
LINE
8
BLACK
6
CONTINUOUS
10
0.6758371653543307
20
0.5225176771653544
11
0.6753962598425197
21
0.5214532677165354
0
LINE
8
BLACK
6
CONTINUOUS
10
0.6753962598425197
20
0.5214532677165354
11
0.6745816141732284
21
0.5206386220472441
0
LINE
8
BLACK
6
CONTINUOUS
10
0.6745816141732284
20
0.5206386220472441
11
0.6735172047244095
21
0.520197716535433
0
LINE
8
BLACK
6
CONTINUOUS
10
0.6735172047244095
20
0.520197716535433
11
0.6723650787401575
21
0.520197716535433
0
LINE
8
BLACK
6
CONTINUOUS
10
0.6723650787401575
20
0.520197716535433
11
0.6713006692913386
21
0.5206386220472441
0
LINE
8
BLACK
6
CONTINUOUS
10
0.6713006692913386
20
0.5206386220472441
11
0.6704860236220472
21
0.5214532677165354
0
LINE
8
BLACK
6
CONTINUOUS
10
0.6704860236220472
20
0.5214532677165354
11
0.6700451181102363
21
0.5225176771653544
0
LINE
8
BLACK
6
CONTINUOUS
10
0.6700451181102363
20
0.5225176771653544
11
0.6699883858267717
21
0.5230937401574803
0
LINE
8
BLACK
6
CONTINUOUS
10
0.6699883858267717
20
0.5230937401574803
11
0.6699883858267717
21
0.5624638188976377
0
LINE
8
BLACK
6
CONTINUOUS
10
0.6699883858267717
20
0.5624638188976377
11
0.6700451181102363
21
0.5630398818897637
0
LINE
8
BLACK
6
CONTINUOUS
10
0.6700451181102363
20
0.5630398818897637
11
0.6704860236220472
21
0.5641042913385826
0
LINE
8
BLACK
6
CONTINUOUS
10
0.6704860236220472
20
0.5641042913385826
11
0.6713006692913386
21
0.564918937007874
0
LINE
8
BLACK
6
CONTINUOUS
10
0.6713006692913386
20
0.564918937007874
11
0.6723650787401575
21
0.5653598425196851
0
LINE
8
BLACK
6
CONTINUOUS
10
0.6723650787401575
20
0.5653598425196851
11
0.6729411417322835
21
0.5654165748031496
0
LINE
8
BLACK
6
CONTINUOUS
10
0.6729411417322835
20
0.5654165748031496
11
0.6879392519685039
21
0.5654165748031496
0
LINE
8
BLACK
6
CONTINUOUS
10
0.6879392519685039
20
0.5654165748031496
11
0.6885153149606299
21
0.5653598425196851
0
LINE
8
BLACK
6
CONTINUOUS
10
0.6758938976377953
20
0.5447941732283464
11
0.6872422047244094
21
0.5447941732283464
0
LINE
8
BLACK
6
CONTINUOUS
10
0.6872422047244094
20
0.5447941732283464
11
0.6899396850393701
21
0.5461429133858268
0
LINE
8
BLACK
6
CONTINUOUS
10
0.6899396850393701
20
0.5461429133858268
11
0.691136811023622
21
0.5473400393700787
0
LINE
8
BLACK
6
CONTINUOUS
10
0.691136811023622
20
0.5473400393700787
11
0.6924855511811023
21
0.5500375196850393
0
LINE
8
BLACK
6
CONTINUOUS
10
0.6924855511811023
20
0.5500375196850393
11
0.6924855511811023
21
0.5542677165354331
0
LINE
8
BLACK
6
CONTINUOUS
10
0.6924855511811023
20
0.5542677165354331
11
0.691136811023622
21
0.5569651968503937
0
LINE
8
BLACK
6
CONTINUOUS
10
0.691136811023622
20
0.5569651968503937
11
0.6899396850393701
21
0.5581623228346456
0
LINE
8
BLACK
6
CONTINUOUS
10
0.6899396850393701
20
0.5581623228346456
11
0.6872422047244094
21
0.5595110629921259
0
LINE
8
BLACK
6
CONTINUOUS
10
0.6872422047244094
20
0.5595110629921259
11
0.6758938976377953
21
0.5595110629921259
0
LINE
8
BLACK
6
CONTINUOUS
10
0.6758938976377953
20
0.5595110629921259
11
0.6758938976377953
21
0.5447941732283464
  0
ENDSEC
  0
EOF
