  0
SECTION
  2
HEADER
  9
$ANGBASE
  50
0.0
  9
$ANGDIR
  70
1
  9
$MEASUREMENT
  70
0
  0
ENDSEC
  0
SECTION
  2
TABLES
  0
TABLE
  2
LTYPE
  70
4
  0
LTYPE
  5
40F
  2
CONTINUOUS
  70
0
  3
Solid line
  72
65
  73
0
  40
0.0
  0
LTYPE
  5
410
  2
DASHDOT
 70
0
  3
Dash Dot ____ _ ____ _
 72
65
 73
4
 40
2.0
 49
1.25
 49
-0.25
 49
0.25
 49
-0.25
  0
LTYPE
  5
411
  2
DASHED
 70
0
  3
Dashed __ __ __ __ __
 72
65
 73
2
 40
0.75
 49
0.5
 49
-0.25
  0
LTYPE
  5
43B
  2
DOTTED
 70
0
  3
Dotted .  .  .  .
 72
65
 73
2
 40
0.2
 49
0.0
 49
-0.2
  0
ENDTAB
  0
TABLE
  2
STYLE
  70
4
  0
STYLE
  2
KICAD
  70
0
  40
0
  41
1
  42
1
  50
0
  71
0
  3
isocp.shx
  0
STYLE
  2
KICADB
  70
0
  40
0
  41
1
  42
1
  50
0
  71
0
  3
isocp.shx
  0
STYLE
  2
KICADI
  70
0
  40
0
  41
1
  42
1
  50
15
  71
0
  3
isocp.shx
  0
STYLE
  2
KICADBI
  70
0
  40
0
  41
1
  42
1
  50
15
  71
0
  3
isocp.shx
  0
ENDTAB
  0
TABLE
  2
LAYER
  70
1
  0
LAYER
  2
BLACK
  70
0
  62
7
  6
CONTINUOUS
  0
ENDTAB
  0
ENDSEC
  0
SECTION
  2
ENTITIES
0
LINE
8
BLACK
6
CONTINUOUS
10
0.3846240551181102
20
0.0032896850393701
11
0.3856884645669291
21
0.0028487795275591
0
LINE
8
BLACK
6
CONTINUOUS
10
0.3856884645669291
20
0.0028487795275591
11
0.3865031102362205
21
0.0020341338582677
0
LINE
8
BLACK
6
CONTINUOUS
10
0.3865031102362205
20
0.0020341338582677
11
0.3869440157480315
21
0.0009697244094488
0
LINE
8
BLACK
6
CONTINUOUS
10
0.3869440157480315
20
0.0009697244094488
11
0.3869440157480315
21
-0.0001824015748031
0
LINE
8
BLACK
6
CONTINUOUS
10
0.3869440157480315
20
-0.0001824015748031
11
0.3865031102362205
21
-0.001246811023622
0
LINE
8
BLACK
6
CONTINUOUS
10
0.3865031102362205
20
-0.001246811023622
11
0.3856884645669291
21
-0.0020614566929134
0
LINE
8
BLACK
6
CONTINUOUS
10
0.3856884645669291
20
-0.0020614566929134
11
0.3846240551181102
21
-0.0025023622047244
0
LINE
8
BLACK
6
CONTINUOUS
10
0.3846240551181102
20
-0.0025023622047244
11
0.3840479921259842
21
-0.002559094488189
0
LINE
8
BLACK
6
CONTINUOUS
10
0.3840479921259842
20
-0.002559094488189
11
0.3627738582677165
21
-0.002559094488189
0
LINE
8
BLACK
6
CONTINUOUS
10
0.3627738582677165
20
-0.002559094488189
11
0.3621027559055118
21
-0.0032301968503937
0
LINE
8
BLACK
6
CONTINUOUS
10
0.3621027559055118
20
-0.0032301968503937
11
0.3607540157480315
21
-0.0059276771653543
0
LINE
8
BLACK
6
CONTINUOUS
10
0.3607540157480315
20
-0.0059276771653543
11
0.3607540157480315
21
-0.010157874015748
0
LINE
8
BLACK
6
CONTINUOUS
10
0.3607540157480315
20
-0.010157874015748
11
0.3618768503937008
21
-0.0124035826771654
0
LINE
8
BLACK
6
CONTINUOUS
10
0.3618768503937008
20
-0.0124035826771654
11
0.3641225984251968
21
-0.0135264566929134
0
LINE
8
BLACK
6
CONTINUOUS
10
0.3641225984251968
20
-0.0135264566929134
11
0.3840479921259842
21
-0.0135264566929134
0
LINE
8
BLACK
6
CONTINUOUS
10
0.3840479921259842
20
-0.0135264566929134
11
0.3846240551181102
21
-0.013583188976378
0
LINE
8
BLACK
6
CONTINUOUS
10
0.3846240551181102
20
-0.013583188976378
11
0.3856884645669291
21
-0.014024094488189
0
LINE
8
BLACK
6
CONTINUOUS
10
0.3856884645669291
20
-0.014024094488189
11
0.3865031102362205
21
-0.0148387401574803
0
LINE
8
BLACK
6
CONTINUOUS
10
0.3865031102362205
20
-0.0148387401574803
11
0.3869440157480315
21
-0.0159031496062992
0
LINE
8
BLACK
6
CONTINUOUS
10
0.3869440157480315
20
-0.0159031496062992
11
0.3869440157480315
21
-0.0170552755905512
0
LINE
8
BLACK
6
CONTINUOUS
10
0.3869440157480315
20
-0.0170552755905512
11
0.3865031102362205
21
-0.0181196850393701
0
LINE
8
BLACK
6
CONTINUOUS
10
0.3865031102362205
20
-0.0181196850393701
11
0.3856884645669291
21
-0.0189343307086614
0
LINE
8
BLACK
6
CONTINUOUS
10
0.3856884645669291
20
-0.0189343307086614
11
0.3846240551181102
21
-0.0193752362204724
0
LINE
8
BLACK
6
CONTINUOUS
10
0.3846240551181102
20
-0.0193752362204724
11
0.3840479921259842
21
-0.019431968503937
0
LINE
8
BLACK
6
CONTINUOUS
10
0.3840479921259842
20
-0.019431968503937
11
0.3634255511811024
21
-0.019431968503937
0
LINE
8
BLACK
6
CONTINUOUS
10
0.3634255511811024
20
-0.019431968503937
11
0.3628494881889764
21
-0.0193752362204724
0
LINE
8
BLACK
6
CONTINUOUS
10
0.3628494881889764
20
-0.0193752362204724
11
0.3627514960629921
21
-0.0193346456692913
0
LINE
8
BLACK
6
CONTINUOUS
10
0.3627514960629921
20
-0.0193346456692913
11
0.3626456299212598
21
-0.019327125984252
0
LINE
8
BLACK
6
CONTINUOUS
10
0.3626456299212598
20
-0.019327125984252
11
0.3621050393700787
21
-0.0191202362204724
0
LINE
8
BLACK
6
CONTINUOUS
10
0.3621050393700787
20
-0.0191202362204724
11
0.3583555118110236
21
-0.0172454724409449
0
LINE
8
BLACK
6
CONTINUOUS
10
0.3583555118110236
20
-0.0172454724409449
11
0.3582591338582677
21
-0.0171848031496063
0
LINE
8
BLACK
6
CONTINUOUS
10
0.3582591338582677
20
-0.0171848031496063
11
0.3582137401574803
21
-0.0171696850393701
0
LINE
8
BLACK
6
CONTINUOUS
10
0.3582137401574803
20
-0.0171696850393701
11
0.3581571653543307
21
-0.0171206299212598
0
LINE
8
BLACK
6
CONTINUOUS
10
0.3581571653543307
20
-0.0171206299212598
11
0.3578656299212598
21
-0.016937125984252
0
LINE
8
BLACK
6
CONTINUOUS
10
0.3578656299212598
20
-0.016937125984252
11
0.357623031496063
21
-0.0166574015748031
0
LINE
8
BLACK
6
CONTINUOUS
10
0.357623031496063
20
-0.0166574015748031
11
0.3573433464566929
21
-0.016414842519685
0
LINE
8
BLACK
6
CONTINUOUS
10
0.3573433464566929
20
-0.016414842519685
11
0.3571598031496063
21
-0.0161232677165354
0
LINE
8
BLACK
6
CONTINUOUS
10
0.3571598031496063
20
-0.0161232677165354
11
0.3571107874015748
21
-0.0160667322834646
0
LINE
8
BLACK
6
CONTINUOUS
10
0.3571107874015748
20
-0.0160667322834646
11
0.3570956299212598
21
-0.0160212992125984
0
LINE
8
BLACK
6
CONTINUOUS
10
0.3570956299212598
20
-0.0160212992125984
11
0.357035
21
-0.0159249606299213
0
LINE
8
BLACK
6
CONTINUOUS
10
0.357035
20
-0.0159249606299213
11
0.3551602362204724
21
-0.0121754330708661
0
LINE
8
BLACK
6
CONTINUOUS
10
0.3551602362204724
20
-0.0121754330708661
11
0.3549533464566929
21
-0.0116348031496063
0
LINE
8
BLACK
6
CONTINUOUS
10
0.3549533464566929
20
-0.0116348031496063
11
0.3549458267716535
21
-0.0115289763779528
0
LINE
8
BLACK
6
CONTINUOUS
10
0.3549458267716535
20
-0.0115289763779528
11
0.3549052362204724
21
-0.0114309842519685
0
LINE
8
BLACK
6
CONTINUOUS
10
0.3549052362204724
20
-0.0114309842519685
11
0.3548485039370078
21
-0.0108549212598425
0
LINE
8
BLACK
6
CONTINUOUS
10
0.3548485039370078
20
-0.0108549212598425
11
0.3548485039370078
21
-0.0052306299212598
0
LINE
8
BLACK
6
CONTINUOUS
10
0.3548485039370078
20
-0.0052306299212598
11
0.3549052362204724
21
-0.0046545669291339
0
LINE
8
BLACK
6
CONTINUOUS
10
0.3549052362204724
20
-0.0046545669291339
11
0.3549458267716535
21
-0.0045565354330709
0
LINE
8
BLACK
6
CONTINUOUS
10
0.3549458267716535
20
-0.0045565354330709
11
0.3549533464566929
21
-0.0044507480314961
0
LINE
8
BLACK
6
CONTINUOUS
10
0.3549533464566929
20
-0.0044507480314961
11
0.3551602362204724
21
-0.0039101181102362
0
LINE
8
BLACK
6
CONTINUOUS
10
0.3551602362204724
20
-0.0039101181102362
11
0.3561099606299212
21
-0.0020106299212598
0
LINE
8
BLACK
6
CONTINUOUS
10
0.3561099606299212
20
-0.0020106299212598
11
0.3553461417322835
21
-0.001246811023622
0
LINE
8
BLACK
6
CONTINUOUS
10
0.3553461417322835
20
-0.001246811023622
11
0.3549052362204724
21
-0.0001824015748031
0
LINE
8
BLACK
6
CONTINUOUS
10
0.3549052362204724
20
-0.0001824015748031
11
0.3549052362204724
21
0.0009697244094488
0
LINE
8
BLACK
6
CONTINUOUS
10
0.3549052362204724
20
0.0009697244094488
11
0.3553461417322835
21
0.0020341338582677
0
LINE
8
BLACK
6
CONTINUOUS
10
0.3553461417322835
20
0.0020341338582677
11
0.3561607874015748
21
0.0028487795275591
0
LINE
8
BLACK
6
CONTINUOUS
10
0.3561607874015748
20
0.0028487795275591
11
0.3572251968503937
21
0.0032896850393701
0
LINE
8
BLACK
6
CONTINUOUS
10
0.3572251968503937
20
0.0032896850393701
11
0.3578012598425197
21
0.0033464173228346
0
LINE
8
BLACK
6
CONTINUOUS
10
0.3578012598425197
20
0.0033464173228346
11
0.3840479921259842
21
0.0033464173228346
0
LINE
8
BLACK
6
CONTINUOUS
10
0.3840479921259842
20
0.0033464173228346
11
0.3846240551181102
21
0.0032896850393701
0
LINE
8
BLACK
6
CONTINUOUS
10
0.3789997244094488
20
0.0389102362204724
11
0.3790977165354331
21
0.0388696456692913
0
LINE
8
BLACK
6
CONTINUOUS
10
0.3790977165354331
20
0.0388696456692913
11
0.3792035433070866
21
0.038862125984252
0
LINE
8
BLACK
6
CONTINUOUS
10
0.3792035433070866
20
0.038862125984252
11
0.3797441732283465
21
0.0386552362204724
0
LINE
8
BLACK
6
CONTINUOUS
10
0.3797441732283465
20
0.0386552362204724
11
0.3834937401574803
21
0.0367804724409449
0
LINE
8
BLACK
6
CONTINUOUS
10
0.3834937401574803
20
0.0367804724409449
11
0.3835900393700787
21
0.036719842519685
0
LINE
8
BLACK
6
CONTINUOUS
10
0.3835900393700787
20
0.036719842519685
11
0.3836355118110236
21
0.0367046850393701
0
LINE
8
BLACK
6
CONTINUOUS
10
0.3836355118110236
20
0.0367046850393701
11
0.3836920866141732
21
0.0366556299212598
0
LINE
8
BLACK
6
CONTINUOUS
10
0.3836920866141732
20
0.0366556299212598
11
0.3839835826771654
21
0.036472125984252
0
LINE
8
BLACK
6
CONTINUOUS
10
0.3839835826771654
20
0.036472125984252
11
0.384226062992126
21
0.0361925196850394
0
LINE
8
BLACK
6
CONTINUOUS
10
0.384226062992126
20
0.0361925196850394
11
0.384505905511811
21
0.035949842519685
0
LINE
8
BLACK
6
CONTINUOUS
10
0.384505905511811
20
0.035949842519685
11
0.3846894094488189
21
0.0356583070866142
0
LINE
8
BLACK
6
CONTINUOUS
10
0.3846894094488189
20
0.0356583070866142
11
0.3847384645669291
21
0.0356017322834646
0
LINE
8
BLACK
6
CONTINUOUS
10
0.3847384645669291
20
0.0356017322834646
11
0.3847535826771654
21
0.0355563385826772
0
LINE
8
BLACK
6
CONTINUOUS
10
0.3847535826771654
20
0.0355563385826772
11
0.3848142519685039
21
0.0354599606299213
0
LINE
8
BLACK
6
CONTINUOUS
10
0.3848142519685039
20
0.0354599606299213
11
0.3866890157480315
21
0.0317104330708661
0
LINE
8
BLACK
6
CONTINUOUS
10
0.3866890157480315
20
0.0317104330708661
11
0.386895905511811
21
0.031169842519685
0
LINE
8
BLACK
6
CONTINUOUS
10
0.386895905511811
20
0.031169842519685
11
0.3869034251968504
21
0.0310639763779528
0
LINE
8
BLACK
6
CONTINUOUS
10
0.3869034251968504
20
0.0310639763779528
11
0.3869440157480315
21
0.0309659842519685
0
LINE
8
BLACK
6
CONTINUOUS
10
0.3869440157480315
20
0.0309659842519685
11
0.387000748031496
21
0.0303899212598425
0
LINE
8
BLACK
6
CONTINUOUS
10
0.387000748031496
20
0.0303899212598425
11
0.387000748031496
21
0.0228908661417323
0
LINE
8
BLACK
6
CONTINUOUS
10
0.387000748031496
20
0.0228908661417323
11
0.3869440157480315
21
0.0223148031496063
0
LINE
8
BLACK
6
CONTINUOUS
10
0.3869440157480315
20
0.0223148031496063
11
0.3869034251968504
21
0.0222168503937008
0
LINE
8
BLACK
6
CONTINUOUS
10
0.3869034251968504
20
0.0222168503937008
11
0.386895905511811
21
0.0221109448818898
0
LINE
8
BLACK
6
CONTINUOUS
10
0.386895905511811
20
0.0221109448818898
11
0.3866890157480315
21
0.0215703543307087
0
LINE
8
BLACK
6
CONTINUOUS
10
0.3866890157480315
20
0.0215703543307087
11
0.3848142519685039
21
0.0178208267716535
0
LINE
8
BLACK
6
CONTINUOUS
10
0.3848142519685039
20
0.0178208267716535
11
0.384505905511811
21
0.0173309448818898
0
LINE
8
BLACK
6
CONTINUOUS
10
0.384505905511811
20
0.0173309448818898
11
0.3836355118110236
21
0.0165761023622047
0
LINE
8
BLACK
6
CONTINUOUS
10
0.3836355118110236
20
0.0165761023622047
11
0.3825425590551181
21
0.0162117716535433
0
LINE
8
BLACK
6
CONTINUOUS
10
0.3825425590551181
20
0.0162117716535433
11
0.3813933464566929
21
0.0162934251968504
0
LINE
8
BLACK
6
CONTINUOUS
10
0.3813933464566929
20
0.0162934251968504
11
0.3803628346456693
21
0.0168086614173228
0
LINE
8
BLACK
6
CONTINUOUS
10
0.3803628346456693
20
0.0168086614173228
11
0.3796079921259842
21
0.0176790551181102
0
LINE
8
BLACK
6
CONTINUOUS
10
0.3796079921259842
20
0.0176790551181102
11
0.3792436614173229
21
0.0187720078740157
0
LINE
8
BLACK
6
CONTINUOUS
10
0.3792436614173229
20
0.0187720078740157
11
0.3793253149606299
21
0.0199212204724409
0
LINE
8
BLACK
6
CONTINUOUS
10
0.3793253149606299
20
0.0199212204724409
11
0.3795322047244095
21
0.0204618503937008
0
LINE
8
BLACK
6
CONTINUOUS
10
0.3795322047244095
20
0.0204618503937008
11
0.3810952362204724
21
0.0235879133858268
0
LINE
8
BLACK
6
CONTINUOUS
10
0.3810952362204724
20
0.0235879133858268
11
0.3810952362204724
21
0.029692874015748
0
LINE
8
BLACK
6
CONTINUOUS
10
0.3810952362204724
20
0.029692874015748
11
0.3799723622047244
21
0.0319386220472441
0
LINE
8
BLACK
6
CONTINUOUS
10
0.3799723622047244
20
0.0319386220472441
11
0.3777266141732283
21
0.0330614566929134
0
LINE
8
BLACK
6
CONTINUOUS
10
0.3777266141732283
20
0.0330614566929134
11
0.3733452755905512
21
0.0330614566929134
0
LINE
8
BLACK
6
CONTINUOUS
10
0.3733452755905512
20
0.0330614566929134
11
0.3700705118110236
21
0.0166874803149606
0
LINE
8
BLACK
6
CONTINUOUS
10
0.3700705118110236
20
0.0166874803149606
11
0.3699018897637795
21
0.0161337401574803
0
LINE
8
BLACK
6
CONTINUOUS
10
0.3699018897637795
20
0.0161337401574803
11
0.3697408661417323
21
0.0158933858267717
0
LINE
8
BLACK
6
CONTINUOUS
10
0.3697408661417323
20
0.0158933858267717
11
0.3696301968503937
21
0.0156261023622047
0
LINE
8
BLACK
6
CONTINUOUS
10
0.3696301968503937
20
0.0156261023622047
11
0.3694234645669291
21
0.0154194094488189
0
LINE
8
BLACK
6
CONTINUOUS
10
0.3694234645669291
20
0.0154194094488189
11
0.3692607874015748
21
0.0151764566929134
0
LINE
8
BLACK
6
CONTINUOUS
10
0.3692607874015748
20
0.0151764566929134
11
0.3690200787401575
21
0.0150159842519685
0
LINE
8
BLACK
6
CONTINUOUS
10
0.3690200787401575
20
0.0150159842519685
11
0.3688155511811024
21
0.0148114566929134
0
LINE
8
BLACK
6
CONTINUOUS
10
0.3688155511811024
20
0.0148114566929134
11
0.3685454724409449
21
0.0146996062992126
0
LINE
8
BLACK
6
CONTINUOUS
10
0.3685454724409449
20
0.0146996062992126
11
0.3683022047244094
21
0.0145374015748031
0
LINE
8
BLACK
6
CONTINUOUS
10
0.3683022047244094
20
0.0145374015748031
11
0.3680183858267717
21
0.0144812598425197
0
LINE
8
BLACK
6
CONTINUOUS
10
0.3680183858267717
20
0.0144812598425197
11
0.3677511417322835
21
0.0143705511811024
0
LINE
8
BLACK
6
CONTINUOUS
10
0.3677511417322835
20
0.0143705511811024
11
0.3671750787401575
21
0.0143138188976378
0
LINE
8
BLACK
6
CONTINUOUS
10
0.3671750787401575
20
0.0143138188976378
11
0.3671720078740157
21
0.0143138188976378
0
LINE
8
BLACK
6
CONTINUOUS
10
0.3671720078740157
20
0.0143138188976378
11
0.3634255511811024
21
0.0143138188976378
0
LINE
8
BLACK
6
CONTINUOUS
10
0.3634255511811024
20
0.0143138188976378
11
0.3628494881889764
21
0.0143705511811024
0
LINE
8
BLACK
6
CONTINUOUS
10
0.3628494881889764
20
0.0143705511811024
11
0.3627514960629921
21
0.0144111417322835
0
LINE
8
BLACK
6
CONTINUOUS
10
0.3627514960629921
20
0.0144111417322835
11
0.3626456299212598
21
0.0144186614173228
0
LINE
8
BLACK
6
CONTINUOUS
10
0.3626456299212598
20
0.0144186614173228
11
0.3621050393700787
21
0.0146255511811024
0
LINE
8
BLACK
6
CONTINUOUS
10
0.3621050393700787
20
0.0146255511811024
11
0.3583555118110236
21
0.0165003149606299
0
LINE
8
BLACK
6
CONTINUOUS
10
0.3583555118110236
20
0.0165003149606299
11
0.3582591338582677
21
0.0165609842519685
0
LINE
8
BLACK
6
CONTINUOUS
10
0.3582591338582677
20
0.0165609842519685
11
0.3582137401574803
21
0.0165761023622047
0
LINE
8
BLACK
6
CONTINUOUS
10
0.3582137401574803
20
0.0165761023622047
11
0.3581571653543307
21
0.016625157480315
0
LINE
8
BLACK
6
CONTINUOUS
10
0.3581571653543307
20
0.016625157480315
11
0.3578656299212598
21
0.0168086614173228
0
LINE
8
BLACK
6
CONTINUOUS
10
0.3578656299212598
20
0.0168086614173228
11
0.357623031496063
21
0.0170883858267717
0
LINE
8
BLACK
6
CONTINUOUS
10
0.357623031496063
20
0.0170883858267717
11
0.3573433464566929
21
0.0173309448818898
0
LINE
8
BLACK
6
CONTINUOUS
10
0.3573433464566929
20
0.0173309448818898
11
0.3571598031496063
21
0.0176225196850394
0
LINE
8
BLACK
6
CONTINUOUS
10
0.3571598031496063
20
0.0176225196850394
11
0.3571107874015748
21
0.0176790551181102
0
LINE
8
BLACK
6
CONTINUOUS
10
0.3571107874015748
20
0.0176790551181102
11
0.3570956299212598
21
0.0177244881889764
0
LINE
8
BLACK
6
CONTINUOUS
10
0.3570956299212598
20
0.0177244881889764
11
0.357035
21
0.0178208267716535
0
LINE
8
BLACK
6
CONTINUOUS
10
0.357035
20
0.0178208267716535
11
0.3551602362204724
21
0.0215703543307087
0
LINE
8
BLACK
6
CONTINUOUS
10
0.3551602362204724
20
0.0215703543307087
11
0.3549533464566929
21
0.0221109842519685
0
LINE
8
BLACK
6
CONTINUOUS
10
0.3549533464566929
20
0.0221109842519685
11
0.3549458267716535
21
0.022216811023622
0
LINE
8
BLACK
6
CONTINUOUS
10
0.3549458267716535
20
0.022216811023622
11
0.3549052362204724
21
0.0223148031496063
0
LINE
8
BLACK
6
CONTINUOUS
10
0.3549052362204724
20
0.0223148031496063
11
0.3548485039370078
21
0.0228908661417323
0
LINE
8
BLACK
6
CONTINUOUS
10
0.3548485039370078
20
0.0228908661417323
11
0.3548485039370078
21
0.0303899212598425
0
LINE
8
BLACK
6
CONTINUOUS
10
0.3548485039370078
20
0.0303899212598425
11
0.3549052362204724
21
0.0309659842519685
0
LINE
8
BLACK
6
CONTINUOUS
10
0.3549052362204724
20
0.0309659842519685
11
0.3549458267716535
21
0.0310640157480315
0
LINE
8
BLACK
6
CONTINUOUS
10
0.3549458267716535
20
0.0310640157480315
11
0.3549533464566929
21
0.0311698031496063
0
LINE
8
BLACK
6
CONTINUOUS
10
0.3549533464566929
20
0.0311698031496063
11
0.3551602362204724
21
0.0317104330708661
0
LINE
8
BLACK
6
CONTINUOUS
10
0.3551602362204724
20
0.0317104330708661
11
0.357035
21
0.0354599606299213
0
LINE
8
BLACK
6
CONTINUOUS
10
0.357035
20
0.0354599606299213
11
0.3570956299212598
21
0.0355563385826772
0
LINE
8
BLACK
6
CONTINUOUS
10
0.3570956299212598
20
0.0355563385826772
11
0.3571107874015748
21
0.0356017322834646
0
LINE
8
BLACK
6
CONTINUOUS
10
0.3571107874015748
20
0.0356017322834646
11
0.3571598031496063
21
0.0356583070866142
0
LINE
8
BLACK
6
CONTINUOUS
10
0.3571598031496063
20
0.0356583070866142
11
0.3573433464566929
21
0.035949842519685
0
LINE
8
BLACK
6
CONTINUOUS
10
0.3573433464566929
20
0.035949842519685
11
0.357623031496063
21
0.0361924409448819
0
LINE
8
BLACK
6
CONTINUOUS
10
0.357623031496063
20
0.0361924409448819
11
0.3578656299212598
21
0.036472125984252
0
LINE
8
BLACK
6
CONTINUOUS
10
0.3578656299212598
20
0.036472125984252
11
0.3581571653543307
21
0.0366556692913386
0
LINE
8
BLACK
6
CONTINUOUS
10
0.3581571653543307
20
0.0366556692913386
11
0.3582137401574803
21
0.0367046850393701
0
LINE
8
BLACK
6
CONTINUOUS
10
0.3582137401574803
20
0.0367046850393701
11
0.3582591338582677
21
0.036719842519685
0
LINE
8
BLACK
6
CONTINUOUS
10
0.3582591338582677
20
0.036719842519685
11
0.3583555118110236
21
0.0367804724409449
0
LINE
8
BLACK
6
CONTINUOUS
10
0.3583555118110236
20
0.0367804724409449
11
0.3621050393700787
21
0.0386552362204724
0
LINE
8
BLACK
6
CONTINUOUS
10
0.3621050393700787
20
0.0386552362204724
11
0.3626456299212598
21
0.038862125984252
0
LINE
8
BLACK
6
CONTINUOUS
10
0.3626456299212598
20
0.038862125984252
11
0.3627514960629921
21
0.0388696850393701
0
LINE
8
BLACK
6
CONTINUOUS
10
0.3627514960629921
20
0.0388696850393701
11
0.3628494881889764
21
0.0389102362204724
0
LINE
8
BLACK
6
CONTINUOUS
10
0.3628494881889764
20
0.0389102362204724
11
0.3634255511811024
21
0.038966968503937
0
LINE
8
BLACK
6
CONTINUOUS
10
0.3634255511811024
20
0.038966968503937
11
0.3784236614173228
21
0.038966968503937
0
LINE
8
BLACK
6
CONTINUOUS
10
0.3784236614173228
20
0.038966968503937
11
0.3789997244094488
21
0.0389102362204724
0
LINE
8
BLACK
6
CONTINUOUS
10
0.3618768503937008
20
0.0319386220472441
11
0.3607540157480315
21
0.029692874015748
0
LINE
8
BLACK
6
CONTINUOUS
10
0.3607540157480315
20
0.029692874015748
11
0.3607540157480315
21
0.0235879133858268
0
LINE
8
BLACK
6
CONTINUOUS
10
0.3607540157480315
20
0.0235879133858268
11
0.3618768503937008
21
0.0213422047244094
0
LINE
8
BLACK
6
CONTINUOUS
10
0.3618768503937008
20
0.0213422047244094
11
0.3641225984251968
21
0.0202193307086614
0
LINE
8
BLACK
6
CONTINUOUS
10
0.3641225984251968
20
0.0202193307086614
11
0.3647543700787402
21
0.0202193307086614
0
LINE
8
BLACK
6
CONTINUOUS
10
0.3647543700787402
20
0.0202193307086614
11
0.3673227952755905
21
0.0330614566929134
0
LINE
8
BLACK
6
CONTINUOUS
10
0.3673227952755905
20
0.0330614566929134
11
0.3641225984251968
21
0.0330614566929134
0
LINE
8
BLACK
6
CONTINUOUS
10
0.3641225984251968
20
0.0330614566929134
11
0.3618768503937008
21
0.0319386220472441
0
LINE
8
BLACK
6
CONTINUOUS
10
0.748280748031496
20
0.0759346456692913
11
0.7485700393700787
21
0.0759346456692913
0
LINE
8
BLACK
6
CONTINUOUS
10
0.7485700393700787
20
0.0759346456692913
11
0.7488401181102362
21
0.0758227952755905
0
LINE
8
BLACK
6
CONTINUOUS
10
0.7488401181102362
20
0.0758227952755905
11
0.7491267716535432
21
0.0757654330708661
0
LINE
8
BLACK
6
CONTINUOUS
10
0.7491267716535432
20
0.0757654330708661
11
0.7493671259842519
21
0.0756044881889764
0
LINE
8
BLACK
6
CONTINUOUS
10
0.7493671259842519
20
0.0756044881889764
11
0.7496344488188976
21
0.0754937401574803
0
LINE
8
BLACK
6
CONTINUOUS
10
0.7496344488188976
20
0.0754937401574803
11
0.7498411417322834
21
0.0752870472440945
0
LINE
8
BLACK
6
CONTINUOUS
10
0.7498411417322834
20
0.0752870472440945
11
0.7500840551181103
21
0.0751243700787401
0
LINE
8
BLACK
6
CONTINUOUS
10
0.7500840551181103
20
0.0751243700787401
11
0.7504470472440945
21
0.0746811417322835
0
LINE
8
BLACK
6
CONTINUOUS
10
0.7504470472440945
20
0.0746811417322835
11
0.750449094488189
21
0.074679094488189
0
LINE
8
BLACK
6
CONTINUOUS
10
0.750449094488189
20
0.074679094488189
11
0.7504494488188976
21
0.0746782283464567
0
LINE
8
BLACK
6
CONTINUOUS
10
0.7504494488188976
20
0.0746782283464567
11
0.7504508267716535
21
0.0746765354330709
0
LINE
8
BLACK
6
CONTINUOUS
10
0.7504508267716535
20
0.0746765354330709
11
0.7540381496062992
21
0.0692955118110236
0
LINE
8
BLACK
6
CONTINUOUS
10
0.7540381496062992
20
0.0692955118110236
11
0.757242125984252
21
0.0660915354330709
0
LINE
8
BLACK
6
CONTINUOUS
10
0.757242125984252
20
0.0660915354330709
11
0.7605630708661417
21
0.064431062992126
0
LINE
8
BLACK
6
CONTINUOUS
10
0.7605630708661417
20
0.064431062992126
11
0.7610529527559055
21
0.0641227165354331
0
LINE
8
BLACK
6
CONTINUOUS
10
0.7610529527559055
20
0.0641227165354331
11
0.7618077952755905
21
0.0632523228346457
0
LINE
8
BLACK
6
CONTINUOUS
10
0.7618077952755905
20
0.0632523228346457
11
0.762172125984252
21
0.0621593700787402
0
LINE
8
BLACK
6
CONTINUOUS
10
0.762172125984252
20
0.0621593700787402
11
0.7620904724409449
21
0.061010157480315
0
LINE
8
BLACK
6
CONTINUOUS
10
0.7620904724409449
20
0.061010157480315
11
0.7615751968503937
21
0.0599796456692913
0
LINE
8
BLACK
6
CONTINUOUS
10
0.7615751968503937
20
0.0599796456692913
11
0.7607048425196851
21
0.0592248031496063
0
LINE
8
BLACK
6
CONTINUOUS
10
0.7607048425196851
20
0.0592248031496063
11
0.7596118503937007
21
0.0588604724409449
0
LINE
8
BLACK
6
CONTINUOUS
10
0.7596118503937007
20
0.0588604724409449
11
0.7584626377952756
21
0.058942125984252
0
LINE
8
BLACK
6
CONTINUOUS
10
0.7584626377952756
20
0.058942125984252
11
0.7579220472440945
21
0.0591490157480315
0
LINE
8
BLACK
6
CONTINUOUS
10
0.7579220472440945
20
0.0591490157480315
11
0.7541725196850394
21
0.0610237795275591
0
LINE
8
BLACK
6
CONTINUOUS
10
0.7541725196850394
20
0.0610237795275591
11
0.75392468503937
21
0.0611798031496063
0
LINE
8
BLACK
6
CONTINUOUS
10
0.75392468503937
20
0.0611798031496063
11
0.7538525590551181
21
0.0612096456692913
0
LINE
8
BLACK
6
CONTINUOUS
10
0.7538525590551181
20
0.0612096456692913
11
0.7537713779527558
21
0.0612762598425197
0
LINE
8
BLACK
6
CONTINUOUS
10
0.7537713779527558
20
0.0612762598425197
11
0.7536826377952756
21
0.061332125984252
0
LINE
8
BLACK
6
CONTINUOUS
10
0.7536826377952756
20
0.061332125984252
11
0.7536314960629921
21
0.061391062992126
0
LINE
8
BLACK
6
CONTINUOUS
10
0.7536314960629921
20
0.061391062992126
11
0.7534051181102362
21
0.0615768897637795
0
LINE
8
BLACK
6
CONTINUOUS
10
0.7534051181102362
20
0.0615768897637795
11
0.7509467322834645
21
0.0640352755905512
0
LINE
8
BLACK
6
CONTINUOUS
10
0.7509467322834645
20
0.0640352755905512
11
0.7509467322834645
21
0.0366212992125984
0
LINE
8
BLACK
6
CONTINUOUS
10
0.7509467322834645
20
0.0366212992125984
11
0.7592425590551181
21
0.0366212992125984
0
LINE
8
BLACK
6
CONTINUOUS
10
0.7592425590551181
20
0.0366212992125984
11
0.759818622047244
21
0.0365645669291339
0
LINE
8
BLACK
6
CONTINUOUS
10
0.759818622047244
20
0.0365645669291339
11
0.760883031496063
21
0.0361236614173228
0
LINE
8
BLACK
6
CONTINUOUS
10
0.760883031496063
20
0.0361236614173228
11
0.7616976771653543
21
0.0353090157480315
0
LINE
8
BLACK
6
CONTINUOUS
10
0.7616976771653543
20
0.0353090157480315
11
0.7621385826771654
21
0.0342446062992126
0
LINE
8
BLACK
6
CONTINUOUS
10
0.7621385826771654
20
0.0342446062992126
11
0.7621385826771654
21
0.0330924803149606
0
LINE
8
BLACK
6
CONTINUOUS
10
0.7621385826771654
20
0.0330924803149606
11
0.7616976771653543
21
0.0320280708661417
0
LINE
8
BLACK
6
CONTINUOUS
10
0.7616976771653543
20
0.0320280708661417
11
0.760883031496063
21
0.0312134251968504
0
LINE
8
BLACK
6
CONTINUOUS
10
0.760883031496063
20
0.0312134251968504
11
0.759818622047244
21
0.0307725196850394
0
LINE
8
BLACK
6
CONTINUOUS
10
0.759818622047244
20
0.0307725196850394
11
0.7592425590551181
21
0.0307157874015748
0
LINE
8
BLACK
6
CONTINUOUS
10
0.7592425590551181
20
0.0307157874015748
11
0.7367453937007874
21
0.0307157874015748
0
LINE
8
BLACK
6
CONTINUOUS
10
0.7367453937007874
20
0.0307157874015748
11
0.7361693307086614
21
0.0307725196850394
0
LINE
8
BLACK
6
CONTINUOUS
10
0.7361693307086614
20
0.0307725196850394
11
0.7351049212598425
21
0.0312134251968504
0
LINE
8
BLACK
6
CONTINUOUS
10
0.7351049212598425
20
0.0312134251968504
11
0.7342902755905512
21
0.0320280708661417
0
LINE
8
BLACK
6
CONTINUOUS
10
0.7342902755905512
20
0.0320280708661417
11
0.7338493700787402
21
0.0330924803149606
0
LINE
8
BLACK
6
CONTINUOUS
10
0.7338493700787402
20
0.0330924803149606
11
0.7338493700787402
21
0.0342446062992126
0
LINE
8
BLACK
6
CONTINUOUS
10
0.7338493700787402
20
0.0342446062992126
11
0.7342902755905512
21
0.0353090157480315
0
LINE
8
BLACK
6
CONTINUOUS
10
0.7342902755905512
20
0.0353090157480315
11
0.7351049212598425
21
0.0361236614173228
0
LINE
8
BLACK
6
CONTINUOUS
10
0.7351049212598425
20
0.0361236614173228
11
0.7361693307086614
21
0.0365645669291339
0
LINE
8
BLACK
6
CONTINUOUS
10
0.7361693307086614
20
0.0365645669291339
11
0.7367453937007874
21
0.0366212992125984
0
LINE
8
BLACK
6
CONTINUOUS
10
0.7367453937007874
20
0.0366212992125984
11
0.7450412204724409
21
0.0366212992125984
0
LINE
8
BLACK
6
CONTINUOUS
10
0.7450412204724409
20
0.0366212992125984
11
0.7450412204724409
21
0.0730386220472441
0
LINE
8
BLACK
6
CONTINUOUS
10
0.7450412204724409
20
0.0730386220472441
11
0.7450414173228346
21
0.0730407086614173
0
LINE
8
BLACK
6
CONTINUOUS
10
0.7450414173228346
20
0.0730407086614173
11
0.7450412204724409
21
0.0730417322834646
0
LINE
8
BLACK
6
CONTINUOUS
10
0.7450412204724409
20
0.0730417322834646
11
0.745041811023622
21
0.0730447637795276
0
LINE
8
BLACK
6
CONTINUOUS
10
0.745041811023622
20
0.0730447637795276
11
0.7450979527559055
21
0.0736146850393701
0
LINE
8
BLACK
6
CONTINUOUS
10
0.7450979527559055
20
0.0736146850393701
11
0.7452098031496063
21
0.0738848031496063
0
LINE
8
BLACK
6
CONTINUOUS
10
0.7452098031496063
20
0.0738848031496063
11
0.7452671653543307
21
0.0741714173228346
0
LINE
8
BLACK
6
CONTINUOUS
10
0.7452671653543307
20
0.0741714173228346
11
0.7454281102362205
21
0.074411811023622
0
LINE
8
BLACK
6
CONTINUOUS
10
0.7454281102362205
20
0.074411811023622
11
0.7455388582677165
21
0.074679094488189
0
LINE
8
BLACK
6
CONTINUOUS
10
0.7455388582677165
20
0.074679094488189
11
0.7457455511811023
21
0.0748858267716535
0
LINE
8
BLACK
6
CONTINUOUS
10
0.7457455511811023
20
0.0748858267716535
11
0.7459082283464566
21
0.0751287007874016
0
LINE
8
BLACK
6
CONTINUOUS
10
0.7459082283464566
20
0.0751287007874016
11
0.746148937007874
21
0.0752892125984252
0
LINE
8
BLACK
6
CONTINUOUS
10
0.746148937007874
20
0.0752892125984252
11
0.7463535039370078
21
0.0754937401574803
0
LINE
8
BLACK
6
CONTINUOUS
10
0.7463535039370078
20
0.0754937401574803
11
0.7466235826771653
21
0.0756056299212598
0
LINE
8
BLACK
6
CONTINUOUS
10
0.7466235826771653
20
0.0756056299212598
11
0.7468668503937008
21
0.0757677952755905
0
LINE
8
BLACK
6
CONTINUOUS
10
0.7468668503937008
20
0.0757677952755905
11
0.7471506299212598
21
0.075823937007874
0
LINE
8
BLACK
6
CONTINUOUS
10
0.7471506299212598
20
0.075823937007874
11
0.7474179133858267
21
0.0759346456692913
0
LINE
8
BLACK
6
CONTINUOUS
10
0.7474179133858267
20
0.0759346456692913
11
0.7477103149606299
21
0.0759346456692913
0
LINE
8
BLACK
6
CONTINUOUS
10
0.7477103149606299
20
0.0759346456692913
11
0.7479970866141732
21
0.0759913779527559
0
LINE
8
BLACK
6
CONTINUOUS
10
0.7479970866141732
20
0.0759913779527559
11
0.748280748031496
21
0.0759346456692913
0
LINE
8
BLACK
6
CONTINUOUS
10
0.7935644094488189
20
0.0759346456692913
11
0.7946288188976378
21
0.0754937401574803
0
LINE
8
BLACK
6
CONTINUOUS
10
0.7946288188976378
20
0.0754937401574803
11
0.7954434645669292
21
0.074679094488189
0
LINE
8
BLACK
6
CONTINUOUS
10
0.7954434645669292
20
0.074679094488189
11
0.7958843700787401
21
0.0736146850393701
0
LINE
8
BLACK
6
CONTINUOUS
10
0.7958843700787401
20
0.0736146850393701
11
0.7958843700787401
21
0.0724625590551181
0
LINE
8
BLACK
6
CONTINUOUS
10
0.7958843700787401
20
0.0724625590551181
11
0.7954434645669292
21
0.0713981496062992
0
LINE
8
BLACK
6
CONTINUOUS
10
0.7954434645669292
20
0.0713981496062992
11
0.7946288188976378
21
0.0705835039370079
0
LINE
8
BLACK
6
CONTINUOUS
10
0.7946288188976378
20
0.0705835039370079
11
0.7935644094488189
21
0.0701425984251969
0
LINE
8
BLACK
6
CONTINUOUS
10
0.7935644094488189
20
0.0701425984251969
11
0.7929883464566929
21
0.0700858661417323
0
LINE
8
BLACK
6
CONTINUOUS
10
0.7929883464566929
20
0.0700858661417323
11
0.7846925196850394
21
0.0700858661417323
0
LINE
8
BLACK
6
CONTINUOUS
10
0.7846925196850394
20
0.0700858661417323
11
0.7846925196850394
21
0.0336685433070866
0
LINE
8
BLACK
6
CONTINUOUS
10
0.7846925196850394
20
0.0336685433070866
11
0.7846357874015748
21
0.0330924803149606
0
LINE
8
BLACK
6
CONTINUOUS
10
0.7846357874015748
20
0.0330924803149606
11
0.7841948818897637
21
0.0320280708661417
0
LINE
8
BLACK
6
CONTINUOUS
10
0.7841948818897637
20
0.0320280708661417
11
0.7833802362204724
21
0.0312134251968504
0
LINE
8
BLACK
6
CONTINUOUS
10
0.7833802362204724
20
0.0312134251968504
11
0.7823158267716536
21
0.0307725196850394
0
LINE
8
BLACK
6
CONTINUOUS
10
0.7823158267716536
20
0.0307725196850394
11
0.7811637007874016
21
0.0307725196850394
0
LINE
8
BLACK
6
CONTINUOUS
10
0.7811637007874016
20
0.0307725196850394
11
0.7800992913385827
21
0.0312134251968504
0
LINE
8
BLACK
6
CONTINUOUS
10
0.7800992913385827
20
0.0312134251968504
11
0.7792846456692913
21
0.0320280708661417
0
LINE
8
BLACK
6
CONTINUOUS
10
0.7792846456692913
20
0.0320280708661417
11
0.7788437401574803
21
0.0330924803149606
0
LINE
8
BLACK
6
CONTINUOUS
10
0.7788437401574803
20
0.0330924803149606
11
0.7787870078740158
21
0.0336685433070866
0
LINE
8
BLACK
6
CONTINUOUS
10
0.7787870078740158
20
0.0336685433070866
11
0.7787870078740158
21
0.0700858661417323
0
LINE
8
BLACK
6
CONTINUOUS
10
0.7787870078740158
20
0.0700858661417323
11
0.7704911811023621
21
0.0700858661417323
0
LINE
8
BLACK
6
CONTINUOUS
10
0.7704911811023621
20
0.0700858661417323
11
0.7699151181102362
21
0.0701425984251969
0
LINE
8
BLACK
6
CONTINUOUS
10
0.7699151181102362
20
0.0701425984251969
11
0.7688507086614174
21
0.0705835039370079
0
LINE
8
BLACK
6
CONTINUOUS
10
0.7688507086614174
20
0.0705835039370079
11
0.768036062992126
21
0.0713981496062992
0
LINE
8
BLACK
6
CONTINUOUS
10
0.768036062992126
20
0.0713981496062992
11
0.7675951574803149
21
0.0724625590551181
0
LINE
8
BLACK
6
CONTINUOUS
10
0.7675951574803149
20
0.0724625590551181
11
0.7675951574803149
21
0.0736146850393701
0
LINE
8
BLACK
6
CONTINUOUS
10
0.7675951574803149
20
0.0736146850393701
11
0.768036062992126
21
0.074679094488189
0
LINE
8
BLACK
6
CONTINUOUS
10
0.768036062992126
20
0.074679094488189
11
0.7688507086614174
21
0.0754937401574803
0
LINE
8
BLACK
6
CONTINUOUS
10
0.7688507086614174
20
0.0754937401574803
11
0.7699151181102362
21
0.0759346456692913
0
LINE
8
BLACK
6
CONTINUOUS
10
0.7699151181102362
20
0.0759346456692913
11
0.7704911811023621
21
0.0759913779527559
0
LINE
8
BLACK
6
CONTINUOUS
10
0.7704911811023621
20
0.0759913779527559
11
0.7929883464566929
21
0.0759913779527559
0
LINE
8
BLACK
6
CONTINUOUS
10
0.7929883464566929
20
0.0759913779527559
11
0.7935644094488189
21
0.0759346456692913
0
LINE
8
BLACK
6
CONTINUOUS
10
0.3977474015748031
20
0.0726560236220472
11
0.3988118110236221
21
0.0722151181102362
0
LINE
8
BLACK
6
CONTINUOUS
10
0.3988118110236221
20
0.0722151181102362
11
0.3996264566929134
21
0.0714004724409449
0
LINE
8
BLACK
6
CONTINUOUS
10
0.3996264566929134
20
0.0714004724409449
11
0.4000673622047244
21
0.070336062992126
0
LINE
8
BLACK
6
CONTINUOUS
10
0.4000673622047244
20
0.070336062992126
11
0.4000673622047244
21
0.069183937007874
0
LINE
8
BLACK
6
CONTINUOUS
10
0.4000673622047244
20
0.069183937007874
11
0.3996264566929134
21
0.0681195275590551
0
LINE
8
BLACK
6
CONTINUOUS
10
0.3996264566929134
20
0.0681195275590551
11
0.3988118110236221
21
0.0673048818897638
0
LINE
8
BLACK
6
CONTINUOUS
10
0.3988118110236221
20
0.0673048818897638
11
0.3977474015748031
21
0.0668639763779528
0
LINE
8
BLACK
6
CONTINUOUS
10
0.3977474015748031
20
0.0668639763779528
11
0.3971713385826772
21
0.0668072440944882
0
LINE
8
BLACK
6
CONTINUOUS
10
0.3971713385826772
20
0.0668072440944882
11
0.3868894488188976
21
0.0668072440944882
0
LINE
8
BLACK
6
CONTINUOUS
10
0.3868894488188976
20
0.0668072440944882
11
0.386895905511811
21
0.0667903937007874
0
LINE
8
BLACK
6
CONTINUOUS
10
0.386895905511811
20
0.0667903937007874
11
0.3869034251968504
21
0.0666845275590551
0
LINE
8
BLACK
6
CONTINUOUS
10
0.3869034251968504
20
0.0666845275590551
11
0.3869440157480315
21
0.0665865354330709
0
LINE
8
BLACK
6
CONTINUOUS
10
0.3869440157480315
20
0.0665865354330709
11
0.387000748031496
21
0.0660104724409449
0
LINE
8
BLACK
6
CONTINUOUS
10
0.387000748031496
20
0.0660104724409449
11
0.387000748031496
21
0.0585114173228346
0
LINE
8
BLACK
6
CONTINUOUS
10
0.387000748031496
20
0.0585114173228346
11
0.3869440157480315
21
0.0579353543307087
0
LINE
8
BLACK
6
CONTINUOUS
10
0.3869440157480315
20
0.0579353543307087
11
0.3869034251968504
21
0.0578374015748031
0
LINE
8
BLACK
6
CONTINUOUS
10
0.3869034251968504
20
0.0578374015748031
11
0.386895905511811
21
0.0577314960629921
0
LINE
8
BLACK
6
CONTINUOUS
10
0.386895905511811
20
0.0577314960629921
11
0.3866890157480315
21
0.057190905511811
0
LINE
8
BLACK
6
CONTINUOUS
10
0.3866890157480315
20
0.057190905511811
11
0.3848142519685039
21
0.0534413779527559
0
LINE
8
BLACK
6
CONTINUOUS
10
0.3848142519685039
20
0.0534413779527559
11
0.3846581496062992
21
0.0531933858267717
0
LINE
8
BLACK
6
CONTINUOUS
10
0.3846581496062992
20
0.0531933858267717
11
0.3846283464566929
21
0.0531214173228346
0
LINE
8
BLACK
6
CONTINUOUS
10
0.3846283464566929
20
0.0531214173228346
11
0.3845618897637795
21
0.0530404724409449
0
LINE
8
BLACK
6
CONTINUOUS
10
0.3845618897637795
20
0.0530404724409449
11
0.384505905511811
21
0.0529514960629921
0
LINE
8
BLACK
6
CONTINUOUS
10
0.384505905511811
20
0.0529514960629921
11
0.3844468503937008
21
0.0529003149606299
0
LINE
8
BLACK
6
CONTINUOUS
10
0.3844468503937008
20
0.0529003149606299
11
0.3842611023622047
21
0.052673937007874
0
LINE
8
BLACK
6
CONTINUOUS
10
0.3842611023622047
20
0.052673937007874
11
0.3823862992125984
21
0.0507991732283465
0
LINE
8
BLACK
6
CONTINUOUS
10
0.3823862992125984
20
0.0507991732283465
11
0.3821599606299212
21
0.0506134645669291
0
LINE
8
BLACK
6
CONTINUOUS
10
0.3821599606299212
20
0.0506134645669291
11
0.3821088188976378
21
0.0505544488188976
0
LINE
8
BLACK
6
CONTINUOUS
10
0.3821088188976378
20
0.0505544488188976
11
0.3820198818897638
21
0.0504985039370079
0
LINE
8
BLACK
6
CONTINUOUS
10
0.3820198818897638
20
0.0504985039370079
11
0.3819388582677165
21
0.050431968503937
0
LINE
8
BLACK
6
CONTINUOUS
10
0.3819388582677165
20
0.050431968503937
11
0.381866811023622
21
0.0504021653543307
0
LINE
8
BLACK
6
CONTINUOUS
10
0.381866811023622
20
0.0504021653543307
11
0.381618937007874
21
0.0502461023622047
0
LINE
8
BLACK
6
CONTINUOUS
10
0.381618937007874
20
0.0502461023622047
11
0.3778694094488189
21
0.0483713385826772
0
LINE
8
BLACK
6
CONTINUOUS
10
0.3778694094488189
20
0.0483713385826772
11
0.3773287795275591
21
0.0481644488188976
0
LINE
8
BLACK
6
CONTINUOUS
10
0.3773287795275591
20
0.0481644488188976
11
0.3772229527559055
21
0.048156968503937
0
LINE
8
BLACK
6
CONTINUOUS
10
0.3772229527559055
20
0.048156968503937
11
0.3771249606299212
21
0.0481163385826772
0
LINE
8
BLACK
6
CONTINUOUS
10
0.3771249606299212
20
0.0481163385826772
11
0.3765488976377953
21
0.0480596062992126
0
LINE
8
BLACK
6
CONTINUOUS
10
0.3765488976377953
20
0.0480596062992126
11
0.3653003149606299
21
0.0480596062992126
0
LINE
8
BLACK
6
CONTINUOUS
10
0.3653003149606299
20
0.0480596062992126
11
0.3647242519685039
21
0.0481163385826772
0
LINE
8
BLACK
6
CONTINUOUS
10
0.3647242519685039
20
0.0481163385826772
11
0.3646262598425197
21
0.0481569291338583
0
LINE
8
BLACK
6
CONTINUOUS
10
0.3646262598425197
20
0.0481569291338583
11
0.3645203937007874
21
0.0481644488188976
0
LINE
8
BLACK
6
CONTINUOUS
10
0.3645203937007874
20
0.0481644488188976
11
0.3639798031496063
21
0.0483713385826772
0
LINE
8
BLACK
6
CONTINUOUS
10
0.3639798031496063
20
0.0483713385826772
11
0.3602302755905512
21
0.0502461023622047
0
LINE
8
BLACK
6
CONTINUOUS
10
0.3602302755905512
20
0.0502461023622047
11
0.3599822440944882
21
0.0504022047244094
0
LINE
8
BLACK
6
CONTINUOUS
10
0.3599822440944882
20
0.0504022047244094
11
0.3599103149606299
21
0.0504320078740157
0
LINE
8
BLACK
6
CONTINUOUS
10
0.3599103149606299
20
0.0504320078740157
11
0.3598293307086614
21
0.0504985039370079
0
LINE
8
BLACK
6
CONTINUOUS
10
0.3598293307086614
20
0.0504985039370079
11
0.3597403937007874
21
0.0505544488188976
0
LINE
8
BLACK
6
CONTINUOUS
10
0.3597403937007874
20
0.0505544488188976
11
0.3596892125984252
21
0.0506134645669291
0
LINE
8
BLACK
6
CONTINUOUS
10
0.3596892125984252
20
0.0506134645669291
11
0.359462874015748
21
0.0507992125984252
0
LINE
8
BLACK
6
CONTINUOUS
10
0.359462874015748
20
0.0507992125984252
11
0.3575881102362204
21
0.0526739763779528
0
LINE
8
BLACK
6
CONTINUOUS
10
0.3575881102362204
20
0.0526739763779528
11
0.3574023228346457
21
0.0529003543307087
0
LINE
8
BLACK
6
CONTINUOUS
10
0.3574023228346457
20
0.0529003543307087
11
0.3573433464566929
21
0.0529514960629921
0
LINE
8
BLACK
6
CONTINUOUS
10
0.3573433464566929
20
0.0529514960629921
11
0.3572873622047244
21
0.0530404724409449
0
LINE
8
BLACK
6
CONTINUOUS
10
0.3572873622047244
20
0.0530404724409449
11
0.357220905511811
21
0.0531214173228346
0
LINE
8
BLACK
6
CONTINUOUS
10
0.357220905511811
20
0.0531214173228346
11
0.357191062992126
21
0.0531933858267717
0
LINE
8
BLACK
6
CONTINUOUS
10
0.357191062992126
20
0.0531933858267717
11
0.357035
21
0.0534413779527559
0
LINE
8
BLACK
6
CONTINUOUS
10
0.357035
20
0.0534413779527559
11
0.3551602362204724
21
0.057190905511811
0
LINE
8
BLACK
6
CONTINUOUS
10
0.3551602362204724
20
0.057190905511811
11
0.3549533464566929
21
0.0577315354330709
0
LINE
8
BLACK
6
CONTINUOUS
10
0.3549533464566929
20
0.0577315354330709
11
0.3549458267716535
21
0.0578373622047244
0
LINE
8
BLACK
6
CONTINUOUS
10
0.3549458267716535
20
0.0578373622047244
11
0.3549052362204724
21
0.0579353543307087
0
LINE
8
BLACK
6
CONTINUOUS
10
0.3549052362204724
20
0.0579353543307087
11
0.3548485039370078
21
0.0585114173228346
0
LINE
8
BLACK
6
CONTINUOUS
10
0.3548485039370078
20
0.0585114173228346
11
0.3548485039370078
21
0.0660104724409449
0
LINE
8
BLACK
6
CONTINUOUS
10
0.3548485039370078
20
0.0660104724409449
11
0.3549052362204724
21
0.0665865354330709
0
LINE
8
BLACK
6
CONTINUOUS
10
0.3549052362204724
20
0.0665865354330709
11
0.3549458267716535
21
0.0666845669291339
0
LINE
8
BLACK
6
CONTINUOUS
10
0.3549458267716535
20
0.0666845669291339
11
0.3549533464566929
21
0.0667903543307087
0
LINE
8
BLACK
6
CONTINUOUS
10
0.3549533464566929
20
0.0667903543307087
11
0.3551602362204724
21
0.0673309842519685
0
LINE
8
BLACK
6
CONTINUOUS
10
0.3551602362204724
20
0.0673309842519685
11
0.3554850393700787
21
0.0679806299212598
0
LINE
8
BLACK
6
CONTINUOUS
10
0.3554850393700787
20
0.0679806299212598
11
0.3553461417322835
21
0.0681195275590551
0
LINE
8
BLACK
6
CONTINUOUS
10
0.3553461417322835
20
0.0681195275590551
11
0.3549052362204724
21
0.069183937007874
0
LINE
8
BLACK
6
CONTINUOUS
10
0.3549052362204724
20
0.069183937007874
11
0.3549052362204724
21
0.070336062992126
0
LINE
8
BLACK
6
CONTINUOUS
10
0.3549052362204724
20
0.070336062992126
11
0.3553461417322835
21
0.0714004724409449
0
LINE
8
BLACK
6
CONTINUOUS
10
0.3553461417322835
20
0.0714004724409449
11
0.3561607874015748
21
0.0722151181102362
0
LINE
8
BLACK
6
CONTINUOUS
10
0.3561607874015748
20
0.0722151181102362
11
0.3572251968503937
21
0.0726560236220472
0
LINE
8
BLACK
6
CONTINUOUS
10
0.3572251968503937
20
0.0726560236220472
11
0.3578012598425197
21
0.0727127559055118
0
LINE
8
BLACK
6
CONTINUOUS
10
0.3578012598425197
20
0.0727127559055118
11
0.3971713385826772
21
0.0727127559055118
0
LINE
8
BLACK
6
CONTINUOUS
10
0.3971713385826772
20
0.0727127559055118
11
0.3977474015748031
21
0.0726560236220472
0
LINE
8
BLACK
6
CONTINUOUS
10
0.3607540157480315
20
0.0653134251968504
11
0.3607540157480315
21
0.0592084645669291
0
LINE
8
BLACK
6
CONTINUOUS
10
0.3607540157480315
20
0.0592084645669291
11
0.3621027559055118
21
0.0565109842519685
0
LINE
8
BLACK
6
CONTINUOUS
10
0.3621027559055118
20
0.0565109842519685
11
0.3632998818897638
21
0.0553138582677165
0
LINE
8
BLACK
6
CONTINUOUS
10
0.3632998818897638
20
0.0553138582677165
11
0.3659973622047244
21
0.0539651181102362
0
LINE
8
BLACK
6
CONTINUOUS
10
0.3659973622047244
20
0.0539651181102362
11
0.3758518503937008
21
0.0539651181102362
0
LINE
8
BLACK
6
CONTINUOUS
10
0.3758518503937008
20
0.0539651181102362
11
0.3785493307086614
21
0.0553138976377953
0
LINE
8
BLACK
6
CONTINUOUS
10
0.3785493307086614
20
0.0553138976377953
11
0.3797464960629921
21
0.0565110236220472
0
LINE
8
BLACK
6
CONTINUOUS
10
0.3797464960629921
20
0.0565110236220472
11
0.3810952362204724
21
0.0592084645669291
0
LINE
8
BLACK
6
CONTINUOUS
10
0.3810952362204724
20
0.0592084645669291
11
0.3810952362204724
21
0.0653134251968504
0
LINE
8
BLACK
6
CONTINUOUS
10
0.3810952362204724
20
0.0653134251968504
11
0.3803483070866142
21
0.0668072440944882
0
LINE
8
BLACK
6
CONTINUOUS
10
0.3803483070866142
20
0.0668072440944882
11
0.3615009448818898
21
0.0668072440944882
0
LINE
8
BLACK
6
CONTINUOUS
10
0.3615009448818898
20
0.0668072440944882
11
0.3607540157480315
21
0.0653134251968504
0
LINE
8
BLACK
6
CONTINUOUS
10
-0.017935
20
0.0872604724409449
11
-0.0168705905511811
21
0.0868195669291339
0
LINE
8
BLACK
6
CONTINUOUS
10
-0.0168705905511811
20
0.0868195669291339
11
-0.0160559448818898
21
0.0860049212598425
0
LINE
8
BLACK
6
CONTINUOUS
10
-0.0160559448818898
20
0.0860049212598425
11
-0.0156150393700787
21
0.0849405118110236
0
LINE
8
BLACK
6
CONTINUOUS
10
-0.0156150393700787
20
0.0849405118110236
11
-0.0155583070866142
21
0.0843644488188976
0
LINE
8
BLACK
6
CONTINUOUS
10
-0.0155583070866142
20
0.0843644488188976
11
-0.0155583070866142
21
0.0693663385826772
0
LINE
8
BLACK
6
CONTINUOUS
10
-0.0155583070866142
20
0.0693663385826772
11
-0.0156150393700787
21
0.0687902755905512
0
LINE
8
BLACK
6
CONTINUOUS
10
-0.0156150393700787
20
0.0687902755905512
11
-0.0156556299212598
21
0.0686923228346457
0
LINE
8
BLACK
6
CONTINUOUS
10
-0.0156556299212598
20
0.0686923228346457
11
-0.0156631496062992
21
0.0685864173228346
0
LINE
8
BLACK
6
CONTINUOUS
10
-0.0156631496062992
20
0.0685864173228346
11
-0.0158700393700787
21
0.0680458267716535
0
LINE
8
BLACK
6
CONTINUOUS
10
-0.0158700393700787
20
0.0680458267716535
11
-0.0177448031496063
21
0.0642962992125984
0
LINE
8
BLACK
6
CONTINUOUS
10
-0.0177448031496063
20
0.0642962992125984
11
-0.017900905511811
21
0.0640483070866142
0
LINE
8
BLACK
6
CONTINUOUS
10
-0.017900905511811
20
0.0640483070866142
11
-0.0179307086614173
21
0.0639763385826772
0
LINE
8
BLACK
6
CONTINUOUS
10
-0.0179307086614173
20
0.0639763385826772
11
-0.0179971653543307
21
0.0638953937007874
0
LINE
8
BLACK
6
CONTINUOUS
10
-0.0179971653543307
20
0.0638953937007874
11
-0.0180531496062992
21
0.0638064173228346
0
LINE
8
BLACK
6
CONTINUOUS
10
-0.0180531496062992
20
0.0638064173228346
11
-0.0181122047244094
21
0.0637552362204724
0
LINE
8
BLACK
6
CONTINUOUS
10
-0.0181122047244094
20
0.0637552362204724
11
-0.0182979527559055
21
0.0635288582677165
0
LINE
8
BLACK
6
CONTINUOUS
10
-0.0182979527559055
20
0.0635288582677165
11
-0.0201727559055118
21
0.061654094488189
0
LINE
8
BLACK
6
CONTINUOUS
10
-0.0201727559055118
20
0.061654094488189
11
-0.020399094488189
21
0.0614683858267717
0
LINE
8
BLACK
6
CONTINUOUS
10
-0.020399094488189
20
0.0614683858267717
11
-0.0204502362204724
21
0.0614093700787402
0
LINE
8
BLACK
6
CONTINUOUS
10
-0.0204502362204724
20
0.0614093700787402
11
-0.0205391732283465
21
0.0613534251968504
0
LINE
8
BLACK
6
CONTINUOUS
10
-0.0205391732283465
20
0.0613534251968504
11
-0.0206201968503937
21
0.0612868897637795
0
LINE
8
BLACK
6
CONTINUOUS
10
-0.0206201968503937
20
0.0612868897637795
11
-0.0206922440944882
21
0.0612570866141732
0
LINE
8
BLACK
6
CONTINUOUS
10
-0.0206922440944882
20
0.0612570866141732
11
-0.0209401181102362
21
0.0611010236220472
0
LINE
8
BLACK
6
CONTINUOUS
10
-0.0209401181102362
20
0.0611010236220472
11
-0.0246896456692913
21
0.0592262598425197
0
LINE
8
BLACK
6
CONTINUOUS
10
-0.0246896456692913
20
0.0592262598425197
11
-0.0252302755905512
21
0.0590193700787402
0
LINE
8
BLACK
6
CONTINUOUS
10
-0.0252302755905512
20
0.0590193700787402
11
-0.0253361023622047
21
0.0590118897637795
0
LINE
8
BLACK
6
CONTINUOUS
10
-0.0253361023622047
20
0.0590118897637795
11
-0.025434094488189
21
0.0589712598425197
0
LINE
8
BLACK
6
CONTINUOUS
10
-0.025434094488189
20
0.0589712598425197
11
-0.026010157480315
21
0.0589145275590551
0
LINE
8
BLACK
6
CONTINUOUS
10
-0.026010157480315
20
0.0589145275590551
11
-0.0316344488188976
21
0.0589145275590551
0
LINE
8
BLACK
6
CONTINUOUS
10
-0.0316344488188976
20
0.0589145275590551
11
-0.0322105118110236
21
0.0589712598425197
0
LINE
8
BLACK
6
CONTINUOUS
10
-0.0322105118110236
20
0.0589712598425197
11
-0.0323085039370079
21
0.0590118503937008
0
LINE
8
BLACK
6
CONTINUOUS
10
-0.0323085039370079
20
0.0590118503937008
11
-0.0324143700787402
21
0.0590193700787402
0
LINE
8
BLACK
6
CONTINUOUS
10
-0.0324143700787402
20
0.0590193700787402
11
-0.0329549606299213
21
0.0592262598425197
0
LINE
8
BLACK
6
CONTINUOUS
10
-0.0329549606299213
20
0.0592262598425197
11
-0.0367044881889764
21
0.0611010236220472
0
LINE
8
BLACK
6
CONTINUOUS
10
-0.0367044881889764
20
0.0611010236220472
11
-0.0369525196850394
21
0.061257125984252
0
LINE
8
BLACK
6
CONTINUOUS
10
-0.0369525196850394
20
0.061257125984252
11
-0.0370244488188976
21
0.0612869291338583
0
LINE
8
BLACK
6
CONTINUOUS
10
-0.0370244488188976
20
0.0612869291338583
11
-0.0371054330708661
21
0.0613534251968504
0
LINE
8
BLACK
6
CONTINUOUS
10
-0.0371054330708661
20
0.0613534251968504
11
-0.0371943700787402
21
0.0614093700787402
0
LINE
8
BLACK
6
CONTINUOUS
10
-0.0371943700787402
20
0.0614093700787402
11
-0.0372455511811024
21
0.0614683858267717
0
LINE
8
BLACK
6
CONTINUOUS
10
-0.0372455511811024
20
0.0614683858267717
11
-0.0374718897637795
21
0.0616541338582677
0
LINE
8
BLACK
6
CONTINUOUS
10
-0.0374718897637795
20
0.0616541338582677
11
-0.0393466535433071
21
0.0635288976377953
0
LINE
8
BLACK
6
CONTINUOUS
10
-0.0393466535433071
20
0.0635288976377953
11
-0.0397138582677165
21
0.0639763385826772
0
LINE
8
BLACK
6
CONTINUOUS
10
-0.0397138582677165
20
0.0639763385826772
11
-0.0397544881889764
21
0.0640744094488189
0
LINE
8
BLACK
6
CONTINUOUS
10
-0.0397544881889764
20
0.0640744094488189
11
-0.0398239763779528
21
0.0641545275590551
0
LINE
8
BLACK
6
CONTINUOUS
10
-0.0398239763779528
20
0.0641545275590551
11
-0.0399306299212598
21
0.0643934251968504
0
LINE
8
BLACK
6
CONTINUOUS
10
-0.0399306299212598
20
0.0643934251968504
11
-0.0407951181102362
21
0.0635288976377953
0
LINE
8
BLACK
6
CONTINUOUS
10
-0.0407951181102362
20
0.0635288976377953
11
-0.0410214960629921
21
0.0633431496062992
0
LINE
8
BLACK
6
CONTINUOUS
10
-0.0410214960629921
20
0.0633431496062992
11
-0.0410726377952756
21
0.0632841338582677
0
LINE
8
BLACK
6
CONTINUOUS
10
-0.0410726377952756
20
0.0632841338582677
11
-0.0411616141732283
21
0.063228188976378
0
LINE
8
BLACK
6
CONTINUOUS
10
-0.0411616141732283
20
0.063228188976378
11
-0.0412425590551181
21
0.0631616929133858
0
LINE
8
BLACK
6
CONTINUOUS
10
-0.0412425590551181
20
0.0631616929133858
11
-0.0413145275590551
21
0.0631318897637795
0
LINE
8
BLACK
6
CONTINUOUS
10
-0.0413145275590551
20
0.0631318897637795
11
-0.0415625196850394
21
0.0629757874015748
0
LINE
8
BLACK
6
CONTINUOUS
10
-0.0415625196850394
20
0.0629757874015748
11
-0.0453120472440945
21
0.0611010236220472
0
LINE
8
BLACK
6
CONTINUOUS
10
-0.0453120472440945
20
0.0611010236220472
11
-0.0458526771653543
21
0.0608941338582677
0
LINE
8
BLACK
6
CONTINUOUS
10
-0.0458526771653543
20
0.0608941338582677
11
-0.0459585039370079
21
0.0608866535433071
0
LINE
8
BLACK
6
CONTINUOUS
10
-0.0459585039370079
20
0.0608866535433071
11
-0.0460564960629921
21
0.0608460236220472
0
LINE
8
BLACK
6
CONTINUOUS
10
-0.0460564960629921
20
0.0608460236220472
11
-0.0466325590551181
21
0.0607892913385827
0
LINE
8
BLACK
6
CONTINUOUS
10
-0.0466325590551181
20
0.0607892913385827
11
-0.0503820866141732
21
0.0607892913385827
0
LINE
8
BLACK
6
CONTINUOUS
10
-0.0503820866141732
20
0.0607892913385827
11
-0.0509581496062992
21
0.0608460236220472
0
LINE
8
BLACK
6
CONTINUOUS
10
-0.0509581496062992
20
0.0608460236220472
11
-0.0510561417322835
21
0.0608866141732283
0
LINE
8
BLACK
6
CONTINUOUS
10
-0.0510561417322835
20
0.0608866141732283
11
-0.0511620078740157
21
0.0608941338582677
0
LINE
8
BLACK
6
CONTINUOUS
10
-0.0511620078740157
20
0.0608941338582677
11
-0.0517025984251969
21
0.0611010236220472
0
LINE
8
BLACK
6
CONTINUOUS
10
-0.0517025984251969
20
0.0611010236220472
11
-0.055452125984252
21
0.0629757874015748
0
LINE
8
BLACK
6
CONTINUOUS
10
-0.055452125984252
20
0.0629757874015748
11
-0.055700157480315
21
0.0631318897637795
0
LINE
8
BLACK
6
CONTINUOUS
10
-0.055700157480315
20
0.0631318897637795
11
-0.0557720866141732
21
0.0631616929133858
0
LINE
8
BLACK
6
CONTINUOUS
10
-0.0557720866141732
20
0.0631616929133858
11
-0.0558530708661417
21
0.063228188976378
0
LINE
8
BLACK
6
CONTINUOUS
10
-0.0558530708661417
20
0.063228188976378
11
-0.0559420078740157
21
0.0632841338582677
0
LINE
8
BLACK
6
CONTINUOUS
10
-0.0559420078740157
20
0.0632841338582677
11
-0.055993188976378
21
0.0633431496062992
0
LINE
8
BLACK
6
CONTINUOUS
10
-0.055993188976378
20
0.0633431496062992
11
-0.0562195275590551
21
0.0635288976377953
0
LINE
8
BLACK
6
CONTINUOUS
10
-0.0562195275590551
20
0.0635288976377953
11
-0.0580942913385827
21
0.0654036614173228
0
LINE
8
BLACK
6
CONTINUOUS
10
-0.0580942913385827
20
0.0654036614173228
11
-0.0582800787401575
21
0.0656300393700787
0
LINE
8
BLACK
6
CONTINUOUS
10
-0.0582800787401575
20
0.0656300393700787
11
-0.0583390551181102
21
0.0656811811023622
0
LINE
8
BLACK
6
CONTINUOUS
10
-0.0583390551181102
20
0.0656811811023622
11
-0.0583950393700787
21
0.065770157480315
0
LINE
8
BLACK
6
CONTINUOUS
10
-0.0583950393700787
20
0.065770157480315
11
-0.0584614960629921
21
0.0658511023622047
0
LINE
8
BLACK
6
CONTINUOUS
10
-0.0584614960629921
20
0.0658511023622047
11
-0.0584913385826772
21
0.0659230708661417
0
LINE
8
BLACK
6
CONTINUOUS
10
-0.0584913385826772
20
0.0659230708661417
11
-0.0586474015748032
21
0.066171062992126
0
LINE
8
BLACK
6
CONTINUOUS
10
-0.0586474015748032
20
0.066171062992126
11
-0.0605221653543307
21
0.0699205905511811
0
LINE
8
BLACK
6
CONTINUOUS
10
-0.0605221653543307
20
0.0699205905511811
11
-0.0607290551181102
21
0.0704612204724409
0
LINE
8
BLACK
6
CONTINUOUS
10
-0.0607290551181102
20
0.0704612204724409
11
-0.0607365748031496
21
0.0705670472440945
0
LINE
8
BLACK
6
CONTINUOUS
10
-0.0607365748031496
20
0.0705670472440945
11
-0.0607771653543307
21
0.0706650393700787
0
LINE
8
BLACK
6
CONTINUOUS
10
-0.0607771653543307
20
0.0706650393700787
11
-0.0608338976377953
21
0.0712411023622047
0
LINE
8
BLACK
6
CONTINUOUS
10
-0.0608338976377953
20
0.0712411023622047
11
-0.0608338976377953
21
0.0843644488188976
0
LINE
8
BLACK
6
CONTINUOUS
10
-0.0608338976377953
20
0.0843644488188976
11
-0.0607771653543307
21
0.0849405118110236
0
LINE
8
BLACK
6
CONTINUOUS
10
-0.0607771653543307
20
0.0849405118110236
11
-0.0603362598425197
21
0.0860049212598425
0
LINE
8
BLACK
6
CONTINUOUS
10
-0.0603362598425197
20
0.0860049212598425
11
-0.0595216141732283
21
0.0868195669291339
0
LINE
8
BLACK
6
CONTINUOUS
10
-0.0595216141732283
20
0.0868195669291339
11
-0.0584572047244094
21
0.0872604724409449
0
LINE
8
BLACK
6
CONTINUOUS
10
-0.0584572047244094
20
0.0872604724409449
11
-0.0578811417322835
21
0.0873172047244094
0
LINE
8
BLACK
6
CONTINUOUS
10
-0.0578811417322835
20
0.0873172047244094
11
-0.018511062992126
21
0.0873172047244094
0
LINE
8
BLACK
6
CONTINUOUS
10
-0.018511062992126
20
0.0873172047244094
11
-0.017935
21
0.0872604724409449
0
LINE
8
BLACK
6
CONTINUOUS
10
-0.0361807480314961
20
0.0717202755905512
11
-0.0346779527559055
21
0.0672118503937008
0
LINE
8
BLACK
6
CONTINUOUS
10
-0.0346779527559055
20
0.0672118503937008
11
-0.0336348818897638
21
0.066168779527559
0
LINE
8
BLACK
6
CONTINUOUS
10
-0.0336348818897638
20
0.066168779527559
11
-0.0309374015748031
21
0.0648200393700787
0
LINE
8
BLACK
6
CONTINUOUS
10
-0.0309374015748031
20
0.0648200393700787
11
-0.0267072047244094
21
0.0648200393700787
0
LINE
8
BLACK
6
CONTINUOUS
10
-0.0267072047244094
20
0.0648200393700787
11
-0.0240097244094488
21
0.0661688188976378
0
LINE
8
BLACK
6
CONTINUOUS
10
-0.0240097244094488
20
0.0661688188976378
11
-0.0228125590551181
21
0.0673659448818898
0
LINE
8
BLACK
6
CONTINUOUS
10
-0.0228125590551181
20
0.0673659448818898
11
-0.0214638188976378
21
0.0700633858267717
0
LINE
8
BLACK
6
CONTINUOUS
10
-0.0214638188976378
20
0.0700633858267717
11
-0.0214638188976378
21
0.0814116929133858
0
LINE
8
BLACK
6
CONTINUOUS
10
-0.0214638188976378
20
0.0814116929133858
11
-0.0361807480314961
21
0.0814116929133858
0
LINE
8
BLACK
6
CONTINUOUS
10
-0.0361807480314961
20
0.0814116929133858
11
-0.0361807480314961
21
0.0717202755905512
0
LINE
8
BLACK
6
CONTINUOUS
10
-0.0549283858267717
20
0.0719381496062992
11
-0.0535796456692913
21
0.0692406692913386
0
LINE
8
BLACK
6
CONTINUOUS
10
-0.0535796456692913
20
0.0692406692913386
11
-0.0523825196850394
21
0.0680435433070866
0
LINE
8
BLACK
6
CONTINUOUS
10
-0.0523825196850394
20
0.0680435433070866
11
-0.0496850393700787
21
0.0666948031496063
0
LINE
8
BLACK
6
CONTINUOUS
10
-0.0496850393700787
20
0.0666948031496063
11
-0.0473296062992126
21
0.0666948031496063
0
LINE
8
BLACK
6
CONTINUOUS
10
-0.0473296062992126
20
0.0666948031496063
11
-0.044632125984252
21
0.0680435433070866
0
LINE
8
BLACK
6
CONTINUOUS
10
-0.044632125984252
20
0.0680435433070866
11
-0.043435
21
0.0692406692913386
0
LINE
8
BLACK
6
CONTINUOUS
10
-0.043435
20
0.0692406692913386
11
-0.0420862598425197
21
0.0719381496062992
0
LINE
8
BLACK
6
CONTINUOUS
10
-0.0420862598425197
20
0.0719381496062992
11
-0.0420862598425197
21
0.0814116929133858
0
LINE
8
BLACK
6
CONTINUOUS
10
-0.0420862598425197
20
0.0814116929133858
11
-0.0549283858267717
21
0.0814116929133858
0
LINE
8
BLACK
6
CONTINUOUS
10
-0.0549283858267717
20
0.0814116929133858
11
-0.0549283858267717
21
0.0719381496062992
0
LINE
8
BLACK
6
CONTINUOUS
10
0.3710251181102362
20
0.1158224803149606
11
0.3710681496062992
21
0.1158288582677165
0
LINE
8
BLACK
6
CONTINUOUS
10
0.3710681496062992
20
0.1158288582677165
11
0.3712836220472441
21
0.1157970078740157
0
LINE
8
BLACK
6
CONTINUOUS
10
0.3712836220472441
20
0.1157970078740157
11
0.3715006692913386
21
0.1157756299212598
0
LINE
8
BLACK
6
CONTINUOUS
10
0.3715006692913386
20
0.1157756299212598
11
0.3715408661417323
21
0.1157590157480315
0
LINE
8
BLACK
6
CONTINUOUS
10
0.3715408661417323
20
0.1157590157480315
11
0.371640748031496
21
0.1157442125984252
0
LINE
8
BLACK
6
CONTINUOUS
10
0.371640748031496
20
0.1157442125984252
11
0.3791398031496063
21
0.1138694488188976
0
LINE
8
BLACK
6
CONTINUOUS
10
0.3791398031496063
20
0.1138694488188976
11
0.3796849212598425
21
0.1136746850393701
0
LINE
8
BLACK
6
CONTINUOUS
10
0.3796849212598425
20
0.1136746850393701
11
0.3798612598425197
21
0.1135440157480315
0
LINE
8
BLACK
6
CONTINUOUS
10
0.3798612598425197
20
0.1135440157480315
11
0.380064094488189
21
0.11346
0
LINE
8
BLACK
6
CONTINUOUS
10
0.380064094488189
20
0.11346
11
0.3805115748031496
21
0.1130927559055118
0
LINE
8
BLACK
6
CONTINUOUS
10
0.3805115748031496
20
0.1130927559055118
11
0.3842611417322834
21
0.1093432283464567
0
LINE
8
BLACK
6
CONTINUOUS
10
0.3842611417322834
20
0.1093432283464567
11
0.384446968503937
21
0.1091168503937008
0
LINE
8
BLACK
6
CONTINUOUS
10
0.384446968503937
20
0.1091168503937008
11
0.384505905511811
21
0.1090657086614173
0
LINE
8
BLACK
6
CONTINUOUS
10
0.384505905511811
20
0.1090657086614173
11
0.3845617716535433
21
0.108976968503937
0
LINE
8
BLACK
6
CONTINUOUS
10
0.3845617716535433
20
0.108976968503937
11
0.3846283858267717
21
0.1088957874015748
0
LINE
8
BLACK
6
CONTINUOUS
10
0.3846283858267717
20
0.1088957874015748
11
0.3846582283464567
21
0.1088236614173228
0
LINE
8
BLACK
6
CONTINUOUS
10
0.3846582283464567
20
0.1088236614173228
11
0.3848142519685039
21
0.1085758267716535
0
LINE
8
BLACK
6
CONTINUOUS
10
0.3848142519685039
20
0.1085758267716535
11
0.3866890157480315
21
0.1048262992125984
0
LINE
8
BLACK
6
CONTINUOUS
10
0.3866890157480315
20
0.1048262992125984
11
0.386895905511811
21
0.1042857086614173
0
LINE
8
BLACK
6
CONTINUOUS
10
0.386895905511811
20
0.1042857086614173
11
0.3869034251968504
21
0.104179842519685
0
LINE
8
BLACK
6
CONTINUOUS
10
0.3869034251968504
20
0.104179842519685
11
0.3869440157480315
21
0.1040818503937008
0
LINE
8
BLACK
6
CONTINUOUS
10
0.3869440157480315
20
0.1040818503937008
11
0.387000748031496
21
0.1035057874015748
0
LINE
8
BLACK
6
CONTINUOUS
10
0.387000748031496
20
0.1035057874015748
11
0.387000748031496
21
0.0960067322834646
0
LINE
8
BLACK
6
CONTINUOUS
10
0.387000748031496
20
0.0960067322834646
11
0.3869440157480315
21
0.0954306692913386
0
LINE
8
BLACK
6
CONTINUOUS
10
0.3869440157480315
20
0.0954306692913386
11
0.3869034251968504
21
0.0953327165354331
0
LINE
8
BLACK
6
CONTINUOUS
10
0.3869034251968504
20
0.0953327165354331
11
0.386895905511811
21
0.095226811023622
0
LINE
8
BLACK
6
CONTINUOUS
10
0.386895905511811
20
0.095226811023622
11
0.3866890157480315
21
0.0946862204724409
0
LINE
8
BLACK
6
CONTINUOUS
10
0.3866890157480315
20
0.0946862204724409
11
0.3848142519685039
21
0.0909366929133858
0
LINE
8
BLACK
6
CONTINUOUS
10
0.3848142519685039
20
0.0909366929133858
11
0.3846582283464567
21
0.0906888976377953
0
LINE
8
BLACK
6
CONTINUOUS
10
0.3846582283464567
20
0.0906888976377953
11
0.3846283858267717
21
0.0906167322834646
0
LINE
8
BLACK
6
CONTINUOUS
10
0.3846283858267717
20
0.0906167322834646
11
0.3845617716535433
21
0.0905355905511811
0
LINE
8
BLACK
6
CONTINUOUS
10
0.3845617716535433
20
0.0905355905511811
11
0.384505905511811
21
0.0904468110236221
0
LINE
8
BLACK
6
CONTINUOUS
10
0.384505905511811
20
0.0904468110236221
11
0.384446968503937
21
0.0903957086614173
0
LINE
8
BLACK
6
CONTINUOUS
10
0.384446968503937
20
0.0903957086614173
11
0.3842611417322834
21
0.0901692913385827
0
LINE
8
BLACK
6
CONTINUOUS
10
0.3842611417322834
20
0.0901692913385827
11
0.3805115748031496
21
0.0864197637795276
0
LINE
8
BLACK
6
CONTINUOUS
10
0.3805115748031496
20
0.0864197637795276
11
0.380064094488189
21
0.0860525196850394
0
LINE
8
BLACK
6
CONTINUOUS
10
0.380064094488189
20
0.0860525196850394
11
0.3798612598425197
21
0.0859685433070866
0
LINE
8
BLACK
6
CONTINUOUS
10
0.3798612598425197
20
0.0859685433070866
11
0.3796849212598425
21
0.0858378346456693
0
LINE
8
BLACK
6
CONTINUOUS
10
0.3796849212598425
20
0.0858378346456693
11
0.3791398031496063
21
0.0856430708661417
0
LINE
8
BLACK
6
CONTINUOUS
10
0.3791398031496063
20
0.0856430708661417
11
0.371640748031496
21
0.0837683070866142
0
LINE
8
BLACK
6
CONTINUOUS
10
0.371640748031496
20
0.0837683070866142
11
0.3715408661417323
21
0.0837535433070866
0
LINE
8
BLACK
6
CONTINUOUS
10
0.3715408661417323
20
0.0837535433070866
11
0.3715006692913386
21
0.0837368897637795
0
LINE
8
BLACK
6
CONTINUOUS
10
0.3715006692913386
20
0.0837368897637795
11
0.3712836220472441
21
0.0837155511811024
0
LINE
8
BLACK
6
CONTINUOUS
10
0.3712836220472441
20
0.0837155511811024
11
0.3710681496062992
21
0.0836836614173228
0
LINE
8
BLACK
6
CONTINUOUS
10
0.3710681496062992
20
0.0836836614173228
11
0.3710251181102362
21
0.0836900787401575
0
LINE
8
BLACK
6
CONTINUOUS
10
0.3710251181102362
20
0.0836900787401575
11
0.3709246062992126
21
0.083680157480315
0
LINE
8
BLACK
6
CONTINUOUS
10
0.3709246062992126
20
0.083680157480315
11
0.3578012598425197
21
0.083680157480315
0
LINE
8
BLACK
6
CONTINUOUS
10
0.3578012598425197
20
0.083680157480315
11
0.3577007086614173
21
0.0836900787401575
0
LINE
8
BLACK
6
CONTINUOUS
10
0.3577007086614173
20
0.0836900787401575
11
0.357657716535433
21
0.0836836614173228
0
LINE
8
BLACK
6
CONTINUOUS
10
0.357657716535433
20
0.0836836614173228
11
0.3574422047244095
21
0.0837155511811024
0
LINE
8
BLACK
6
CONTINUOUS
10
0.3574422047244095
20
0.0837155511811024
11
0.3572251968503937
21
0.0837368897637795
0
LINE
8
BLACK
6
CONTINUOUS
10
0.3572251968503937
20
0.0837368897637795
11
0.3571849606299213
21
0.0837535433070866
0
LINE
8
BLACK
6
CONTINUOUS
10
0.3571849606299213
20
0.0837535433070866
11
0.3570851181102362
21
0.0837683070866142
0
LINE
8
BLACK
6
CONTINUOUS
10
0.3570851181102362
20
0.0837683070866142
11
0.349586062992126
21
0.0856430708661417
0
LINE
8
BLACK
6
CONTINUOUS
10
0.349586062992126
20
0.0856430708661417
11
0.3490409448818897
21
0.0858378346456693
0
LINE
8
BLACK
6
CONTINUOUS
10
0.3490409448818897
20
0.0858378346456693
11
0.3488646062992126
21
0.0859685039370079
0
LINE
8
BLACK
6
CONTINUOUS
10
0.3488646062992126
20
0.0859685039370079
11
0.3486617322834645
21
0.0860525196850394
0
LINE
8
BLACK
6
CONTINUOUS
10
0.3486617322834645
20
0.0860525196850394
11
0.3482142913385827
21
0.0864197637795276
0
LINE
8
BLACK
6
CONTINUOUS
10
0.3482142913385827
20
0.0864197637795276
11
0.3444647637795276
21
0.0901692913385827
0
LINE
8
BLACK
6
CONTINUOUS
10
0.3444647637795276
20
0.0901692913385827
11
0.3442789763779527
21
0.0903956692913386
0
LINE
8
BLACK
6
CONTINUOUS
10
0.3442789763779527
20
0.0903956692913386
11
0.34422
21
0.0904468110236221
0
LINE
8
BLACK
6
CONTINUOUS
10
0.34422
20
0.0904468110236221
11
0.3441640157480315
21
0.0905357874015748
0
LINE
8
BLACK
6
CONTINUOUS
10
0.3441640157480315
20
0.0905357874015748
11
0.3440975590551181
21
0.0906167322834646
0
LINE
8
BLACK
6
CONTINUOUS
10
0.3440975590551181
20
0.0906167322834646
11
0.3440677165354331
21
0.0906887007874016
0
LINE
8
BLACK
6
CONTINUOUS
10
0.3440677165354331
20
0.0906887007874016
11
0.3439116535433071
21
0.0909366929133858
0
LINE
8
BLACK
6
CONTINUOUS
10
0.3439116535433071
20
0.0909366929133858
11
0.3420368897637795
21
0.0946862204724409
0
LINE
8
BLACK
6
CONTINUOUS
10
0.3420368897637795
20
0.0946862204724409
11
0.34183
21
0.0952268503937008
0
LINE
8
BLACK
6
CONTINUOUS
10
0.34183
20
0.0952268503937008
11
0.3418224803149606
21
0.0953326771653543
0
LINE
8
BLACK
6
CONTINUOUS
10
0.3418224803149606
20
0.0953326771653543
11
0.3417818897637795
21
0.0954306692913386
0
LINE
8
BLACK
6
CONTINUOUS
10
0.3417818897637795
20
0.0954306692913386
11
0.341725157480315
21
0.0960067322834646
0
LINE
8
BLACK
6
CONTINUOUS
10
0.341725157480315
20
0.0960067322834646
11
0.341725157480315
21
0.1035057874015748
0
LINE
8
BLACK
6
CONTINUOUS
10
0.341725157480315
20
0.1035057874015748
11
0.3417818897637795
21
0.1040818503937008
0
LINE
8
BLACK
6
CONTINUOUS
10
0.3417818897637795
20
0.1040818503937008
11
0.3418224803149606
21
0.1041798818897638
0
LINE
8
BLACK
6
CONTINUOUS
10
0.3418224803149606
20
0.1041798818897638
11
0.34183
21
0.1042856692913386
0
LINE
8
BLACK
6
CONTINUOUS
10
0.34183
20
0.1042856692913386
11
0.3420368897637795
21
0.1048262992125984
0
LINE
8
BLACK
6
CONTINUOUS
10
0.3420368897637795
20
0.1048262992125984
11
0.3439116535433071
21
0.1085758267716535
0
LINE
8
BLACK
6
CONTINUOUS
10
0.3439116535433071
20
0.1085758267716535
11
0.3440677165354331
21
0.1088238582677165
0
LINE
8
BLACK
6
CONTINUOUS
10
0.3440677165354331
20
0.1088238582677165
11
0.3440975590551181
21
0.1088957874015748
0
LINE
8
BLACK
6
CONTINUOUS
10
0.3440975590551181
20
0.1088957874015748
11
0.3441640157480315
21
0.1089767716535433
0
LINE
8
BLACK
6
CONTINUOUS
10
0.3441640157480315
20
0.1089767716535433
11
0.34422
21
0.1090657086614173
0
LINE
8
BLACK
6
CONTINUOUS
10
0.34422
20
0.1090657086614173
11
0.3442789763779527
21
0.1091168897637795
0
LINE
8
BLACK
6
CONTINUOUS
10
0.3442789763779527
20
0.1091168897637795
11
0.3444647637795276
21
0.1093432283464567
0
LINE
8
BLACK
6
CONTINUOUS
10
0.3444647637795276
20
0.1093432283464567
11
0.3482142913385827
21
0.1130927559055118
0
LINE
8
BLACK
6
CONTINUOUS
10
0.3482142913385827
20
0.1130927559055118
11
0.3486617322834645
21
0.11346
0
LINE
8
BLACK
6
CONTINUOUS
10
0.3486617322834645
20
0.11346
11
0.3488646062992126
21
0.1135440551181102
0
LINE
8
BLACK
6
CONTINUOUS
10
0.3488646062992126
20
0.1135440551181102
11
0.3490409448818897
21
0.1136746850393701
0
LINE
8
BLACK
6
CONTINUOUS
10
0.3490409448818897
20
0.1136746850393701
11
0.349586062992126
21
0.1138694488188976
0
LINE
8
BLACK
6
CONTINUOUS
10
0.349586062992126
20
0.1138694488188976
11
0.3570851181102362
21
0.1157442125984252
0
LINE
8
BLACK
6
CONTINUOUS
10
0.3570851181102362
20
0.1157442125984252
11
0.3571849606299213
21
0.1157590157480315
0
LINE
8
BLACK
6
CONTINUOUS
10
0.3571849606299213
20
0.1157590157480315
11
0.3572251968503937
21
0.1157756299212598
0
LINE
8
BLACK
6
CONTINUOUS
10
0.3572251968503937
20
0.1157756299212598
11
0.3574422047244095
21
0.1157970078740157
0
LINE
8
BLACK
6
CONTINUOUS
10
0.3574422047244095
20
0.1157970078740157
11
0.357657716535433
21
0.1158288582677165
0
LINE
8
BLACK
6
CONTINUOUS
10
0.357657716535433
20
0.1158288582677165
11
0.3577007086614173
21
0.1158224803149606
0
LINE
8
BLACK
6
CONTINUOUS
10
0.3577007086614173
20
0.1158224803149606
11
0.3578012598425197
21
0.1158323622047244
0
LINE
8
BLACK
6
CONTINUOUS
10
0.3578012598425197
20
0.1158323622047244
11
0.3709246062992126
21
0.1158323622047244
0
LINE
8
BLACK
6
CONTINUOUS
10
0.3709246062992126
20
0.1158323622047244
11
0.3710251181102362
21
0.1158224803149606
0
LINE
8
BLACK
6
CONTINUOUS
10
0.3518117716535433
20
0.1083386220472441
11
0.3489794094488189
21
0.1055062204724409
0
LINE
8
BLACK
6
CONTINUOUS
10
0.3489794094488189
20
0.1055062204724409
11
0.3476306692913386
21
0.1028087401574803
0
LINE
8
BLACK
6
CONTINUOUS
10
0.3476306692913386
20
0.1028087401574803
11
0.3476306692913386
21
0.0967037795275591
0
LINE
8
BLACK
6
CONTINUOUS
10
0.3476306692913386
20
0.0967037795275591
11
0.3489794094488189
21
0.0940062992125984
0
LINE
8
BLACK
6
CONTINUOUS
10
0.3489794094488189
20
0.0940062992125984
11
0.3518117716535433
21
0.091173937007874
0
LINE
8
BLACK
6
CONTINUOUS
10
0.3518117716535433
20
0.091173937007874
11
0.3581648031496063
21
0.0895856692913386
0
LINE
8
BLACK
6
CONTINUOUS
10
0.3581648031496063
20
0.0895856692913386
11
0.370561062992126
21
0.0895856692913386
0
LINE
8
BLACK
6
CONTINUOUS
10
0.370561062992126
20
0.0895856692913386
11
0.3769140551181102
21
0.091173937007874
0
LINE
8
BLACK
6
CONTINUOUS
10
0.3769140551181102
20
0.091173937007874
11
0.3797464960629921
21
0.0940063385826772
0
LINE
8
BLACK
6
CONTINUOUS
10
0.3797464960629921
20
0.0940063385826772
11
0.3810952362204724
21
0.0967037795275591
0
LINE
8
BLACK
6
CONTINUOUS
10
0.3810952362204724
20
0.0967037795275591
11
0.3810952362204724
21
0.1028087401574803
0
LINE
8
BLACK
6
CONTINUOUS
10
0.3810952362204724
20
0.1028087401574803
11
0.3797464960629921
21
0.1055062204724409
0
LINE
8
BLACK
6
CONTINUOUS
10
0.3797464960629921
20
0.1055062204724409
11
0.3769140551181102
21
0.1083386220472441
0
LINE
8
BLACK
6
CONTINUOUS
10
0.3769140551181102
20
0.1083386220472441
11
0.370561062992126
21
0.1099268503937008
0
LINE
8
BLACK
6
CONTINUOUS
10
0.370561062992126
20
0.1099268503937008
11
0.3581648031496063
21
0.1099268503937008
0
LINE
8
BLACK
6
CONTINUOUS
10
0.3581648031496063
20
0.1099268503937008
11
0.3518117716535433
21
0.1083386220472441
0
LINE
8
BLACK
6
CONTINUOUS
10
-0.0562406692913386
20
0.1224401181102362
11
-0.0554260236220472
21
0.1216254724409449
0
LINE
8
BLACK
6
CONTINUOUS
10
-0.0554260236220472
20
0.1216254724409449
11
-0.0549851181102362
21
0.120561062992126
0
LINE
8
BLACK
6
CONTINUOUS
10
-0.0549851181102362
20
0.120561062992126
11
-0.0549283858267717
21
0.119985
0
LINE
8
BLACK
6
CONTINUOUS
10
-0.0549283858267717
20
0.119985
11
-0.0549283858267717
21
0.1116891732283465
0
LINE
8
BLACK
6
CONTINUOUS
10
-0.0549283858267717
20
0.1116891732283465
11
-0.018511062992126
21
0.1116891732283465
0
LINE
8
BLACK
6
CONTINUOUS
10
-0.018511062992126
20
0.1116891732283465
11
-0.017935
21
0.1116324409448819
0
LINE
8
BLACK
6
CONTINUOUS
10
-0.017935
20
0.1116324409448819
11
-0.0168705905511811
21
0.1111915354330709
0
LINE
8
BLACK
6
CONTINUOUS
10
-0.0168705905511811
20
0.1111915354330709
11
-0.0160559448818898
21
0.1103768897637795
0
LINE
8
BLACK
6
CONTINUOUS
10
-0.0160559448818898
20
0.1103768897637795
11
-0.0156150393700787
21
0.1093124803149606
0
LINE
8
BLACK
6
CONTINUOUS
10
-0.0156150393700787
20
0.1093124803149606
11
-0.0156150393700787
21
0.1081603543307087
0
LINE
8
BLACK
6
CONTINUOUS
10
-0.0156150393700787
20
0.1081603543307087
11
-0.0160559448818898
21
0.1070959448818898
0
LINE
8
BLACK
6
CONTINUOUS
10
-0.0160559448818898
20
0.1070959448818898
11
-0.0168705905511811
21
0.1062812992125984
0
LINE
8
BLACK
6
CONTINUOUS
10
-0.0168705905511811
20
0.1062812992125984
11
-0.017935
21
0.1058403937007874
0
LINE
8
BLACK
6
CONTINUOUS
10
-0.017935
20
0.1058403937007874
11
-0.018511062992126
21
0.1057836614173228
0
LINE
8
BLACK
6
CONTINUOUS
10
-0.018511062992126
20
0.1057836614173228
11
-0.0549283858267717
21
0.1057836614173228
0
LINE
8
BLACK
6
CONTINUOUS
10
-0.0549283858267717
20
0.1057836614173228
11
-0.0549283858267717
21
0.0974878346456693
0
LINE
8
BLACK
6
CONTINUOUS
10
-0.0549283858267717
20
0.0974878346456693
11
-0.0549851181102362
21
0.0969117716535433
0
LINE
8
BLACK
6
CONTINUOUS
10
-0.0549851181102362
20
0.0969117716535433
11
-0.0554260236220472
21
0.0958473622047244
0
LINE
8
BLACK
6
CONTINUOUS
10
-0.0554260236220472
20
0.0958473622047244
11
-0.0562406692913386
21
0.0950327165354331
0
LINE
8
BLACK
6
CONTINUOUS
10
-0.0562406692913386
20
0.0950327165354331
11
-0.0573050787401575
21
0.094591811023622
0
LINE
8
BLACK
6
CONTINUOUS
10
-0.0573050787401575
20
0.094591811023622
11
-0.0584572047244094
21
0.094591811023622
0
LINE
8
BLACK
6
CONTINUOUS
10
-0.0584572047244094
20
0.094591811023622
11
-0.0595216141732283
21
0.0950327165354331
0
LINE
8
BLACK
6
CONTINUOUS
10
-0.0595216141732283
20
0.0950327165354331
11
-0.0603362598425197
21
0.0958473622047244
0
LINE
8
BLACK
6
CONTINUOUS
10
-0.0603362598425197
20
0.0958473622047244
11
-0.0607771653543307
21
0.0969117716535433
0
LINE
8
BLACK
6
CONTINUOUS
10
-0.0607771653543307
20
0.0969117716535433
11
-0.0608338976377953
21
0.0974878346456693
0
LINE
8
BLACK
6
CONTINUOUS
10
-0.0608338976377953
20
0.0974878346456693
11
-0.0608338976377953
21
0.119985
0
LINE
8
BLACK
6
CONTINUOUS
10
-0.0608338976377953
20
0.119985
11
-0.0607771653543307
21
0.120561062992126
0
LINE
8
BLACK
6
CONTINUOUS
10
-0.0607771653543307
20
0.120561062992126
11
-0.0603362598425197
21
0.1216254724409449
0
LINE
8
BLACK
6
CONTINUOUS
10
-0.0603362598425197
20
0.1216254724409449
11
-0.0595216141732283
21
0.1224401181102362
0
LINE
8
BLACK
6
CONTINUOUS
10
-0.0595216141732283
20
0.1224401181102362
11
-0.0584572047244094
21
0.1228810236220472
0
LINE
8
BLACK
6
CONTINUOUS
10
-0.0584572047244094
20
0.1228810236220472
11
-0.0573050787401575
21
0.1228810236220472
0
LINE
8
BLACK
6
CONTINUOUS
10
-0.0573050787401575
20
0.1228810236220472
11
-0.0562406692913386
21
0.1224401181102362
0
LINE
8
BLACK
6
CONTINUOUS
10
0.3894379921259842
20
0.1528300393700787
11
0.3902526377952756
21
0.1520153937007874
0
LINE
8
BLACK
6
CONTINUOUS
10
0.3902526377952756
20
0.1520153937007874
11
0.3906935433070866
21
0.1509509842519685
0
LINE
8
BLACK
6
CONTINUOUS
10
0.3906935433070866
20
0.1509509842519685
11
0.3907502755905512
21
0.1503749212598425
0
LINE
8
BLACK
6
CONTINUOUS
10
0.3907502755905512
20
0.1503749212598425
11
0.3907502755905512
21
0.1203787007874016
0
LINE
8
BLACK
6
CONTINUOUS
10
0.3907502755905512
20
0.1203787007874016
11
0.3906935433070866
21
0.1198026377952756
0
LINE
8
BLACK
6
CONTINUOUS
10
0.3906935433070866
20
0.1198026377952756
11
0.3902526377952756
21
0.1187382283464567
0
LINE
8
BLACK
6
CONTINUOUS
10
0.3902526377952756
20
0.1187382283464567
11
0.3894379921259842
21
0.1179235826771654
0
LINE
8
BLACK
6
CONTINUOUS
10
0.3894379921259842
20
0.1179235826771654
11
0.3883735826771653
21
0.1174826771653543
0
LINE
8
BLACK
6
CONTINUOUS
10
0.3883735826771653
20
0.1174826771653543
11
0.3872214566929134
21
0.1174826771653543
0
LINE
8
BLACK
6
CONTINUOUS
10
0.3872214566929134
20
0.1174826771653543
11
0.3861570472440945
21
0.1179235826771654
0
LINE
8
BLACK
6
CONTINUOUS
10
0.3861570472440945
20
0.1179235826771654
11
0.3853424015748032
21
0.1187382283464567
0
LINE
8
BLACK
6
CONTINUOUS
10
0.3853424015748032
20
0.1187382283464567
11
0.3849014960629921
21
0.1198026377952756
0
LINE
8
BLACK
6
CONTINUOUS
10
0.3849014960629921
20
0.1198026377952756
11
0.3848447637795275
21
0.1203787007874016
0
LINE
8
BLACK
6
CONTINUOUS
10
0.3848447637795275
20
0.1203787007874016
11
0.3848447637795275
21
0.1503749212598425
0
LINE
8
BLACK
6
CONTINUOUS
10
0.3848447637795275
20
0.1503749212598425
11
0.3849014960629921
21
0.1509509842519685
0
LINE
8
BLACK
6
CONTINUOUS
10
0.3849014960629921
20
0.1509509842519685
11
0.3853424015748032
21
0.1520153937007874
0
LINE
8
BLACK
6
CONTINUOUS
10
0.3853424015748032
20
0.1520153937007874
11
0.3861570472440945
21
0.1528300393700787
0
LINE
8
BLACK
6
CONTINUOUS
10
0.3861570472440945
20
0.1528300393700787
11
0.3872214566929134
21
0.1532709448818897
0
LINE
8
BLACK
6
CONTINUOUS
10
0.3872214566929134
20
0.1532709448818897
11
0.3883735826771653
21
0.1532709448818897
0
LINE
8
BLACK
6
CONTINUOUS
10
0.3883735826771653
20
0.1532709448818897
11
0.3894379921259842
21
0.1528300393700787
0
LINE
8
BLACK
6
CONTINUOUS
10
-0.0318687401574803
20
0.1655597244094488
11
-0.031054094488189
21
0.1647450787401575
0
LINE
8
BLACK
6
CONTINUOUS
10
-0.031054094488189
20
0.1647450787401575
11
-0.030613188976378
21
0.1636806692913386
0
LINE
8
BLACK
6
CONTINUOUS
10
-0.030613188976378
20
0.1636806692913386
11
-0.0305564566929134
21
0.1631046062992126
0
LINE
8
BLACK
6
CONTINUOUS
10
-0.0305564566929134
20
0.1631046062992126
11
-0.0305564566929134
21
0.1331083464566929
0
LINE
8
BLACK
6
CONTINUOUS
10
-0.0305564566929134
20
0.1331083464566929
11
-0.030613188976378
21
0.1325322834645669
0
LINE
8
BLACK
6
CONTINUOUS
10
-0.030613188976378
20
0.1325322834645669
11
-0.031054094488189
21
0.131467874015748
0
LINE
8
BLACK
6
CONTINUOUS
10
-0.031054094488189
20
0.131467874015748
11
-0.0318687401574803
21
0.1306532283464567
0
LINE
8
BLACK
6
CONTINUOUS
10
-0.0318687401574803
20
0.1306532283464567
11
-0.0329331496062992
21
0.1302123228346457
0
LINE
8
BLACK
6
CONTINUOUS
10
-0.0329331496062992
20
0.1302123228346457
11
-0.0340852755905512
21
0.1302123228346457
0
LINE
8
BLACK
6
CONTINUOUS
10
-0.0340852755905512
20
0.1302123228346457
11
-0.0351496850393701
21
0.1306532283464567
0
LINE
8
BLACK
6
CONTINUOUS
10
-0.0351496850393701
20
0.1306532283464567
11
-0.0359643307086614
21
0.131467874015748
0
LINE
8
BLACK
6
CONTINUOUS
10
-0.0359643307086614
20
0.131467874015748
11
-0.0364052362204724
21
0.1325322834645669
0
LINE
8
BLACK
6
CONTINUOUS
10
-0.0364052362204724
20
0.1325322834645669
11
-0.036461968503937
21
0.1331083464566929
0
LINE
8
BLACK
6
CONTINUOUS
10
-0.036461968503937
20
0.1331083464566929
11
-0.036461968503937
21
0.1631046062992126
0
LINE
8
BLACK
6
CONTINUOUS
10
-0.036461968503937
20
0.1631046062992126
11
-0.0364052362204724
21
0.1636806692913386
0
LINE
8
BLACK
6
CONTINUOUS
10
-0.0364052362204724
20
0.1636806692913386
11
-0.0359643307086614
21
0.1647450787401575
0
LINE
8
BLACK
6
CONTINUOUS
10
-0.0359643307086614
20
0.1647450787401575
11
-0.0351496850393701
21
0.1655597244094488
0
LINE
8
BLACK
6
CONTINUOUS
10
-0.0351496850393701
20
0.1655597244094488
11
-0.0340852755905512
21
0.1660006299212598
0
LINE
8
BLACK
6
CONTINUOUS
10
-0.0340852755905512
20
0.1660006299212598
11
-0.0329331496062992
21
0.1660006299212598
0
LINE
8
BLACK
6
CONTINUOUS
10
-0.0329331496062992
20
0.1660006299212598
11
-0.0318687401574803
21
0.1655597244094488
0
LINE
8
BLACK
6
CONTINUOUS
10
0.0973026377952756
20
0.2958559448818898
11
0.0981172834645669
21
0.2950412992125984
0
LINE
8
BLACK
6
CONTINUOUS
10
0.0981172834645669
20
0.2950412992125984
11
0.098558188976378
21
0.2939768897637795
0
LINE
8
BLACK
6
CONTINUOUS
10
0.098558188976378
20
0.2939768897637795
11
0.0986149212598425
21
0.2934008267716535
0
LINE
8
BLACK
6
CONTINUOUS
10
0.0986149212598425
20
0.2934008267716535
11
0.0986149212598425
21
0.2755361023622047
0
LINE
8
BLACK
6
CONTINUOUS
10
0.0986149212598425
20
0.2755361023622047
11
0.1087158661417323
21
0.2843744094488189
0
LINE
8
BLACK
6
CONTINUOUS
10
0.1087158661417323
20
0.2843744094488189
11
0.108964842519685
21
0.2845524409448819
0
LINE
8
BLACK
6
CONTINUOUS
10
0.108964842519685
20
0.2845524409448819
11
0.1090198031496063
21
0.2846073622047244
0
LINE
8
BLACK
6
CONTINUOUS
10
0.1090198031496063
20
0.2846073622047244
11
0.1090718897637795
21
0.2846289763779528
0
LINE
8
BLACK
6
CONTINUOUS
10
0.1090718897637795
20
0.2846289763779528
11
0.1091867716535433
21
0.284711062992126
0
LINE
8
BLACK
6
CONTINUOUS
10
0.1091867716535433
20
0.284711062992126
11
0.1096409842519685
21
0.2848646850393701
0
LINE
8
BLACK
6
CONTINUOUS
10
0.1096409842519685
20
0.2848646850393701
11
0.1100842125984252
21
0.2850482677165354
0
LINE
8
BLACK
6
CONTINUOUS
10
0.1100842125984252
20
0.2850482677165354
11
0.1101838582677165
21
0.2850482677165354
0
LINE
8
BLACK
6
CONTINUOUS
10
0.1101838582677165
20
0.2850482677165354
11
0.1102781496062992
21
0.285080157480315
0
LINE
8
BLACK
6
CONTINUOUS
10
0.1102781496062992
20
0.285080157480315
11
0.1107566141732283
21
0.2850482677165354
0
LINE
8
BLACK
6
CONTINUOUS
10
0.1107566141732283
20
0.2850482677165354
11
0.1112363385826772
21
0.2850482677165354
0
LINE
8
BLACK
6
CONTINUOUS
10
0.1112363385826772
20
0.2850482677165354
11
0.1113283070866142
21
0.2850101968503937
0
LINE
8
BLACK
6
CONTINUOUS
10
0.1113283070866142
20
0.2850101968503937
11
0.1114276771653543
21
0.2850035433070866
0
LINE
8
BLACK
6
CONTINUOUS
10
0.1114276771653543
20
0.2850035433070866
11
0.1118577952755905
21
0.2847908661417323
0
LINE
8
BLACK
6
CONTINUOUS
10
0.1118577952755905
20
0.2847908661417323
11
0.1123007480314961
21
0.2846073622047244
0
LINE
8
BLACK
6
CONTINUOUS
10
0.1123007480314961
20
0.2846073622047244
11
0.112371062992126
21
0.2845370472440945
0
LINE
8
BLACK
6
CONTINUOUS
10
0.112371062992126
20
0.2845370472440945
11
0.1124604330708661
21
0.2844928346456693
0
LINE
8
BLACK
6
CONTINUOUS
10
0.1124604330708661
20
0.2844928346456693
11
0.1127763779527559
21
0.2841317322834646
0
LINE
8
BLACK
6
CONTINUOUS
10
0.1127763779527559
20
0.2841317322834646
11
0.1131153937007874
21
0.2837927165354331
0
LINE
8
BLACK
6
CONTINUOUS
10
0.1131153937007874
20
0.2837927165354331
11
0.1131535039370079
21
0.283700748031496
0
LINE
8
BLACK
6
CONTINUOUS
10
0.1131535039370079
20
0.283700748031496
11
0.113219094488189
21
0.283625748031496
0
LINE
8
BLACK
6
CONTINUOUS
10
0.113219094488189
20
0.283625748031496
11
0.1133726771653543
21
0.2831715354330709
0
LINE
8
BLACK
6
CONTINUOUS
10
0.1133726771653543
20
0.2831715354330709
11
0.1135562992125984
21
0.2827283070866142
0
LINE
8
BLACK
6
CONTINUOUS
10
0.1135562992125984
20
0.2827283070866142
11
0.1135701181102362
21
0.2825877559055118
0
LINE
8
BLACK
6
CONTINUOUS
10
0.1135701181102362
20
0.2825877559055118
11
0.1135881889763779
21
0.2825343700787402
0
LINE
8
BLACK
6
CONTINUOUS
10
0.1135881889763779
20
0.2825343700787402
11
0.1135829921259842
21
0.2824569291338583
0
LINE
8
BLACK
6
CONTINUOUS
10
0.1135829921259842
20
0.2824569291338583
11
0.113613031496063
21
0.2821522440944882
0
LINE
8
BLACK
6
CONTINUOUS
10
0.113613031496063
20
0.2821522440944882
11
0.113613031496063
21
0.277225
0
LINE
8
BLACK
6
CONTINUOUS
10
0.113613031496063
20
0.277225
11
0.1149617716535433
21
0.2745275196850394
0
LINE
8
BLACK
6
CONTINUOUS
10
0.1149617716535433
20
0.2745275196850394
11
0.1161588976377953
21
0.2733303937007874
0
LINE
8
BLACK
6
CONTINUOUS
10
0.1161588976377953
20
0.2733303937007874
11
0.1188563779527559
21
0.2719816535433071
0
LINE
8
BLACK
6
CONTINUOUS
10
0.1188563779527559
20
0.2719816535433071
11
0.1268361023622047
21
0.2719816535433071
0
LINE
8
BLACK
6
CONTINUOUS
10
0.1268361023622047
20
0.2719816535433071
11
0.1295335826771654
21
0.2733304330708661
0
LINE
8
BLACK
6
CONTINUOUS
10
0.1295335826771654
20
0.2733304330708661
11
0.1307307480314961
21
0.2745275590551181
0
LINE
8
BLACK
6
CONTINUOUS
10
0.1307307480314961
20
0.2745275590551181
11
0.1320794881889764
21
0.277225
0
LINE
8
BLACK
6
CONTINUOUS
10
0.1320794881889764
20
0.277225
11
0.1320794881889764
21
0.2870794881889764
0
LINE
8
BLACK
6
CONTINUOUS
10
0.1320794881889764
20
0.2870794881889764
11
0.1307307480314961
21
0.289776968503937
0
LINE
8
BLACK
6
CONTINUOUS
10
0.1307307480314961
20
0.289776968503937
11
0.1291948031496063
21
0.291312874015748
0
LINE
8
BLACK
6
CONTINUOUS
10
0.1291948031496063
20
0.291312874015748
11
0.1288275590551181
21
0.2917603543307087
0
LINE
8
BLACK
6
CONTINUOUS
10
0.1288275590551181
20
0.2917603543307087
11
0.1283866535433071
21
0.2928247637795275
0
LINE
8
BLACK
6
CONTINUOUS
10
0.1283866535433071
20
0.2928247637795275
11
0.1283866535433071
21
0.2939768503937008
0
LINE
8
BLACK
6
CONTINUOUS
10
0.1283866535433071
20
0.2939768503937008
11
0.1288275196850394
21
0.2950412598425197
0
LINE
8
BLACK
6
CONTINUOUS
10
0.1288275196850394
20
0.2950412598425197
11
0.1296422047244094
21
0.2958559448818898
0
LINE
8
BLACK
6
CONTINUOUS
10
0.1296422047244094
20
0.2958559448818898
11
0.1307066141732283
21
0.2962968503937008
0
LINE
8
BLACK
6
CONTINUOUS
10
0.1307066141732283
20
0.2962968503937008
11
0.1318587007874016
21
0.2962968503937008
0
LINE
8
BLACK
6
CONTINUOUS
10
0.1318587007874016
20
0.2962968503937008
11
0.1329231102362205
21
0.2958559842519685
0
LINE
8
BLACK
6
CONTINUOUS
10
0.1329231102362205
20
0.2958559842519685
11
0.1333705511811024
21
0.295488779527559
0
LINE
8
BLACK
6
CONTINUOUS
10
0.1333705511811024
20
0.295488779527559
11
0.1352453543307087
21
0.2936140157480315
0
LINE
8
BLACK
6
CONTINUOUS
10
0.1352453543307087
20
0.2936140157480315
11
0.1354311023622047
21
0.2933876771653543
0
LINE
8
BLACK
6
CONTINUOUS
10
0.1354311023622047
20
0.2933876771653543
11
0.135490157480315
21
0.2933364566929134
0
LINE
8
BLACK
6
CONTINUOUS
10
0.135490157480315
20
0.2933364566929134
11
0.1355461417322835
21
0.2932475196850394
0
LINE
8
BLACK
6
CONTINUOUS
10
0.1355461417322835
20
0.2932475196850394
11
0.1356125984251969
21
0.2931665354330709
0
LINE
8
BLACK
6
CONTINUOUS
10
0.1356125984251969
20
0.2931665354330709
11
0.1356424015748031
21
0.2930946062992126
0
LINE
8
BLACK
6
CONTINUOUS
10
0.1356424015748031
20
0.2930946062992126
11
0.1357985039370079
21
0.2928465748031496
0
LINE
8
BLACK
6
CONTINUOUS
10
0.1357985039370079
20
0.2928465748031496
11
0.1376732677165354
21
0.2890970472440945
0
LINE
8
BLACK
6
CONTINUOUS
10
0.1376732677165354
20
0.2890970472440945
11
0.137880157480315
21
0.2885564566929134
0
LINE
8
BLACK
6
CONTINUOUS
10
0.137880157480315
20
0.2885564566929134
11
0.1378876771653543
21
0.2884505905511811
0
LINE
8
BLACK
6
CONTINUOUS
10
0.1378876771653543
20
0.2884505905511811
11
0.1379282677165354
21
0.2883525984251968
0
LINE
8
BLACK
6
CONTINUOUS
10
0.1379282677165354
20
0.2883525984251968
11
0.137985
21
0.2877765354330709
0
LINE
8
BLACK
6
CONTINUOUS
10
0.137985
20
0.2877765354330709
11
0.137985
21
0.2765279527559055
0
LINE
8
BLACK
6
CONTINUOUS
10
0.137985
20
0.2765279527559055
11
0.1379282677165354
21
0.2759518897637795
0
LINE
8
BLACK
6
CONTINUOUS
10
0.1379282677165354
20
0.2759518897637795
11
0.1378876771653543
21
0.275853937007874
0
LINE
8
BLACK
6
CONTINUOUS
10
0.1378876771653543
20
0.275853937007874
11
0.137880157480315
21
0.275748031496063
0
LINE
8
BLACK
6
CONTINUOUS
10
0.137880157480315
20
0.275748031496063
11
0.1376732677165354
21
0.2752074409448819
0
LINE
8
BLACK
6
CONTINUOUS
10
0.1376732677165354
20
0.2752074409448819
11
0.1357985039370079
21
0.2714579133858268
0
LINE
8
BLACK
6
CONTINUOUS
10
0.1357985039370079
20
0.2714579133858268
11
0.1356424015748031
21
0.2712099212598425
0
LINE
8
BLACK
6
CONTINUOUS
10
0.1356424015748031
20
0.2712099212598425
11
0.1356125984251969
21
0.2711379527559055
0
LINE
8
BLACK
6
CONTINUOUS
10
0.1356125984251969
20
0.2711379527559055
11
0.1355461417322835
21
0.2710570078740158
0
LINE
8
BLACK
6
CONTINUOUS
10
0.1355461417322835
20
0.2710570078740158
11
0.135490157480315
21
0.270968031496063
0
LINE
8
BLACK
6
CONTINUOUS
10
0.135490157480315
20
0.270968031496063
11
0.1354311023622047
21
0.2709168503937008
0
LINE
8
BLACK
6
CONTINUOUS
10
0.1354311023622047
20
0.2709168503937008
11
0.1352453543307087
21
0.2706904724409449
0
LINE
8
BLACK
6
CONTINUOUS
10
0.1352453543307087
20
0.2706904724409449
11
0.1333705511811024
21
0.2688157086614173
0
LINE
8
BLACK
6
CONTINUOUS
10
0.1333705511811024
20
0.2688157086614173
11
0.1331442125984252
21
0.26863
0
LINE
8
BLACK
6
CONTINUOUS
10
0.1331442125984252
20
0.26863
11
0.1330930708661417
21
0.2685709842519685
0
LINE
8
BLACK
6
CONTINUOUS
10
0.1330930708661417
20
0.2685709842519685
11
0.1330041338582677
21
0.2685150393700788
0
LINE
8
BLACK
6
CONTINUOUS
10
0.1330041338582677
20
0.2685150393700788
11
0.1329231102362205
21
0.2684485039370079
0
LINE
8
BLACK
6
CONTINUOUS
10
0.1329231102362205
20
0.2684485039370079
11
0.132851062992126
21
0.2684187007874015
0
LINE
8
BLACK
6
CONTINUOUS
10
0.132851062992126
20
0.2684187007874015
11
0.132603188976378
21
0.2682626377952756
0
LINE
8
BLACK
6
CONTINUOUS
10
0.132603188976378
20
0.2682626377952756
11
0.1288536614173228
21
0.266387874015748
0
LINE
8
BLACK
6
CONTINUOUS
10
0.1288536614173228
20
0.266387874015748
11
0.128313031496063
21
0.2661809842519685
0
LINE
8
BLACK
6
CONTINUOUS
10
0.128313031496063
20
0.2661809842519685
11
0.1282072047244094
21
0.2661735039370079
0
LINE
8
BLACK
6
CONTINUOUS
10
0.1282072047244094
20
0.2661735039370079
11
0.1281092125984252
21
0.266132874015748
0
LINE
8
BLACK
6
CONTINUOUS
10
0.1281092125984252
20
0.266132874015748
11
0.1275331496062992
21
0.2660761417322834
0
LINE
8
BLACK
6
CONTINUOUS
10
0.1275331496062992
20
0.2660761417322834
11
0.1181593307086614
21
0.2660761417322834
0
LINE
8
BLACK
6
CONTINUOUS
10
0.1181593307086614
20
0.2660761417322834
11
0.1175832677165354
21
0.266132874015748
0
LINE
8
BLACK
6
CONTINUOUS
10
0.1175832677165354
20
0.266132874015748
11
0.1174852755905512
21
0.2661734645669291
0
LINE
8
BLACK
6
CONTINUOUS
10
0.1174852755905512
20
0.2661734645669291
11
0.1173794094488189
21
0.2661809842519685
0
LINE
8
BLACK
6
CONTINUOUS
10
0.1173794094488189
20
0.2661809842519685
11
0.1168388188976378
21
0.266387874015748
0
LINE
8
BLACK
6
CONTINUOUS
10
0.1168388188976378
20
0.266387874015748
11
0.1130892913385827
21
0.2682626377952756
0
LINE
8
BLACK
6
CONTINUOUS
10
0.1130892913385827
20
0.2682626377952756
11
0.1128412598425197
21
0.2684187401574803
0
LINE
8
BLACK
6
CONTINUOUS
10
0.1128412598425197
20
0.2684187401574803
11
0.1127693307086614
21
0.2684485433070866
0
LINE
8
BLACK
6
CONTINUOUS
10
0.1127693307086614
20
0.2684485433070866
11
0.1126883464566929
21
0.2685150393700788
0
LINE
8
BLACK
6
CONTINUOUS
10
0.1126883464566929
20
0.2685150393700788
11
0.1125994094488189
21
0.2685709842519685
0
LINE
8
BLACK
6
CONTINUOUS
10
0.1125994094488189
20
0.2685709842519685
11
0.1125482283464567
21
0.26863
0
LINE
8
BLACK
6
CONTINUOUS
10
0.1125482283464567
20
0.26863
11
0.1123218897637795
21
0.268815748031496
0
LINE
8
BLACK
6
CONTINUOUS
10
0.1123218897637795
20
0.268815748031496
11
0.110447125984252
21
0.2706905118110236
0
LINE
8
BLACK
6
CONTINUOUS
10
0.110447125984252
20
0.2706905118110236
11
0.1102613385826772
21
0.2709168897637795
0
LINE
8
BLACK
6
CONTINUOUS
10
0.1102613385826772
20
0.2709168897637795
11
0.1102023622047244
21
0.270968031496063
0
LINE
8
BLACK
6
CONTINUOUS
10
0.1102023622047244
20
0.270968031496063
11
0.1101463779527559
21
0.2710570078740158
0
LINE
8
BLACK
6
CONTINUOUS
10
0.1101463779527559
20
0.2710570078740158
11
0.1100799212598425
21
0.2711379527559055
0
LINE
8
BLACK
6
CONTINUOUS
10
0.1100799212598425
20
0.2711379527559055
11
0.1100500787401575
21
0.2712099212598425
0
LINE
8
BLACK
6
CONTINUOUS
10
0.1100500787401575
20
0.2712099212598425
11
0.1098940157480315
21
0.2714579133858268
0
LINE
8
BLACK
6
CONTINUOUS
10
0.1098940157480315
20
0.2714579133858268
11
0.1080192519685039
21
0.2752074409448819
0
LINE
8
BLACK
6
CONTINUOUS
10
0.1080192519685039
20
0.2752074409448819
11
0.1078155905511811
21
0.2757396456692913
0
LINE
8
BLACK
6
CONTINUOUS
10
0.1078155905511811
20
0.2757396456692913
11
0.0976065748031496
21
0.2668067322834646
0
LINE
8
BLACK
6
CONTINUOUS
10
0.0976065748031496
20
0.2668067322834646
11
0.0973575590551181
21
0.2666287401574803
0
LINE
8
BLACK
6
CONTINUOUS
10
0.0973575590551181
20
0.2666287401574803
11
0.0973026377952756
21
0.2665737795275591
0
LINE
8
BLACK
6
CONTINUOUS
10
0.0973026377952756
20
0.2665737795275591
11
0.0972505118110236
21
0.2665522047244094
0
LINE
8
BLACK
6
CONTINUOUS
10
0.0972505118110236
20
0.2665522047244094
11
0.0971356692913386
21
0.2664700787401575
0
LINE
8
BLACK
6
CONTINUOUS
10
0.0971356692913386
20
0.2664700787401575
11
0.0966814173228346
21
0.2663164960629921
0
LINE
8
BLACK
6
CONTINUOUS
10
0.0966814173228346
20
0.2663164960629921
11
0.0962382283464567
21
0.266132874015748
0
LINE
8
BLACK
6
CONTINUOUS
10
0.0962382283464567
20
0.266132874015748
11
0.0961385826771654
21
0.266132874015748
0
LINE
8
BLACK
6
CONTINUOUS
10
0.0961385826771654
20
0.266132874015748
11
0.0960442913385827
21
0.2661009842519685
0
LINE
8
BLACK
6
CONTINUOUS
10
0.0960442913385827
20
0.2661009842519685
11
0.0955658267716535
21
0.266132874015748
0
LINE
8
BLACK
6
CONTINUOUS
10
0.0955658267716535
20
0.266132874015748
11
0.0950861023622047
21
0.266132874015748
0
LINE
8
BLACK
6
CONTINUOUS
10
0.0950861023622047
20
0.266132874015748
11
0.094994094488189
21
0.2661709842519685
0
LINE
8
BLACK
6
CONTINUOUS
10
0.094994094488189
20
0.2661709842519685
11
0.0948947637795276
21
0.2661775984251968
0
LINE
8
BLACK
6
CONTINUOUS
10
0.0948947637795276
20
0.2661775984251968
11
0.0944646062992126
21
0.2663903149606299
0
LINE
8
BLACK
6
CONTINUOUS
10
0.0944646062992126
20
0.2663903149606299
11
0.0940216929133858
21
0.2665737795275591
0
LINE
8
BLACK
6
CONTINUOUS
10
0.0940216929133858
20
0.2665737795275591
11
0.0939513385826772
21
0.2666441338582677
0
LINE
8
BLACK
6
CONTINUOUS
10
0.0939513385826772
20
0.2666441338582677
11
0.0938620078740157
21
0.2666883070866142
0
LINE
8
BLACK
6
CONTINUOUS
10
0.0938620078740157
20
0.2666883070866142
11
0.0935460236220472
21
0.2670494488188976
0
LINE
8
BLACK
6
CONTINUOUS
10
0.0935460236220472
20
0.2670494488188976
11
0.0932070472440945
21
0.2673884251968504
0
LINE
8
BLACK
6
CONTINUOUS
10
0.0932070472440945
20
0.2673884251968504
11
0.0931688976377953
21
0.2674804330708661
0
LINE
8
BLACK
6
CONTINUOUS
10
0.0931688976377953
20
0.2674804330708661
11
0.0931033464566929
21
0.2675553937007874
0
LINE
8
BLACK
6
CONTINUOUS
10
0.0931033464566929
20
0.2675553937007874
11
0.0929497244094488
21
0.2680096456692913
0
LINE
8
BLACK
6
CONTINUOUS
10
0.0929497244094488
20
0.2680096456692913
11
0.0927661417322835
21
0.2684528346456693
0
LINE
8
BLACK
6
CONTINUOUS
10
0.0927661417322835
20
0.2684528346456693
11
0.0927522834645669
21
0.2685934251968504
0
LINE
8
BLACK
6
CONTINUOUS
10
0.0927522834645669
20
0.2685934251968504
11
0.0927342519685039
21
0.2686467716535433
0
LINE
8
BLACK
6
CONTINUOUS
10
0.0927342519685039
20
0.2686467716535433
11
0.0927394094488189
21
0.2687242519685039
0
LINE
8
BLACK
6
CONTINUOUS
10
0.0927394094488189
20
0.2687242519685039
11
0.0927094094488189
21
0.2690288976377953
0
LINE
8
BLACK
6
CONTINUOUS
10
0.0927094094488189
20
0.2690288976377953
11
0.0927094094488189
21
0.2934008267716535
0
LINE
8
BLACK
6
CONTINUOUS
10
0.0927094094488189
20
0.2934008267716535
11
0.0927661417322835
21
0.2939768897637795
0
LINE
8
BLACK
6
CONTINUOUS
10
0.0927661417322835
20
0.2939768897637795
11
0.0932070472440945
21
0.2950412992125984
0
LINE
8
BLACK
6
CONTINUOUS
10
0.0932070472440945
20
0.2950412992125984
11
0.0940216929133858
21
0.2958559448818898
0
LINE
8
BLACK
6
CONTINUOUS
10
0.0940216929133858
20
0.2958559448818898
11
0.0950861023622047
21
0.2962968503937008
0
LINE
8
BLACK
6
CONTINUOUS
10
0.0950861023622047
20
0.2962968503937008
11
0.0962382283464567
21
0.2962968503937008
0
LINE
8
BLACK
6
CONTINUOUS
10
0.0962382283464567
20
0.2962968503937008
11
0.0973026377952756
21
0.2958559448818898
0
LINE
8
BLACK
6
CONTINUOUS
10
0.1366727165354331
20
0.3258522047244095
11
0.1374873622047244
21
0.3250375590551181
0
LINE
8
BLACK
6
CONTINUOUS
10
0.1374873622047244
20
0.3250375590551181
11
0.1379282677165354
21
0.3239731496062992
0
LINE
8
BLACK
6
CONTINUOUS
10
0.1379282677165354
20
0.3239731496062992
11
0.137985
21
0.3233970866141732
0
LINE
8
BLACK
6
CONTINUOUS
10
0.137985
20
0.3233970866141732
11
0.137985
21
0.3196475590551181
0
LINE
8
BLACK
6
CONTINUOUS
10
0.137985
20
0.3196475590551181
11
0.1379562598425197
21
0.3193559842519685
0
LINE
8
BLACK
6
CONTINUOUS
10
0.1379562598425197
20
0.3193559842519685
11
0.137961811023622
21
0.3192782283464567
0
LINE
8
BLACK
6
CONTINUOUS
10
0.137961811023622
20
0.3192782283464567
11
0.1379385433070866
21
0.3191759842519685
0
LINE
8
BLACK
6
CONTINUOUS
10
0.1379385433070866
20
0.3191759842519685
11
0.1379282677165354
21
0.3190714960629921
0
LINE
8
BLACK
6
CONTINUOUS
10
0.1379282677165354
20
0.3190714960629921
11
0.1378983858267717
21
0.3189994488188976
0
LINE
8
BLACK
6
CONTINUOUS
10
0.1378983858267717
20
0.3189994488188976
11
0.1378334645669291
21
0.318713779527559
0
LINE
8
BLACK
6
CONTINUOUS
10
0.1378334645669291
20
0.318713779527559
11
0.1359587007874016
21
0.3130895275590551
0
LINE
8
BLACK
6
CONTINUOUS
10
0.1359587007874016
20
0.3130895275590551
11
0.1357227165354331
21
0.3125609448818897
0
LINE
8
BLACK
6
CONTINUOUS
10
0.1357227165354331
20
0.3125609448818897
11
0.1356532283464567
21
0.3124808661417323
0
LINE
8
BLACK
6
CONTINUOUS
10
0.1356532283464567
20
0.3124808661417323
11
0.1356126377952756
21
0.3123827952755905
0
LINE
8
BLACK
6
CONTINUOUS
10
0.1356126377952756
20
0.3123827952755905
11
0.1352453937007874
21
0.3119353543307087
0
LINE
8
BLACK
6
CONTINUOUS
10
0.1352453937007874
20
0.3119353543307087
11
0.1314958267716535
21
0.3081858267716535
0
LINE
8
BLACK
6
CONTINUOUS
10
0.1314958267716535
20
0.3081858267716535
11
0.1310483464566929
21
0.3078185826771653
0
LINE
8
BLACK
6
CONTINUOUS
10
0.1310483464566929
20
0.3078185826771653
11
0.1309502755905512
21
0.3077779921259842
0
LINE
8
BLACK
6
CONTINUOUS
10
0.1309502755905512
20
0.3077779921259842
11
0.1308701968503937
21
0.3077085039370079
0
LINE
8
BLACK
6
CONTINUOUS
10
0.1308701968503937
20
0.3077085039370079
11
0.1303416535433071
21
0.3074725196850394
0
LINE
8
BLACK
6
CONTINUOUS
10
0.1303416535433071
20
0.3074725196850394
11
0.1247173622047244
21
0.3055977559055118
0
LINE
8
BLACK
6
CONTINUOUS
10
0.1247173622047244
20
0.3055977559055118
11
0.1244317716535433
21
0.3055328346456693
0
LINE
8
BLACK
6
CONTINUOUS
10
0.1244317716535433
20
0.3055328346456693
11
0.1243596850393701
21
0.3055029527559055
0
LINE
8
BLACK
6
CONTINUOUS
10
0.1243596850393701
20
0.3055029527559055
11
0.124255157480315
21
0.3054926771653543
0
LINE
8
BLACK
6
CONTINUOUS
10
0.124255157480315
20
0.3054926771653543
11
0.1241529133858268
21
0.3054694094488189
0
LINE
8
BLACK
6
CONTINUOUS
10
0.1241529133858268
20
0.3054694094488189
11
0.124075157480315
21
0.3054749606299212
0
LINE
8
BLACK
6
CONTINUOUS
10
0.124075157480315
20
0.3054749606299212
11
0.1237836220472441
21
0.3054462204724409
0
LINE
8
BLACK
6
CONTINUOUS
10
0.1237836220472441
20
0.3054462204724409
11
0.0956621653543307
21
0.3054462204724409
0
LINE
8
BLACK
6
CONTINUOUS
10
0.0956621653543307
20
0.3054462204724409
11
0.0950861023622047
21
0.3055029527559055
0
LINE
8
BLACK
6
CONTINUOUS
10
0.0950861023622047
20
0.3055029527559055
11
0.0940216929133858
21
0.3059438582677165
0
LINE
8
BLACK
6
CONTINUOUS
10
0.0940216929133858
20
0.3059438582677165
11
0.0932070472440945
21
0.3067585039370079
0
LINE
8
BLACK
6
CONTINUOUS
10
0.0932070472440945
20
0.3067585039370079
11
0.0927661417322835
21
0.3078229133858268
0
LINE
8
BLACK
6
CONTINUOUS
10
0.0927661417322835
20
0.3078229133858268
11
0.0927661417322835
21
0.3089750393700788
0
LINE
8
BLACK
6
CONTINUOUS
10
0.0927661417322835
20
0.3089750393700788
11
0.0932070472440945
21
0.3100394488188976
0
LINE
8
BLACK
6
CONTINUOUS
10
0.0932070472440945
20
0.3100394488188976
11
0.0940216929133858
21
0.310854094488189
0
LINE
8
BLACK
6
CONTINUOUS
10
0.0940216929133858
20
0.310854094488189
11
0.0950861023622047
21
0.311295
0
LINE
8
BLACK
6
CONTINUOUS
10
0.0950861023622047
20
0.311295
11
0.0956621653543307
21
0.3113517322834646
0
LINE
8
BLACK
6
CONTINUOUS
10
0.0956621653543307
20
0.3113517322834646
11
0.1233044881889764
21
0.3113517322834646
0
LINE
8
BLACK
6
CONTINUOUS
10
0.1233044881889764
20
0.3113517322834646
11
0.127812874015748
21
0.3128545669291338
0
LINE
8
BLACK
6
CONTINUOUS
10
0.127812874015748
20
0.3128545669291338
11
0.1305766929133858
21
0.3156183464566929
0
LINE
8
BLACK
6
CONTINUOUS
10
0.1305766929133858
20
0.3156183464566929
11
0.1320794881889764
21
0.3201266929133858
0
LINE
8
BLACK
6
CONTINUOUS
10
0.1320794881889764
20
0.3201266929133858
11
0.1320794881889764
21
0.3233970866141732
0
LINE
8
BLACK
6
CONTINUOUS
10
0.1320794881889764
20
0.3233970866141732
11
0.1321362204724409
21
0.3239731496062992
0
LINE
8
BLACK
6
CONTINUOUS
10
0.1321362204724409
20
0.3239731496062992
11
0.132577125984252
21
0.3250375590551181
0
LINE
8
BLACK
6
CONTINUOUS
10
0.132577125984252
20
0.3250375590551181
11
0.1333917716535433
21
0.3258522047244095
0
LINE
8
BLACK
6
CONTINUOUS
10
0.1333917716535433
20
0.3258522047244095
11
0.1344561811023622
21
0.3262931102362205
0
LINE
8
BLACK
6
CONTINUOUS
10
0.1344561811023622
20
0.3262931102362205
11
0.1356083070866142
21
0.3262931102362205
0
LINE
8
BLACK
6
CONTINUOUS
10
0.1356083070866142
20
0.3262931102362205
11
0.1366727165354331
21
0.3258522047244095
0
LINE
8
BLACK
6
CONTINUOUS
10
0.1808714173228347
20
0.4594958267716535
11
0.1819367716535433
21
0.4584304724409449
0
LINE
8
BLACK
6
CONTINUOUS
10
0.1819367716535433
20
0.4584304724409449
11
0.1820866141732284
21
0.4576771653543307
0
LINE
8
BLACK
6
CONTINUOUS
10
0.1820866141732284
20
0.4576771653543307
11
0.1820866141732284
21
0.1328740157480315
0
LINE
8
BLACK
6
CONTINUOUS
10
0.1820866141732284
20
0.1328740157480315
11
0.1819367716535433
21
0.1321207086614173
0
LINE
8
BLACK
6
CONTINUOUS
10
0.1819367716535433
20
0.1321207086614173
11
0.1808714173228347
21
0.1310553543307087
0
LINE
8
BLACK
6
CONTINUOUS
10
0.1808714173228347
20
0.1310553543307087
11
0.1801181102362205
21
0.1309055118110236
0
LINE
8
BLACK
6
CONTINUOUS
10
0.1801181102362205
20
0.1309055118110236
11
0.0206692913385827
21
0.1309055118110236
0
LINE
8
BLACK
6
CONTINUOUS
10
0.0206692913385827
20
0.1309055118110236
11
0.0199159842519685
21
0.1310553543307087
0
LINE
8
BLACK
6
CONTINUOUS
10
0.0199159842519685
20
0.1310553543307087
11
0.0188506299212598
21
0.1321207086614173
0
LINE
8
BLACK
6
CONTINUOUS
10
0.0188506299212598
20
0.1321207086614173
11
0.0187007874015748
21
0.1328740157480315
0
LINE
8
BLACK
6
CONTINUOUS
10
0.0187007874015748
20
0.1328740157480315
11
0.0187007874015748
21
0.4576771653543307
0
LINE
8
BLACK
6
CONTINUOUS
10
0.0187007874015748
20
0.4576771653543307
11
0.0188506299212598
21
0.4584304724409449
0
LINE
8
BLACK
6
CONTINUOUS
10
0.0188506299212598
20
0.4584304724409449
11
0.0199159842519685
21
0.4594958267716535
0
LINE
8
BLACK
6
CONTINUOUS
10
0.0199159842519685
20
0.4594958267716535
11
0.0206692913385827
21
0.4596456692913386
0
LINE
8
BLACK
6
CONTINUOUS
10
0.0206692913385827
20
0.4596456692913386
11
0.1801181102362205
21
0.4596456692913386
0
LINE
8
BLACK
6
CONTINUOUS
10
0.1801181102362205
20
0.4596456692913386
11
0.1808714173228347
21
0.4594958267716535
0
LINE
8
BLACK
6
CONTINUOUS
10
0.0226377952755905
20
0.4557086614173228
11
0.0226377952755905
21
0.1348425196850394
0
LINE
8
BLACK
6
CONTINUOUS
10
0.0226377952755905
20
0.1348425196850394
11
0.1781496062992126
21
0.1348425196850394
0
LINE
8
BLACK
6
CONTINUOUS
10
0.1781496062992126
20
0.1348425196850394
11
0.1781496062992126
21
0.2007527165354331
0
LINE
8
BLACK
6
CONTINUOUS
10
0.1781496062992126
20
0.2007527165354331
11
0.1511427165354331
21
0.2198494094488189
0
LINE
8
BLACK
6
CONTINUOUS
10
0.1511427165354331
20
0.2198494094488189
11
0.1506141732283464
21
0.2204066929133858
0
LINE
8
BLACK
6
CONTINUOUS
10
0.1506141732283464
20
0.2204066929133858
11
0.1505564173228346
21
0.2207431102362205
0
LINE
8
BLACK
6
CONTINUOUS
10
0.1505564173228346
20
0.2207431102362205
11
0.1503594094488189
21
0.2210217716535433
0
LINE
8
BLACK
6
CONTINUOUS
10
0.1503594094488189
20
0.2210217716535433
11
0.1504340157480315
21
0.2214566929133858
0
LINE
8
BLACK
6
CONTINUOUS
10
0.1504340157480315
20
0.2214566929133858
11
0.1503594094488189
21
0.2218916141732283
0
LINE
8
BLACK
6
CONTINUOUS
10
0.1503594094488189
20
0.2218916141732283
11
0.1505564173228346
21
0.2221703149606299
0
LINE
8
BLACK
6
CONTINUOUS
10
0.1505564173228346
20
0.2221703149606299
11
0.1506141732283464
21
0.2225066929133858
0
LINE
8
BLACK
6
CONTINUOUS
10
0.1506141732283464
20
0.2225066929133858
11
0.1511427165354331
21
0.2230639763779527
0
LINE
8
BLACK
6
CONTINUOUS
10
0.1511427165354331
20
0.2230639763779527
11
0.1781496062992126
21
0.2421607086614173
0
LINE
8
BLACK
6
CONTINUOUS
10
0.1781496062992126
20
0.2421607086614173
11
0.1781496062992126
21
0.4557086614173228
0
LINE
8
BLACK
6
CONTINUOUS
10
0.1781496062992126
20
0.4557086614173228
11
0.0226377952755905
21
0.4557086614173228
0
LINE
8
BLACK
6
CONTINUOUS
10
0.1556888188976378
20
0.2214566929133858
11
0.1781496062992126
21
0.2055745669291339
0
LINE
8
BLACK
6
CONTINUOUS
10
0.1781496062992126
20
0.2055745669291339
11
0.1781496062992126
21
0.2373388582677165
0
LINE
8
BLACK
6
CONTINUOUS
10
0.1781496062992126
20
0.2373388582677165
11
0.1556888188976378
21
0.2214566929133858
0
LINE
8
BLACK
6
CONTINUOUS
10
0.3856884645669291
20
0.184701062992126
11
0.3865031496062992
21
0.1838864173228346
0
LINE
8
BLACK
6
CONTINUOUS
10
0.3865031496062992
20
0.1838864173228346
11
0.3867596062992126
21
0.1832672047244094
0
LINE
8
BLACK
6
CONTINUOUS
10
0.3867596062992126
20
0.1832672047244094
11
0.3869440157480315
21
0.1828220078740158
0
LINE
8
BLACK
6
CONTINUOUS
10
0.3869440157480315
20
0.1828220078740158
11
0.387000748031496
21
0.1822459448818897
0
LINE
8
BLACK
6
CONTINUOUS
10
0.387000748031496
20
0.1822459448818897
11
0.387000748031496
21
0.1578740157480315
0
LINE
8
BLACK
6
CONTINUOUS
10
0.387000748031496
20
0.1578740157480315
11
0.3869440157480315
21
0.1572979527559055
0
LINE
8
BLACK
6
CONTINUOUS
10
0.3869440157480315
20
0.1572979527559055
11
0.3865031102362205
21
0.1562335433070866
0
LINE
8
BLACK
6
CONTINUOUS
10
0.3865031102362205
20
0.1562335433070866
11
0.3856884645669291
21
0.1554188976377953
0
LINE
8
BLACK
6
CONTINUOUS
10
0.3856884645669291
20
0.1554188976377953
11
0.3846240551181102
21
0.1549779921259843
0
LINE
8
BLACK
6
CONTINUOUS
10
0.3846240551181102
20
0.1549779921259843
11
0.3834719291338582
21
0.1549779921259843
0
LINE
8
BLACK
6
CONTINUOUS
10
0.3834719291338582
20
0.1549779921259843
11
0.3824075196850394
21
0.1554188976377953
0
LINE
8
BLACK
6
CONTINUOUS
10
0.3824075196850394
20
0.1554188976377953
11
0.381592874015748
21
0.1562335433070866
0
LINE
8
BLACK
6
CONTINUOUS
10
0.381592874015748
20
0.1562335433070866
11
0.381151968503937
21
0.1572979527559055
0
LINE
8
BLACK
6
CONTINUOUS
10
0.381151968503937
20
0.1572979527559055
11
0.3810952362204724
21
0.1578740157480315
0
LINE
8
BLACK
6
CONTINUOUS
10
0.3810952362204724
20
0.1578740157480315
11
0.3810952362204724
21
0.1751174015748032
0
LINE
8
BLACK
6
CONTINUOUS
10
0.3810952362204724
20
0.1751174015748032
11
0.3636387007874016
21
0.1576608661417323
0
LINE
8
BLACK
6
CONTINUOUS
10
0.3636387007874016
20
0.1576608661417323
11
0.3631912598425197
21
0.1572936614173228
0
LINE
8
BLACK
6
CONTINUOUS
10
0.3631912598425197
20
0.1572936614173228
11
0.3630931889763779
21
0.1572530708661417
0
LINE
8
BLACK
6
CONTINUOUS
10
0.3630931889763779
20
0.1572530708661417
11
0.3630130708661417
21
0.1571835433070866
0
LINE
8
BLACK
6
CONTINUOUS
10
0.3630130708661417
20
0.1571835433070866
11
0.3624845275590551
21
0.1569475590551181
0
LINE
8
BLACK
6
CONTINUOUS
10
0.3624845275590551
20
0.1569475590551181
11
0.3568602362204724
21
0.1550727952755905
0
LINE
8
BLACK
6
CONTINUOUS
10
0.3568602362204724
20
0.1550727952755905
11
0.3565746456692913
21
0.155007874015748
0
LINE
8
BLACK
6
CONTINUOUS
10
0.3565746456692913
20
0.155007874015748
11
0.3565025590551181
21
0.1549779921259843
0
LINE
8
BLACK
6
CONTINUOUS
10
0.3565025590551181
20
0.1549779921259843
11
0.356398031496063
21
0.1549677165354331
0
LINE
8
BLACK
6
CONTINUOUS
10
0.356398031496063
20
0.1549677165354331
11
0.3562957874015748
21
0.1549444488188976
0
LINE
8
BLACK
6
CONTINUOUS
10
0.3562957874015748
20
0.1549444488188976
11
0.356218031496063
21
0.15495
0
LINE
8
BLACK
6
CONTINUOUS
10
0.356218031496063
20
0.15495
11
0.3559264960629921
21
0.1549212598425197
0
LINE
8
BLACK
6
CONTINUOUS
10
0.3559264960629921
20
0.1549212598425197
11
0.352176968503937
21
0.1549212598425197
0
LINE
8
BLACK
6
CONTINUOUS
10
0.352176968503937
20
0.1549212598425197
11
0.351600905511811
21
0.1549779921259843
0
LINE
8
BLACK
6
CONTINUOUS
10
0.351600905511811
20
0.1549779921259843
11
0.3515029133858268
21
0.1550185826771653
0
LINE
8
BLACK
6
CONTINUOUS
10
0.3515029133858268
20
0.1550185826771653
11
0.3513970472440945
21
0.1550261023622047
0
LINE
8
BLACK
6
CONTINUOUS
10
0.3513970472440945
20
0.1550261023622047
11
0.3508564566929134
21
0.1552329921259842
0
LINE
8
BLACK
6
CONTINUOUS
10
0.3508564566929134
20
0.1552329921259842
11
0.3471069291338583
21
0.1571077559055118
0
LINE
8
BLACK
6
CONTINUOUS
10
0.3471069291338583
20
0.1571077559055118
11
0.3468588976377953
21
0.1572638582677165
0
LINE
8
BLACK
6
CONTINUOUS
10
0.3468588976377953
20
0.1572638582677165
11
0.346786968503937
21
0.1572936614173228
0
LINE
8
BLACK
6
CONTINUOUS
10
0.346786968503937
20
0.1572936614173228
11
0.3467059842519685
21
0.157360157480315
0
LINE
8
BLACK
6
CONTINUOUS
10
0.3467059842519685
20
0.157360157480315
11
0.3466170472440945
21
0.1574161023622047
0
LINE
8
BLACK
6
CONTINUOUS
10
0.3466170472440945
20
0.1574161023622047
11
0.3465658661417323
21
0.1574751181102362
0
LINE
8
BLACK
6
CONTINUOUS
10
0.3465658661417323
20
0.1574751181102362
11
0.3463395275590551
21
0.1576608661417323
0
LINE
8
BLACK
6
CONTINUOUS
10
0.3463395275590551
20
0.1576608661417323
11
0.3444647637795276
21
0.1595356299212598
0
LINE
8
BLACK
6
CONTINUOUS
10
0.3444647637795276
20
0.1595356299212598
11
0.3442789763779527
21
0.1597620078740157
0
LINE
8
BLACK
6
CONTINUOUS
10
0.3442789763779527
20
0.1597620078740157
11
0.34422
21
0.1598131496062992
0
LINE
8
BLACK
6
CONTINUOUS
10
0.34422
20
0.1598131496062992
11
0.3441640157480315
21
0.159902125984252
0
LINE
8
BLACK
6
CONTINUOUS
10
0.3441640157480315
20
0.159902125984252
11
0.3440975590551181
21
0.1599830708661417
0
LINE
8
BLACK
6
CONTINUOUS
10
0.3440975590551181
20
0.1599830708661417
11
0.3440677165354331
21
0.1600550393700787
0
LINE
8
BLACK
6
CONTINUOUS
10
0.3440677165354331
20
0.1600550393700787
11
0.3439116535433071
21
0.160303031496063
0
LINE
8
BLACK
6
CONTINUOUS
10
0.3439116535433071
20
0.160303031496063
11
0.3420368897637795
21
0.1640525590551181
0
LINE
8
BLACK
6
CONTINUOUS
10
0.3420368897637795
20
0.1640525590551181
11
0.34183
21
0.164593188976378
0
LINE
8
BLACK
6
CONTINUOUS
10
0.34183
20
0.164593188976378
11
0.3418224803149606
21
0.1646990157480315
0
LINE
8
BLACK
6
CONTINUOUS
10
0.3418224803149606
20
0.1646990157480315
11
0.3417818897637795
21
0.1647970078740157
0
LINE
8
BLACK
6
CONTINUOUS
10
0.3417818897637795
20
0.1647970078740157
11
0.341725157480315
21
0.1653730708661417
0
LINE
8
BLACK
6
CONTINUOUS
10
0.341725157480315
20
0.1653730708661417
11
0.341725157480315
21
0.1747468897637795
0
LINE
8
BLACK
6
CONTINUOUS
10
0.341725157480315
20
0.1747468897637795
11
0.3417818897637795
21
0.1753229527559055
0
LINE
8
BLACK
6
CONTINUOUS
10
0.3417818897637795
20
0.1753229527559055
11
0.3418224803149606
21
0.1754209842519685
0
LINE
8
BLACK
6
CONTINUOUS
10
0.3418224803149606
20
0.1754209842519685
11
0.34183
21
0.1755267716535433
0
LINE
8
BLACK
6
CONTINUOUS
10
0.34183
20
0.1755267716535433
11
0.3420368897637795
21
0.1760674015748031
0
LINE
8
BLACK
6
CONTINUOUS
10
0.3420368897637795
20
0.1760674015748031
11
0.3439116535433071
21
0.1798169291338583
0
LINE
8
BLACK
6
CONTINUOUS
10
0.3439116535433071
20
0.1798169291338583
11
0.3440677165354331
21
0.1800649606299213
0
LINE
8
BLACK
6
CONTINUOUS
10
0.3440677165354331
20
0.1800649606299213
11
0.3440975590551181
21
0.1801368897637795
0
LINE
8
BLACK
6
CONTINUOUS
10
0.3440975590551181
20
0.1801368897637795
11
0.3441640157480315
21
0.180217874015748
0
LINE
8
BLACK
6
CONTINUOUS
10
0.3441640157480315
20
0.180217874015748
11
0.34422
21
0.180306811023622
0
LINE
8
BLACK
6
CONTINUOUS
10
0.34422
20
0.180306811023622
11
0.3442789763779527
21
0.1803579921259842
0
LINE
8
BLACK
6
CONTINUOUS
10
0.3442789763779527
20
0.1803579921259842
11
0.3444647637795276
21
0.1805843307086614
0
LINE
8
BLACK
6
CONTINUOUS
10
0.3444647637795276
20
0.1805843307086614
11
0.3463395275590551
21
0.182459094488189
0
LINE
8
BLACK
6
CONTINUOUS
10
0.3463395275590551
20
0.182459094488189
11
0.346786968503937
21
0.1828262992125984
0
LINE
8
BLACK
6
CONTINUOUS
10
0.346786968503937
20
0.1828262992125984
11
0.3478513779527559
21
0.1832672047244094
0
LINE
8
BLACK
6
CONTINUOUS
10
0.3478513779527559
20
0.1832672047244094
11
0.3490034645669291
21
0.1832672047244094
0
LINE
8
BLACK
6
CONTINUOUS
10
0.3490034645669291
20
0.1832672047244094
11
0.350067874015748
21
0.1828262992125984
0
LINE
8
BLACK
6
CONTINUOUS
10
0.350067874015748
20
0.1828262992125984
11
0.3508825590551181
21
0.1820116141732283
0
LINE
8
BLACK
6
CONTINUOUS
10
0.3508825590551181
20
0.1820116141732283
11
0.3513234645669291
21
0.1809472047244094
0
LINE
8
BLACK
6
CONTINUOUS
10
0.3513234645669291
20
0.1809472047244094
11
0.3513234645669291
21
0.1797951181102362
0
LINE
8
BLACK
6
CONTINUOUS
10
0.3513234645669291
20
0.1797951181102362
11
0.3508825590551181
21
0.1787307086614173
0
LINE
8
BLACK
6
CONTINUOUS
10
0.3508825590551181
20
0.1787307086614173
11
0.3505153543307086
21
0.1782832677165354
0
LINE
8
BLACK
6
CONTINUOUS
10
0.3505153543307086
20
0.1782832677165354
11
0.3489794094488189
21
0.1767473228346457
0
LINE
8
BLACK
6
CONTINUOUS
10
0.3489794094488189
20
0.1767473228346457
11
0.3476306692913386
21
0.174049842519685
0
LINE
8
BLACK
6
CONTINUOUS
10
0.3476306692913386
20
0.174049842519685
11
0.3476306692913386
21
0.1660701181102362
0
LINE
8
BLACK
6
CONTINUOUS
10
0.3476306692913386
20
0.1660701181102362
11
0.3489794094488189
21
0.1633726377952756
0
LINE
8
BLACK
6
CONTINUOUS
10
0.3489794094488189
20
0.1633726377952756
11
0.3501765354330709
21
0.1621755118110236
0
LINE
8
BLACK
6
CONTINUOUS
10
0.3501765354330709
20
0.1621755118110236
11
0.3528740157480315
21
0.1608267716535433
0
LINE
8
BLACK
6
CONTINUOUS
10
0.3528740157480315
20
0.1608267716535433
11
0.3554473622047244
21
0.1608267716535433
0
LINE
8
BLACK
6
CONTINUOUS
10
0.3554473622047244
20
0.1608267716535433
11
0.359955748031496
21
0.1623296062992126
0
LINE
8
BLACK
6
CONTINUOUS
10
0.359955748031496
20
0.1623296062992126
11
0.3819600787401575
21
0.1843338582677165
0
LINE
8
BLACK
6
CONTINUOUS
10
0.3819600787401575
20
0.1843338582677165
11
0.3824075196850394
21
0.1847011023622047
0
LINE
8
BLACK
6
CONTINUOUS
10
0.3824075196850394
20
0.1847011023622047
11
0.383160157480315
21
0.185012874015748
0
LINE
8
BLACK
6
CONTINUOUS
10
0.383160157480315
20
0.185012874015748
11
0.3834719291338582
21
0.185141968503937
0
LINE
8
BLACK
6
CONTINUOUS
10
0.3834719291338582
20
0.185141968503937
11
0.3846240551181102
21
0.185141968503937
0
LINE
8
BLACK
6
CONTINUOUS
10
0.3846240551181102
20
0.185141968503937
11
0.3856884645669291
21
0.184701062992126
0
LINE
8
BLACK
6
CONTINUOUS
10
-0.0460564960629921
20
0.2053707086614173
11
-0.0459585039370079
21
0.2053301181102362
0
LINE
8
BLACK
6
CONTINUOUS
10
-0.0459585039370079
20
0.2053301181102362
11
-0.0458526771653543
21
0.2053225984251968
0
LINE
8
BLACK
6
CONTINUOUS
10
-0.0458526771653543
20
0.2053225984251968
11
-0.0453120472440945
21
0.2051157086614173
0
LINE
8
BLACK
6
CONTINUOUS
10
-0.0453120472440945
20
0.2051157086614173
11
-0.0415625196850394
21
0.2032409448818898
0
LINE
8
BLACK
6
CONTINUOUS
10
-0.0415625196850394
20
0.2032409448818898
11
-0.0413145275590551
21
0.2030848818897638
0
LINE
8
BLACK
6
CONTINUOUS
10
-0.0413145275590551
20
0.2030848818897638
11
-0.0412425590551181
21
0.2030550393700787
0
LINE
8
BLACK
6
CONTINUOUS
10
-0.0412425590551181
20
0.2030550393700787
11
-0.0411616141732283
21
0.2029885826771654
0
LINE
8
BLACK
6
CONTINUOUS
10
-0.0411616141732283
20
0.2029885826771654
11
-0.0410726377952756
21
0.2029325984251968
0
LINE
8
BLACK
6
CONTINUOUS
10
-0.0410726377952756
20
0.2029325984251968
11
-0.0410214960629921
21
0.2028736220472441
0
LINE
8
BLACK
6
CONTINUOUS
10
-0.0410214960629921
20
0.2028736220472441
11
-0.0407951181102362
21
0.2026878346456693
0
LINE
8
BLACK
6
CONTINUOUS
10
-0.0407951181102362
20
0.2026878346456693
11
-0.0389203543307087
21
0.2008130708661417
0
LINE
8
BLACK
6
CONTINUOUS
10
-0.0389203543307087
20
0.2008130708661417
11
-0.0387346062992126
21
0.2005867322834646
0
LINE
8
BLACK
6
CONTINUOUS
10
-0.0387346062992126
20
0.2005867322834646
11
-0.0386755905511811
21
0.2005355511811024
0
LINE
8
BLACK
6
CONTINUOUS
10
-0.0386755905511811
20
0.2005355511811024
11
-0.0386196456692913
21
0.2004466141732283
0
LINE
8
BLACK
6
CONTINUOUS
10
-0.0386196456692913
20
0.2004466141732283
11
-0.0385531496062992
21
0.2003656299212598
0
LINE
8
BLACK
6
CONTINUOUS
10
-0.0385531496062992
20
0.2003656299212598
11
-0.0385233464566929
21
0.2002937007874016
0
LINE
8
BLACK
6
CONTINUOUS
10
-0.0385233464566929
20
0.2002937007874016
11
-0.0383672440944882
21
0.2000456692913386
0
LINE
8
BLACK
6
CONTINUOUS
10
-0.0383672440944882
20
0.2000456692913386
11
-0.0364924803149606
21
0.1962961417322835
0
LINE
8
BLACK
6
CONTINUOUS
10
-0.0364924803149606
20
0.1962961417322835
11
-0.0364763779527559
21
0.1962540551181102
0
LINE
8
BLACK
6
CONTINUOUS
10
-0.0364763779527559
20
0.1962540551181102
11
-0.0364636614173228
21
0.1962368897637795
0
LINE
8
BLACK
6
CONTINUOUS
10
-0.0364636614173228
20
0.1962368897637795
11
-0.0363773622047244
21
0.1959953149606299
0
LINE
8
BLACK
6
CONTINUOUS
10
-0.0363773622047244
20
0.1959953149606299
11
-0.0362855905511811
21
0.1957555511811024
0
LINE
8
BLACK
6
CONTINUOUS
10
-0.0362855905511811
20
0.1957555511811024
11
-0.036284094488189
21
0.1957342913385827
0
LINE
8
BLACK
6
CONTINUOUS
10
-0.036284094488189
20
0.1957342913385827
11
-0.0362688976377953
21
0.1956917716535433
0
LINE
8
BLACK
6
CONTINUOUS
10
-0.0362688976377953
20
0.1956917716535433
11
-0.0344727559055118
21
0.188507125984252
0
LINE
8
BLACK
6
CONTINUOUS
10
-0.0344727559055118
20
0.188507125984252
11
-0.0329572440944882
21
0.1854761417322835
0
LINE
8
BLACK
6
CONTINUOUS
10
-0.0329572440944882
20
0.1854761417322835
11
-0.0317601181102362
21
0.1842790157480315
0
LINE
8
BLACK
6
CONTINUOUS
10
-0.0317601181102362
20
0.1842790157480315
11
-0.0290626377952756
21
0.1829302755905512
0
LINE
8
BLACK
6
CONTINUOUS
10
-0.0290626377952756
20
0.1829302755905512
11
-0.0267072047244094
21
0.1829302755905512
0
LINE
8
BLACK
6
CONTINUOUS
10
-0.0267072047244094
20
0.1829302755905512
11
-0.0240097244094488
21
0.1842790551181102
0
LINE
8
BLACK
6
CONTINUOUS
10
-0.0240097244094488
20
0.1842790551181102
11
-0.0228125590551181
21
0.1854761811023622
0
LINE
8
BLACK
6
CONTINUOUS
10
-0.0228125590551181
20
0.1854761811023622
11
-0.0214638188976378
21
0.1881736220472441
0
LINE
8
BLACK
6
CONTINUOUS
10
-0.0214638188976378
20
0.1881736220472441
11
-0.0214638188976378
21
0.1963712598425197
0
LINE
8
BLACK
6
CONTINUOUS
10
-0.0214638188976378
20
0.1963712598425197
11
-0.0231870472440945
21
0.2015409448818898
0
LINE
8
BLACK
6
CONTINUOUS
10
-0.0231870472440945
20
0.2015409448818898
11
-0.0233153937007874
21
0.2021053937007874
0
LINE
8
BLACK
6
CONTINUOUS
10
-0.0233153937007874
20
0.2021053937007874
11
-0.0232337007874016
21
0.2032546062992126
0
LINE
8
BLACK
6
CONTINUOUS
10
-0.0232337007874016
20
0.2032546062992126
11
-0.0227185039370079
21
0.2042850393700787
0
LINE
8
BLACK
6
CONTINUOUS
10
-0.0227185039370079
20
0.2042850393700787
11
-0.0218481496062992
21
0.2050399212598425
0
LINE
8
BLACK
6
CONTINUOUS
10
-0.0218481496062992
20
0.2050399212598425
11
-0.0207551181102362
21
0.2054042519685039
0
LINE
8
BLACK
6
CONTINUOUS
10
-0.0207551181102362
20
0.2054042519685039
11
-0.019605905511811
21
0.2053225590551181
0
LINE
8
BLACK
6
CONTINUOUS
10
-0.019605905511811
20
0.2053225590551181
11
-0.0185754724409449
21
0.2048073622047244
0
LINE
8
BLACK
6
CONTINUOUS
10
-0.0185754724409449
20
0.2048073622047244
11
-0.0178205905511811
21
0.2039370078740158
0
LINE
8
BLACK
6
CONTINUOUS
10
-0.0178205905511811
20
0.2039370078740158
11
-0.0175846062992126
21
0.2034084251968504
0
LINE
8
BLACK
6
CONTINUOUS
10
-0.0175846062992126
20
0.2034084251968504
11
-0.015709842519685
21
0.1977841732283465
0
LINE
8
BLACK
6
CONTINUOUS
10
-0.015709842519685
20
0.1977841732283465
11
-0.0156449212598425
21
0.1974985433070866
0
LINE
8
BLACK
6
CONTINUOUS
10
-0.0156449212598425
20
0.1974985433070866
11
-0.0156150393700787
21
0.1974264566929134
0
LINE
8
BLACK
6
CONTINUOUS
10
-0.0156150393700787
20
0.1974264566929134
11
-0.0156047637795276
21
0.1973220078740157
0
LINE
8
BLACK
6
CONTINUOUS
10
-0.0156047637795276
20
0.1973220078740157
11
-0.0155814960629921
21
0.1972197244094488
0
LINE
8
BLACK
6
CONTINUOUS
10
-0.0155814960629921
20
0.1972197244094488
11
-0.0155870472440945
21
0.1971420078740158
0
LINE
8
BLACK
6
CONTINUOUS
10
-0.0155870472440945
20
0.1971420078740158
11
-0.0155583070866142
21
0.1968503937007874
0
LINE
8
BLACK
6
CONTINUOUS
10
-0.0155583070866142
20
0.1968503937007874
11
-0.0155583070866142
21
0.1874765748031496
0
LINE
8
BLACK
6
CONTINUOUS
10
-0.0155583070866142
20
0.1874765748031496
11
-0.0156150393700787
21
0.1869005118110236
0
LINE
8
BLACK
6
CONTINUOUS
10
-0.0156150393700787
20
0.1869005118110236
11
-0.0156556299212598
21
0.1868025590551181
0
LINE
8
BLACK
6
CONTINUOUS
10
-0.0156556299212598
20
0.1868025590551181
11
-0.0156631496062992
21
0.1866966535433071
0
LINE
8
BLACK
6
CONTINUOUS
10
-0.0156631496062992
20
0.1866966535433071
11
-0.0158700393700787
21
0.186156062992126
0
LINE
8
BLACK
6
CONTINUOUS
10
-0.0158700393700787
20
0.186156062992126
11
-0.0177448031496063
21
0.1824065354330709
0
LINE
8
BLACK
6
CONTINUOUS
10
-0.0177448031496063
20
0.1824065354330709
11
-0.017900905511811
21
0.1821585433070866
0
LINE
8
BLACK
6
CONTINUOUS
10
-0.017900905511811
20
0.1821585433070866
11
-0.0179307086614173
21
0.1820865748031496
0
LINE
8
BLACK
6
CONTINUOUS
10
-0.0179307086614173
20
0.1820865748031496
11
-0.0179971653543307
21
0.1820056299212598
0
LINE
8
BLACK
6
CONTINUOUS
10
-0.0179971653543307
20
0.1820056299212598
11
-0.0180531496062992
21
0.1819166535433071
0
LINE
8
BLACK
6
CONTINUOUS
10
-0.0180531496062992
20
0.1819166535433071
11
-0.0181122047244094
21
0.1818654724409449
0
LINE
8
BLACK
6
CONTINUOUS
10
-0.0181122047244094
20
0.1818654724409449
11
-0.0182979527559055
21
0.181639094488189
0
LINE
8
BLACK
6
CONTINUOUS
10
-0.0182979527559055
20
0.181639094488189
11
-0.0201727559055118
21
0.1797643307086614
0
LINE
8
BLACK
6
CONTINUOUS
10
-0.0201727559055118
20
0.1797643307086614
11
-0.020399094488189
21
0.1795786220472441
0
LINE
8
BLACK
6
CONTINUOUS
10
-0.020399094488189
20
0.1795786220472441
11
-0.0204502362204724
21
0.1795196062992126
0
LINE
8
BLACK
6
CONTINUOUS
10
-0.0204502362204724
20
0.1795196062992126
11
-0.0205391732283465
21
0.1794636614173228
0
LINE
8
BLACK
6
CONTINUOUS
10
-0.0205391732283465
20
0.1794636614173228
11
-0.0206201968503937
21
0.179397125984252
0
LINE
8
BLACK
6
CONTINUOUS
10
-0.0206201968503937
20
0.179397125984252
11
-0.0206922440944882
21
0.1793673228346457
0
LINE
8
BLACK
6
CONTINUOUS
10
-0.0206922440944882
20
0.1793673228346457
11
-0.0209401181102362
21
0.1792112598425197
0
LINE
8
BLACK
6
CONTINUOUS
10
-0.0209401181102362
20
0.1792112598425197
11
-0.0246896456692913
21
0.1773364960629921
0
LINE
8
BLACK
6
CONTINUOUS
10
-0.0246896456692913
20
0.1773364960629921
11
-0.0252302755905512
21
0.1771296062992126
0
LINE
8
BLACK
6
CONTINUOUS
10
-0.0252302755905512
20
0.1771296062992126
11
-0.0253361023622047
21
0.177122125984252
0
LINE
8
BLACK
6
CONTINUOUS
10
-0.0253361023622047
20
0.177122125984252
11
-0.025434094488189
21
0.1770814960629921
0
LINE
8
BLACK
6
CONTINUOUS
10
-0.025434094488189
20
0.1770814960629921
11
-0.026010157480315
21
0.1770247637795276
0
LINE
8
BLACK
6
CONTINUOUS
10
-0.026010157480315
20
0.1770247637795276
11
-0.0297596850393701
21
0.1770247637795276
0
LINE
8
BLACK
6
CONTINUOUS
10
-0.0297596850393701
20
0.1770247637795276
11
-0.0303357480314961
21
0.1770814960629921
0
LINE
8
BLACK
6
CONTINUOUS
10
-0.0303357480314961
20
0.1770814960629921
11
-0.0304337401574803
21
0.1771220866141732
0
LINE
8
BLACK
6
CONTINUOUS
10
-0.0304337401574803
20
0.1771220866141732
11
-0.0305396062992126
21
0.1771296062992126
0
LINE
8
BLACK
6
CONTINUOUS
10
-0.0305396062992126
20
0.1771296062992126
11
-0.0310801968503937
21
0.1773364960629921
0
LINE
8
BLACK
6
CONTINUOUS
10
-0.0310801968503937
20
0.1773364960629921
11
-0.0348297244094488
21
0.1792112598425197
0
LINE
8
BLACK
6
CONTINUOUS
10
-0.0348297244094488
20
0.1792112598425197
11
-0.0350777559055118
21
0.1793673622047244
0
LINE
8
BLACK
6
CONTINUOUS
10
-0.0350777559055118
20
0.1793673622047244
11
-0.0351496850393701
21
0.1793971653543307
0
LINE
8
BLACK
6
CONTINUOUS
10
-0.0351496850393701
20
0.1793971653543307
11
-0.0352306692913386
21
0.1794636614173228
0
LINE
8
BLACK
6
CONTINUOUS
10
-0.0352306692913386
20
0.1794636614173228
11
-0.0353196062992126
21
0.1795196062992126
0
LINE
8
BLACK
6
CONTINUOUS
10
-0.0353196062992126
20
0.1795196062992126
11
-0.0353707874015748
21
0.1795786220472441
0
LINE
8
BLACK
6
CONTINUOUS
10
-0.0353707874015748
20
0.1795786220472441
11
-0.035597125984252
21
0.1797643700787402
0
LINE
8
BLACK
6
CONTINUOUS
10
-0.035597125984252
20
0.1797643700787402
11
-0.0374718897637795
21
0.1816391338582677
0
LINE
8
BLACK
6
CONTINUOUS
10
-0.0374718897637795
20
0.1816391338582677
11
-0.0376576771653543
21
0.1818655118110236
0
LINE
8
BLACK
6
CONTINUOUS
10
-0.0376576771653543
20
0.1818655118110236
11
-0.0377166535433071
21
0.1819166535433071
0
LINE
8
BLACK
6
CONTINUOUS
10
-0.0377166535433071
20
0.1819166535433071
11
-0.0377726377952756
21
0.1820056299212598
0
LINE
8
BLACK
6
CONTINUOUS
10
-0.0377726377952756
20
0.1820056299212598
11
-0.037839094488189
21
0.1820865748031496
0
LINE
8
BLACK
6
CONTINUOUS
10
-0.037839094488189
20
0.1820865748031496
11
-0.037868937007874
21
0.1821585433070866
0
LINE
8
BLACK
6
CONTINUOUS
10
-0.037868937007874
20
0.1821585433070866
11
-0.038025
21
0.1824065354330709
0
LINE
8
BLACK
6
CONTINUOUS
10
-0.038025
20
0.1824065354330709
11
-0.0398997637795276
21
0.186156062992126
0
LINE
8
BLACK
6
CONTINUOUS
10
-0.0398997637795276
20
0.186156062992126
11
-0.039915905511811
21
0.1861981889763779
0
LINE
8
BLACK
6
CONTINUOUS
10
-0.039915905511811
20
0.1861981889763779
11
-0.0399285826771654
21
0.1862153149606299
0
LINE
8
BLACK
6
CONTINUOUS
10
-0.0399285826771654
20
0.1862153149606299
11
-0.0400150393700787
21
0.1864572834645669
0
LINE
8
BLACK
6
CONTINUOUS
10
-0.0400150393700787
20
0.1864572834645669
11
-0.0401066535433071
21
0.1866966929133858
0
LINE
8
BLACK
6
CONTINUOUS
10
-0.0401066535433071
20
0.1866966929133858
11
-0.040108188976378
21
0.1867179527559055
0
LINE
8
BLACK
6
CONTINUOUS
10
-0.040108188976378
20
0.1867179527559055
11
-0.0401233464566929
21
0.1867604330708661
0
LINE
8
BLACK
6
CONTINUOUS
10
-0.0401233464566929
20
0.1867604330708661
11
-0.0419195275590551
21
0.1939450787401575
0
LINE
8
BLACK
6
CONTINUOUS
10
-0.0419195275590551
20
0.1939450787401575
11
-0.043435
21
0.196976062992126
0
LINE
8
BLACK
6
CONTINUOUS
10
-0.043435
20
0.196976062992126
11
-0.044632125984252
21
0.198173188976378
0
LINE
8
BLACK
6
CONTINUOUS
10
-0.044632125984252
20
0.198173188976378
11
-0.0473296062992126
21
0.1995219291338583
0
LINE
8
BLACK
6
CONTINUOUS
10
-0.0473296062992126
20
0.1995219291338583
11
-0.0496850393700787
21
0.1995219291338583
0
LINE
8
BLACK
6
CONTINUOUS
10
-0.0496850393700787
20
0.1995219291338583
11
-0.0523825196850394
21
0.198173188976378
0
LINE
8
BLACK
6
CONTINUOUS
10
-0.0523825196850394
20
0.198173188976378
11
-0.0535796456692913
21
0.196976062992126
0
LINE
8
BLACK
6
CONTINUOUS
10
-0.0535796456692913
20
0.196976062992126
11
-0.0549283858267717
21
0.1942785826771654
0
LINE
8
BLACK
6
CONTINUOUS
10
-0.0549283858267717
20
0.1942785826771654
11
-0.0549283858267717
21
0.1860809842519685
0
LINE
8
BLACK
6
CONTINUOUS
10
-0.0549283858267717
20
0.1860809842519685
11
-0.053205157480315
21
0.1809112992125984
0
LINE
8
BLACK
6
CONTINUOUS
10
-0.053205157480315
20
0.1809112992125984
11
-0.053076811023622
21
0.1803468503937008
0
LINE
8
BLACK
6
CONTINUOUS
10
-0.053076811023622
20
0.1803468503937008
11
-0.0531585039370079
21
0.1791976377952756
0
LINE
8
BLACK
6
CONTINUOUS
10
-0.0531585039370079
20
0.1791976377952756
11
-0.0536737007874016
21
0.1781671653543307
0
LINE
8
BLACK
6
CONTINUOUS
10
-0.0536737007874016
20
0.1781671653543307
11
-0.054544094488189
21
0.1774122834645669
0
LINE
8
BLACK
6
CONTINUOUS
10
-0.054544094488189
20
0.1774122834645669
11
-0.0556370866141732
21
0.1770479527559055
0
LINE
8
BLACK
6
CONTINUOUS
10
-0.0556370866141732
20
0.1770479527559055
11
-0.0567862992125984
21
0.1771296456692913
0
LINE
8
BLACK
6
CONTINUOUS
10
-0.0567862992125984
20
0.1771296456692913
11
-0.0578167322834646
21
0.1776448818897638
0
LINE
8
BLACK
6
CONTINUOUS
10
-0.0578167322834646
20
0.1776448818897638
11
-0.0585716141732283
21
0.1785152362204724
0
LINE
8
BLACK
6
CONTINUOUS
10
-0.0585716141732283
20
0.1785152362204724
11
-0.0588075984251968
21
0.179043779527559
0
LINE
8
BLACK
6
CONTINUOUS
10
-0.0588075984251968
20
0.179043779527559
11
-0.0606823622047244
21
0.1846680708661417
0
LINE
8
BLACK
6
CONTINUOUS
10
-0.0606823622047244
20
0.1846680708661417
11
-0.0607473228346457
21
0.1849536614173228
0
LINE
8
BLACK
6
CONTINUOUS
10
-0.0607473228346457
20
0.1849536614173228
11
-0.0607771653543307
21
0.185025748031496
0
LINE
8
BLACK
6
CONTINUOUS
10
-0.0607771653543307
20
0.185025748031496
11
-0.0607874803149606
21
0.1851302755905512
0
LINE
8
BLACK
6
CONTINUOUS
10
-0.0607874803149606
20
0.1851302755905512
11
-0.0608107086614173
21
0.1852325196850394
0
LINE
8
BLACK
6
CONTINUOUS
10
-0.0608107086614173
20
0.1852325196850394
11
-0.0608051968503937
21
0.1853102755905512
0
LINE
8
BLACK
6
CONTINUOUS
10
-0.0608051968503937
20
0.1853102755905512
11
-0.0608338976377953
21
0.1856018110236221
0
LINE
8
BLACK
6
CONTINUOUS
10
-0.0608338976377953
20
0.1856018110236221
11
-0.0608338976377953
21
0.1949756299212598
0
LINE
8
BLACK
6
CONTINUOUS
10
-0.0608338976377953
20
0.1949756299212598
11
-0.0607771653543307
21
0.1955516929133858
0
LINE
8
BLACK
6
CONTINUOUS
10
-0.0607771653543307
20
0.1955516929133858
11
-0.0607365748031496
21
0.1956497244094488
0
LINE
8
BLACK
6
CONTINUOUS
10
-0.0607365748031496
20
0.1956497244094488
11
-0.0607290551181102
21
0.1957555118110236
0
LINE
8
BLACK
6
CONTINUOUS
10
-0.0607290551181102
20
0.1957555118110236
11
-0.0605221653543307
21
0.1962961417322835
0
LINE
8
BLACK
6
CONTINUOUS
10
-0.0605221653543307
20
0.1962961417322835
11
-0.0586474015748032
21
0.2000456692913386
0
LINE
8
BLACK
6
CONTINUOUS
10
-0.0586474015748032
20
0.2000456692913386
11
-0.0584913385826772
21
0.2002937007874016
0
LINE
8
BLACK
6
CONTINUOUS
10
-0.0584913385826772
20
0.2002937007874016
11
-0.0584614960629921
21
0.2003656299212598
0
LINE
8
BLACK
6
CONTINUOUS
10
-0.0584614960629921
20
0.2003656299212598
11
-0.0583950393700787
21
0.2004466141732283
0
LINE
8
BLACK
6
CONTINUOUS
10
-0.0583950393700787
20
0.2004466141732283
11
-0.0583390551181102
21
0.2005355511811024
0
LINE
8
BLACK
6
CONTINUOUS
10
-0.0583390551181102
20
0.2005355511811024
11
-0.0582800787401575
21
0.2005867322834646
0
LINE
8
BLACK
6
CONTINUOUS
10
-0.0582800787401575
20
0.2005867322834646
11
-0.0580942913385827
21
0.2008130708661417
0
LINE
8
BLACK
6
CONTINUOUS
10
-0.0580942913385827
20
0.2008130708661417
11
-0.0562195275590551
21
0.2026878346456693
0
LINE
8
BLACK
6
CONTINUOUS
10
-0.0562195275590551
20
0.2026878346456693
11
-0.055993188976378
21
0.2028736220472441
0
LINE
8
BLACK
6
CONTINUOUS
10
-0.055993188976378
20
0.2028736220472441
11
-0.0559420078740157
21
0.2029325984251968
0
LINE
8
BLACK
6
CONTINUOUS
10
-0.0559420078740157
20
0.2029325984251968
11
-0.0558530708661417
21
0.2029885826771654
0
LINE
8
BLACK
6
CONTINUOUS
10
-0.0558530708661417
20
0.2029885826771654
11
-0.0557720866141732
21
0.2030550393700787
0
LINE
8
BLACK
6
CONTINUOUS
10
-0.0557720866141732
20
0.2030550393700787
11
-0.055700157480315
21
0.2030848818897638
0
LINE
8
BLACK
6
CONTINUOUS
10
-0.055700157480315
20
0.2030848818897638
11
-0.055452125984252
21
0.2032409448818898
0
LINE
8
BLACK
6
CONTINUOUS
10
-0.055452125984252
20
0.2032409448818898
11
-0.0517025984251969
21
0.2051157086614173
0
LINE
8
BLACK
6
CONTINUOUS
10
-0.0517025984251969
20
0.2051157086614173
11
-0.0511620078740157
21
0.2053225984251968
0
LINE
8
BLACK
6
CONTINUOUS
10
-0.0511620078740157
20
0.2053225984251968
11
-0.0510561417322835
21
0.205330157480315
0
LINE
8
BLACK
6
CONTINUOUS
10
-0.0510561417322835
20
0.205330157480315
11
-0.0509581496062992
21
0.2053707086614173
0
LINE
8
BLACK
6
CONTINUOUS
10
-0.0509581496062992
20
0.2053707086614173
11
-0.0503820866141732
21
0.2054274409448819
0
LINE
8
BLACK
6
CONTINUOUS
10
-0.0503820866141732
20
0.2054274409448819
11
-0.0466325590551181
21
0.2054274409448819
0
LINE
8
BLACK
6
CONTINUOUS
10
-0.0466325590551181
20
0.2054274409448819
11
-0.0460564960629921
21
0.2053707086614173
0
LINE
8
BLACK
6
CONTINUOUS
10
0.7181931496062992
20
0.2370890157480315
11
0.7191504330708661
21
0.2364479527559055
0
LINE
8
BLACK
6
CONTINUOUS
10
0.7191504330708661
20
0.2364479527559055
11
0.7195172047244094
21
0.2360000787401575
0
LINE
8
BLACK
6
CONTINUOUS
10
0.7195172047244094
20
0.2360000787401575
11
0.7532629527559055
21
0.1853814173228346
0
LINE
8
BLACK
6
CONTINUOUS
10
0.7532629527559055
20
0.1853814173228346
11
0.7535352755905511
21
0.1848706299212598
0
LINE
8
BLACK
6
CONTINUOUS
10
0.7535352755905511
20
0.1848706299212598
11
0.7537588582677165
21
0.1837404330708661
0
LINE
8
BLACK
6
CONTINUOUS
10
0.7537588582677165
20
0.1837404330708661
11
0.7535329133858267
21
0.1826107086614173
0
LINE
8
BLACK
6
CONTINUOUS
10
0.7535329133858267
20
0.1826107086614173
11
0.7528918503937008
21
0.1816534251968504
0
LINE
8
BLACK
6
CONTINUOUS
10
0.7528918503937008
20
0.1816534251968504
11
0.7519332283464567
21
0.1810143307086614
0
LINE
8
BLACK
6
CONTINUOUS
10
0.7519332283464567
20
0.1810143307086614
11
0.7508029921259842
21
0.1807907874015748
0
LINE
8
BLACK
6
CONTINUOUS
10
0.7508029921259842
20
0.1807907874015748
11
0.7496733070866142
21
0.1810167322834646
0
LINE
8
BLACK
6
CONTINUOUS
10
0.7496733070866142
20
0.1810167322834646
11
0.7487160236220473
21
0.1816577952755905
0
LINE
8
BLACK
6
CONTINUOUS
10
0.7487160236220473
20
0.1816577952755905
11
0.7483492519685039
21
0.1821056299212598
0
LINE
8
BLACK
6
CONTINUOUS
10
0.7483492519685039
20
0.1821056299212598
11
0.7146035039370079
21
0.2327243307086614
0
LINE
8
BLACK
6
CONTINUOUS
10
0.7146035039370079
20
0.2327243307086614
11
0.7143311811023622
21
0.2332350787401575
0
LINE
8
BLACK
6
CONTINUOUS
10
0.7143311811023622
20
0.2332350787401575
11
0.7141075984251969
21
0.2343653149606299
0
LINE
8
BLACK
6
CONTINUOUS
10
0.7141075984251969
20
0.2343653149606299
11
0.7143335433070866
21
0.235495
0
LINE
8
BLACK
6
CONTINUOUS
10
0.7143335433070866
20
0.235495
11
0.7149746062992126
21
0.2364522834645669
0
LINE
8
BLACK
6
CONTINUOUS
10
0.7149746062992126
20
0.2364522834645669
11
0.7159332283464567
21
0.2370913779527559
0
LINE
8
BLACK
6
CONTINUOUS
10
0.7159332283464567
20
0.2370913779527559
11
0.7170634645669292
21
0.2373149606299212
0
LINE
8
BLACK
6
CONTINUOUS
10
0.7170634645669292
20
0.2373149606299212
11
0.7181931496062992
21
0.2370890157480315
0
LINE
8
BLACK
6
CONTINUOUS
10
0.3894379921259842
20
0.2203216141732283
11
0.3902526377952756
21
0.219506968503937
0
LINE
8
BLACK
6
CONTINUOUS
10
0.3902526377952756
20
0.219506968503937
11
0.3906935433070866
21
0.2184425590551181
0
LINE
8
BLACK
6
CONTINUOUS
10
0.3906935433070866
20
0.2184425590551181
11
0.3907502755905512
21
0.2178664960629921
0
LINE
8
BLACK
6
CONTINUOUS
10
0.3907502755905512
20
0.2178664960629921
11
0.3907502755905512
21
0.1878702755905512
0
LINE
8
BLACK
6
CONTINUOUS
10
0.3907502755905512
20
0.1878702755905512
11
0.3906935433070866
21
0.1872942125984252
0
LINE
8
BLACK
6
CONTINUOUS
10
0.3906935433070866
20
0.1872942125984252
11
0.3902526377952756
21
0.1862298031496063
0
LINE
8
BLACK
6
CONTINUOUS
10
0.3902526377952756
20
0.1862298031496063
11
0.3894379921259842
21
0.185415157480315
0
LINE
8
BLACK
6
CONTINUOUS
10
0.3894379921259842
20
0.185415157480315
11
0.3883735826771653
21
0.1849742519685039
0
LINE
8
BLACK
6
CONTINUOUS
10
0.3883735826771653
20
0.1849742519685039
11
0.3872214566929134
21
0.1849742519685039
0
LINE
8
BLACK
6
CONTINUOUS
10
0.3872214566929134
20
0.1849742519685039
11
0.3861570472440945
21
0.185415157480315
0
LINE
8
BLACK
6
CONTINUOUS
10
0.3861570472440945
20
0.185415157480315
11
0.3853424015748032
21
0.1862298031496063
0
LINE
8
BLACK
6
CONTINUOUS
10
0.3853424015748032
20
0.1862298031496063
11
0.3849014960629921
21
0.1872942125984252
0
LINE
8
BLACK
6
CONTINUOUS
10
0.3849014960629921
20
0.1872942125984252
11
0.3848447637795275
21
0.1878702755905512
0
LINE
8
BLACK
6
CONTINUOUS
10
0.3848447637795275
20
0.1878702755905512
11
0.3848447637795275
21
0.2178664960629921
0
LINE
8
BLACK
6
CONTINUOUS
10
0.3848447637795275
20
0.2178664960629921
11
0.3849014960629921
21
0.2184425590551181
0
LINE
8
BLACK
6
CONTINUOUS
10
0.3849014960629921
20
0.2184425590551181
11
0.3853424015748032
21
0.219506968503937
0
LINE
8
BLACK
6
CONTINUOUS
10
0.3853424015748032
20
0.219506968503937
11
0.3861570472440945
21
0.2203216141732283
0
LINE
8
BLACK
6
CONTINUOUS
10
0.3861570472440945
20
0.2203216141732283
11
0.3872214566929134
21
0.2207625196850394
0
LINE
8
BLACK
6
CONTINUOUS
10
0.3872214566929134
20
0.2207625196850394
11
0.3883735826771653
21
0.2207625196850394
0
LINE
8
BLACK
6
CONTINUOUS
10
0.3883735826771653
20
0.2207625196850394
11
0.3894379921259842
21
0.2203216141732283
0
LINE
8
BLACK
6
CONTINUOUS
10
0.6651429527559055
20
0.2353834645669291
11
0.6662073622047244
21
0.2349425590551181
0
LINE
8
BLACK
6
CONTINUOUS
10
0.6662073622047244
20
0.2349425590551181
11
0.6670220078740158
21
0.2341279133858268
0
LINE
8
BLACK
6
CONTINUOUS
10
0.6670220078740158
20
0.2341279133858268
11
0.6674629133858268
21
0.2330635039370079
0
LINE
8
BLACK
6
CONTINUOUS
10
0.6674629133858268
20
0.2330635039370079
11
0.6675196456692913
21
0.2324874409448819
0
LINE
8
BLACK
6
CONTINUOUS
10
0.6675196456692913
20
0.2324874409448819
11
0.6675196456692913
21
0.1931173622047244
0
LINE
8
BLACK
6
CONTINUOUS
10
0.6675196456692913
20
0.1931173622047244
11
0.6674629133858268
21
0.1925412992125984
0
LINE
8
BLACK
6
CONTINUOUS
10
0.6674629133858268
20
0.1925412992125984
11
0.6670220078740158
21
0.1914768897637795
0
LINE
8
BLACK
6
CONTINUOUS
10
0.6670220078740158
20
0.1914768897637795
11
0.6662073622047244
21
0.1906622440944882
0
LINE
8
BLACK
6
CONTINUOUS
10
0.6662073622047244
20
0.1906622440944882
11
0.6651429527559055
21
0.1902213385826772
0
LINE
8
BLACK
6
CONTINUOUS
10
0.6651429527559055
20
0.1902213385826772
11
0.6645668897637795
21
0.1901646062992126
0
LINE
8
BLACK
6
CONTINUOUS
10
0.6645668897637795
20
0.1901646062992126
11
0.6551930708661418
21
0.1901646062992126
0
LINE
8
BLACK
6
CONTINUOUS
10
0.6551930708661418
20
0.1901646062992126
11
0.6549014566929133
21
0.1901933464566929
0
LINE
8
BLACK
6
CONTINUOUS
10
0.6549014566929133
20
0.1901933464566929
11
0.6548237401574803
21
0.1901877952755905
0
LINE
8
BLACK
6
CONTINUOUS
10
0.6548237401574803
20
0.1901877952755905
11
0.6547214566929134
21
0.190211062992126
0
LINE
8
BLACK
6
CONTINUOUS
10
0.6547214566929134
20
0.190211062992126
11
0.6546170078740158
21
0.1902213385826772
0
LINE
8
BLACK
6
CONTINUOUS
10
0.6546170078740158
20
0.1902213385826772
11
0.6545449212598425
21
0.1902512204724409
0
LINE
8
BLACK
6
CONTINUOUS
10
0.6545449212598425
20
0.1902512204724409
11
0.6542592913385826
21
0.1903161417322835
0
LINE
8
BLACK
6
CONTINUOUS
10
0.6542592913385826
20
0.1903161417322835
11
0.6486350393700787
21
0.192190905511811
0
LINE
8
BLACK
6
CONTINUOUS
10
0.6486350393700787
20
0.192190905511811
11
0.6481064566929133
21
0.1924268897637795
0
LINE
8
BLACK
6
CONTINUOUS
10
0.6481064566929133
20
0.1924268897637795
11
0.6480263385826771
21
0.1924963779527559
0
LINE
8
BLACK
6
CONTINUOUS
10
0.6480263385826771
20
0.1924963779527559
11
0.6479283070866142
21
0.192536968503937
0
LINE
8
BLACK
6
CONTINUOUS
10
0.6479283070866142
20
0.192536968503937
11
0.6474808661417323
21
0.1929042125984252
0
LINE
8
BLACK
6
CONTINUOUS
10
0.6474808661417323
20
0.1929042125984252
11
0.6437313385826772
21
0.1966537795275591
0
LINE
8
BLACK
6
CONTINUOUS
10
0.6437313385826772
20
0.1966537795275591
11
0.6435455511811023
21
0.196880157480315
0
LINE
8
BLACK
6
CONTINUOUS
10
0.6435455511811023
20
0.196880157480315
11
0.6434865748031496
21
0.1969312992125984
0
LINE
8
BLACK
6
CONTINUOUS
10
0.6434865748031496
20
0.1969312992125984
11
0.6434305905511811
21
0.1970202362204724
0
LINE
8
BLACK
6
CONTINUOUS
10
0.6434305905511811
20
0.1970202362204724
11
0.643364094488189
21
0.1971012598425197
0
LINE
8
BLACK
6
CONTINUOUS
10
0.643364094488189
20
0.1971012598425197
11
0.6433342519685039
21
0.1971733070866142
0
LINE
8
BLACK
6
CONTINUOUS
10
0.6433342519685039
20
0.1971733070866142
11
0.6431782283464567
21
0.1974211811023622
0
LINE
8
BLACK
6
CONTINUOUS
10
0.6431782283464567
20
0.1974211811023622
11
0.6413034645669291
21
0.2011707086614173
0
LINE
8
BLACK
6
CONTINUOUS
10
0.6413034645669291
20
0.2011707086614173
11
0.6412873228346456
21
0.2012128346456693
0
LINE
8
BLACK
6
CONTINUOUS
10
0.6412873228346456
20
0.2012128346456693
11
0.6412746456692914
21
0.2012299606299213
0
LINE
8
BLACK
6
CONTINUOUS
10
0.6412746456692914
20
0.2012299606299213
11
0.641188188976378
21
0.2014719291338583
0
LINE
8
BLACK
6
CONTINUOUS
10
0.641188188976378
20
0.2014719291338583
11
0.6410965748031496
21
0.2017113385826772
0
LINE
8
BLACK
6
CONTINUOUS
10
0.6410965748031496
20
0.2017113385826772
11
0.6410950393700787
21
0.2017325984251968
0
LINE
8
BLACK
6
CONTINUOUS
10
0.6410950393700787
20
0.2017325984251968
11
0.6410798818897637
21
0.2017750787401575
0
LINE
8
BLACK
6
CONTINUOUS
10
0.6410798818897637
20
0.2017750787401575
11
0.6392051181102362
21
0.2092741338582677
0
LINE
8
BLACK
6
CONTINUOUS
10
0.6392051181102362
20
0.2092741338582677
11
0.6391903149606299
21
0.2093740157480315
0
LINE
8
BLACK
6
CONTINUOUS
10
0.6391903149606299
20
0.2093740157480315
11
0.6391737007874015
21
0.2094142125984252
0
LINE
8
BLACK
6
CONTINUOUS
10
0.6391737007874015
20
0.2094142125984252
11
0.6391523228346456
21
0.2096312598425197
0
LINE
8
BLACK
6
CONTINUOUS
10
0.6391523228346456
20
0.2096312598425197
11
0.6391204724409448
21
0.2098467322834646
0
LINE
8
BLACK
6
CONTINUOUS
10
0.6391204724409448
20
0.2098467322834646
11
0.6391268503937008
21
0.2098897637795276
0
LINE
8
BLACK
6
CONTINUOUS
10
0.6391268503937008
20
0.2098897637795276
11
0.639116968503937
21
0.2099902755905512
0
LINE
8
BLACK
6
CONTINUOUS
10
0.639116968503937
20
0.2099902755905512
11
0.639116968503937
21
0.2156145669291339
0
LINE
8
BLACK
6
CONTINUOUS
10
0.639116968503937
20
0.2156145669291339
11
0.6391268503937008
21
0.2157151181102362
0
LINE
8
BLACK
6
CONTINUOUS
10
0.6391268503937008
20
0.2157151181102362
11
0.6391204724409448
21
0.2157581102362205
0
LINE
8
BLACK
6
CONTINUOUS
10
0.6391204724409448
20
0.2157581102362205
11
0.6391523228346456
21
0.2159736220472441
0
LINE
8
BLACK
6
CONTINUOUS
10
0.6391523228346456
20
0.2159736220472441
11
0.6391737007874015
21
0.2161906299212598
0
LINE
8
BLACK
6
CONTINUOUS
10
0.6391737007874015
20
0.2161906299212598
11
0.6391903149606299
21
0.2162308661417323
0
LINE
8
BLACK
6
CONTINUOUS
10
0.6391903149606299
20
0.2162308661417323
11
0.6392051181102362
21
0.2163307086614173
0
LINE
8
BLACK
6
CONTINUOUS
10
0.6392051181102362
20
0.2163307086614173
11
0.6410798818897637
21
0.2238297637795275
0
LINE
8
BLACK
6
CONTINUOUS
10
0.6410798818897637
20
0.2238297637795275
11
0.6410950393700787
21
0.2238722834645669
0
LINE
8
BLACK
6
CONTINUOUS
10
0.6410950393700787
20
0.2238722834645669
11
0.6410965748031496
21
0.2238935039370079
0
LINE
8
BLACK
6
CONTINUOUS
10
0.6410965748031496
20
0.2238935039370079
11
0.641188188976378
21
0.2241329527559055
0
LINE
8
BLACK
6
CONTINUOUS
10
0.641188188976378
20
0.2241329527559055
11
0.6412746456692914
21
0.2243748818897638
0
LINE
8
BLACK
6
CONTINUOUS
10
0.6412746456692914
20
0.2243748818897638
11
0.6412873228346456
21
0.2243920472440945
0
LINE
8
BLACK
6
CONTINUOUS
10
0.6412873228346456
20
0.2243920472440945
11
0.6413034645669291
21
0.2244341338582677
0
LINE
8
BLACK
6
CONTINUOUS
10
0.6413034645669291
20
0.2244341338582677
11
0.6431782283464567
21
0.2281836614173228
0
LINE
8
BLACK
6
CONTINUOUS
10
0.6431782283464567
20
0.2281836614173228
11
0.6433342913385827
21
0.2284316929133858
0
LINE
8
BLACK
6
CONTINUOUS
10
0.6433342913385827
20
0.2284316929133858
11
0.6433641338582677
21
0.2285036220472441
0
LINE
8
BLACK
6
CONTINUOUS
10
0.6433641338582677
20
0.2285036220472441
11
0.6434305905511811
21
0.2285846062992126
0
LINE
8
BLACK
6
CONTINUOUS
10
0.6434305905511811
20
0.2285846062992126
11
0.6434865748031496
21
0.2286735433070866
0
LINE
8
BLACK
6
CONTINUOUS
10
0.6434865748031496
20
0.2286735433070866
11
0.6435455511811023
21
0.2287247244094488
0
LINE
8
BLACK
6
CONTINUOUS
10
0.6435455511811023
20
0.2287247244094488
11
0.6437313385826772
21
0.228951062992126
0
LINE
8
BLACK
6
CONTINUOUS
10
0.6437313385826772
20
0.228951062992126
11
0.6474808661417323
21
0.2327005905511811
0
LINE
8
BLACK
6
CONTINUOUS
10
0.6474808661417323
20
0.2327005905511811
11
0.6479283070866142
21
0.2330678346456693
0
LINE
8
BLACK
6
CONTINUOUS
10
0.6479283070866142
20
0.2330678346456693
11
0.6480263385826771
21
0.2331084645669291
0
LINE
8
BLACK
6
CONTINUOUS
10
0.6480263385826771
20
0.2331084645669291
11
0.6481064566929133
21
0.2331779133858268
0
LINE
8
BLACK
6
CONTINUOUS
10
0.6481064566929133
20
0.2331779133858268
11
0.6486350393700787
21
0.2334138976377953
0
LINE
8
BLACK
6
CONTINUOUS
10
0.6486350393700787
20
0.2334138976377953
11
0.6542592913385826
21
0.2352886614173228
0
LINE
8
BLACK
6
CONTINUOUS
10
0.6542592913385826
20
0.2352886614173228
11
0.6545449212598425
21
0.2353536220472441
0
LINE
8
BLACK
6
CONTINUOUS
10
0.6545449212598425
20
0.2353536220472441
11
0.6546170078740158
21
0.2353834645669291
0
LINE
8
BLACK
6
CONTINUOUS
10
0.6546170078740158
20
0.2353834645669291
11
0.6547214566929134
21
0.235393779527559
0
LINE
8
BLACK
6
CONTINUOUS
10
0.6547214566929134
20
0.235393779527559
11
0.6548237401574803
21
0.2354170078740157
0
LINE
8
BLACK
6
CONTINUOUS
10
0.6548237401574803
20
0.2354170078740157
11
0.6549014566929133
21
0.2354114960629921
0
LINE
8
BLACK
6
CONTINUOUS
10
0.6549014566929133
20
0.2354114960629921
11
0.6551930708661418
21
0.2354401968503937
0
LINE
8
BLACK
6
CONTINUOUS
10
0.6551930708661418
20
0.2354401968503937
11
0.6645668897637795
21
0.2354401968503937
0
LINE
8
BLACK
6
CONTINUOUS
10
0.6645668897637795
20
0.2354401968503937
11
0.6651429527559055
21
0.2353834645669291
0
LINE
8
BLACK
6
CONTINUOUS
10
0.6511638188976377
20
0.2280318897637795
11
0.6482459842519684
21
0.2251140551181102
0
LINE
8
BLACK
6
CONTINUOUS
10
0.6482459842519684
20
0.2251140551181102
11
0.6467304724409448
21
0.2220830708661417
0
LINE
8
BLACK
6
CONTINUOUS
10
0.6467304724409448
20
0.2220830708661417
11
0.6450224803149606
21
0.2152510236220472
0
LINE
8
BLACK
6
CONTINUOUS
10
0.6450224803149606
20
0.2152510236220472
11
0.6450224803149606
21
0.2103538188976378
0
LINE
8
BLACK
6
CONTINUOUS
10
0.6450224803149606
20
0.2103538188976378
11
0.6467304724409448
21
0.2035217716535433
0
LINE
8
BLACK
6
CONTINUOUS
10
0.6467304724409448
20
0.2035217716535433
11
0.6482459842519684
21
0.2004907874015748
0
LINE
8
BLACK
6
CONTINUOUS
10
0.6482459842519684
20
0.2004907874015748
11
0.6511638188976377
21
0.1975729133858268
0
LINE
8
BLACK
6
CONTINUOUS
10
0.6511638188976377
20
0.1975729133858268
11
0.6556722047244095
21
0.1960701181102362
0
LINE
8
BLACK
6
CONTINUOUS
10
0.6556722047244095
20
0.1960701181102362
11
0.6616141338582677
21
0.1960701181102362
0
LINE
8
BLACK
6
CONTINUOUS
10
0.6616141338582677
20
0.1960701181102362
11
0.6616141338582677
21
0.2295346850393701
0
LINE
8
BLACK
6
CONTINUOUS
10
0.6616141338582677
20
0.2295346850393701
11
0.6556722047244095
21
0.2295346850393701
0
LINE
8
BLACK
6
CONTINUOUS
10
0.6556722047244095
20
0.2295346850393701
11
0.6511638188976377
21
0.2280318897637795
0
LINE
8
BLACK
6
CONTINUOUS
10
0.8507447637795276
20
0.2353834645669291
11
0.8518091732283465
21
0.2349425590551181
0
LINE
8
BLACK
6
CONTINUOUS
10
0.8518091732283465
20
0.2349425590551181
11
0.8526238188976378
21
0.2341279133858268
0
LINE
8
BLACK
6
CONTINUOUS
10
0.8526238188976378
20
0.2341279133858268
11
0.8530647244094488
21
0.2330635039370079
0
LINE
8
BLACK
6
CONTINUOUS
10
0.8530647244094488
20
0.2330635039370079
11
0.8531214566929134
21
0.2324874409448819
0
LINE
8
BLACK
6
CONTINUOUS
10
0.8531214566929134
20
0.2324874409448819
11
0.8531214566929134
21
0.1931173622047244
0
LINE
8
BLACK
6
CONTINUOUS
10
0.8531214566929134
20
0.1931173622047244
11
0.8530647244094488
21
0.1925412992125984
0
LINE
8
BLACK
6
CONTINUOUS
10
0.8530647244094488
20
0.1925412992125984
11
0.8526238188976378
21
0.1914768897637795
0
LINE
8
BLACK
6
CONTINUOUS
10
0.8526238188976378
20
0.1914768897637795
11
0.8518091732283465
21
0.1906622440944882
0
LINE
8
BLACK
6
CONTINUOUS
10
0.8518091732283465
20
0.1906622440944882
11
0.8507447637795276
21
0.1902213385826772
0
LINE
8
BLACK
6
CONTINUOUS
10
0.8507447637795276
20
0.1902213385826772
11
0.8501687007874016
21
0.1901646062992126
0
LINE
8
BLACK
6
CONTINUOUS
10
0.8501687007874016
20
0.1901646062992126
11
0.8314210629921259
21
0.1901646062992126
0
LINE
8
BLACK
6
CONTINUOUS
10
0.8314210629921259
20
0.1901646062992126
11
0.8308449999999999
21
0.1902213385826772
0
LINE
8
BLACK
6
CONTINUOUS
10
0.8308449999999999
20
0.1902213385826772
11
0.829780590551181
21
0.1906622440944882
0
LINE
8
BLACK
6
CONTINUOUS
10
0.829780590551181
20
0.1906622440944882
11
0.8289659448818898
21
0.1914768897637795
0
LINE
8
BLACK
6
CONTINUOUS
10
0.8289659448818898
20
0.1914768897637795
11
0.8285250393700787
21
0.1925412992125984
0
LINE
8
BLACK
6
CONTINUOUS
10
0.8285250393700787
20
0.1925412992125984
11
0.8285250393700787
21
0.1936934251968504
0
LINE
8
BLACK
6
CONTINUOUS
10
0.8285250393700787
20
0.1936934251968504
11
0.8289659448818898
21
0.1947578346456693
0
LINE
8
BLACK
6
CONTINUOUS
10
0.8289659448818898
20
0.1947578346456693
11
0.829780590551181
21
0.1955724803149606
0
LINE
8
BLACK
6
CONTINUOUS
10
0.829780590551181
20
0.1955724803149606
11
0.8308449999999999
21
0.1960133858267716
0
LINE
8
BLACK
6
CONTINUOUS
10
0.8308449999999999
20
0.1960133858267716
11
0.8314210629921259
21
0.1960701181102362
0
LINE
8
BLACK
6
CONTINUOUS
10
0.8314210629921259
20
0.1960701181102362
11
0.8472159448818898
21
0.1960701181102362
0
LINE
8
BLACK
6
CONTINUOUS
10
0.8472159448818898
20
0.1960701181102362
11
0.8472159448818898
21
0.2107870472440945
0
LINE
8
BLACK
6
CONTINUOUS
10
0.8472159448818898
20
0.2107870472440945
11
0.8370453543307086
21
0.2107870472440945
0
LINE
8
BLACK
6
CONTINUOUS
10
0.8370453543307086
20
0.2107870472440945
11
0.8364692913385826
21
0.2108437795275591
0
LINE
8
BLACK
6
CONTINUOUS
10
0.8364692913385826
20
0.2108437795275591
11
0.8354048818897638
21
0.2112846850393701
0
LINE
8
BLACK
6
CONTINUOUS
10
0.8354048818897638
20
0.2112846850393701
11
0.8345902362204725
21
0.2120993307086614
0
LINE
8
BLACK
6
CONTINUOUS
10
0.8345902362204725
20
0.2120993307086614
11
0.8341493307086614
21
0.2131637401574803
0
LINE
8
BLACK
6
CONTINUOUS
10
0.8341493307086614
20
0.2131637401574803
11
0.8341493307086614
21
0.2143158661417323
0
LINE
8
BLACK
6
CONTINUOUS
10
0.8341493307086614
20
0.2143158661417323
11
0.8345902362204725
21
0.2153802755905512
0
LINE
8
BLACK
6
CONTINUOUS
10
0.8345902362204725
20
0.2153802755905512
11
0.8354048818897638
21
0.2161949212598425
0
LINE
8
BLACK
6
CONTINUOUS
10
0.8354048818897638
20
0.2161949212598425
11
0.8364692913385826
21
0.2166358267716536
0
LINE
8
BLACK
6
CONTINUOUS
10
0.8364692913385826
20
0.2166358267716536
11
0.8370453543307086
21
0.2166925590551181
0
LINE
8
BLACK
6
CONTINUOUS
10
0.8370453543307086
20
0.2166925590551181
11
0.8472159448818898
21
0.2166925590551181
0
LINE
8
BLACK
6
CONTINUOUS
10
0.8472159448818898
20
0.2166925590551181
11
0.8472159448818898
21
0.2295346850393701
0
LINE
8
BLACK
6
CONTINUOUS
10
0.8472159448818898
20
0.2295346850393701
11
0.8314210629921259
21
0.2295346850393701
0
LINE
8
BLACK
6
CONTINUOUS
10
0.8314210629921259
20
0.2295346850393701
11
0.8308449999999999
21
0.2295914173228346
0
LINE
8
BLACK
6
CONTINUOUS
10
0.8308449999999999
20
0.2295914173228346
11
0.829780590551181
21
0.2300323228346457
0
LINE
8
BLACK
6
CONTINUOUS
10
0.829780590551181
20
0.2300323228346457
11
0.8289659448818898
21
0.230846968503937
0
LINE
8
BLACK
6
CONTINUOUS
10
0.8289659448818898
20
0.230846968503937
11
0.8285250393700787
21
0.2319113779527559
0
LINE
8
BLACK
6
CONTINUOUS
10
0.8285250393700787
20
0.2319113779527559
11
0.8285250393700787
21
0.2330635039370079
0
LINE
8
BLACK
6
CONTINUOUS
10
0.8285250393700787
20
0.2330635039370079
11
0.8289659448818898
21
0.2341279133858268
0
LINE
8
BLACK
6
CONTINUOUS
10
0.8289659448818898
20
0.2341279133858268
11
0.829780590551181
21
0.2349425590551181
0
LINE
8
BLACK
6
CONTINUOUS
10
0.829780590551181
20
0.2349425590551181
11
0.8308449999999999
21
0.2353834645669291
0
LINE
8
BLACK
6
CONTINUOUS
10
0.8308449999999999
20
0.2353834645669291
11
0.8314210629921259
21
0.2354401968503937
0
LINE
8
BLACK
6
CONTINUOUS
10
0.8314210629921259
20
0.2354401968503937
11
0.8501687007874016
21
0.2354401968503937
0
LINE
8
BLACK
6
CONTINUOUS
10
0.8501687007874016
20
0.2354401968503937
11
0.8507447637795276
21
0.2353834645669291
0
LINE
8
BLACK
6
CONTINUOUS
10
0.8836801968503937
20
0.2349425590551181
11
0.884494842519685
21
0.2341279133858268
0
LINE
8
BLACK
6
CONTINUOUS
10
0.884494842519685
20
0.2341279133858268
11
0.884935748031496
21
0.2330635039370079
0
LINE
8
BLACK
6
CONTINUOUS
10
0.884935748031496
20
0.2330635039370079
11
0.8849924803149606
21
0.2324874409448819
0
LINE
8
BLACK
6
CONTINUOUS
10
0.8849924803149606
20
0.2324874409448819
11
0.8849924803149606
21
0.1931173622047244
0
LINE
8
BLACK
6
CONTINUOUS
10
0.8849924803149606
20
0.1931173622047244
11
0.884935748031496
21
0.1925412992125984
0
LINE
8
BLACK
6
CONTINUOUS
10
0.884935748031496
20
0.1925412992125984
11
0.884494842519685
21
0.1914768897637795
0
LINE
8
BLACK
6
CONTINUOUS
10
0.884494842519685
20
0.1914768897637795
11
0.8836801968503937
21
0.1906622440944882
0
LINE
8
BLACK
6
CONTINUOUS
10
0.8836801968503937
20
0.1906622440944882
11
0.8826157874015748
21
0.1902213385826772
0
LINE
8
BLACK
6
CONTINUOUS
10
0.8826157874015748
20
0.1902213385826772
11
0.8820397244094488
21
0.1901646062992126
0
LINE
8
BLACK
6
CONTINUOUS
10
0.8820397244094488
20
0.1901646062992126
11
0.8632920866141732
21
0.1901646062992126
0
LINE
8
BLACK
6
CONTINUOUS
10
0.8632920866141732
20
0.1901646062992126
11
0.8627160236220472
21
0.1902213385826772
0
LINE
8
BLACK
6
CONTINUOUS
10
0.8627160236220472
20
0.1902213385826772
11
0.8616516141732283
21
0.1906622440944882
0
LINE
8
BLACK
6
CONTINUOUS
10
0.8616516141732283
20
0.1906622440944882
11
0.860836968503937
21
0.1914768897637795
0
LINE
8
BLACK
6
CONTINUOUS
10
0.860836968503937
20
0.1914768897637795
11
0.860396062992126
21
0.1925412992125984
0
LINE
8
BLACK
6
CONTINUOUS
10
0.860396062992126
20
0.1925412992125984
11
0.860396062992126
21
0.1936934251968504
0
LINE
8
BLACK
6
CONTINUOUS
10
0.860396062992126
20
0.1936934251968504
11
0.860836968503937
21
0.1947578346456693
0
LINE
8
BLACK
6
CONTINUOUS
10
0.860836968503937
20
0.1947578346456693
11
0.8616516141732283
21
0.1955724803149606
0
LINE
8
BLACK
6
CONTINUOUS
10
0.8616516141732283
20
0.1955724803149606
11
0.8627160236220472
21
0.1960133858267716
0
LINE
8
BLACK
6
CONTINUOUS
10
0.8627160236220472
20
0.1960133858267716
11
0.8632920866141732
21
0.1960701181102362
0
LINE
8
BLACK
6
CONTINUOUS
10
0.8632920866141732
20
0.1960701181102362
11
0.879086968503937
21
0.1960701181102362
0
LINE
8
BLACK
6
CONTINUOUS
10
0.879086968503937
20
0.1960701181102362
11
0.879086968503937
21
0.2324874409448819
0
LINE
8
BLACK
6
CONTINUOUS
10
0.879086968503937
20
0.2324874409448819
11
0.8791437007874016
21
0.2330635039370079
0
LINE
8
BLACK
6
CONTINUOUS
10
0.8791437007874016
20
0.2330635039370079
11
0.8795846062992125
21
0.2341279133858268
0
LINE
8
BLACK
6
CONTINUOUS
10
0.8795846062992125
20
0.2341279133858268
11
0.8803992519685039
21
0.2349425590551181
0
LINE
8
BLACK
6
CONTINUOUS
10
0.8803992519685039
20
0.2349425590551181
11
0.8814636614173228
21
0.2353834645669291
0
LINE
8
BLACK
6
CONTINUOUS
10
0.8814636614173228
20
0.2353834645669291
11
0.8826157874015748
21
0.2353834645669291
0
LINE
8
BLACK
6
CONTINUOUS
10
0.8826157874015748
20
0.2353834645669291
11
0.8836801968503937
21
0.2349425590551181
0
LINE
8
BLACK
6
CONTINUOUS
10
0.7045130314960629
20
0.2353834645669291
11
0.7055774409448818
21
0.2349425590551181
0
LINE
8
BLACK
6
CONTINUOUS
10
0.7055774409448818
20
0.2349425590551181
11
0.7063920866141732
21
0.2341279133858268
0
LINE
8
BLACK
6
CONTINUOUS
10
0.7063920866141732
20
0.2341279133858268
11
0.7068329921259843
21
0.2330635039370079
0
LINE
8
BLACK
6
CONTINUOUS
10
0.7068329921259843
20
0.2330635039370079
11
0.7068897244094487
21
0.2324874409448819
0
LINE
8
BLACK
6
CONTINUOUS
10
0.7068897244094487
20
0.2324874409448819
11
0.7068897244094487
21
0.1931173622047244
0
LINE
8
BLACK
6
CONTINUOUS
10
0.7068897244094487
20
0.1931173622047244
11
0.7068329921259843
21
0.1925412992125984
0
LINE
8
BLACK
6
CONTINUOUS
10
0.7068329921259843
20
0.1925412992125984
11
0.7063920866141732
21
0.1914768897637795
0
LINE
8
BLACK
6
CONTINUOUS
10
0.7063920866141732
20
0.1914768897637795
11
0.7055774409448818
21
0.1906622440944882
0
LINE
8
BLACK
6
CONTINUOUS
10
0.7055774409448818
20
0.1906622440944882
11
0.7045130314960629
21
0.1902213385826772
0
LINE
8
BLACK
6
CONTINUOUS
10
0.7045130314960629
20
0.1902213385826772
11
0.703360905511811
21
0.1902213385826772
0
LINE
8
BLACK
6
CONTINUOUS
10
0.703360905511811
20
0.1902213385826772
11
0.7022964960629922
21
0.1906622440944882
0
LINE
8
BLACK
6
CONTINUOUS
10
0.7022964960629922
20
0.1906622440944882
11
0.7014818503937008
21
0.1914768897637795
0
LINE
8
BLACK
6
CONTINUOUS
10
0.7014818503937008
20
0.1914768897637795
11
0.7010409448818897
21
0.1925412992125984
0
LINE
8
BLACK
6
CONTINUOUS
10
0.7010409448818897
20
0.1925412992125984
11
0.7009842125984251
21
0.1931173622047244
0
LINE
8
BLACK
6
CONTINUOUS
10
0.7009842125984251
20
0.1931173622047244
11
0.7009842125984251
21
0.2089122834645669
0
LINE
8
BLACK
6
CONTINUOUS
10
0.7009842125984251
20
0.2089122834645669
11
0.6961005118110236
21
0.2089122834645669
0
LINE
8
BLACK
6
CONTINUOUS
10
0.6961005118110236
20
0.2089122834645669
11
0.683858779527559
21
0.1914240551181102
0
LINE
8
BLACK
6
CONTINUOUS
10
0.683858779527559
20
0.1914240551181102
11
0.6834819685039369
21
0.1909846850393701
0
LINE
8
BLACK
6
CONTINUOUS
10
0.6834819685039369
20
0.1909846850393701
11
0.6825103543307086
21
0.1903655118110236
0
LINE
8
BLACK
6
CONTINUOUS
10
0.6825103543307086
20
0.1903655118110236
11
0.6813758267716535
21
0.1901653149606299
0
LINE
8
BLACK
6
CONTINUOUS
10
0.6813758267716535
20
0.1901653149606299
11
0.6802509842519685
21
0.1904144881889764
0
LINE
8
BLACK
6
CONTINUOUS
10
0.6802509842519685
20
0.1904144881889764
11
0.6793071259842519
21
0.1910751968503937
0
LINE
8
BLACK
6
CONTINUOUS
10
0.6793071259842519
20
0.1910751968503937
11
0.6786879527559055
21
0.192046811023622
0
LINE
8
BLACK
6
CONTINUOUS
10
0.6786879527559055
20
0.192046811023622
11
0.6784877559055118
21
0.1931813385826772
0
LINE
8
BLACK
6
CONTINUOUS
10
0.6784877559055118
20
0.1931813385826772
11
0.6787369291338583
21
0.1943061811023622
0
LINE
8
BLACK
6
CONTINUOUS
10
0.6787369291338583
20
0.1943061811023622
11
0.6790208267716535
21
0.1948106692913386
0
LINE
8
BLACK
6
CONTINUOUS
10
0.6790208267716535
20
0.1948106692913386
11
0.6888949606299213
21
0.2089166141732283
0
LINE
8
BLACK
6
CONTINUOUS
10
0.6888949606299213
20
0.2089166141732283
11
0.6883627952755905
21
0.2089690157480315
0
LINE
8
BLACK
6
CONTINUOUS
10
0.6883627952755905
20
0.2089690157480315
11
0.6882648031496063
21
0.2090096062992126
0
LINE
8
BLACK
6
CONTINUOUS
10
0.6882648031496063
20
0.2090096062992126
11
0.688158937007874
21
0.209017125984252
0
LINE
8
BLACK
6
CONTINUOUS
10
0.688158937007874
20
0.209017125984252
11
0.687618346456693
21
0.2092240157480315
0
LINE
8
BLACK
6
CONTINUOUS
10
0.687618346456693
20
0.2092240157480315
11
0.6838688188976377
21
0.211098779527559
0
LINE
8
BLACK
6
CONTINUOUS
10
0.6838688188976377
20
0.211098779527559
11
0.6836207874015748
21
0.2112548818897638
0
LINE
8
BLACK
6
CONTINUOUS
10
0.6836207874015748
20
0.2112548818897638
11
0.6835488582677165
21
0.2112846850393701
0
LINE
8
BLACK
6
CONTINUOUS
10
0.6835488582677165
20
0.2112846850393701
11
0.683467874015748
21
0.2113511811023622
0
LINE
8
BLACK
6
CONTINUOUS
10
0.683467874015748
20
0.2113511811023622
11
0.683378937007874
21
0.211407125984252
0
LINE
8
BLACK
6
CONTINUOUS
10
0.683378937007874
20
0.211407125984252
11
0.6833277559055118
21
0.2114661417322835
0
LINE
8
BLACK
6
CONTINUOUS
10
0.6833277559055118
20
0.2114661417322835
11
0.6831014173228346
21
0.2116518897637795
0
LINE
8
BLACK
6
CONTINUOUS
10
0.6831014173228346
20
0.2116518897637795
11
0.681226653543307
21
0.2135266535433071
0
LINE
8
BLACK
6
CONTINUOUS
10
0.681226653543307
20
0.2135266535433071
11
0.6810408661417323
21
0.213753031496063
0
LINE
8
BLACK
6
CONTINUOUS
10
0.6810408661417323
20
0.213753031496063
11
0.6809818897637795
21
0.2138041732283464
0
LINE
8
BLACK
6
CONTINUOUS
10
0.6809818897637795
20
0.2138041732283464
11
0.680925905511811
21
0.2138931496062992
0
LINE
8
BLACK
6
CONTINUOUS
10
0.680925905511811
20
0.2138931496062992
11
0.6808594488188976
21
0.213974094488189
0
LINE
8
BLACK
6
CONTINUOUS
10
0.6808594488188976
20
0.213974094488189
11
0.6808296062992126
21
0.214046062992126
0
LINE
8
BLACK
6
CONTINUOUS
10
0.6808296062992126
20
0.214046062992126
11
0.6806735433070866
21
0.2142940551181102
0
LINE
8
BLACK
6
CONTINUOUS
10
0.6806735433070866
20
0.2142940551181102
11
0.6787987795275591
21
0.2180435826771653
0
LINE
8
BLACK
6
CONTINUOUS
10
0.6787987795275591
20
0.2180435826771653
11
0.6785918897637795
21
0.2185842125984252
0
LINE
8
BLACK
6
CONTINUOUS
10
0.6785918897637795
20
0.2185842125984252
11
0.6785843700787402
21
0.2186900393700787
0
LINE
8
BLACK
6
CONTINUOUS
10
0.6785843700787402
20
0.2186900393700787
11
0.6785437795275591
21
0.218788031496063
0
LINE
8
BLACK
6
CONTINUOUS
10
0.6785437795275591
20
0.218788031496063
11
0.6784870472440945
21
0.219364094488189
0
LINE
8
BLACK
6
CONTINUOUS
10
0.6784870472440945
20
0.219364094488189
11
0.6784870472440945
21
0.2249883858267716
0
LINE
8
BLACK
6
CONTINUOUS
10
0.6784870472440945
20
0.2249883858267716
11
0.6785437795275591
21
0.2255644488188976
0
LINE
8
BLACK
6
CONTINUOUS
10
0.6785437795275591
20
0.2255644488188976
11
0.6785843700787402
21
0.2256624803149606
0
LINE
8
BLACK
6
CONTINUOUS
10
0.6785843700787402
20
0.2256624803149606
11
0.6785918897637795
21
0.2257682677165354
0
LINE
8
BLACK
6
CONTINUOUS
10
0.6785918897637795
20
0.2257682677165354
11
0.6787987795275591
21
0.2263088976377953
0
LINE
8
BLACK
6
CONTINUOUS
10
0.6787987795275591
20
0.2263088976377953
11
0.6806735433070866
21
0.2300584251968504
0
LINE
8
BLACK
6
CONTINUOUS
10
0.6806735433070866
20
0.2300584251968504
11
0.6808296062992126
21
0.2303064566929134
0
LINE
8
BLACK
6
CONTINUOUS
10
0.6808296062992126
20
0.2303064566929134
11
0.6808594488188976
21
0.2303783858267716
0
LINE
8
BLACK
6
CONTINUOUS
10
0.6808594488188976
20
0.2303783858267716
11
0.680925905511811
21
0.2304593700787402
0
LINE
8
BLACK
6
CONTINUOUS
10
0.680925905511811
20
0.2304593700787402
11
0.6809818897637795
21
0.2305483070866142
0
LINE
8
BLACK
6
CONTINUOUS
10
0.6809818897637795
20
0.2305483070866142
11
0.6810408661417323
21
0.2305994881889764
0
LINE
8
BLACK
6
CONTINUOUS
10
0.6810408661417323
20
0.2305994881889764
11
0.681226653543307
21
0.2308258267716535
0
LINE
8
BLACK
6
CONTINUOUS
10
0.681226653543307
20
0.2308258267716535
11
0.6831014173228346
21
0.2327005905511811
0
LINE
8
BLACK
6
CONTINUOUS
10
0.6831014173228346
20
0.2327005905511811
11
0.6833277559055118
21
0.2328863779527559
0
LINE
8
BLACK
6
CONTINUOUS
10
0.6833277559055118
20
0.2328863779527559
11
0.683378937007874
21
0.2329453543307086
0
LINE
8
BLACK
6
CONTINUOUS
10
0.683378937007874
20
0.2329453543307086
11
0.683467874015748
21
0.2330013385826772
0
LINE
8
BLACK
6
CONTINUOUS
10
0.683467874015748
20
0.2330013385826772
11
0.6835488582677165
21
0.2330677952755905
0
LINE
8
BLACK
6
CONTINUOUS
10
0.6835488582677165
20
0.2330677952755905
11
0.6836207874015748
21
0.2330976377952756
0
LINE
8
BLACK
6
CONTINUOUS
10
0.6836207874015748
20
0.2330976377952756
11
0.6838688188976377
21
0.2332537007874016
0
LINE
8
BLACK
6
CONTINUOUS
10
0.6838688188976377
20
0.2332537007874016
11
0.687618346456693
21
0.2351284645669291
0
LINE
8
BLACK
6
CONTINUOUS
10
0.687618346456693
20
0.2351284645669291
11
0.688158937007874
21
0.2353353543307087
0
LINE
8
BLACK
6
CONTINUOUS
10
0.688158937007874
20
0.2353353543307087
11
0.6882648031496063
21
0.2353429133858268
0
LINE
8
BLACK
6
CONTINUOUS
10
0.6882648031496063
20
0.2353429133858268
11
0.6883627952755905
21
0.2353834645669291
0
LINE
8
BLACK
6
CONTINUOUS
10
0.6883627952755905
20
0.2353834645669291
11
0.6889388582677165
21
0.2354401968503937
0
LINE
8
BLACK
6
CONTINUOUS
10
0.6889388582677165
20
0.2354401968503937
11
0.7039369685039369
21
0.2354401968503937
0
LINE
8
BLACK
6
CONTINUOUS
10
0.7039369685039369
20
0.2354401968503937
11
0.7045130314960629
21
0.2353834645669291
0
LINE
8
BLACK
6
CONTINUOUS
10
0.6869384251968503
20
0.2281859448818898
11
0.6857412992125984
21
0.2269888188976378
0
LINE
8
BLACK
6
CONTINUOUS
10
0.6857412992125984
20
0.2269888188976378
11
0.6843925590551181
21
0.2242913385826772
0
LINE
8
BLACK
6
CONTINUOUS
10
0.6843925590551181
20
0.2242913385826772
11
0.6843925590551181
21
0.2200611417322835
0
LINE
8
BLACK
6
CONTINUOUS
10
0.6843925590551181
20
0.2200611417322835
11
0.6857412992125984
21
0.2173636614173228
0
LINE
8
BLACK
6
CONTINUOUS
10
0.6857412992125984
20
0.2173636614173228
11
0.6869384251968503
21
0.2161665354330708
0
LINE
8
BLACK
6
CONTINUOUS
10
0.6869384251968503
20
0.2161665354330708
11
0.689635905511811
21
0.2148177952755906
0
LINE
8
BLACK
6
CONTINUOUS
10
0.689635905511811
20
0.2148177952755906
11
0.7009842125984251
21
0.2148177952755906
0
LINE
8
BLACK
6
CONTINUOUS
10
0.7009842125984251
20
0.2148177952755906
11
0.7009842125984251
21
0.2295346850393701
0
LINE
8
BLACK
6
CONTINUOUS
10
0.7009842125984251
20
0.2295346850393701
11
0.689635905511811
21
0.2295346850393701
0
LINE
8
BLACK
6
CONTINUOUS
10
0.689635905511811
20
0.2295346850393701
11
0.6869384251968503
21
0.2281859448818898
0
LINE
8
BLACK
6
CONTINUOUS
10
0.8151242125984252
20
0.2353834645669291
11
0.8161886220472441
21
0.2349425590551181
0
LINE
8
BLACK
6
CONTINUOUS
10
0.8161886220472441
20
0.2349425590551181
11
0.8170032677165354
21
0.2341279133858268
0
LINE
8
BLACK
6
CONTINUOUS
10
0.8170032677165354
20
0.2341279133858268
11
0.8174441732283464
21
0.2330635039370079
0
LINE
8
BLACK
6
CONTINUOUS
10
0.8174441732283464
20
0.2330635039370079
11
0.817500905511811
21
0.2324874409448819
0
LINE
8
BLACK
6
CONTINUOUS
10
0.817500905511811
20
0.2324874409448819
11
0.817500905511811
21
0.1931173622047244
0
LINE
8
BLACK
6
CONTINUOUS
10
0.817500905511811
20
0.1931173622047244
11
0.8174441732283464
21
0.1925412992125984
0
LINE
8
BLACK
6
CONTINUOUS
10
0.8174441732283464
20
0.1925412992125984
11
0.8170032677165354
21
0.1914768897637795
0
LINE
8
BLACK
6
CONTINUOUS
10
0.8170032677165354
20
0.1914768897637795
11
0.8161886220472441
21
0.1906622440944882
0
LINE
8
BLACK
6
CONTINUOUS
10
0.8161886220472441
20
0.1906622440944882
11
0.8151242125984252
21
0.1902213385826772
0
LINE
8
BLACK
6
CONTINUOUS
10
0.8151242125984252
20
0.1902213385826772
11
0.8139720866141732
21
0.1902213385826772
0
LINE
8
BLACK
6
CONTINUOUS
10
0.8139720866141732
20
0.1902213385826772
11
0.8129076771653543
21
0.1906622440944882
0
LINE
8
BLACK
6
CONTINUOUS
10
0.8129076771653543
20
0.1906622440944882
11
0.8120930314960629
21
0.1914768897637795
0
LINE
8
BLACK
6
CONTINUOUS
10
0.8120930314960629
20
0.1914768897637795
11
0.811652125984252
21
0.1925412992125984
0
LINE
8
BLACK
6
CONTINUOUS
10
0.811652125984252
20
0.1925412992125984
11
0.8115953937007874
21
0.1931173622047244
0
LINE
8
BLACK
6
CONTINUOUS
10
0.8115953937007874
20
0.1931173622047244
11
0.8115953937007874
21
0.2089122834645669
0
LINE
8
BLACK
6
CONTINUOUS
10
0.8115953937007874
20
0.2089122834645669
11
0.8067116929133858
21
0.2089122834645669
0
LINE
8
BLACK
6
CONTINUOUS
10
0.8067116929133858
20
0.2089122834645669
11
0.7944699606299213
21
0.1914240551181102
0
LINE
8
BLACK
6
CONTINUOUS
10
0.7944699606299213
20
0.1914240551181102
11
0.7940931496062992
21
0.1909846850393701
0
LINE
8
BLACK
6
CONTINUOUS
10
0.7940931496062992
20
0.1909846850393701
11
0.7931215354330708
21
0.1903655118110236
0
LINE
8
BLACK
6
CONTINUOUS
10
0.7931215354330708
20
0.1903655118110236
11
0.7919870078740158
21
0.1901653149606299
0
LINE
8
BLACK
6
CONTINUOUS
10
0.7919870078740158
20
0.1901653149606299
11
0.7908621653543307
21
0.1904144881889764
0
LINE
8
BLACK
6
CONTINUOUS
10
0.7908621653543307
20
0.1904144881889764
11
0.7899183070866141
21
0.1910751968503937
0
LINE
8
BLACK
6
CONTINUOUS
10
0.7899183070866141
20
0.1910751968503937
11
0.7892991338582677
21
0.192046811023622
0
LINE
8
BLACK
6
CONTINUOUS
10
0.7892991338582677
20
0.192046811023622
11
0.789098937007874
21
0.1931813385826772
0
LINE
8
BLACK
6
CONTINUOUS
10
0.789098937007874
20
0.1931813385826772
11
0.7893481102362204
21
0.1943061811023622
0
LINE
8
BLACK
6
CONTINUOUS
10
0.7893481102362204
20
0.1943061811023622
11
0.7896320078740158
21
0.1948106692913386
0
LINE
8
BLACK
6
CONTINUOUS
10
0.7896320078740158
20
0.1948106692913386
11
0.7995061417322834
21
0.2089166141732283
0
LINE
8
BLACK
6
CONTINUOUS
10
0.7995061417322834
20
0.2089166141732283
11
0.7989739763779528
21
0.2089690157480315
0
LINE
8
BLACK
6
CONTINUOUS
10
0.7989739763779528
20
0.2089690157480315
11
0.7988759842519685
21
0.2090096062992126
0
LINE
8
BLACK
6
CONTINUOUS
10
0.7988759842519685
20
0.2090096062992126
11
0.7987701181102362
21
0.209017125984252
0
LINE
8
BLACK
6
CONTINUOUS
10
0.7987701181102362
20
0.209017125984252
11
0.7982295275590551
21
0.2092240157480315
0
LINE
8
BLACK
6
CONTINUOUS
10
0.7982295275590551
20
0.2092240157480315
11
0.79448
21
0.211098779527559
0
LINE
8
BLACK
6
CONTINUOUS
10
0.79448
20
0.211098779527559
11
0.794231968503937
21
0.2112548818897638
0
LINE
8
BLACK
6
CONTINUOUS
10
0.794231968503937
20
0.2112548818897638
11
0.7941600393700787
21
0.2112846850393701
0
LINE
8
BLACK
6
CONTINUOUS
10
0.7941600393700787
20
0.2112846850393701
11
0.7940790551181102
21
0.2113511811023622
0
LINE
8
BLACK
6
CONTINUOUS
10
0.7940790551181102
20
0.2113511811023622
11
0.7939901181102362
21
0.211407125984252
0
LINE
8
BLACK
6
CONTINUOUS
10
0.7939901181102362
20
0.211407125984252
11
0.793938937007874
21
0.2114661417322835
0
LINE
8
BLACK
6
CONTINUOUS
10
0.793938937007874
20
0.2114661417322835
11
0.7937125984251968
21
0.2116518897637795
0
LINE
8
BLACK
6
CONTINUOUS
10
0.7937125984251968
20
0.2116518897637795
11
0.7918378346456693
21
0.2135266535433071
0
LINE
8
BLACK
6
CONTINUOUS
10
0.7918378346456693
20
0.2135266535433071
11
0.7916520472440944
21
0.213753031496063
0
LINE
8
BLACK
6
CONTINUOUS
10
0.7916520472440944
20
0.213753031496063
11
0.7915930708661417
21
0.2138041732283464
0
LINE
8
BLACK
6
CONTINUOUS
10
0.7915930708661417
20
0.2138041732283464
11
0.7915370866141732
21
0.2138931496062992
0
LINE
8
BLACK
6
CONTINUOUS
10
0.7915370866141732
20
0.2138931496062992
11
0.7914706299212598
21
0.213974094488189
0
LINE
8
BLACK
6
CONTINUOUS
10
0.7914706299212598
20
0.213974094488189
11
0.7914407874015748
21
0.214046062992126
0
LINE
8
BLACK
6
CONTINUOUS
10
0.7914407874015748
20
0.214046062992126
11
0.7912847244094487
21
0.2142940551181102
0
LINE
8
BLACK
6
CONTINUOUS
10
0.7912847244094487
20
0.2142940551181102
11
0.7894099606299212
21
0.2180435826771653
0
LINE
8
BLACK
6
CONTINUOUS
10
0.7894099606299212
20
0.2180435826771653
11
0.7892030708661417
21
0.2185842125984252
0
LINE
8
BLACK
6
CONTINUOUS
10
0.7892030708661417
20
0.2185842125984252
11
0.7891955511811023
21
0.2186900393700787
0
LINE
8
BLACK
6
CONTINUOUS
10
0.7891955511811023
20
0.2186900393700787
11
0.7891549606299212
21
0.218788031496063
0
LINE
8
BLACK
6
CONTINUOUS
10
0.7891549606299212
20
0.218788031496063
11
0.7890982283464567
21
0.219364094488189
0
LINE
8
BLACK
6
CONTINUOUS
10
0.7890982283464567
20
0.219364094488189
11
0.7890982283464567
21
0.2249883858267716
0
LINE
8
BLACK
6
CONTINUOUS
10
0.7890982283464567
20
0.2249883858267716
11
0.7891549606299212
21
0.2255644488188976
0
LINE
8
BLACK
6
CONTINUOUS
10
0.7891549606299212
20
0.2255644488188976
11
0.7891955511811023
21
0.2256624803149606
0
LINE
8
BLACK
6
CONTINUOUS
10
0.7891955511811023
20
0.2256624803149606
11
0.7892030708661417
21
0.2257682677165354
0
LINE
8
BLACK
6
CONTINUOUS
10
0.7892030708661417
20
0.2257682677165354
11
0.7894099606299212
21
0.2263088976377953
0
LINE
8
BLACK
6
CONTINUOUS
10
0.7894099606299212
20
0.2263088976377953
11
0.7912847244094487
21
0.2300584251968504
0
LINE
8
BLACK
6
CONTINUOUS
10
0.7912847244094487
20
0.2300584251968504
11
0.7914407874015748
21
0.2303064566929134
0
LINE
8
BLACK
6
CONTINUOUS
10
0.7914407874015748
20
0.2303064566929134
11
0.7914706299212598
21
0.2303783858267716
0
LINE
8
BLACK
6
CONTINUOUS
10
0.7914706299212598
20
0.2303783858267716
11
0.7915370866141732
21
0.2304593700787402
0
LINE
8
BLACK
6
CONTINUOUS
10
0.7915370866141732
20
0.2304593700787402
11
0.7915930708661417
21
0.2305483070866142
0
LINE
8
BLACK
6
CONTINUOUS
10
0.7915930708661417
20
0.2305483070866142
11
0.7916520472440944
21
0.2305994881889764
0
LINE
8
BLACK
6
CONTINUOUS
10
0.7916520472440944
20
0.2305994881889764
11
0.7918378346456693
21
0.2308258267716535
0
LINE
8
BLACK
6
CONTINUOUS
10
0.7918378346456693
20
0.2308258267716535
11
0.7937125984251968
21
0.2327005905511811
0
LINE
8
BLACK
6
CONTINUOUS
10
0.7937125984251968
20
0.2327005905511811
11
0.793938937007874
21
0.2328863779527559
0
LINE
8
BLACK
6
CONTINUOUS
10
0.793938937007874
20
0.2328863779527559
11
0.7939901181102362
21
0.2329453543307086
0
LINE
8
BLACK
6
CONTINUOUS
10
0.7939901181102362
20
0.2329453543307086
11
0.7940790551181102
21
0.2330013385826772
0
LINE
8
BLACK
6
CONTINUOUS
10
0.7940790551181102
20
0.2330013385826772
11
0.7941600393700787
21
0.2330677952755905
0
LINE
8
BLACK
6
CONTINUOUS
10
0.7941600393700787
20
0.2330677952755905
11
0.794231968503937
21
0.2330976377952756
0
LINE
8
BLACK
6
CONTINUOUS
10
0.794231968503937
20
0.2330976377952756
11
0.79448
21
0.2332537007874016
0
LINE
8
BLACK
6
CONTINUOUS
10
0.79448
20
0.2332537007874016
11
0.7982295275590551
21
0.2351284645669291
0
LINE
8
BLACK
6
CONTINUOUS
10
0.7982295275590551
20
0.2351284645669291
11
0.7987701181102362
21
0.2353353543307087
0
LINE
8
BLACK
6
CONTINUOUS
10
0.7987701181102362
20
0.2353353543307087
11
0.7988759842519685
21
0.2353429133858268
0
LINE
8
BLACK
6
CONTINUOUS
10
0.7988759842519685
20
0.2353429133858268
11
0.7989739763779528
21
0.2353834645669291
0
LINE
8
BLACK
6
CONTINUOUS
10
0.7989739763779528
20
0.2353834645669291
11
0.7995500393700787
21
0.2354401968503937
0
LINE
8
BLACK
6
CONTINUOUS
10
0.7995500393700787
20
0.2354401968503937
11
0.8145481496062992
21
0.2354401968503937
0
LINE
8
BLACK
6
CONTINUOUS
10
0.8145481496062992
20
0.2354401968503937
11
0.8151242125984252
21
0.2353834645669291
0
LINE
8
BLACK
6
CONTINUOUS
10
0.7975496062992126
20
0.2281859448818898
11
0.7963524803149606
21
0.2269888188976378
0
LINE
8
BLACK
6
CONTINUOUS
10
0.7963524803149606
20
0.2269888188976378
11
0.7950037401574803
21
0.2242913385826772
0
LINE
8
BLACK
6
CONTINUOUS
10
0.7950037401574803
20
0.2242913385826772
11
0.7950037401574803
21
0.2200611417322835
0
LINE
8
BLACK
6
CONTINUOUS
10
0.7950037401574803
20
0.2200611417322835
11
0.7963524803149606
21
0.2173636614173228
0
LINE
8
BLACK
6
CONTINUOUS
10
0.7963524803149606
20
0.2173636614173228
11
0.7975496062992126
21
0.2161665354330708
0
LINE
8
BLACK
6
CONTINUOUS
10
0.7975496062992126
20
0.2161665354330708
11
0.8002470866141732
21
0.2148177952755906
0
LINE
8
BLACK
6
CONTINUOUS
10
0.8002470866141732
20
0.2148177952755906
11
0.8115953937007874
21
0.2148177952755906
0
LINE
8
BLACK
6
CONTINUOUS
10
0.8115953937007874
20
0.2148177952755906
11
0.8115953937007874
21
0.2295346850393701
0
LINE
8
BLACK
6
CONTINUOUS
10
0.8115953937007874
20
0.2295346850393701
11
0.8002470866141732
21
0.2295346850393701
0
LINE
8
BLACK
6
CONTINUOUS
10
0.8002470866141732
20
0.2295346850393701
11
0.7975496062992126
21
0.2281859448818898
0
LINE
8
BLACK
6
CONTINUOUS
10
0.9088559448818897
20
0.2353502755905512
11
0.9090663779527559
21
0.2353353149606299
0
LINE
8
BLACK
6
CONTINUOUS
10
0.9090663779527559
20
0.2353353149606299
11
0.9093974803149606
21
0.2351697637795276
0
LINE
8
BLACK
6
CONTINUOUS
10
0.9093974803149606
20
0.2351697637795276
11
0.9097487401574803
21
0.2350526771653543
0
LINE
8
BLACK
6
CONTINUOUS
10
0.9097487401574803
20
0.2350526771653543
11
0.9099080708661417
21
0.2349144881889764
0
LINE
8
BLACK
6
CONTINUOUS
10
0.9099080708661417
20
0.2349144881889764
11
0.9100968110236221
21
0.2348201181102362
0
LINE
8
BLACK
6
CONTINUOUS
10
0.9100968110236221
20
0.2348201181102362
11
0.9103394488188976
21
0.2345403937007874
0
LINE
8
BLACK
6
CONTINUOUS
10
0.9103394488188976
20
0.2345403937007874
11
0.9106191338582676
21
0.2342977952755906
0
LINE
8
BLACK
6
CONTINUOUS
10
0.9106191338582676
20
0.2342977952755906
11
0.9107134251968504
21
0.2341091732283465
0
LINE
8
BLACK
6
CONTINUOUS
10
0.9107134251968504
20
0.2341091732283465
11
0.9108516929133859
21
0.2339497637795276
0
LINE
8
BLACK
6
CONTINUOUS
10
0.9108516929133859
20
0.2339497637795276
11
0.9110876771653543
21
0.2334211811023622
0
LINE
8
BLACK
6
CONTINUOUS
10
0.9110876771653543
20
0.2334211811023622
11
0.9242110236220472
21
0.1940511023622047
0
LINE
8
BLACK
6
CONTINUOUS
10
0.9242110236220472
20
0.1940511023622047
11
0.9243393700787401
21
0.1934866929133858
0
LINE
8
BLACK
6
CONTINUOUS
10
0.9243393700787401
20
0.1934866929133858
11
0.9242576771653543
21
0.1923374803149606
0
LINE
8
BLACK
6
CONTINUOUS
10
0.9242576771653543
20
0.1923374803149606
11
0.9237424803149606
21
0.1913070078740157
0
LINE
8
BLACK
6
CONTINUOUS
10
0.9237424803149606
20
0.1913070078740157
11
0.9228720866141732
21
0.190552125984252
0
LINE
8
BLACK
6
CONTINUOUS
10
0.9228720866141732
20
0.190552125984252
11
0.921779094488189
21
0.1901877952755905
0
LINE
8
BLACK
6
CONTINUOUS
10
0.921779094488189
20
0.1901877952755905
11
0.9206298818897638
21
0.1902694881889764
0
LINE
8
BLACK
6
CONTINUOUS
10
0.9206298818897638
20
0.1902694881889764
11
0.9195994488188977
21
0.1907847244094488
0
LINE
8
BLACK
6
CONTINUOUS
10
0.9195994488188977
20
0.1907847244094488
11
0.9188445669291339
21
0.1916550787401575
0
LINE
8
BLACK
6
CONTINUOUS
10
0.9188445669291339
20
0.1916550787401575
11
0.9186085826771654
21
0.1921836220472441
0
LINE
8
BLACK
6
CONTINUOUS
10
0.9186085826771654
20
0.1921836220472441
11
0.9155320472440944
21
0.2014132283464567
0
LINE
8
BLACK
6
CONTINUOUS
10
0.9155320472440944
20
0.2014132283464567
11
0.9010408661417323
21
0.2014132283464567
0
LINE
8
BLACK
6
CONTINUOUS
10
0.9010408661417323
20
0.2014132283464567
11
0.8979643307086614
21
0.1921836220472441
0
LINE
8
BLACK
6
CONTINUOUS
10
0.8979643307086614
20
0.1921836220472441
11
0.8977283464566929
21
0.1916550393700787
0
LINE
8
BLACK
6
CONTINUOUS
10
0.8977283464566929
20
0.1916550393700787
11
0.8969734645669292
21
0.1907846850393701
0
LINE
8
BLACK
6
CONTINUOUS
10
0.8969734645669292
20
0.1907846850393701
11
0.895943031496063
21
0.1902694881889764
0
LINE
8
BLACK
6
CONTINUOUS
10
0.895943031496063
20
0.1902694881889764
11
0.8947938188976378
21
0.1901877952755905
0
LINE
8
BLACK
6
CONTINUOUS
10
0.8947938188976378
20
0.1901877952755905
11
0.8937007874015748
21
0.190552125984252
0
LINE
8
BLACK
6
CONTINUOUS
10
0.8937007874015748
20
0.190552125984252
11
0.8928304330708661
21
0.1913070078740157
0
LINE
8
BLACK
6
CONTINUOUS
10
0.8928304330708661
20
0.1913070078740157
11
0.8923152362204724
21
0.1923374409448819
0
LINE
8
BLACK
6
CONTINUOUS
10
0.8923152362204724
20
0.1923374409448819
11
0.8922335433070866
21
0.1934866535433071
0
LINE
8
BLACK
6
CONTINUOUS
10
0.8922335433070866
20
0.1934866535433071
11
0.8923618897637795
21
0.1940511023622047
0
LINE
8
BLACK
6
CONTINUOUS
10
0.8923618897637795
20
0.1940511023622047
11
0.9054852362204724
21
0.2334211811023622
0
LINE
8
BLACK
6
CONTINUOUS
10
0.9054852362204724
20
0.2334211811023622
11
0.905721220472441
21
0.2339497244094488
0
LINE
8
BLACK
6
CONTINUOUS
10
0.905721220472441
20
0.2339497244094488
11
0.9058594094488189
21
0.234109094488189
0
LINE
8
BLACK
6
CONTINUOUS
10
0.9058594094488189
20
0.234109094488189
11
0.9059537795275591
21
0.2342977952755906
0
LINE
8
BLACK
6
CONTINUOUS
10
0.9059537795275591
20
0.2342977952755906
11
0.9062336220472441
21
0.2345405511811024
0
LINE
8
BLACK
6
CONTINUOUS
10
0.9062336220472441
20
0.2345405511811024
11
0.9064761023622047
21
0.2348200787401575
0
LINE
8
BLACK
6
CONTINUOUS
10
0.9064761023622047
20
0.2348200787401575
11
0.9066646456692913
21
0.2349143700787402
0
LINE
8
BLACK
6
CONTINUOUS
10
0.9066646456692913
20
0.2349143700787402
11
0.9068241338582677
21
0.2350526771653543
0
LINE
8
BLACK
6
CONTINUOUS
10
0.9068241338582677
20
0.2350526771653543
11
0.9071755118110236
21
0.2351698031496063
0
LINE
8
BLACK
6
CONTINUOUS
10
0.9071755118110236
20
0.2351698031496063
11
0.9075065354330708
21
0.2353353149606299
0
LINE
8
BLACK
6
CONTINUOUS
10
0.9075065354330708
20
0.2353353149606299
11
0.9077169291338583
21
0.2353502755905512
0
LINE
8
BLACK
6
CONTINUOUS
10
0.9077169291338583
20
0.2353502755905512
11
0.9079171653543306
21
0.2354170078740157
0
LINE
8
BLACK
6
CONTINUOUS
10
0.9079171653543306
20
0.2354170078740157
11
0.9082864566929134
21
0.2353907874015748
0
LINE
8
BLACK
6
CONTINUOUS
10
0.9082864566929134
20
0.2353907874015748
11
0.9086557480314961
21
0.2354170078740157
0
LINE
8
BLACK
6
CONTINUOUS
10
0.9086557480314961
20
0.2354170078740157
11
0.9088559448818897
21
0.2353502755905512
0
LINE
8
BLACK
6
CONTINUOUS
10
0.9030093700787402
20
0.2073187401574803
11
0.9135635433070866
21
0.2073187401574803
0
LINE
8
BLACK
6
CONTINUOUS
10
0.9135635433070866
20
0.2073187401574803
11
0.9082864566929134
21
0.2231500393700787
0
LINE
8
BLACK
6
CONTINUOUS
10
0.9082864566929134
20
0.2231500393700787
11
0.9030093700787402
21
0.2073187401574803
0
LINE
8
BLACK
6
CONTINUOUS
10
0.6318899212598426
20
0.23524
11
0.6328619291338583
21
0.2346214566929134
0
LINE
8
BLACK
6
CONTINUOUS
10
0.6328619291338583
20
0.2346214566929134
11
0.6335231889763779
21
0.2336779921259843
0
LINE
8
BLACK
6
CONTINUOUS
10
0.6335231889763779
20
0.2336779921259843
11
0.6337731102362204
21
0.2325533464566929
0
LINE
8
BLACK
6
CONTINUOUS
10
0.6337731102362204
20
0.2325533464566929
11
0.6335736614173229
21
0.2314186614173228
0
LINE
8
BLACK
6
CONTINUOUS
10
0.6335736614173229
20
0.2314186614173228
11
0.6333122440944882
21
0.2309022047244094
0
LINE
8
BLACK
6
CONTINUOUS
10
0.6333122440944882
20
0.2309022047244094
11
0.6206505118110236
21
0.2110051968503937
0
LINE
8
BLACK
6
CONTINUOUS
10
0.6206505118110236
20
0.2110051968503937
11
0.6206505118110236
21
0.1931173622047244
0
LINE
8
BLACK
6
CONTINUOUS
10
0.6206505118110236
20
0.1931173622047244
11
0.620593779527559
21
0.1925412992125984
0
LINE
8
BLACK
6
CONTINUOUS
10
0.620593779527559
20
0.1925412992125984
11
0.620152874015748
21
0.1914768897637795
0
LINE
8
BLACK
6
CONTINUOUS
10
0.620152874015748
20
0.1914768897637795
11
0.6193382283464567
21
0.1906622440944882
0
LINE
8
BLACK
6
CONTINUOUS
10
0.6193382283464567
20
0.1906622440944882
11
0.6182738188976378
21
0.1902213385826772
0
LINE
8
BLACK
6
CONTINUOUS
10
0.6182738188976378
20
0.1902213385826772
11
0.6171216929133858
21
0.1902213385826772
0
LINE
8
BLACK
6
CONTINUOUS
10
0.6171216929133858
20
0.1902213385826772
11
0.6160572834645669
21
0.1906622440944882
0
LINE
8
BLACK
6
CONTINUOUS
10
0.6160572834645669
20
0.1906622440944882
11
0.6152426377952755
21
0.1914768897637795
0
LINE
8
BLACK
6
CONTINUOUS
10
0.6152426377952755
20
0.1914768897637795
11
0.6148017322834646
21
0.1925412992125984
0
LINE
8
BLACK
6
CONTINUOUS
10
0.6148017322834646
20
0.1925412992125984
11
0.614745
21
0.1931173622047244
0
LINE
8
BLACK
6
CONTINUOUS
10
0.614745
20
0.1931173622047244
11
0.614745
21
0.211005157480315
0
LINE
8
BLACK
6
CONTINUOUS
10
0.614745
20
0.211005157480315
11
0.6020832677165354
21
0.2309021653543307
0
LINE
8
BLACK
6
CONTINUOUS
10
0.6020832677165354
20
0.2309021653543307
11
0.6018218897637795
21
0.2314186220472441
0
LINE
8
BLACK
6
CONTINUOUS
10
0.6018218897637795
20
0.2314186220472441
11
0.6016224015748032
21
0.2325533464566929
0
LINE
8
BLACK
6
CONTINUOUS
10
0.6016224015748032
20
0.2325533464566929
11
0.6018723228346456
21
0.2336779921259843
0
LINE
8
BLACK
6
CONTINUOUS
10
0.6018723228346456
20
0.2336779921259843
11
0.602533622047244
21
0.2346214173228346
0
LINE
8
BLACK
6
CONTINUOUS
10
0.602533622047244
20
0.2346214173228346
11
0.6035055905511811
21
0.2352399606299213
0
LINE
8
BLACK
6
CONTINUOUS
10
0.6035055905511811
20
0.2352399606299213
11
0.6046403149606299
21
0.2354394488188976
0
LINE
8
BLACK
6
CONTINUOUS
10
0.6046403149606299
20
0.2354394488188976
11
0.6057649606299212
21
0.2351895275590551
0
LINE
8
BLACK
6
CONTINUOUS
10
0.6057649606299212
20
0.2351895275590551
11
0.6067083858267717
21
0.2345282283464567
0
LINE
8
BLACK
6
CONTINUOUS
10
0.6067083858267717
20
0.2345282283464567
11
0.6070655511811024
21
0.2340727165354331
0
LINE
8
BLACK
6
CONTINUOUS
10
0.6070655511811024
20
0.2340727165354331
11
0.617697716535433
21
0.2173649606299213
0
LINE
8
BLACK
6
CONTINUOUS
10
0.617697716535433
20
0.2173649606299213
11
0.6283299606299212
21
0.2340727165354331
0
LINE
8
BLACK
6
CONTINUOUS
10
0.6283299606299212
20
0.2340727165354331
11
0.6286871259842519
21
0.2345282677165354
0
LINE
8
BLACK
6
CONTINUOUS
10
0.6286871259842519
20
0.2345282677165354
11
0.6296305511811023
21
0.2351895275590551
0
LINE
8
BLACK
6
CONTINUOUS
10
0.6296305511811023
20
0.2351895275590551
11
0.6307551968503937
21
0.2354394488188976
0
LINE
8
BLACK
6
CONTINUOUS
10
0.6307551968503937
20
0.2354394488188976
11
0.6318899212598426
21
0.23524
0
LINE
8
BLACK
6
CONTINUOUS
10
0.7813784251968504
20
0.2353834645669291
11
0.7824428346456693
21
0.2349425590551181
0
LINE
8
BLACK
6
CONTINUOUS
10
0.7824428346456693
20
0.2349425590551181
11
0.7832574803149606
21
0.2341279133858268
0
LINE
8
BLACK
6
CONTINUOUS
10
0.7832574803149606
20
0.2341279133858268
11
0.7836983858267716
21
0.2330635039370079
0
LINE
8
BLACK
6
CONTINUOUS
10
0.7836983858267716
20
0.2330635039370079
11
0.7836983858267716
21
0.2319113779527559
0
LINE
8
BLACK
6
CONTINUOUS
10
0.7836983858267716
20
0.2319113779527559
11
0.7832574803149606
21
0.230846968503937
0
LINE
8
BLACK
6
CONTINUOUS
10
0.7832574803149606
20
0.230846968503937
11
0.7824428346456693
21
0.2300323228346457
0
LINE
8
BLACK
6
CONTINUOUS
10
0.7824428346456693
20
0.2300323228346457
11
0.7813784251968504
21
0.2295914173228346
0
LINE
8
BLACK
6
CONTINUOUS
10
0.7813784251968504
20
0.2295914173228346
11
0.7808023622047244
21
0.2295346850393701
0
LINE
8
BLACK
6
CONTINUOUS
10
0.7808023622047244
20
0.2295346850393701
11
0.7725065354330708
21
0.2295346850393701
0
LINE
8
BLACK
6
CONTINUOUS
10
0.7725065354330708
20
0.2295346850393701
11
0.7725065354330708
21
0.1931173622047244
0
LINE
8
BLACK
6
CONTINUOUS
10
0.7725065354330708
20
0.1931173622047244
11
0.7724498031496063
21
0.1925412992125984
0
LINE
8
BLACK
6
CONTINUOUS
10
0.7724498031496063
20
0.1925412992125984
11
0.7720088976377952
21
0.1914768897637795
0
LINE
8
BLACK
6
CONTINUOUS
10
0.7720088976377952
20
0.1914768897637795
11
0.7711942519685039
21
0.1906622440944882
0
LINE
8
BLACK
6
CONTINUOUS
10
0.7711942519685039
20
0.1906622440944882
11
0.770129842519685
21
0.1902213385826772
0
LINE
8
BLACK
6
CONTINUOUS
10
0.770129842519685
20
0.1902213385826772
11
0.768977716535433
21
0.1902213385826772
0
LINE
8
BLACK
6
CONTINUOUS
10
0.768977716535433
20
0.1902213385826772
11
0.7679133070866142
21
0.1906622440944882
0
LINE
8
BLACK
6
CONTINUOUS
10
0.7679133070866142
20
0.1906622440944882
11
0.7670986614173229
21
0.1914768897637795
0
LINE
8
BLACK
6
CONTINUOUS
10
0.7670986614173229
20
0.1914768897637795
11
0.7666577559055118
21
0.1925412992125984
0
LINE
8
BLACK
6
CONTINUOUS
10
0.7666577559055118
20
0.1925412992125984
11
0.7666010236220472
21
0.1931173622047244
0
LINE
8
BLACK
6
CONTINUOUS
10
0.7666010236220472
20
0.1931173622047244
11
0.7666010236220472
21
0.2295346850393701
0
LINE
8
BLACK
6
CONTINUOUS
10
0.7666010236220472
20
0.2295346850393701
11
0.7583051968503937
21
0.2295346850393701
0
LINE
8
BLACK
6
CONTINUOUS
10
0.7583051968503937
20
0.2295346850393701
11
0.7577291338582677
21
0.2295914173228346
0
LINE
8
BLACK
6
CONTINUOUS
10
0.7577291338582677
20
0.2295914173228346
11
0.7566647244094488
21
0.2300323228346457
0
LINE
8
BLACK
6
CONTINUOUS
10
0.7566647244094488
20
0.2300323228346457
11
0.7558500787401574
21
0.230846968503937
0
LINE
8
BLACK
6
CONTINUOUS
10
0.7558500787401574
20
0.230846968503937
11
0.7554091732283464
21
0.2319113779527559
0
LINE
8
BLACK
6
CONTINUOUS
10
0.7554091732283464
20
0.2319113779527559
11
0.7554091732283464
21
0.2330635039370079
0
LINE
8
BLACK
6
CONTINUOUS
10
0.7554091732283464
20
0.2330635039370079
11
0.7558500787401574
21
0.2341279133858268
0
LINE
8
BLACK
6
CONTINUOUS
10
0.7558500787401574
20
0.2341279133858268
11
0.7566647244094488
21
0.2349425590551181
0
LINE
8
BLACK
6
CONTINUOUS
10
0.7566647244094488
20
0.2349425590551181
11
0.7577291338582677
21
0.2353834645669291
0
LINE
8
BLACK
6
CONTINUOUS
10
0.7577291338582677
20
0.2353834645669291
11
0.7583051968503937
21
0.2354401968503937
0
LINE
8
BLACK
6
CONTINUOUS
10
0.7583051968503937
20
0.2354401968503937
11
0.7808023622047244
21
0.2354401968503937
0
LINE
8
BLACK
6
CONTINUOUS
10
0.7808023622047244
20
0.2354401968503937
11
0.7813784251968504
21
0.2353834645669291
0
LINE
8
BLACK
6
CONTINUOUS
10
-0.017935
20
0.2447407874015748
11
-0.0168705905511811
21
0.2442998818897638
0
LINE
8
BLACK
6
CONTINUOUS
10
-0.0168705905511811
20
0.2442998818897638
11
-0.0160559448818898
21
0.2434852362204724
0
LINE
8
BLACK
6
CONTINUOUS
10
-0.0160559448818898
20
0.2434852362204724
11
-0.0156150393700787
21
0.2424208267716535
0
LINE
8
BLACK
6
CONTINUOUS
10
-0.0156150393700787
20
0.2424208267716535
11
-0.0156150393700787
21
0.2412687007874016
0
LINE
8
BLACK
6
CONTINUOUS
10
-0.0156150393700787
20
0.2412687007874016
11
-0.0160559448818898
21
0.2402042913385827
0
LINE
8
BLACK
6
CONTINUOUS
10
-0.0160559448818898
20
0.2402042913385827
11
-0.0168705905511811
21
0.2393896456692913
0
LINE
8
BLACK
6
CONTINUOUS
10
-0.0168705905511811
20
0.2393896456692913
11
-0.017935
21
0.2389487401574803
0
LINE
8
BLACK
6
CONTINUOUS
10
-0.017935
20
0.2389487401574803
11
-0.018511062992126
21
0.2388920078740157
0
LINE
8
BLACK
6
CONTINUOUS
10
-0.018511062992126
20
0.2388920078740157
11
-0.0361807480314961
21
0.2388920078740157
0
LINE
8
BLACK
6
CONTINUOUS
10
-0.0361807480314961
20
0.2388920078740157
11
-0.0361807480314961
21
0.2223003543307087
0
LINE
8
BLACK
6
CONTINUOUS
10
-0.0361807480314961
20
0.2223003543307087
11
-0.018511062992126
21
0.2223003543307087
0
LINE
8
BLACK
6
CONTINUOUS
10
-0.018511062992126
20
0.2223003543307087
11
-0.017935
21
0.2222436220472441
0
LINE
8
BLACK
6
CONTINUOUS
10
-0.017935
20
0.2222436220472441
11
-0.0168705905511811
21
0.2218027165354331
0
LINE
8
BLACK
6
CONTINUOUS
10
-0.0168705905511811
20
0.2218027165354331
11
-0.0160559448818898
21
0.2209880708661417
0
LINE
8
BLACK
6
CONTINUOUS
10
-0.0160559448818898
20
0.2209880708661417
11
-0.0156150393700787
21
0.2199236614173228
0
LINE
8
BLACK
6
CONTINUOUS
10
-0.0156150393700787
20
0.2199236614173228
11
-0.0156150393700787
21
0.2187715354330709
0
LINE
8
BLACK
6
CONTINUOUS
10
-0.0156150393700787
20
0.2187715354330709
11
-0.0160559448818898
21
0.217707125984252
0
LINE
8
BLACK
6
CONTINUOUS
10
-0.0160559448818898
20
0.217707125984252
11
-0.0168705905511811
21
0.2168924803149606
0
LINE
8
BLACK
6
CONTINUOUS
10
-0.0168705905511811
20
0.2168924803149606
11
-0.017935
21
0.2164515748031496
0
LINE
8
BLACK
6
CONTINUOUS
10
-0.017935
20
0.2164515748031496
11
-0.018511062992126
21
0.216394842519685
0
LINE
8
BLACK
6
CONTINUOUS
10
-0.018511062992126
20
0.216394842519685
11
-0.0578811417322835
21
0.216394842519685
0
LINE
8
BLACK
6
CONTINUOUS
10
-0.0578811417322835
20
0.216394842519685
11
-0.0584572047244094
21
0.2164515748031496
0
LINE
8
BLACK
6
CONTINUOUS
10
-0.0584572047244094
20
0.2164515748031496
11
-0.0595216141732283
21
0.2168924803149606
0
LINE
8
BLACK
6
CONTINUOUS
10
-0.0595216141732283
20
0.2168924803149606
11
-0.0603362598425197
21
0.217707125984252
0
LINE
8
BLACK
6
CONTINUOUS
10
-0.0603362598425197
20
0.217707125984252
11
-0.0607771653543307
21
0.2187715354330709
0
LINE
8
BLACK
6
CONTINUOUS
10
-0.0607771653543307
20
0.2187715354330709
11
-0.0607771653543307
21
0.2199236614173228
0
LINE
8
BLACK
6
CONTINUOUS
10
-0.0607771653543307
20
0.2199236614173228
11
-0.0603362598425197
21
0.2209880708661417
0
LINE
8
BLACK
6
CONTINUOUS
10
-0.0603362598425197
20
0.2209880708661417
11
-0.0595216141732283
21
0.2218027165354331
0
LINE
8
BLACK
6
CONTINUOUS
10
-0.0595216141732283
20
0.2218027165354331
11
-0.0584572047244094
21
0.2222436220472441
0
LINE
8
BLACK
6
CONTINUOUS
10
-0.0584572047244094
20
0.2222436220472441
11
-0.0578811417322835
21
0.2223003543307087
0
LINE
8
BLACK
6
CONTINUOUS
10
-0.0578811417322835
20
0.2223003543307087
11
-0.0420862598425197
21
0.2223003543307087
0
LINE
8
BLACK
6
CONTINUOUS
10
-0.0420862598425197
20
0.2223003543307087
11
-0.0420862598425197
21
0.2388920078740157
0
LINE
8
BLACK
6
CONTINUOUS
10
-0.0420862598425197
20
0.2388920078740157
11
-0.0578811417322835
21
0.2388920078740157
0
LINE
8
BLACK
6
CONTINUOUS
10
-0.0578811417322835
20
0.2388920078740157
11
-0.0584572047244094
21
0.2389487401574803
0
LINE
8
BLACK
6
CONTINUOUS
10
-0.0584572047244094
20
0.2389487401574803
11
-0.0595216141732283
21
0.2393896456692913
0
LINE
8
BLACK
6
CONTINUOUS
10
-0.0595216141732283
20
0.2393896456692913
11
-0.0603362598425197
21
0.2402042913385827
0
LINE
8
BLACK
6
CONTINUOUS
10
-0.0603362598425197
20
0.2402042913385827
11
-0.0607771653543307
21
0.2412687007874016
0
LINE
8
BLACK
6
CONTINUOUS
10
-0.0607771653543307
20
0.2412687007874016
11
-0.0607771653543307
21
0.2424208267716535
0
LINE
8
BLACK
6
CONTINUOUS
10
-0.0607771653543307
20
0.2424208267716535
11
-0.0603362598425197
21
0.2434852362204724
0
LINE
8
BLACK
6
CONTINUOUS
10
-0.0603362598425197
20
0.2434852362204724
11
-0.0595216141732283
21
0.2442998818897638
0
LINE
8
BLACK
6
CONTINUOUS
10
-0.0595216141732283
20
0.2442998818897638
11
-0.0584572047244094
21
0.2447407874015748
0
LINE
8
BLACK
6
CONTINUOUS
10
-0.0584572047244094
20
0.2447407874015748
11
-0.0578811417322835
21
0.2447975196850394
0
LINE
8
BLACK
6
CONTINUOUS
10
-0.0578811417322835
20
0.2447975196850394
11
-0.018511062992126
21
0.2447975196850394
0
LINE
8
BLACK
6
CONTINUOUS
10
-0.018511062992126
20
0.2447975196850394
11
-0.017935
21
0.2447407874015748
0
LINE
8
BLACK
6
CONTINUOUS
10
0.3846240551181102
20
0.2357606692913386
11
0.3856884645669291
21
0.2353197637795275
0
LINE
8
BLACK
6
CONTINUOUS
10
0.3856884645669291
20
0.2353197637795275
11
0.3865031102362205
21
0.2345051181102362
0
LINE
8
BLACK
6
CONTINUOUS
10
0.3865031102362205
20
0.2345051181102362
11
0.3869440157480315
21
0.2334407086614173
0
LINE
8
BLACK
6
CONTINUOUS
10
0.3869440157480315
20
0.2334407086614173
11
0.3869440157480315
21
0.2322885826771653
0
LINE
8
BLACK
6
CONTINUOUS
10
0.3869440157480315
20
0.2322885826771653
11
0.3865031102362205
21
0.2312241732283465
0
LINE
8
BLACK
6
CONTINUOUS
10
0.3865031102362205
20
0.2312241732283465
11
0.3856884645669291
21
0.2304095275590551
0
LINE
8
BLACK
6
CONTINUOUS
10
0.3856884645669291
20
0.2304095275590551
11
0.3846240551181102
21
0.2299686220472441
0
LINE
8
BLACK
6
CONTINUOUS
10
0.3846240551181102
20
0.2299686220472441
11
0.3840479921259842
21
0.2299118897637795
0
LINE
8
BLACK
6
CONTINUOUS
10
0.3840479921259842
20
0.2299118897637795
11
0.3659973622047244
21
0.2299118897637795
0
LINE
8
BLACK
6
CONTINUOUS
10
0.3659973622047244
20
0.2299118897637795
11
0.3632998818897638
21
0.2285631496062992
0
LINE
8
BLACK
6
CONTINUOUS
10
0.3632998818897638
20
0.2285631496062992
11
0.3621027559055118
21
0.2273660236220472
0
LINE
8
BLACK
6
CONTINUOUS
10
0.3621027559055118
20
0.2273660236220472
11
0.3607540157480315
21
0.2246685433070866
0
LINE
8
BLACK
6
CONTINUOUS
10
0.3607540157480315
20
0.2246685433070866
11
0.3607540157480315
21
0.221616062992126
0
LINE
8
BLACK
6
CONTINUOUS
10
0.3607540157480315
20
0.221616062992126
11
0.3606972834645669
21
0.22104
0
LINE
8
BLACK
6
CONTINUOUS
10
0.3606972834645669
20
0.22104
11
0.3602563779527559
21
0.2199755905511811
0
LINE
8
BLACK
6
CONTINUOUS
10
0.3602563779527559
20
0.2199755905511811
11
0.3594417322834645
21
0.2191609448818898
0
LINE
8
BLACK
6
CONTINUOUS
10
0.3594417322834645
20
0.2191609448818898
11
0.3583773228346457
21
0.2187200393700787
0
LINE
8
BLACK
6
CONTINUOUS
10
0.3583773228346457
20
0.2187200393700787
11
0.3572251968503937
21
0.2187200393700787
0
LINE
8
BLACK
6
CONTINUOUS
10
0.3572251968503937
20
0.2187200393700787
11
0.3561607874015748
21
0.2191609448818898
0
LINE
8
BLACK
6
CONTINUOUS
10
0.3561607874015748
20
0.2191609448818898
11
0.3553461417322835
21
0.2199755905511811
0
LINE
8
BLACK
6
CONTINUOUS
10
0.3553461417322835
20
0.2199755905511811
11
0.3549052362204724
21
0.22104
0
LINE
8
BLACK
6
CONTINUOUS
10
0.3549052362204724
20
0.22104
11
0.3548485039370078
21
0.221616062992126
0
LINE
8
BLACK
6
CONTINUOUS
10
0.3548485039370078
20
0.221616062992126
11
0.3548485039370078
21
0.2253655905511811
0
LINE
8
BLACK
6
CONTINUOUS
10
0.3548485039370078
20
0.2253655905511811
11
0.3549052362204724
21
0.2259416535433071
0
LINE
8
BLACK
6
CONTINUOUS
10
0.3549052362204724
20
0.2259416535433071
11
0.3549458267716535
21
0.2260396850393701
0
LINE
8
BLACK
6
CONTINUOUS
10
0.3549458267716535
20
0.2260396850393701
11
0.3549533464566929
21
0.2261454724409449
0
LINE
8
BLACK
6
CONTINUOUS
10
0.3549533464566929
20
0.2261454724409449
11
0.3551602362204724
21
0.2266861023622047
0
LINE
8
BLACK
6
CONTINUOUS
10
0.3551602362204724
20
0.2266861023622047
11
0.3568741732283465
21
0.2301140551181102
0
LINE
8
BLACK
6
CONTINUOUS
10
0.3568741732283465
20
0.2301140551181102
11
0.3561607874015748
21
0.2304095275590551
0
LINE
8
BLACK
6
CONTINUOUS
10
0.3561607874015748
20
0.2304095275590551
11
0.3553461417322835
21
0.2312241732283465
0
LINE
8
BLACK
6
CONTINUOUS
10
0.3553461417322835
20
0.2312241732283465
11
0.3549052362204724
21
0.2322885826771653
0
LINE
8
BLACK
6
CONTINUOUS
10
0.3549052362204724
20
0.2322885826771653
11
0.3549052362204724
21
0.2334407086614173
0
LINE
8
BLACK
6
CONTINUOUS
10
0.3549052362204724
20
0.2334407086614173
11
0.3553461417322835
21
0.2345051181102362
0
LINE
8
BLACK
6
CONTINUOUS
10
0.3553461417322835
20
0.2345051181102362
11
0.3561607874015748
21
0.2353197637795275
0
LINE
8
BLACK
6
CONTINUOUS
10
0.3561607874015748
20
0.2353197637795275
11
0.3572251968503937
21
0.2357606692913386
0
LINE
8
BLACK
6
CONTINUOUS
10
0.3572251968503937
20
0.2357606692913386
11
0.3578012598425197
21
0.2358174015748031
0
LINE
8
BLACK
6
CONTINUOUS
10
0.3578012598425197
20
0.2358174015748031
11
0.3840479921259842
21
0.2358174015748031
0
LINE
8
BLACK
6
CONTINUOUS
10
0.3840479921259842
20
0.2358174015748031
11
0.3846240551181102
21
0.2357606692913386
0
LINE
8
BLACK
6
CONTINUOUS
10
0.3789997244094488
20
0.271381220472441
11
0.3790977165354331
21
0.2713406299212598
0
LINE
8
BLACK
6
CONTINUOUS
10
0.3790977165354331
20
0.2713406299212598
11
0.3792035433070866
21
0.2713331102362205
0
LINE
8
BLACK
6
CONTINUOUS
10
0.3792035433070866
20
0.2713331102362205
11
0.3797441732283465
21
0.2711262204724409
0
LINE
8
BLACK
6
CONTINUOUS
10
0.3797441732283465
20
0.2711262204724409
11
0.3834937401574803
21
0.2692514566929134
0
LINE
8
BLACK
6
CONTINUOUS
10
0.3834937401574803
20
0.2692514566929134
11
0.3835900393700787
21
0.2691908267716535
0
LINE
8
BLACK
6
CONTINUOUS
10
0.3835900393700787
20
0.2691908267716535
11
0.3836355118110236
21
0.2691756692913386
0
LINE
8
BLACK
6
CONTINUOUS
10
0.3836355118110236
20
0.2691756692913386
11
0.3836920866141732
21
0.2691266141732284
0
LINE
8
BLACK
6
CONTINUOUS
10
0.3836920866141732
20
0.2691266141732284
11
0.3839835826771654
21
0.2689431102362205
0
LINE
8
BLACK
6
CONTINUOUS
10
0.3839835826771654
20
0.2689431102362205
11
0.384226062992126
21
0.2686635039370079
0
LINE
8
BLACK
6
CONTINUOUS
10
0.384226062992126
20
0.2686635039370079
11
0.384505905511811
21
0.2684208267716535
0
LINE
8
BLACK
6
CONTINUOUS
10
0.384505905511811
20
0.2684208267716535
11
0.3846894094488189
21
0.2681292913385827
0
LINE
8
BLACK
6
CONTINUOUS
10
0.3846894094488189
20
0.2681292913385827
11
0.3847384645669291
21
0.2680727165354331
0
LINE
8
BLACK
6
CONTINUOUS
10
0.3847384645669291
20
0.2680727165354331
11
0.3847535826771654
21
0.2680273228346456
0
LINE
8
BLACK
6
CONTINUOUS
10
0.3847535826771654
20
0.2680273228346456
11
0.3848142519685039
21
0.2679309448818897
0
LINE
8
BLACK
6
CONTINUOUS
10
0.3848142519685039
20
0.2679309448818897
11
0.3866890157480315
21
0.2641814173228346
0
LINE
8
BLACK
6
CONTINUOUS
10
0.3866890157480315
20
0.2641814173228346
11
0.386895905511811
21
0.2636408267716535
0
LINE
8
BLACK
6
CONTINUOUS
10
0.386895905511811
20
0.2636408267716535
11
0.3869034251968504
21
0.2635349606299213
0
LINE
8
BLACK
6
CONTINUOUS
10
0.3869034251968504
20
0.2635349606299213
11
0.3869440157480315
21
0.263436968503937
0
LINE
8
BLACK
6
CONTINUOUS
10
0.3869440157480315
20
0.263436968503937
11
0.387000748031496
21
0.262860905511811
0
LINE
8
BLACK
6
CONTINUOUS
10
0.387000748031496
20
0.262860905511811
11
0.387000748031496
21
0.2553618503937008
0
LINE
8
BLACK
6
CONTINUOUS
10
0.387000748031496
20
0.2553618503937008
11
0.3869440157480315
21
0.2547857874015748
0
LINE
8
BLACK
6
CONTINUOUS
10
0.3869440157480315
20
0.2547857874015748
11
0.3869034251968504
21
0.2546878346456693
0
LINE
8
BLACK
6
CONTINUOUS
10
0.3869034251968504
20
0.2546878346456693
11
0.386895905511811
21
0.2545819291338582
0
LINE
8
BLACK
6
CONTINUOUS
10
0.386895905511811
20
0.2545819291338582
11
0.3866890157480315
21
0.2540413385826771
0
LINE
8
BLACK
6
CONTINUOUS
10
0.3866890157480315
20
0.2540413385826771
11
0.3848142519685039
21
0.250291811023622
0
LINE
8
BLACK
6
CONTINUOUS
10
0.3848142519685039
20
0.250291811023622
11
0.384505905511811
21
0.2498019291338583
0
LINE
8
BLACK
6
CONTINUOUS
10
0.384505905511811
20
0.2498019291338583
11
0.3836355118110236
21
0.2490470866141732
0
LINE
8
BLACK
6
CONTINUOUS
10
0.3836355118110236
20
0.2490470866141732
11
0.3825425590551181
21
0.2486827559055118
0
LINE
8
BLACK
6
CONTINUOUS
10
0.3825425590551181
20
0.2486827559055118
11
0.3813933464566929
21
0.2487644094488189
0
LINE
8
BLACK
6
CONTINUOUS
10
0.3813933464566929
20
0.2487644094488189
11
0.3803628346456693
21
0.2492796456692913
0
LINE
8
BLACK
6
CONTINUOUS
10
0.3803628346456693
20
0.2492796456692913
11
0.3796079921259842
21
0.2501500393700787
0
LINE
8
BLACK
6
CONTINUOUS
10
0.3796079921259842
20
0.2501500393700787
11
0.3792436614173229
21
0.2512429921259842
0
LINE
8
BLACK
6
CONTINUOUS
10
0.3792436614173229
20
0.2512429921259842
11
0.3793253149606299
21
0.2523922047244094
0
LINE
8
BLACK
6
CONTINUOUS
10
0.3793253149606299
20
0.2523922047244094
11
0.3795322047244095
21
0.2529328346456693
0
LINE
8
BLACK
6
CONTINUOUS
10
0.3795322047244095
20
0.2529328346456693
11
0.3810952362204724
21
0.2560588976377953
0
LINE
8
BLACK
6
CONTINUOUS
10
0.3810952362204724
20
0.2560588976377953
11
0.3810952362204724
21
0.2621638582677165
0
LINE
8
BLACK
6
CONTINUOUS
10
0.3810952362204724
20
0.2621638582677165
11
0.3799723622047244
21
0.2644096062992126
0
LINE
8
BLACK
6
CONTINUOUS
10
0.3799723622047244
20
0.2644096062992126
11
0.3777266141732283
21
0.2655324409448819
0
LINE
8
BLACK
6
CONTINUOUS
10
0.3777266141732283
20
0.2655324409448819
11
0.3733452755905512
21
0.2655324409448819
0
LINE
8
BLACK
6
CONTINUOUS
10
0.3733452755905512
20
0.2655324409448819
11
0.3700705118110236
21
0.2491584645669291
0
LINE
8
BLACK
6
CONTINUOUS
10
0.3700705118110236
20
0.2491584645669291
11
0.3699018897637795
21
0.2486047244094488
0
LINE
8
BLACK
6
CONTINUOUS
10
0.3699018897637795
20
0.2486047244094488
11
0.3697408661417323
21
0.2483643700787402
0
LINE
8
BLACK
6
CONTINUOUS
10
0.3697408661417323
20
0.2483643700787402
11
0.3696301968503937
21
0.2480970866141732
0
LINE
8
BLACK
6
CONTINUOUS
10
0.3696301968503937
20
0.2480970866141732
11
0.3694234645669291
21
0.2478903937007874
0
LINE
8
BLACK
6
CONTINUOUS
10
0.3694234645669291
20
0.2478903937007874
11
0.3692607874015748
21
0.2476474409448819
0
LINE
8
BLACK
6
CONTINUOUS
10
0.3692607874015748
20
0.2476474409448819
11
0.3690200787401575
21
0.247486968503937
0
LINE
8
BLACK
6
CONTINUOUS
10
0.3690200787401575
20
0.247486968503937
11
0.3688155511811024
21
0.2472824409448819
0
LINE
8
BLACK
6
CONTINUOUS
10
0.3688155511811024
20
0.2472824409448819
11
0.3685454724409449
21
0.2471705905511811
0
LINE
8
BLACK
6
CONTINUOUS
10
0.3685454724409449
20
0.2471705905511811
11
0.3683022047244094
21
0.2470083858267716
0
LINE
8
BLACK
6
CONTINUOUS
10
0.3683022047244094
20
0.2470083858267716
11
0.3680183858267717
21
0.2469522440944882
0
LINE
8
BLACK
6
CONTINUOUS
10
0.3680183858267717
20
0.2469522440944882
11
0.3677511417322835
21
0.2468415354330709
0
LINE
8
BLACK
6
CONTINUOUS
10
0.3677511417322835
20
0.2468415354330709
11
0.3671750787401575
21
0.2467848031496063
0
LINE
8
BLACK
6
CONTINUOUS
10
0.3671750787401575
20
0.2467848031496063
11
0.3671720078740157
21
0.2467848031496063
0
LINE
8
BLACK
6
CONTINUOUS
10
0.3671720078740157
20
0.2467848031496063
11
0.3634255511811024
21
0.2467848031496063
0
LINE
8
BLACK
6
CONTINUOUS
10
0.3634255511811024
20
0.2467848031496063
11
0.3628494881889764
21
0.2468415354330709
0
LINE
8
BLACK
6
CONTINUOUS
10
0.3628494881889764
20
0.2468415354330709
11
0.3627514960629921
21
0.246882125984252
0
LINE
8
BLACK
6
CONTINUOUS
10
0.3627514960629921
20
0.246882125984252
11
0.3626456299212598
21
0.2468896456692913
0
LINE
8
BLACK
6
CONTINUOUS
10
0.3626456299212598
20
0.2468896456692913
11
0.3621050393700787
21
0.2470965354330709
0
LINE
8
BLACK
6
CONTINUOUS
10
0.3621050393700787
20
0.2470965354330709
11
0.3583555118110236
21
0.2489712992125984
0
LINE
8
BLACK
6
CONTINUOUS
10
0.3583555118110236
20
0.2489712992125984
11
0.3582591338582677
21
0.249031968503937
0
LINE
8
BLACK
6
CONTINUOUS
10
0.3582591338582677
20
0.249031968503937
11
0.3582137401574803
21
0.2490470866141732
0
LINE
8
BLACK
6
CONTINUOUS
10
0.3582137401574803
20
0.2490470866141732
11
0.3581571653543307
21
0.2490961417322834
0
LINE
8
BLACK
6
CONTINUOUS
10
0.3581571653543307
20
0.2490961417322834
11
0.3578656299212598
21
0.2492796456692913
0
LINE
8
BLACK
6
CONTINUOUS
10
0.3578656299212598
20
0.2492796456692913
11
0.357623031496063
21
0.2495593700787402
0
LINE
8
BLACK
6
CONTINUOUS
10
0.357623031496063
20
0.2495593700787402
11
0.3573433464566929
21
0.2498019291338583
0
LINE
8
BLACK
6
CONTINUOUS
10
0.3573433464566929
20
0.2498019291338583
11
0.3571598031496063
21
0.2500935039370079
0
LINE
8
BLACK
6
CONTINUOUS
10
0.3571598031496063
20
0.2500935039370079
11
0.3571107874015748
21
0.2501500393700787
0
LINE
8
BLACK
6
CONTINUOUS
10
0.3571107874015748
20
0.2501500393700787
11
0.3570956299212598
21
0.2501954724409449
0
LINE
8
BLACK
6
CONTINUOUS
10
0.3570956299212598
20
0.2501954724409449
11
0.357035
21
0.250291811023622
0
LINE
8
BLACK
6
CONTINUOUS
10
0.357035
20
0.250291811023622
11
0.3551602362204724
21
0.2540413385826771
0
LINE
8
BLACK
6
CONTINUOUS
10
0.3551602362204724
20
0.2540413385826771
11
0.3549533464566929
21
0.254581968503937
0
LINE
8
BLACK
6
CONTINUOUS
10
0.3549533464566929
20
0.254581968503937
11
0.3549458267716535
21
0.2546877952755905
0
LINE
8
BLACK
6
CONTINUOUS
10
0.3549458267716535
20
0.2546877952755905
11
0.3549052362204724
21
0.2547857874015748
0
LINE
8
BLACK
6
CONTINUOUS
10
0.3549052362204724
20
0.2547857874015748
11
0.3548485039370078
21
0.2553618503937008
0
LINE
8
BLACK
6
CONTINUOUS
10
0.3548485039370078
20
0.2553618503937008
11
0.3548485039370078
21
0.262860905511811
0
LINE
8
BLACK
6
CONTINUOUS
10
0.3548485039370078
20
0.262860905511811
11
0.3549052362204724
21
0.263436968503937
0
LINE
8
BLACK
6
CONTINUOUS
10
0.3549052362204724
20
0.263436968503937
11
0.3549458267716535
21
0.263535
0
LINE
8
BLACK
6
CONTINUOUS
10
0.3549458267716535
20
0.263535
11
0.3549533464566929
21
0.2636407874015748
0
LINE
8
BLACK
6
CONTINUOUS
10
0.3549533464566929
20
0.2636407874015748
11
0.3551602362204724
21
0.2641814173228346
0
LINE
8
BLACK
6
CONTINUOUS
10
0.3551602362204724
20
0.2641814173228346
11
0.357035
21
0.2679309448818897
0
LINE
8
BLACK
6
CONTINUOUS
10
0.357035
20
0.2679309448818897
11
0.3570956299212598
21
0.2680273228346456
0
LINE
8
BLACK
6
CONTINUOUS
10
0.3570956299212598
20
0.2680273228346456
11
0.3571107874015748
21
0.2680727165354331
0
LINE
8
BLACK
6
CONTINUOUS
10
0.3571107874015748
20
0.2680727165354331
11
0.3571598031496063
21
0.2681292913385827
0
LINE
8
BLACK
6
CONTINUOUS
10
0.3571598031496063
20
0.2681292913385827
11
0.3573433464566929
21
0.2684208267716535
0
LINE
8
BLACK
6
CONTINUOUS
10
0.3573433464566929
20
0.2684208267716535
11
0.357623031496063
21
0.2686634251968504
0
LINE
8
BLACK
6
CONTINUOUS
10
0.357623031496063
20
0.2686634251968504
11
0.3578656299212598
21
0.2689431102362205
0
LINE
8
BLACK
6
CONTINUOUS
10
0.3578656299212598
20
0.2689431102362205
11
0.3581571653543307
21
0.2691266535433071
0
LINE
8
BLACK
6
CONTINUOUS
10
0.3581571653543307
20
0.2691266535433071
11
0.3582137401574803
21
0.2691756692913386
0
LINE
8
BLACK
6
CONTINUOUS
10
0.3582137401574803
20
0.2691756692913386
11
0.3582591338582677
21
0.2691908267716535
0
LINE
8
BLACK
6
CONTINUOUS
10
0.3582591338582677
20
0.2691908267716535
11
0.3583555118110236
21
0.2692514566929134
0
LINE
8
BLACK
6
CONTINUOUS
10
0.3583555118110236
20
0.2692514566929134
11
0.3621050393700787
21
0.2711262204724409
0
LINE
8
BLACK
6
CONTINUOUS
10
0.3621050393700787
20
0.2711262204724409
11
0.3626456299212598
21
0.2713331102362205
0
LINE
8
BLACK
6
CONTINUOUS
10
0.3626456299212598
20
0.2713331102362205
11
0.3627514960629921
21
0.2713406692913386
0
LINE
8
BLACK
6
CONTINUOUS
10
0.3627514960629921
20
0.2713406692913386
11
0.3628494881889764
21
0.271381220472441
0
LINE
8
BLACK
6
CONTINUOUS
10
0.3628494881889764
20
0.271381220472441
11
0.3634255511811024
21
0.2714379527559055
0
LINE
8
BLACK
6
CONTINUOUS
10
0.3634255511811024
20
0.2714379527559055
11
0.3784236614173228
21
0.2714379527559055
0
LINE
8
BLACK
6
CONTINUOUS
10
0.3784236614173228
20
0.2714379527559055
11
0.3789997244094488
21
0.271381220472441
0
LINE
8
BLACK
6
CONTINUOUS
10
0.3618768503937008
20
0.2644096062992126
11
0.3607540157480315
21
0.2621638582677165
0
LINE
8
BLACK
6
CONTINUOUS
10
0.3607540157480315
20
0.2621638582677165
11
0.3607540157480315
21
0.2560588976377953
0
LINE
8
BLACK
6
CONTINUOUS
10
0.3607540157480315
20
0.2560588976377953
11
0.3618768503937008
21
0.2538131889763779
0
LINE
8
BLACK
6
CONTINUOUS
10
0.3618768503937008
20
0.2538131889763779
11
0.3641225984251968
21
0.2526903149606299
0
LINE
8
BLACK
6
CONTINUOUS
10
0.3641225984251968
20
0.2526903149606299
11
0.3647543700787402
21
0.2526903149606299
0
LINE
8
BLACK
6
CONTINUOUS
10
0.3647543700787402
20
0.2526903149606299
11
0.3673227952755905
21
0.2655324409448819
0
LINE
8
BLACK
6
CONTINUOUS
10
0.3673227952755905
20
0.2655324409448819
11
0.3641225984251968
21
0.2655324409448819
0
LINE
8
BLACK
6
CONTINUOUS
10
0.3641225984251968
20
0.2655324409448819
11
0.3618768503937008
21
0.2644096062992126
0
LINE
8
BLACK
6
CONTINUOUS
10
-0.0352834645669291
20
0.2860324803149606
11
-0.0352404330708661
21
0.2860388582677165
0
LINE
8
BLACK
6
CONTINUOUS
10
-0.0352404330708661
20
0.2860388582677165
11
-0.0350249606299213
21
0.2860070078740157
0
LINE
8
BLACK
6
CONTINUOUS
10
-0.0350249606299213
20
0.2860070078740157
11
-0.0348079133858268
21
0.2859856299212598
0
LINE
8
BLACK
6
CONTINUOUS
10
-0.0348079133858268
20
0.2859856299212598
11
-0.0347677165354331
21
0.2859690157480315
0
LINE
8
BLACK
6
CONTINUOUS
10
-0.0347677165354331
20
0.2859690157480315
11
-0.0346678346456693
21
0.2859542125984252
0
LINE
8
BLACK
6
CONTINUOUS
10
-0.0346678346456693
20
0.2859542125984252
11
-0.0271687795275591
21
0.2840794488188976
0
LINE
8
BLACK
6
CONTINUOUS
10
-0.0271687795275591
20
0.2840794488188976
11
-0.0271262992125984
21
0.2840642913385827
0
LINE
8
BLACK
6
CONTINUOUS
10
-0.0271262992125984
20
0.2840642913385827
11
-0.0271050393700787
21
0.2840627559055118
0
LINE
8
BLACK
6
CONTINUOUS
10
-0.0271050393700787
20
0.2840627559055118
11
-0.0268656299212598
21
0.2839711417322834
0
LINE
8
BLACK
6
CONTINUOUS
10
-0.0268656299212598
20
0.2839711417322834
11
-0.0266236614173228
21
0.2838846850393701
0
LINE
8
BLACK
6
CONTINUOUS
10
-0.0266236614173228
20
0.2838846850393701
11
-0.0266065354330709
21
0.2838720078740157
0
LINE
8
BLACK
6
CONTINUOUS
10
-0.0266065354330709
20
0.2838720078740157
11
-0.0265644094488189
21
0.2838558661417322
0
LINE
8
BLACK
6
CONTINUOUS
10
-0.0265644094488189
20
0.2838558661417322
11
-0.0228148818897638
21
0.2819811023622047
0
LINE
8
BLACK
6
CONTINUOUS
10
-0.0228148818897638
20
0.2819811023622047
11
-0.0225670078740157
21
0.2818250787401575
0
LINE
8
BLACK
6
CONTINUOUS
10
-0.0225670078740157
20
0.2818250787401575
11
-0.0224949606299213
21
0.2817952362204724
0
LINE
8
BLACK
6
CONTINUOUS
10
-0.0224949606299213
20
0.2817952362204724
11
-0.022413937007874
21
0.2817287401574803
0
LINE
8
BLACK
6
CONTINUOUS
10
-0.022413937007874
20
0.2817287401574803
11
-0.022325
21
0.2816727559055118
0
LINE
8
BLACK
6
CONTINUOUS
10
-0.022325
20
0.2816727559055118
11
-0.0222738582677165
21
0.2816137795275591
0
LINE
8
BLACK
6
CONTINUOUS
10
-0.0222738582677165
20
0.2816137795275591
11
-0.0220474803149606
21
0.2814279921259842
0
LINE
8
BLACK
6
CONTINUOUS
10
-0.0220474803149606
20
0.2814279921259842
11
-0.0182979133858268
21
0.2776784645669291
0
LINE
8
BLACK
6
CONTINUOUS
10
-0.0182979133858268
20
0.2776784645669291
11
-0.0179306692913386
21
0.2772310236220472
0
LINE
8
BLACK
6
CONTINUOUS
10
-0.0179306692913386
20
0.2772310236220472
11
-0.0178900787401575
21
0.2771329921259842
0
LINE
8
BLACK
6
CONTINUOUS
10
-0.0178900787401575
20
0.2771329921259842
11
-0.0178205905511811
21
0.277052874015748
0
LINE
8
BLACK
6
CONTINUOUS
10
-0.0178205905511811
20
0.277052874015748
11
-0.0175846062992126
21
0.2765242913385827
0
LINE
8
BLACK
6
CONTINUOUS
10
-0.0175846062992126
20
0.2765242913385827
11
-0.015709842519685
21
0.2709000393700787
0
LINE
8
BLACK
6
CONTINUOUS
10
-0.015709842519685
20
0.2709000393700787
11
-0.0156449212598425
21
0.2706144094488189
0
LINE
8
BLACK
6
CONTINUOUS
10
-0.0156449212598425
20
0.2706144094488189
11
-0.0156150393700787
21
0.2705423228346457
0
LINE
8
BLACK
6
CONTINUOUS
10
-0.0156150393700787
20
0.2705423228346457
11
-0.0156047637795276
21
0.270437874015748
0
LINE
8
BLACK
6
CONTINUOUS
10
-0.0156047637795276
20
0.270437874015748
11
-0.0155814960629921
21
0.2703355905511811
0
LINE
8
BLACK
6
CONTINUOUS
10
-0.0155814960629921
20
0.2703355905511811
11
-0.0155870472440945
21
0.270257874015748
0
LINE
8
BLACK
6
CONTINUOUS
10
-0.0155870472440945
20
0.270257874015748
11
-0.0155583070866142
21
0.2699662598425197
0
LINE
8
BLACK
6
CONTINUOUS
10
-0.0155583070866142
20
0.2699662598425197
11
-0.0155583070866142
21
0.2662167322834645
0
LINE
8
BLACK
6
CONTINUOUS
10
-0.0155583070866142
20
0.2662167322834645
11
-0.0155870472440945
21
0.265925157480315
0
LINE
8
BLACK
6
CONTINUOUS
10
-0.0155870472440945
20
0.265925157480315
11
-0.0155814960629921
21
0.2658474015748031
0
LINE
8
BLACK
6
CONTINUOUS
10
-0.0155814960629921
20
0.2658474015748031
11
-0.0156047637795276
21
0.265745157480315
0
LINE
8
BLACK
6
CONTINUOUS
10
-0.0156047637795276
20
0.265745157480315
11
-0.0156150393700787
21
0.2656406692913386
0
LINE
8
BLACK
6
CONTINUOUS
10
-0.0156150393700787
20
0.2656406692913386
11
-0.0156449212598425
21
0.2655686220472441
0
LINE
8
BLACK
6
CONTINUOUS
10
-0.0156449212598425
20
0.2655686220472441
11
-0.015709842519685
21
0.2652829527559055
0
LINE
8
BLACK
6
CONTINUOUS
10
-0.015709842519685
20
0.2652829527559055
11
-0.0175846062992126
21
0.2596587007874016
0
LINE
8
BLACK
6
CONTINUOUS
10
-0.0175846062992126
20
0.2596587007874016
11
-0.0178205905511811
21
0.2591301181102362
0
LINE
8
BLACK
6
CONTINUOUS
10
-0.0178205905511811
20
0.2591301181102362
11
-0.017890157480315
21
0.2590499606299212
0
LINE
8
BLACK
6
CONTINUOUS
10
-0.017890157480315
20
0.2590499606299212
11
-0.0179307086614173
21
0.258951968503937
0
LINE
8
BLACK
6
CONTINUOUS
10
-0.0179307086614173
20
0.258951968503937
11
-0.0182979527559055
21
0.2585044881889764
0
LINE
8
BLACK
6
CONTINUOUS
10
-0.0182979527559055
20
0.2585044881889764
11
-0.0201727559055118
21
0.2566297244094488
0
LINE
8
BLACK
6
CONTINUOUS
10
-0.0201727559055118
20
0.2566297244094488
11
-0.0206201968503937
21
0.2562625196850394
0
LINE
8
BLACK
6
CONTINUOUS
10
-0.0206201968503937
20
0.2562625196850394
11
-0.0212437007874016
21
0.2560042913385827
0
LINE
8
BLACK
6
CONTINUOUS
10
-0.0212437007874016
20
0.2560042913385827
11
-0.0216845669291339
21
0.2558216535433071
0
LINE
8
BLACK
6
CONTINUOUS
10
-0.0216845669291339
20
0.2558216535433071
11
-0.0222606299212598
21
0.2557649212598425
0
LINE
8
BLACK
6
CONTINUOUS
10
-0.0222606299212598
20
0.2557649212598425
11
-0.0353839763779528
21
0.2557649212598425
0
LINE
8
BLACK
6
CONTINUOUS
10
-0.0353839763779528
20
0.2557649212598425
11
-0.0359600393700787
21
0.2558216535433071
0
LINE
8
BLACK
6
CONTINUOUS
10
-0.0359600393700787
20
0.2558216535433071
11
-0.0370244488188976
21
0.2562625590551181
0
LINE
8
BLACK
6
CONTINUOUS
10
-0.0370244488188976
20
0.2562625590551181
11
-0.037839094488189
21
0.2570772047244094
0
LINE
8
BLACK
6
CONTINUOUS
10
-0.037839094488189
20
0.2570772047244094
11
-0.03828
21
0.2581416141732283
0
LINE
8
BLACK
6
CONTINUOUS
10
-0.03828
20
0.2581416141732283
11
-0.03828
21
0.2581416535433071
0
LINE
8
BLACK
6
CONTINUOUS
10
-0.03828
20
0.2581416535433071
11
-0.0383367322834646
21
0.2587176771653543
0
LINE
8
BLACK
6
CONTINUOUS
10
-0.0383367322834646
20
0.2587176771653543
11
-0.0383367322834646
21
0.2662167322834645
0
LINE
8
BLACK
6
CONTINUOUS
10
-0.0383367322834646
20
0.2662167322834645
11
-0.03828
21
0.2667927952755905
0
LINE
8
BLACK
6
CONTINUOUS
10
-0.03828
20
0.2667927952755905
11
-0.037839094488189
21
0.2678572047244094
0
LINE
8
BLACK
6
CONTINUOUS
10
-0.037839094488189
20
0.2678572047244094
11
-0.0370244488188976
21
0.2686718503937008
0
LINE
8
BLACK
6
CONTINUOUS
10
-0.0370244488188976
20
0.2686718503937008
11
-0.0359600393700787
21
0.2691127559055118
0
LINE
8
BLACK
6
CONTINUOUS
10
-0.0359600393700787
20
0.2691127559055118
11
-0.0348079133858268
21
0.2691127559055118
0
LINE
8
BLACK
6
CONTINUOUS
10
-0.0348079133858268
20
0.2691127559055118
11
-0.0337435039370079
21
0.2686718503937008
0
LINE
8
BLACK
6
CONTINUOUS
10
-0.0337435039370079
20
0.2686718503937008
11
-0.0329288582677165
21
0.2678572047244094
0
LINE
8
BLACK
6
CONTINUOUS
10
-0.0329288582677165
20
0.2678572047244094
11
-0.0324879527559055
21
0.2667927952755905
0
LINE
8
BLACK
6
CONTINUOUS
10
-0.0324879527559055
20
0.2667927952755905
11
-0.0324312204724409
21
0.2662167322834645
0
LINE
8
BLACK
6
CONTINUOUS
10
-0.0324312204724409
20
0.2662167322834645
11
-0.0324312204724409
21
0.2616704330708661
0
LINE
8
BLACK
6
CONTINUOUS
10
-0.0324312204724409
20
0.2616704330708661
11
-0.0234837007874016
21
0.2616704330708661
0
LINE
8
BLACK
6
CONTINUOUS
10
-0.0234837007874016
20
0.2616704330708661
11
-0.0229666141732283
21
0.2621875196850393
0
LINE
8
BLACK
6
CONTINUOUS
10
-0.0229666141732283
20
0.2621875196850393
11
-0.0214638188976378
21
0.2666958661417323
0
LINE
8
BLACK
6
CONTINUOUS
10
-0.0214638188976378
20
0.2666958661417323
11
-0.0214638188976378
21
0.269487125984252
0
LINE
8
BLACK
6
CONTINUOUS
10
-0.0214638188976378
20
0.269487125984252
11
-0.0229666141732283
21
0.2739955118110236
0
LINE
8
BLACK
6
CONTINUOUS
10
-0.0229666141732283
20
0.2739955118110236
11
-0.0258844881889764
21
0.2769133464566929
0
LINE
8
BLACK
6
CONTINUOUS
10
-0.0258844881889764
20
0.2769133464566929
11
-0.0289154724409449
21
0.2784288582677165
0
LINE
8
BLACK
6
CONTINUOUS
10
-0.0289154724409449
20
0.2784288582677165
11
-0.0357475196850394
21
0.2801368503937008
0
LINE
8
BLACK
6
CONTINUOUS
10
-0.0357475196850394
20
0.2801368503937008
11
-0.0406447244094488
21
0.2801368503937008
0
LINE
8
BLACK
6
CONTINUOUS
10
-0.0406447244094488
20
0.2801368503937008
11
-0.0474767716535433
21
0.2784288582677165
0
LINE
8
BLACK
6
CONTINUOUS
10
-0.0474767716535433
20
0.2784288582677165
11
-0.0505077559055118
21
0.2769133464566929
0
LINE
8
BLACK
6
CONTINUOUS
10
-0.0505077559055118
20
0.2769133464566929
11
-0.0534255905511811
21
0.2739955511811024
0
LINE
8
BLACK
6
CONTINUOUS
10
-0.0534255905511811
20
0.2739955511811024
11
-0.0549283858267717
21
0.269487125984252
0
LINE
8
BLACK
6
CONTINUOUS
10
-0.0549283858267717
20
0.269487125984252
11
-0.0549283858267717
21
0.2650390157480315
0
LINE
8
BLACK
6
CONTINUOUS
10
-0.0549283858267717
20
0.2650390157480315
11
-0.0533653543307087
21
0.2619129527559055
0
LINE
8
BLACK
6
CONTINUOUS
10
-0.0533653543307087
20
0.2619129527559055
11
-0.0531584645669291
21
0.2613723622047244
0
LINE
8
BLACK
6
CONTINUOUS
10
-0.0531584645669291
20
0.2613723622047244
11
-0.053076811023622
21
0.2602231496062992
0
LINE
8
BLACK
6
CONTINUOUS
10
-0.053076811023622
20
0.2602231496062992
11
-0.0534411417322835
21
0.259130157480315
0
LINE
8
BLACK
6
CONTINUOUS
10
-0.0534411417322835
20
0.259130157480315
11
-0.0541959842519685
21
0.2582598031496063
0
LINE
8
BLACK
6
CONTINUOUS
10
-0.0541959842519685
20
0.2582598031496063
11
-0.0552264960629921
21
0.2577445275590551
0
LINE
8
BLACK
6
CONTINUOUS
10
-0.0552264960629921
20
0.2577445275590551
11
-0.0563757086614173
21
0.257662874015748
0
LINE
8
BLACK
6
CONTINUOUS
10
-0.0563757086614173
20
0.257662874015748
11
-0.0574686614173228
21
0.2580272047244094
0
LINE
8
BLACK
6
CONTINUOUS
10
-0.0574686614173228
20
0.2580272047244094
11
-0.0583390551181102
21
0.2587820472440945
0
LINE
8
BLACK
6
CONTINUOUS
10
-0.0583390551181102
20
0.2587820472440945
11
-0.0586474015748032
21
0.2592719291338583
0
LINE
8
BLACK
6
CONTINUOUS
10
-0.0586474015748032
20
0.2592719291338583
11
-0.0605221653543307
21
0.2630214566929134
0
LINE
8
BLACK
6
CONTINUOUS
10
-0.0605221653543307
20
0.2630214566929134
11
-0.0607290551181102
21
0.2635620866141732
0
LINE
8
BLACK
6
CONTINUOUS
10
-0.0607290551181102
20
0.2635620866141732
11
-0.0607365748031496
21
0.2636679133858268
0
LINE
8
BLACK
6
CONTINUOUS
10
-0.0607365748031496
20
0.2636679133858268
11
-0.0607771653543307
21
0.263765905511811
0
LINE
8
BLACK
6
CONTINUOUS
10
-0.0607771653543307
20
0.263765905511811
11
-0.0608338976377953
21
0.264341968503937
0
LINE
8
BLACK
6
CONTINUOUS
10
-0.0608338976377953
20
0.264341968503937
11
-0.0608338976377953
21
0.2699662598425197
0
LINE
8
BLACK
6
CONTINUOUS
10
-0.0608338976377953
20
0.2699662598425197
11
-0.0608051968503937
21
0.2702578346456693
0
LINE
8
BLACK
6
CONTINUOUS
10
-0.0608051968503937
20
0.2702578346456693
11
-0.0608107086614173
21
0.2703355511811024
0
LINE
8
BLACK
6
CONTINUOUS
10
-0.0608107086614173
20
0.2703355511811024
11
-0.0607874803149606
21
0.2704378346456693
0
LINE
8
BLACK
6
CONTINUOUS
10
-0.0607874803149606
20
0.2704378346456693
11
-0.0607771653543307
21
0.2705423228346457
0
LINE
8
BLACK
6
CONTINUOUS
10
-0.0607771653543307
20
0.2705423228346457
11
-0.0607473228346457
21
0.2706144488188976
0
LINE
8
BLACK
6
CONTINUOUS
10
-0.0607473228346457
20
0.2706144488188976
11
-0.0606823622047244
21
0.2709
0
LINE
8
BLACK
6
CONTINUOUS
10
-0.0606823622047244
20
0.2709
11
-0.0588075984251968
21
0.2765242913385827
0
LINE
8
BLACK
6
CONTINUOUS
10
-0.0588075984251968
20
0.2765242913385827
11
-0.0585716141732283
21
0.2770528346456693
0
LINE
8
BLACK
6
CONTINUOUS
10
-0.0585716141732283
20
0.2770528346456693
11
-0.058502125984252
21
0.2771329921259842
0
LINE
8
BLACK
6
CONTINUOUS
10
-0.058502125984252
20
0.2771329921259842
11
-0.0584614960629921
21
0.2772310236220472
0
LINE
8
BLACK
6
CONTINUOUS
10
-0.0584614960629921
20
0.2772310236220472
11
-0.0580942913385827
21
0.2776784645669291
0
LINE
8
BLACK
6
CONTINUOUS
10
-0.0580942913385827
20
0.2776784645669291
11
-0.0543447637795276
21
0.2814279921259842
0
LINE
8
BLACK
6
CONTINUOUS
10
-0.0543447637795276
20
0.2814279921259842
11
-0.0541183858267716
21
0.2816138582677165
0
LINE
8
BLACK
6
CONTINUOUS
10
-0.0541183858267716
20
0.2816138582677165
11
-0.0540672440944882
21
0.2816727559055118
0
LINE
8
BLACK
6
CONTINUOUS
10
-0.0540672440944882
20
0.2816727559055118
11
-0.0539785039370079
21
0.2817286614173228
0
LINE
8
BLACK
6
CONTINUOUS
10
-0.0539785039370079
20
0.2817286614173228
11
-0.0538973228346457
21
0.2817952362204724
0
LINE
8
BLACK
6
CONTINUOUS
10
-0.0538973228346457
20
0.2817952362204724
11
-0.0538251968503937
21
0.2818251181102362
0
LINE
8
BLACK
6
CONTINUOUS
10
-0.0538251968503937
20
0.2818251181102362
11
-0.0535773622047244
21
0.2819811023622047
0
LINE
8
BLACK
6
CONTINUOUS
10
-0.0535773622047244
20
0.2819811023622047
11
-0.0498278346456693
21
0.2838558661417322
0
LINE
8
BLACK
6
CONTINUOUS
10
-0.0498278346456693
20
0.2838558661417322
11
-0.0497857480314961
21
0.2838720078740157
0
LINE
8
BLACK
6
CONTINUOUS
10
-0.0497857480314961
20
0.2838720078740157
11
-0.0497685826771654
21
0.2838846850393701
0
LINE
8
BLACK
6
CONTINUOUS
10
-0.0497685826771654
20
0.2838846850393701
11
-0.0495270078740157
21
0.2839710236220472
0
LINE
8
BLACK
6
CONTINUOUS
10
-0.0495270078740157
20
0.2839710236220472
11
-0.0492872440944882
21
0.2840627559055118
0
LINE
8
BLACK
6
CONTINUOUS
10
-0.0492872440944882
20
0.2840627559055118
11
-0.0492659842519685
21
0.2840642913385827
0
LINE
8
BLACK
6
CONTINUOUS
10
-0.0492659842519685
20
0.2840642913385827
11
-0.0492234645669291
21
0.2840794488188976
0
LINE
8
BLACK
6
CONTINUOUS
10
-0.0492234645669291
20
0.2840794488188976
11
-0.0417244094488189
21
0.2859542125984252
0
LINE
8
BLACK
6
CONTINUOUS
10
-0.0417244094488189
20
0.2859542125984252
11
-0.0416245669291339
21
0.2859690157480315
0
LINE
8
BLACK
6
CONTINUOUS
10
-0.0416245669291339
20
0.2859690157480315
11
-0.0415843307086614
21
0.2859856299212598
0
LINE
8
BLACK
6
CONTINUOUS
10
-0.0415843307086614
20
0.2859856299212598
11
-0.0413673228346457
21
0.2860070078740157
0
LINE
8
BLACK
6
CONTINUOUS
10
-0.0413673228346457
20
0.2860070078740157
11
-0.041151811023622
21
0.2860388582677165
0
LINE
8
BLACK
6
CONTINUOUS
10
-0.041151811023622
20
0.2860388582677165
11
-0.0411088188976378
21
0.2860324803149606
0
LINE
8
BLACK
6
CONTINUOUS
10
-0.0411088188976378
20
0.2860324803149606
11
-0.0410082677165354
21
0.2860423622047244
0
LINE
8
BLACK
6
CONTINUOUS
10
-0.0410082677165354
20
0.2860423622047244
11
-0.0353839763779528
21
0.2860423622047244
0
LINE
8
BLACK
6
CONTINUOUS
10
-0.0353839763779528
20
0.2860423622047244
11
-0.0352834645669291
21
0.2860324803149606
0
LINE
8
BLACK
6
CONTINUOUS
10
0.622658779527559
20
0.2828450787401575
11
0.6234734645669291
21
0.2820303937007874
0
LINE
8
BLACK
6
CONTINUOUS
10
0.6234734645669291
20
0.2820303937007874
11
0.6239143700787402
21
0.2809659842519685
0
LINE
8
BLACK
6
CONTINUOUS
10
0.6239143700787402
20
0.2809659842519685
11
0.6239143700787402
21
0.2798138976377953
0
LINE
8
BLACK
6
CONTINUOUS
10
0.6239143700787402
20
0.2798138976377953
11
0.6234734645669291
21
0.2787494881889764
0
LINE
8
BLACK
6
CONTINUOUS
10
0.6234734645669291
20
0.2787494881889764
11
0.6231062598425197
21
0.2783020472440945
0
LINE
8
BLACK
6
CONTINUOUS
10
0.6231062598425197
20
0.2783020472440945
11
0.6215703149606299
21
0.2767661023622047
0
LINE
8
BLACK
6
CONTINUOUS
10
0.6215703149606299
20
0.2767661023622047
11
0.6205700787401575
21
0.2747656692913386
0
LINE
8
BLACK
6
CONTINUOUS
10
0.6205700787401575
20
0.2747656692913386
11
0.6236593700787402
21
0.2685871259842519
0
LINE
8
BLACK
6
CONTINUOUS
10
0.6236593700787402
20
0.2685871259842519
11
0.6238662598425196
21
0.2680464960629921
0
LINE
8
BLACK
6
CONTINUOUS
10
0.6238662598425196
20
0.2680464960629921
11
0.6238811811023622
21
0.2678360236220472
0
LINE
8
BLACK
6
CONTINUOUS
10
0.6238811811023622
20
0.2678360236220472
11
0.6239479133858268
21
0.267635905511811
0
LINE
8
BLACK
6
CONTINUOUS
10
0.6239479133858268
20
0.267635905511811
11
0.6239216535433071
21
0.2672666141732283
0
LINE
8
BLACK
6
CONTINUOUS
10
0.6239216535433071
20
0.2672666141732283
11
0.6239479133858268
21
0.2668972834645669
0
LINE
8
BLACK
6
CONTINUOUS
10
0.6239479133858268
20
0.2668972834645669
11
0.6238811811023622
21
0.2666972047244094
0
LINE
8
BLACK
6
CONTINUOUS
10
0.6238811811023622
20
0.2666972047244094
11
0.6238662598425196
21
0.2664866929133858
0
LINE
8
BLACK
6
CONTINUOUS
10
0.6238662598425196
20
0.2664866929133858
11
0.6236593700787402
21
0.2659461023622047
0
LINE
8
BLACK
6
CONTINUOUS
10
0.6236593700787402
20
0.2659461023622047
11
0.6217846062992126
21
0.2621965748031496
0
LINE
8
BLACK
6
CONTINUOUS
10
0.6217846062992126
20
0.2621965748031496
11
0.6216285039370079
21
0.2619485826771654
0
LINE
8
BLACK
6
CONTINUOUS
10
0.6216285039370079
20
0.2619485826771654
11
0.6215987007874015
21
0.2618766141732283
0
LINE
8
BLACK
6
CONTINUOUS
10
0.6215987007874015
20
0.2618766141732283
11
0.6215322047244094
21
0.2617956692913386
0
LINE
8
BLACK
6
CONTINUOUS
10
0.6215322047244094
20
0.2617956692913386
11
0.6214762598425196
21
0.2617066929133858
0
LINE
8
BLACK
6
CONTINUOUS
10
0.6214762598425196
20
0.2617066929133858
11
0.6214172440944882
21
0.2616555511811023
0
LINE
8
BLACK
6
CONTINUOUS
10
0.6214172440944882
20
0.2616555511811023
11
0.6212314960629921
21
0.2614291732283465
0
LINE
8
BLACK
6
CONTINUOUS
10
0.6212314960629921
20
0.2614291732283465
11
0.6193567322834646
21
0.2595544094488189
0
LINE
8
BLACK
6
CONTINUOUS
10
0.6193567322834646
20
0.2595544094488189
11
0.6189092913385826
21
0.2591872047244094
0
LINE
8
BLACK
6
CONTINUOUS
10
0.6189092913385826
20
0.2591872047244094
11
0.6178448425196851
21
0.2587462992125984
0
LINE
8
BLACK
6
CONTINUOUS
10
0.6178448425196851
20
0.2587462992125984
11
0.6166927952755905
21
0.2587462992125984
0
LINE
8
BLACK
6
CONTINUOUS
10
0.6166927952755905
20
0.2587462992125984
11
0.615628346456693
21
0.2591872047244094
0
LINE
8
BLACK
6
CONTINUOUS
10
0.615628346456693
20
0.2591872047244094
11
0.6148137007874016
21
0.2600018503937008
0
LINE
8
BLACK
6
CONTINUOUS
10
0.6148137007874016
20
0.2600018503937008
11
0.6143727952755905
21
0.2610662992125984
0
LINE
8
BLACK
6
CONTINUOUS
10
0.6143727952755905
20
0.2610662992125984
11
0.6143727952755905
21
0.2622183464566929
0
LINE
8
BLACK
6
CONTINUOUS
10
0.6143727952755905
20
0.2622183464566929
11
0.6148137007874016
21
0.2632827952755906
0
LINE
8
BLACK
6
CONTINUOUS
10
0.6148137007874016
20
0.2632827952755906
11
0.615180905511811
21
0.2637302362204724
0
LINE
8
BLACK
6
CONTINUOUS
10
0.615180905511811
20
0.2637302362204724
11
0.6167168503937007
21
0.2652661811023622
0
LINE
8
BLACK
6
CONTINUOUS
10
0.6167168503937007
20
0.2652661811023622
11
0.6177170472440945
21
0.2672666141732283
0
LINE
8
BLACK
6
CONTINUOUS
10
0.6177170472440945
20
0.2672666141732283
11
0.6146277952755905
21
0.2734451574803149
0
LINE
8
BLACK
6
CONTINUOUS
10
0.6146277952755905
20
0.2734451574803149
11
0.6144209055118111
21
0.2739857874015748
0
LINE
8
BLACK
6
CONTINUOUS
10
0.6144209055118111
20
0.2739857874015748
11
0.6144059448818897
21
0.2741962598425197
0
LINE
8
BLACK
6
CONTINUOUS
10
0.6144059448818897
20
0.2741962598425197
11
0.6143392519685039
21
0.2743963385826771
0
LINE
8
BLACK
6
CONTINUOUS
10
0.6143392519685039
20
0.2743963385826771
11
0.6143654724409449
21
0.2747656692913386
0
LINE
8
BLACK
6
CONTINUOUS
10
0.6143654724409449
20
0.2747656692913386
11
0.6143392519685039
21
0.275135
0
LINE
8
BLACK
6
CONTINUOUS
10
0.6143392519685039
20
0.275135
11
0.6144059448818897
21
0.2753351181102362
0
LINE
8
BLACK
6
CONTINUOUS
10
0.6144059448818897
20
0.2753351181102362
11
0.6144209055118111
21
0.2755455511811024
0
LINE
8
BLACK
6
CONTINUOUS
10
0.6144209055118111
20
0.2755455511811024
11
0.6146277952755905
21
0.2760861811023622
0
LINE
8
BLACK
6
CONTINUOUS
10
0.6146277952755905
20
0.2760861811023622
11
0.6165025590551181
21
0.2798357086614173
0
LINE
8
BLACK
6
CONTINUOUS
10
0.6165025590551181
20
0.2798357086614173
11
0.6166586220472441
21
0.2800837401574803
0
LINE
8
BLACK
6
CONTINUOUS
10
0.6166586220472441
20
0.2800837401574803
11
0.6166884645669292
21
0.2801556692913386
0
LINE
8
BLACK
6
CONTINUOUS
10
0.6166884645669292
20
0.2801556692913386
11
0.6167549212598425
21
0.2802366535433071
0
LINE
8
BLACK
6
CONTINUOUS
10
0.6167549212598425
20
0.2802366535433071
11
0.6168109055118111
21
0.2803255905511811
0
LINE
8
BLACK
6
CONTINUOUS
10
0.6168109055118111
20
0.2803255905511811
11
0.6168698818897638
21
0.2803767716535433
0
LINE
8
BLACK
6
CONTINUOUS
10
0.6168698818897638
20
0.2803767716535433
11
0.6170556692913386
21
0.2806031102362205
0
LINE
8
BLACK
6
CONTINUOUS
10
0.6170556692913386
20
0.2806031102362205
11
0.6189304330708661
21
0.282477874015748
0
LINE
8
BLACK
6
CONTINUOUS
10
0.6189304330708661
20
0.282477874015748
11
0.6193778740157481
21
0.2828450787401575
0
LINE
8
BLACK
6
CONTINUOUS
10
0.6193778740157481
20
0.2828450787401575
11
0.6204422834645669
21
0.2832859842519685
0
LINE
8
BLACK
6
CONTINUOUS
10
0.6204422834645669
20
0.2832859842519685
11
0.6215943700787402
21
0.2832859842519685
0
LINE
8
BLACK
6
CONTINUOUS
10
0.6215943700787402
20
0.2832859842519685
11
0.622658779527559
21
0.2828450787401575
0
LINE
8
BLACK
6
CONTINUOUS
10
0.3977474015748031
20
0.3051270078740158
11
0.3988118110236221
21
0.3046861023622047
0
LINE
8
BLACK
6
CONTINUOUS
10
0.3988118110236221
20
0.3046861023622047
11
0.3996264566929134
21
0.3038714566929134
0
LINE
8
BLACK
6
CONTINUOUS
10
0.3996264566929134
20
0.3038714566929134
11
0.4000673622047244
21
0.3028070472440945
0
LINE
8
BLACK
6
CONTINUOUS
10
0.4000673622047244
20
0.3028070472440945
11
0.4000673622047244
21
0.3016549212598425
0
LINE
8
BLACK
6
CONTINUOUS
10
0.4000673622047244
20
0.3016549212598425
11
0.3996264566929134
21
0.3005905118110236
0
LINE
8
BLACK
6
CONTINUOUS
10
0.3996264566929134
20
0.3005905118110236
11
0.3988118110236221
21
0.2997758661417323
0
LINE
8
BLACK
6
CONTINUOUS
10
0.3988118110236221
20
0.2997758661417323
11
0.3977474015748031
21
0.2993349606299213
0
LINE
8
BLACK
6
CONTINUOUS
10
0.3977474015748031
20
0.2993349606299213
11
0.3971713385826772
21
0.2992782283464567
0
LINE
8
BLACK
6
CONTINUOUS
10
0.3971713385826772
20
0.2992782283464567
11
0.3868894488188976
21
0.2992782283464567
0
LINE
8
BLACK
6
CONTINUOUS
10
0.3868894488188976
20
0.2992782283464567
11
0.386895905511811
21
0.2992613779527559
0
LINE
8
BLACK
6
CONTINUOUS
10
0.386895905511811
20
0.2992613779527559
11
0.3869034251968504
21
0.2991555118110236
0
LINE
8
BLACK
6
CONTINUOUS
10
0.3869034251968504
20
0.2991555118110236
11
0.3869440157480315
21
0.2990575196850394
0
LINE
8
BLACK
6
CONTINUOUS
10
0.3869440157480315
20
0.2990575196850394
11
0.387000748031496
21
0.2984814566929134
0
LINE
8
BLACK
6
CONTINUOUS
10
0.387000748031496
20
0.2984814566929134
11
0.387000748031496
21
0.2909824015748032
0
LINE
8
BLACK
6
CONTINUOUS
10
0.387000748031496
20
0.2909824015748032
11
0.3869440157480315
21
0.2904063385826772
0
LINE
8
BLACK
6
CONTINUOUS
10
0.3869440157480315
20
0.2904063385826772
11
0.3869034251968504
21
0.2903083858267717
0
LINE
8
BLACK
6
CONTINUOUS
10
0.3869034251968504
20
0.2903083858267717
11
0.386895905511811
21
0.2902024803149606
0
LINE
8
BLACK
6
CONTINUOUS
10
0.386895905511811
20
0.2902024803149606
11
0.3866890157480315
21
0.2896618897637795
0
LINE
8
BLACK
6
CONTINUOUS
10
0.3866890157480315
20
0.2896618897637795
11
0.3848142519685039
21
0.2859123622047244
0
LINE
8
BLACK
6
CONTINUOUS
10
0.3848142519685039
20
0.2859123622047244
11
0.3846581496062992
21
0.2856643700787401
0
LINE
8
BLACK
6
CONTINUOUS
10
0.3846581496062992
20
0.2856643700787401
11
0.3846283464566929
21
0.2855924015748031
0
LINE
8
BLACK
6
CONTINUOUS
10
0.3846283464566929
20
0.2855924015748031
11
0.3845618897637795
21
0.2855114566929134
0
LINE
8
BLACK
6
CONTINUOUS
10
0.3845618897637795
20
0.2855114566929134
11
0.384505905511811
21
0.2854224803149606
0
LINE
8
BLACK
6
CONTINUOUS
10
0.384505905511811
20
0.2854224803149606
11
0.3844468503937008
21
0.2853712992125984
0
LINE
8
BLACK
6
CONTINUOUS
10
0.3844468503937008
20
0.2853712992125984
11
0.3842611023622047
21
0.2851449212598425
0
LINE
8
BLACK
6
CONTINUOUS
10
0.3842611023622047
20
0.2851449212598425
11
0.3823862992125984
21
0.283270157480315
0
LINE
8
BLACK
6
CONTINUOUS
10
0.3823862992125984
20
0.283270157480315
11
0.3821599606299212
21
0.2830844488188976
0
LINE
8
BLACK
6
CONTINUOUS
10
0.3821599606299212
20
0.2830844488188976
11
0.3821088188976378
21
0.2830254330708661
0
LINE
8
BLACK
6
CONTINUOUS
10
0.3821088188976378
20
0.2830254330708661
11
0.3820198818897638
21
0.2829694881889764
0
LINE
8
BLACK
6
CONTINUOUS
10
0.3820198818897638
20
0.2829694881889764
11
0.3819388582677165
21
0.2829029527559055
0
LINE
8
BLACK
6
CONTINUOUS
10
0.3819388582677165
20
0.2829029527559055
11
0.381866811023622
21
0.2828731496062992
0
LINE
8
BLACK
6
CONTINUOUS
10
0.381866811023622
20
0.2828731496062992
11
0.381618937007874
21
0.2827170866141732
0
LINE
8
BLACK
6
CONTINUOUS
10
0.381618937007874
20
0.2827170866141732
11
0.3778694094488189
21
0.2808423228346457
0
LINE
8
BLACK
6
CONTINUOUS
10
0.3778694094488189
20
0.2808423228346457
11
0.3773287795275591
21
0.2806354330708661
0
LINE
8
BLACK
6
CONTINUOUS
10
0.3773287795275591
20
0.2806354330708661
11
0.3772229527559055
21
0.2806279527559055
0
LINE
8
BLACK
6
CONTINUOUS
10
0.3772229527559055
20
0.2806279527559055
11
0.3771249606299212
21
0.2805873228346457
0
LINE
8
BLACK
6
CONTINUOUS
10
0.3771249606299212
20
0.2805873228346457
11
0.3765488976377953
21
0.2805305905511811
0
LINE
8
BLACK
6
CONTINUOUS
10
0.3765488976377953
20
0.2805305905511811
11
0.3653003149606299
21
0.2805305905511811
0
LINE
8
BLACK
6
CONTINUOUS
10
0.3653003149606299
20
0.2805305905511811
11
0.3647242519685039
21
0.2805873228346457
0
LINE
8
BLACK
6
CONTINUOUS
10
0.3647242519685039
20
0.2805873228346457
11
0.3646262598425197
21
0.2806279133858268
0
LINE
8
BLACK
6
CONTINUOUS
10
0.3646262598425197
20
0.2806279133858268
11
0.3645203937007874
21
0.2806354330708661
0
LINE
8
BLACK
6
CONTINUOUS
10
0.3645203937007874
20
0.2806354330708661
11
0.3639798031496063
21
0.2808423228346457
0
LINE
8
BLACK
6
CONTINUOUS
10
0.3639798031496063
20
0.2808423228346457
11
0.3602302755905512
21
0.2827170866141732
0
LINE
8
BLACK
6
CONTINUOUS
10
0.3602302755905512
20
0.2827170866141732
11
0.3599822440944882
21
0.2828731889763779
0
LINE
8
BLACK
6
CONTINUOUS
10
0.3599822440944882
20
0.2828731889763779
11
0.3599103149606299
21
0.2829029921259842
0
LINE
8
BLACK
6
CONTINUOUS
10
0.3599103149606299
20
0.2829029921259842
11
0.3598293307086614
21
0.2829694881889764
0
LINE
8
BLACK
6
CONTINUOUS
10
0.3598293307086614
20
0.2829694881889764
11
0.3597403937007874
21
0.2830254330708661
0
LINE
8
BLACK
6
CONTINUOUS
10
0.3597403937007874
20
0.2830254330708661
11
0.3596892125984252
21
0.2830844488188976
0
LINE
8
BLACK
6
CONTINUOUS
10
0.3596892125984252
20
0.2830844488188976
11
0.359462874015748
21
0.2832701968503937
0
LINE
8
BLACK
6
CONTINUOUS
10
0.359462874015748
20
0.2832701968503937
11
0.3575881102362204
21
0.2851449606299212
0
LINE
8
BLACK
6
CONTINUOUS
10
0.3575881102362204
20
0.2851449606299212
11
0.3574023228346457
21
0.2853713385826772
0
LINE
8
BLACK
6
CONTINUOUS
10
0.3574023228346457
20
0.2853713385826772
11
0.3573433464566929
21
0.2854224803149606
0
LINE
8
BLACK
6
CONTINUOUS
10
0.3573433464566929
20
0.2854224803149606
11
0.3572873622047244
21
0.2855114566929134
0
LINE
8
BLACK
6
CONTINUOUS
10
0.3572873622047244
20
0.2855114566929134
11
0.357220905511811
21
0.2855924015748031
0
LINE
8
BLACK
6
CONTINUOUS
10
0.357220905511811
20
0.2855924015748031
11
0.357191062992126
21
0.2856643700787401
0
LINE
8
BLACK
6
CONTINUOUS
10
0.357191062992126
20
0.2856643700787401
11
0.357035
21
0.2859123622047244
0
LINE
8
BLACK
6
CONTINUOUS
10
0.357035
20
0.2859123622047244
11
0.3551602362204724
21
0.2896618897637795
0
LINE
8
BLACK
6
CONTINUOUS
10
0.3551602362204724
20
0.2896618897637795
11
0.3549533464566929
21
0.2902025196850394
0
LINE
8
BLACK
6
CONTINUOUS
10
0.3549533464566929
20
0.2902025196850394
11
0.3549458267716535
21
0.2903083464566929
0
LINE
8
BLACK
6
CONTINUOUS
10
0.3549458267716535
20
0.2903083464566929
11
0.3549052362204724
21
0.2904063385826772
0
LINE
8
BLACK
6
CONTINUOUS
10
0.3549052362204724
20
0.2904063385826772
11
0.3548485039370078
21
0.2909824015748032
0
LINE
8
BLACK
6
CONTINUOUS
10
0.3548485039370078
20
0.2909824015748032
11
0.3548485039370078
21
0.2984814566929134
0
LINE
8
BLACK
6
CONTINUOUS
10
0.3548485039370078
20
0.2984814566929134
11
0.3549052362204724
21
0.2990575196850394
0
LINE
8
BLACK
6
CONTINUOUS
10
0.3549052362204724
20
0.2990575196850394
11
0.3549458267716535
21
0.2991555511811024
0
LINE
8
BLACK
6
CONTINUOUS
10
0.3549458267716535
20
0.2991555511811024
11
0.3549533464566929
21
0.2992613385826772
0
LINE
8
BLACK
6
CONTINUOUS
10
0.3549533464566929
20
0.2992613385826772
11
0.3551602362204724
21
0.299801968503937
0
LINE
8
BLACK
6
CONTINUOUS
10
0.3551602362204724
20
0.299801968503937
11
0.3554850393700787
21
0.3004516141732284
0
LINE
8
BLACK
6
CONTINUOUS
10
0.3554850393700787
20
0.3004516141732284
11
0.3553461417322835
21
0.3005905118110236
0
LINE
8
BLACK
6
CONTINUOUS
10
0.3553461417322835
20
0.3005905118110236
11
0.3549052362204724
21
0.3016549212598425
0
LINE
8
BLACK
6
CONTINUOUS
10
0.3549052362204724
20
0.3016549212598425
11
0.3549052362204724
21
0.3028070472440945
0
LINE
8
BLACK
6
CONTINUOUS
10
0.3549052362204724
20
0.3028070472440945
11
0.3553461417322835
21
0.3038714566929134
0
LINE
8
BLACK
6
CONTINUOUS
10
0.3553461417322835
20
0.3038714566929134
11
0.3561607874015748
21
0.3046861023622047
0
LINE
8
BLACK
6
CONTINUOUS
10
0.3561607874015748
20
0.3046861023622047
11
0.3572251968503937
21
0.3051270078740158
0
LINE
8
BLACK
6
CONTINUOUS
10
0.3572251968503937
20
0.3051270078740158
11
0.3578012598425197
21
0.3051837401574803
0
LINE
8
BLACK
6
CONTINUOUS
10
0.3578012598425197
20
0.3051837401574803
11
0.3971713385826772
21
0.3051837401574803
0
LINE
8
BLACK
6
CONTINUOUS
10
0.3971713385826772
20
0.3051837401574803
11
0.3977474015748031
21
0.3051270078740158
0
LINE
8
BLACK
6
CONTINUOUS
10
0.3607540157480315
20
0.2977844094488189
11
0.3607540157480315
21
0.2916794488188976
0
LINE
8
BLACK
6
CONTINUOUS
10
0.3607540157480315
20
0.2916794488188976
11
0.3621027559055118
21
0.288981968503937
0
LINE
8
BLACK
6
CONTINUOUS
10
0.3621027559055118
20
0.288981968503937
11
0.3632998818897638
21
0.2877848425196851
0
LINE
8
BLACK
6
CONTINUOUS
10
0.3632998818897638
20
0.2877848425196851
11
0.3659973622047244
21
0.2864361023622047
0
LINE
8
BLACK
6
CONTINUOUS
10
0.3659973622047244
20
0.2864361023622047
11
0.3758518503937008
21
0.2864361023622047
0
LINE
8
BLACK
6
CONTINUOUS
10
0.3758518503937008
20
0.2864361023622047
11
0.3785493307086614
21
0.2877848818897638
0
LINE
8
BLACK
6
CONTINUOUS
10
0.3785493307086614
20
0.2877848818897638
11
0.3797464960629921
21
0.2889820078740157
0
LINE
8
BLACK
6
CONTINUOUS
10
0.3797464960629921
20
0.2889820078740157
11
0.3810952362204724
21
0.2916794488188976
0
LINE
8
BLACK
6
CONTINUOUS
10
0.3810952362204724
20
0.2916794488188976
11
0.3810952362204724
21
0.2977844094488189
0
LINE
8
BLACK
6
CONTINUOUS
10
0.3810952362204724
20
0.2977844094488189
11
0.3803483070866142
21
0.2992782283464567
0
LINE
8
BLACK
6
CONTINUOUS
10
0.3803483070866142
20
0.2992782283464567
11
0.3615009448818898
21
0.2992782283464567
0
LINE
8
BLACK
6
CONTINUOUS
10
0.3615009448818898
20
0.2992782283464567
11
0.3607540157480315
21
0.2977844094488189
0
LINE
8
BLACK
6
CONTINUOUS
10
-0.0318687401574803
20
0.3324138582677165
11
-0.031054094488189
21
0.3315992125984252
0
LINE
8
BLACK
6
CONTINUOUS
10
-0.031054094488189
20
0.3315992125984252
11
-0.030613188976378
21
0.3305348031496063
0
LINE
8
BLACK
6
CONTINUOUS
10
-0.030613188976378
20
0.3305348031496063
11
-0.0305564566929134
21
0.3299587401574803
0
LINE
8
BLACK
6
CONTINUOUS
10
-0.0305564566929134
20
0.3299587401574803
11
-0.0305564566929134
21
0.2999624803149606
0
LINE
8
BLACK
6
CONTINUOUS
10
-0.0305564566929134
20
0.2999624803149606
11
-0.030613188976378
21
0.2993864173228347
0
LINE
8
BLACK
6
CONTINUOUS
10
-0.030613188976378
20
0.2993864173228347
11
-0.031054094488189
21
0.2983220078740157
0
LINE
8
BLACK
6
CONTINUOUS
10
-0.031054094488189
20
0.2983220078740157
11
-0.0318687401574803
21
0.2975073622047244
0
LINE
8
BLACK
6
CONTINUOUS
10
-0.0318687401574803
20
0.2975073622047244
11
-0.0329331496062992
21
0.2970664566929134
0
LINE
8
BLACK
6
CONTINUOUS
10
-0.0329331496062992
20
0.2970664566929134
11
-0.0340852755905512
21
0.2970664566929134
0
LINE
8
BLACK
6
CONTINUOUS
10
-0.0340852755905512
20
0.2970664566929134
11
-0.0351496850393701
21
0.2975073622047244
0
LINE
8
BLACK
6
CONTINUOUS
10
-0.0351496850393701
20
0.2975073622047244
11
-0.0359643307086614
21
0.2983220078740157
0
LINE
8
BLACK
6
CONTINUOUS
10
-0.0359643307086614
20
0.2983220078740157
11
-0.0364052362204724
21
0.2993864173228347
0
LINE
8
BLACK
6
CONTINUOUS
10
-0.0364052362204724
20
0.2993864173228347
11
-0.036461968503937
21
0.2999624803149606
0
LINE
8
BLACK
6
CONTINUOUS
10
-0.036461968503937
20
0.2999624803149606
11
-0.036461968503937
21
0.3299587401574803
0
LINE
8
BLACK
6
CONTINUOUS
10
-0.036461968503937
20
0.3299587401574803
11
-0.0364052362204724
21
0.3305348031496063
0
LINE
8
BLACK
6
CONTINUOUS
10
-0.0364052362204724
20
0.3305348031496063
11
-0.0359643307086614
21
0.3315992125984252
0
LINE
8
BLACK
6
CONTINUOUS
10
-0.0359643307086614
20
0.3315992125984252
11
-0.0351496850393701
21
0.3324138582677165
0
LINE
8
BLACK
6
CONTINUOUS
10
-0.0351496850393701
20
0.3324138582677165
11
-0.0340852755905512
21
0.3328547637795276
0
LINE
8
BLACK
6
CONTINUOUS
10
-0.0340852755905512
20
0.3328547637795276
11
-0.0329331496062992
21
0.3328547637795276
0
LINE
8
BLACK
6
CONTINUOUS
10
-0.0329331496062992
20
0.3328547637795276
11
-0.0318687401574803
21
0.3324138582677165
0
LINE
8
BLACK
6
CONTINUOUS
10
0.3846240551181102
20
0.3576204330708661
11
0.3856884645669291
21
0.3571795275590551
0
LINE
8
BLACK
6
CONTINUOUS
10
0.3856884645669291
20
0.3571795275590551
11
0.3865031102362205
21
0.3563648818897638
0
LINE
8
BLACK
6
CONTINUOUS
10
0.3865031102362205
20
0.3563648818897638
11
0.3869440157480315
21
0.3553004724409449
0
LINE
8
BLACK
6
CONTINUOUS
10
0.3869440157480315
20
0.3553004724409449
11
0.3869440157480315
21
0.3541483464566929
0
LINE
8
BLACK
6
CONTINUOUS
10
0.3869440157480315
20
0.3541483464566929
11
0.3865031102362205
21
0.353083937007874
0
LINE
8
BLACK
6
CONTINUOUS
10
0.3865031102362205
20
0.353083937007874
11
0.3856884645669291
21
0.3522692913385826
0
LINE
8
BLACK
6
CONTINUOUS
10
0.3856884645669291
20
0.3522692913385826
11
0.3846240551181102
21
0.3518283858267717
0
LINE
8
BLACK
6
CONTINUOUS
10
0.3846240551181102
20
0.3518283858267717
11
0.3840479921259842
21
0.3517716535433071
0
LINE
8
BLACK
6
CONTINUOUS
10
0.3840479921259842
20
0.3517716535433071
11
0.3627738582677165
21
0.3517716535433071
0
LINE
8
BLACK
6
CONTINUOUS
10
0.3627738582677165
20
0.3517716535433071
11
0.3621027559055118
21
0.3511005511811023
0
LINE
8
BLACK
6
CONTINUOUS
10
0.3621027559055118
20
0.3511005511811023
11
0.3607540157480315
21
0.3484030708661418
0
LINE
8
BLACK
6
CONTINUOUS
10
0.3607540157480315
20
0.3484030708661418
11
0.3607540157480315
21
0.344172874015748
0
LINE
8
BLACK
6
CONTINUOUS
10
0.3607540157480315
20
0.344172874015748
11
0.3618768503937008
21
0.3419271653543307
0
LINE
8
BLACK
6
CONTINUOUS
10
0.3618768503937008
20
0.3419271653543307
11
0.3641225984251968
21
0.3408042913385826
0
LINE
8
BLACK
6
CONTINUOUS
10
0.3641225984251968
20
0.3408042913385826
11
0.3840479921259842
21
0.3408042913385826
0
LINE
8
BLACK
6
CONTINUOUS
10
0.3840479921259842
20
0.3408042913385826
11
0.3846240551181102
21
0.3407475590551181
0
LINE
8
BLACK
6
CONTINUOUS
10
0.3846240551181102
20
0.3407475590551181
11
0.3856884645669291
21
0.3403066535433071
0
LINE
8
BLACK
6
CONTINUOUS
10
0.3856884645669291
20
0.3403066535433071
11
0.3865031102362205
21
0.3394920078740157
0
LINE
8
BLACK
6
CONTINUOUS
10
0.3865031102362205
20
0.3394920078740157
11
0.3869440157480315
21
0.3384275984251968
0
LINE
8
BLACK
6
CONTINUOUS
10
0.3869440157480315
20
0.3384275984251968
11
0.3869440157480315
21
0.3372754724409449
0
LINE
8
BLACK
6
CONTINUOUS
10
0.3869440157480315
20
0.3372754724409449
11
0.3865031102362205
21
0.336211062992126
0
LINE
8
BLACK
6
CONTINUOUS
10
0.3865031102362205
20
0.336211062992126
11
0.3856884645669291
21
0.3353964173228347
0
LINE
8
BLACK
6
CONTINUOUS
10
0.3856884645669291
20
0.3353964173228347
11
0.3846240551181102
21
0.3349555118110236
0
LINE
8
BLACK
6
CONTINUOUS
10
0.3846240551181102
20
0.3349555118110236
11
0.3840479921259842
21
0.334898779527559
0
LINE
8
BLACK
6
CONTINUOUS
10
0.3840479921259842
20
0.334898779527559
11
0.3641225984251968
21
0.334898779527559
0
LINE
8
BLACK
6
CONTINUOUS
10
0.3641225984251968
20
0.334898779527559
11
0.3618768503937008
21
0.3337759448818898
0
LINE
8
BLACK
6
CONTINUOUS
10
0.3618768503937008
20
0.3337759448818898
11
0.3607540157480315
21
0.3315301968503937
0
LINE
8
BLACK
6
CONTINUOUS
10
0.3607540157480315
20
0.3315301968503937
11
0.3607540157480315
21
0.3273
0
LINE
8
BLACK
6
CONTINUOUS
10
0.3607540157480315
20
0.3273
11
0.3618768503937008
21
0.3250542519685039
0
LINE
8
BLACK
6
CONTINUOUS
10
0.3618768503937008
20
0.3250542519685039
11
0.3641225984251968
21
0.3239313779527559
0
LINE
8
BLACK
6
CONTINUOUS
10
0.3641225984251968
20
0.3239313779527559
11
0.3840479921259842
21
0.3239313779527559
0
LINE
8
BLACK
6
CONTINUOUS
10
0.3840479921259842
20
0.3239313779527559
11
0.3846240551181102
21
0.3238746456692913
0
LINE
8
BLACK
6
CONTINUOUS
10
0.3846240551181102
20
0.3238746456692913
11
0.3856884645669291
21
0.3234337401574803
0
LINE
8
BLACK
6
CONTINUOUS
10
0.3856884645669291
20
0.3234337401574803
11
0.3865031102362205
21
0.322619094488189
0
LINE
8
BLACK
6
CONTINUOUS
10
0.3865031102362205
20
0.322619094488189
11
0.3869440157480315
21
0.3215546850393701
0
LINE
8
BLACK
6
CONTINUOUS
10
0.3869440157480315
20
0.3215546850393701
11
0.3869440157480315
21
0.3204025590551181
0
LINE
8
BLACK
6
CONTINUOUS
10
0.3869440157480315
20
0.3204025590551181
11
0.3865031102362205
21
0.3193381496062992
0
LINE
8
BLACK
6
CONTINUOUS
10
0.3865031102362205
20
0.3193381496062992
11
0.3856884645669291
21
0.3185235039370078
0
LINE
8
BLACK
6
CONTINUOUS
10
0.3856884645669291
20
0.3185235039370078
11
0.3846240551181102
21
0.3180825984251968
0
LINE
8
BLACK
6
CONTINUOUS
10
0.3846240551181102
20
0.3180825984251968
11
0.3840479921259842
21
0.3180258661417323
0
LINE
8
BLACK
6
CONTINUOUS
10
0.3840479921259842
20
0.3180258661417323
11
0.3634255511811024
21
0.3180258661417323
0
LINE
8
BLACK
6
CONTINUOUS
10
0.3634255511811024
20
0.3180258661417323
11
0.3628494881889764
21
0.3180825984251968
0
LINE
8
BLACK
6
CONTINUOUS
10
0.3628494881889764
20
0.3180825984251968
11
0.3627514960629921
21
0.3181231889763779
0
LINE
8
BLACK
6
CONTINUOUS
10
0.3627514960629921
20
0.3181231889763779
11
0.3626456299212598
21
0.3181307086614173
0
LINE
8
BLACK
6
CONTINUOUS
10
0.3626456299212598
20
0.3181307086614173
11
0.3621050393700787
21
0.3183375984251968
0
LINE
8
BLACK
6
CONTINUOUS
10
0.3621050393700787
20
0.3183375984251968
11
0.3583555118110236
21
0.3202123622047244
0
LINE
8
BLACK
6
CONTINUOUS
10
0.3583555118110236
20
0.3202123622047244
11
0.3582591338582677
21
0.320273031496063
0
LINE
8
BLACK
6
CONTINUOUS
10
0.3582591338582677
20
0.320273031496063
11
0.3582137401574803
21
0.3202881496062992
0
LINE
8
BLACK
6
CONTINUOUS
10
0.3582137401574803
20
0.3202881496062992
11
0.3581571653543307
21
0.3203372047244095
0
LINE
8
BLACK
6
CONTINUOUS
10
0.3581571653543307
20
0.3203372047244095
11
0.3578656299212598
21
0.3205207086614173
0
LINE
8
BLACK
6
CONTINUOUS
10
0.3578656299212598
20
0.3205207086614173
11
0.3576229527559055
21
0.3208005511811023
0
LINE
8
BLACK
6
CONTINUOUS
10
0.3576229527559055
20
0.3208005511811023
11
0.3573433464566929
21
0.321043031496063
0
LINE
8
BLACK
6
CONTINUOUS
10
0.3573433464566929
20
0.321043031496063
11
0.357159842519685
21
0.3213345275590551
0
LINE
8
BLACK
6
CONTINUOUS
10
0.357159842519685
20
0.3213345275590551
11
0.3571107874015748
21
0.3213911023622047
0
LINE
8
BLACK
6
CONTINUOUS
10
0.3571107874015748
20
0.3213911023622047
11
0.3570956299212598
21
0.3214365748031496
0
LINE
8
BLACK
6
CONTINUOUS
10
0.3570956299212598
20
0.3214365748031496
11
0.357035
21
0.321532874015748
0
LINE
8
BLACK
6
CONTINUOUS
10
0.357035
20
0.321532874015748
11
0.3551602362204724
21
0.3252824409448819
0
LINE
8
BLACK
6
CONTINUOUS
10
0.3551602362204724
20
0.3252824409448819
11
0.3549533464566929
21
0.3258230708661417
0
LINE
8
BLACK
6
CONTINUOUS
10
0.3549533464566929
20
0.3258230708661417
11
0.3549458267716535
21
0.3259288976377953
0
LINE
8
BLACK
6
CONTINUOUS
10
0.3549458267716535
20
0.3259288976377953
11
0.3549052362204724
21
0.3260268897637795
0
LINE
8
BLACK
6
CONTINUOUS
10
0.3549052362204724
20
0.3260268897637795
11
0.3548485039370078
21
0.3266029527559055
0
LINE
8
BLACK
6
CONTINUOUS
10
0.3548485039370078
20
0.3266029527559055
11
0.3548485039370078
21
0.3322272440944882
0
LINE
8
BLACK
6
CONTINUOUS
10
0.3548485039370078
20
0.3322272440944882
11
0.3549052362204724
21
0.3328033070866142
0
LINE
8
BLACK
6
CONTINUOUS
10
0.3549052362204724
20
0.3328033070866142
11
0.3549458267716535
21
0.3329013385826772
0
LINE
8
BLACK
6
CONTINUOUS
10
0.3549458267716535
20
0.3329013385826772
11
0.3549533464566929
21
0.333007125984252
0
LINE
8
BLACK
6
CONTINUOUS
10
0.3549533464566929
20
0.333007125984252
11
0.3551602362204724
21
0.3335477559055118
0
LINE
8
BLACK
6
CONTINUOUS
10
0.3551602362204724
20
0.3335477559055118
11
0.357035
21
0.3372972834645669
0
LINE
8
BLACK
6
CONTINUOUS
10
0.357035
20
0.3372972834645669
11
0.3570956299212598
21
0.3373936614173229
0
LINE
8
BLACK
6
CONTINUOUS
10
0.3570956299212598
20
0.3373936614173229
11
0.3571107874015748
21
0.3374390551181102
0
LINE
8
BLACK
6
CONTINUOUS
10
0.3571107874015748
20
0.3374390551181102
11
0.3571598031496063
21
0.3374956299212598
0
LINE
8
BLACK
6
CONTINUOUS
10
0.3571598031496063
20
0.3374956299212598
11
0.3573433464566929
21
0.3377871653543307
0
LINE
8
BLACK
6
CONTINUOUS
10
0.3573433464566929
20
0.3377871653543307
11
0.3574175590551181
21
0.3378515354330708
0
LINE
8
BLACK
6
CONTINUOUS
10
0.3574175590551181
20
0.3378515354330708
11
0.3573433464566929
21
0.337915905511811
0
LINE
8
BLACK
6
CONTINUOUS
10
0.3573433464566929
20
0.337915905511811
11
0.3571598031496063
21
0.3382074803149606
0
LINE
8
BLACK
6
CONTINUOUS
10
0.3571598031496063
20
0.3382074803149606
11
0.3571107874015748
21
0.3382640157480315
0
LINE
8
BLACK
6
CONTINUOUS
10
0.3571107874015748
20
0.3382640157480315
11
0.3570956299212598
21
0.3383094488188976
0
LINE
8
BLACK
6
CONTINUOUS
10
0.3570956299212598
20
0.3383094488188976
11
0.357035
21
0.3384057874015748
0
LINE
8
BLACK
6
CONTINUOUS
10
0.357035
20
0.3384057874015748
11
0.3551602362204724
21
0.3421553149606299
0
LINE
8
BLACK
6
CONTINUOUS
10
0.3551602362204724
20
0.3421553149606299
11
0.3549533464566929
21
0.3426959448818898
0
LINE
8
BLACK
6
CONTINUOUS
10
0.3549533464566929
20
0.3426959448818898
11
0.3549458267716535
21
0.3428017716535433
0
LINE
8
BLACK
6
CONTINUOUS
10
0.3549458267716535
20
0.3428017716535433
11
0.3549052362204724
21
0.3428997637795276
0
LINE
8
BLACK
6
CONTINUOUS
10
0.3549052362204724
20
0.3428997637795276
11
0.3548485039370078
21
0.3434758267716536
0
LINE
8
BLACK
6
CONTINUOUS
10
0.3548485039370078
20
0.3434758267716536
11
0.3548485039370078
21
0.3491001181102362
0
LINE
8
BLACK
6
CONTINUOUS
10
0.3548485039370078
20
0.3491001181102362
11
0.3549052362204724
21
0.3496761811023622
0
LINE
8
BLACK
6
CONTINUOUS
10
0.3549052362204724
20
0.3496761811023622
11
0.3549458267716535
21
0.3497742125984252
0
LINE
8
BLACK
6
CONTINUOUS
10
0.3549458267716535
20
0.3497742125984252
11
0.3549533464566929
21
0.34988
0
LINE
8
BLACK
6
CONTINUOUS
10
0.3549533464566929
20
0.34988
11
0.3551602362204724
21
0.3504206299212598
0
LINE
8
BLACK
6
CONTINUOUS
10
0.3551602362204724
20
0.3504206299212598
11
0.3561099606299212
21
0.3523201181102362
0
LINE
8
BLACK
6
CONTINUOUS
10
0.3561099606299212
20
0.3523201181102362
11
0.3553461417322835
21
0.353083937007874
0
LINE
8
BLACK
6
CONTINUOUS
10
0.3553461417322835
20
0.353083937007874
11
0.3549052362204724
21
0.3541483464566929
0
LINE
8
BLACK
6
CONTINUOUS
10
0.3549052362204724
20
0.3541483464566929
11
0.3549052362204724
21
0.3553004724409449
0
LINE
8
BLACK
6
CONTINUOUS
10
0.3549052362204724
20
0.3553004724409449
11
0.3553461417322835
21
0.3563648818897638
0
LINE
8
BLACK
6
CONTINUOUS
10
0.3553461417322835
20
0.3563648818897638
11
0.3561607874015748
21
0.3571795275590551
0
LINE
8
BLACK
6
CONTINUOUS
10
0.3561607874015748
20
0.3571795275590551
11
0.3572251968503937
21
0.3576204330708661
0
LINE
8
BLACK
6
CONTINUOUS
10
0.3572251968503937
20
0.3576204330708661
11
0.3578012598425197
21
0.3576771653543307
0
LINE
8
BLACK
6
CONTINUOUS
10
0.3578012598425197
20
0.3576771653543307
11
0.3840479921259842
21
0.3576771653543307
0
LINE
8
BLACK
6
CONTINUOUS
10
0.3840479921259842
20
0.3576771653543307
11
0.3846240551181102
21
0.3576204330708661
0
LINE
8
BLACK
6
CONTINUOUS
10
-0.017935
20
0.372224842519685
11
-0.0168705905511811
21
0.371783937007874
0
LINE
8
BLACK
6
CONTINUOUS
10
-0.0168705905511811
20
0.371783937007874
11
-0.0160559448818898
21
0.3709692913385827
0
LINE
8
BLACK
6
CONTINUOUS
10
-0.0160559448818898
20
0.3709692913385827
11
-0.0156150393700787
21
0.3699048818897638
0
LINE
8
BLACK
6
CONTINUOUS
10
-0.0156150393700787
20
0.3699048818897638
11
-0.0155583070866142
21
0.3693288188976378
0
LINE
8
BLACK
6
CONTINUOUS
10
-0.0155583070866142
20
0.3693288188976378
11
-0.0155583070866142
21
0.3543307086614173
0
LINE
8
BLACK
6
CONTINUOUS
10
-0.0155583070866142
20
0.3543307086614173
11
-0.0156150393700787
21
0.3537546456692913
0
LINE
8
BLACK
6
CONTINUOUS
10
-0.0156150393700787
20
0.3537546456692913
11
-0.0156556299212598
21
0.3536566929133858
0
LINE
8
BLACK
6
CONTINUOUS
10
-0.0156556299212598
20
0.3536566929133858
11
-0.0156631496062992
21
0.3535507874015748
0
LINE
8
BLACK
6
CONTINUOUS
10
-0.0156631496062992
20
0.3535507874015748
11
-0.0158700393700787
21
0.3530101968503937
0
LINE
8
BLACK
6
CONTINUOUS
10
-0.0158700393700787
20
0.3530101968503937
11
-0.0177448031496063
21
0.3492606692913386
0
LINE
8
BLACK
6
CONTINUOUS
10
-0.0177448031496063
20
0.3492606692913386
11
-0.017900905511811
21
0.3490126771653543
0
LINE
8
BLACK
6
CONTINUOUS
10
-0.017900905511811
20
0.3490126771653543
11
-0.0179307086614173
21
0.3489407086614173
0
LINE
8
BLACK
6
CONTINUOUS
10
-0.0179307086614173
20
0.3489407086614173
11
-0.0179971653543307
21
0.3488597637795275
0
LINE
8
BLACK
6
CONTINUOUS
10
-0.0179971653543307
20
0.3488597637795275
11
-0.0180531496062992
21
0.3487707874015748
0
LINE
8
BLACK
6
CONTINUOUS
10
-0.0180531496062992
20
0.3487707874015748
11
-0.0181122047244094
21
0.3487196062992126
0
LINE
8
BLACK
6
CONTINUOUS
10
-0.0181122047244094
20
0.3487196062992126
11
-0.0182979527559055
21
0.3484932283464567
0
LINE
8
BLACK
6
CONTINUOUS
10
-0.0182979527559055
20
0.3484932283464567
11
-0.0201727559055118
21
0.3466184645669291
0
LINE
8
BLACK
6
CONTINUOUS
10
-0.0201727559055118
20
0.3466184645669291
11
-0.020399094488189
21
0.3464327559055118
0
LINE
8
BLACK
6
CONTINUOUS
10
-0.020399094488189
20
0.3464327559055118
11
-0.0204502362204724
21
0.3463737401574803
0
LINE
8
BLACK
6
CONTINUOUS
10
-0.0204502362204724
20
0.3463737401574803
11
-0.0205391732283465
21
0.3463177952755905
0
LINE
8
BLACK
6
CONTINUOUS
10
-0.0205391732283465
20
0.3463177952755905
11
-0.0206201968503937
21
0.3462512598425197
0
LINE
8
BLACK
6
CONTINUOUS
10
-0.0206201968503937
20
0.3462512598425197
11
-0.0206922440944882
21
0.3462214566929134
0
LINE
8
BLACK
6
CONTINUOUS
10
-0.0206922440944882
20
0.3462214566929134
11
-0.0209401181102362
21
0.3460653937007874
0
LINE
8
BLACK
6
CONTINUOUS
10
-0.0209401181102362
20
0.3460653937007874
11
-0.0246896456692913
21
0.3441906299212598
0
LINE
8
BLACK
6
CONTINUOUS
10
-0.0246896456692913
20
0.3441906299212598
11
-0.0252302755905512
21
0.3439837401574803
0
LINE
8
BLACK
6
CONTINUOUS
10
-0.0252302755905512
20
0.3439837401574803
11
-0.0253361023622047
21
0.3439762598425197
0
LINE
8
BLACK
6
CONTINUOUS
10
-0.0253361023622047
20
0.3439762598425197
11
-0.025434094488189
21
0.3439356299212598
0
LINE
8
BLACK
6
CONTINUOUS
10
-0.025434094488189
20
0.3439356299212598
11
-0.026010157480315
21
0.3438788976377953
0
LINE
8
BLACK
6
CONTINUOUS
10
-0.026010157480315
20
0.3438788976377953
11
-0.0316344488188976
21
0.3438788976377953
0
LINE
8
BLACK
6
CONTINUOUS
10
-0.0316344488188976
20
0.3438788976377953
11
-0.0322105118110236
21
0.3439356299212598
0
LINE
8
BLACK
6
CONTINUOUS
10
-0.0322105118110236
20
0.3439356299212598
11
-0.0323085039370079
21
0.3439762204724409
0
LINE
8
BLACK
6
CONTINUOUS
10
-0.0323085039370079
20
0.3439762204724409
11
-0.0324143700787402
21
0.3439837401574803
0
LINE
8
BLACK
6
CONTINUOUS
10
-0.0324143700787402
20
0.3439837401574803
11
-0.0329549606299213
21
0.3441906299212598
0
LINE
8
BLACK
6
CONTINUOUS
10
-0.0329549606299213
20
0.3441906299212598
11
-0.0367044881889764
21
0.3460653937007874
0
LINE
8
BLACK
6
CONTINUOUS
10
-0.0367044881889764
20
0.3460653937007874
11
-0.0369525196850394
21
0.3462214960629921
0
LINE
8
BLACK
6
CONTINUOUS
10
-0.0369525196850394
20
0.3462214960629921
11
-0.0370244488188976
21
0.3462512992125984
0
LINE
8
BLACK
6
CONTINUOUS
10
-0.0370244488188976
20
0.3462512992125984
11
-0.0371054330708661
21
0.3463177952755905
0
LINE
8
BLACK
6
CONTINUOUS
10
-0.0371054330708661
20
0.3463177952755905
11
-0.0371943700787402
21
0.3463737401574803
0
LINE
8
BLACK
6
CONTINUOUS
10
-0.0371943700787402
20
0.3463737401574803
11
-0.0372455511811024
21
0.3464327559055118
0
LINE
8
BLACK
6
CONTINUOUS
10
-0.0372455511811024
20
0.3464327559055118
11
-0.0374718897637795
21
0.3466185039370079
0
LINE
8
BLACK
6
CONTINUOUS
10
-0.0374718897637795
20
0.3466185039370079
11
-0.0393466535433071
21
0.3484932677165354
0
LINE
8
BLACK
6
CONTINUOUS
10
-0.0393466535433071
20
0.3484932677165354
11
-0.0397138582677165
21
0.3489407086614173
0
LINE
8
BLACK
6
CONTINUOUS
10
-0.0397138582677165
20
0.3489407086614173
11
-0.0397544881889764
21
0.3490387795275591
0
LINE
8
BLACK
6
CONTINUOUS
10
-0.0397544881889764
20
0.3490387795275591
11
-0.0398239763779528
21
0.3491188976377952
0
LINE
8
BLACK
6
CONTINUOUS
10
-0.0398239763779528
20
0.3491188976377952
11
-0.0399306299212598
21
0.3493577952755905
0
LINE
8
BLACK
6
CONTINUOUS
10
-0.0399306299212598
20
0.3493577952755905
11
-0.0407951181102362
21
0.3484932677165354
0
LINE
8
BLACK
6
CONTINUOUS
10
-0.0407951181102362
20
0.3484932677165354
11
-0.0410214960629921
21
0.3483075196850394
0
LINE
8
BLACK
6
CONTINUOUS
10
-0.0410214960629921
20
0.3483075196850394
11
-0.0410726377952756
21
0.3482485039370078
0
LINE
8
BLACK
6
CONTINUOUS
10
-0.0410726377952756
20
0.3482485039370078
11
-0.0411616141732283
21
0.3481925590551181
0
LINE
8
BLACK
6
CONTINUOUS
10
-0.0411616141732283
20
0.3481925590551181
11
-0.0412425590551181
21
0.348126062992126
0
LINE
8
BLACK
6
CONTINUOUS
10
-0.0412425590551181
20
0.348126062992126
11
-0.0413145275590551
21
0.3480962598425197
0
LINE
8
BLACK
6
CONTINUOUS
10
-0.0413145275590551
20
0.3480962598425197
11
-0.0415625196850394
21
0.3479401574803149
0
LINE
8
BLACK
6
CONTINUOUS
10
-0.0415625196850394
20
0.3479401574803149
11
-0.0453120472440945
21
0.3460653937007874
0
LINE
8
BLACK
6
CONTINUOUS
10
-0.0453120472440945
20
0.3460653937007874
11
-0.0458526771653543
21
0.3458585039370078
0
LINE
8
BLACK
6
CONTINUOUS
10
-0.0458526771653543
20
0.3458585039370078
11
-0.0459585039370079
21
0.3458510236220472
0
LINE
8
BLACK
6
CONTINUOUS
10
-0.0459585039370079
20
0.3458510236220472
11
-0.0460564960629921
21
0.3458103937007874
0
LINE
8
BLACK
6
CONTINUOUS
10
-0.0460564960629921
20
0.3458103937007874
11
-0.0466325590551181
21
0.3457536614173228
0
LINE
8
BLACK
6
CONTINUOUS
10
-0.0466325590551181
20
0.3457536614173228
11
-0.0503820866141732
21
0.3457536614173228
0
LINE
8
BLACK
6
CONTINUOUS
10
-0.0503820866141732
20
0.3457536614173228
11
-0.0509581496062992
21
0.3458103937007874
0
LINE
8
BLACK
6
CONTINUOUS
10
-0.0509581496062992
20
0.3458103937007874
11
-0.0510561417322835
21
0.3458509842519685
0
LINE
8
BLACK
6
CONTINUOUS
10
-0.0510561417322835
20
0.3458509842519685
11
-0.0511620078740157
21
0.3458585039370078
0
LINE
8
BLACK
6
CONTINUOUS
10
-0.0511620078740157
20
0.3458585039370078
11
-0.0517025984251969
21
0.3460653937007874
0
LINE
8
BLACK
6
CONTINUOUS
10
-0.0517025984251969
20
0.3460653937007874
11
-0.055452125984252
21
0.3479401574803149
0
LINE
8
BLACK
6
CONTINUOUS
10
-0.055452125984252
20
0.3479401574803149
11
-0.055700157480315
21
0.3480962598425197
0
LINE
8
BLACK
6
CONTINUOUS
10
-0.055700157480315
20
0.3480962598425197
11
-0.0557720866141732
21
0.348126062992126
0
LINE
8
BLACK
6
CONTINUOUS
10
-0.0557720866141732
20
0.348126062992126
11
-0.0558530708661417
21
0.3481925590551181
0
LINE
8
BLACK
6
CONTINUOUS
10
-0.0558530708661417
20
0.3481925590551181
11
-0.0559420078740157
21
0.3482485039370078
0
LINE
8
BLACK
6
CONTINUOUS
10
-0.0559420078740157
20
0.3482485039370078
11
-0.055993188976378
21
0.3483075196850394
0
LINE
8
BLACK
6
CONTINUOUS
10
-0.055993188976378
20
0.3483075196850394
11
-0.0562195275590551
21
0.3484932677165354
0
LINE
8
BLACK
6
CONTINUOUS
10
-0.0562195275590551
20
0.3484932677165354
11
-0.0580942913385827
21
0.350368031496063
0
LINE
8
BLACK
6
CONTINUOUS
10
-0.0580942913385827
20
0.350368031496063
11
-0.0582800787401575
21
0.3505944094488189
0
LINE
8
BLACK
6
CONTINUOUS
10
-0.0582800787401575
20
0.3505944094488189
11
-0.0583390551181102
21
0.3506455511811024
0
LINE
8
BLACK
6
CONTINUOUS
10
-0.0583390551181102
20
0.3506455511811024
11
-0.0583950393700787
21
0.3507345275590551
0
LINE
8
BLACK
6
CONTINUOUS
10
-0.0583950393700787
20
0.3507345275590551
11
-0.0584614960629921
21
0.3508154724409449
0
LINE
8
BLACK
6
CONTINUOUS
10
-0.0584614960629921
20
0.3508154724409449
11
-0.0584913385826772
21
0.3508874409448819
0
LINE
8
BLACK
6
CONTINUOUS
10
-0.0584913385826772
20
0.3508874409448819
11
-0.0586474015748032
21
0.3511354330708661
0
LINE
8
BLACK
6
CONTINUOUS
10
-0.0586474015748032
20
0.3511354330708661
11
-0.0605221653543307
21
0.3548849606299213
0
LINE
8
BLACK
6
CONTINUOUS
10
-0.0605221653543307
20
0.3548849606299213
11
-0.0607290551181102
21
0.3554255905511811
0
LINE
8
BLACK
6
CONTINUOUS
10
-0.0607290551181102
20
0.3554255905511811
11
-0.0607365748031496
21
0.3555314173228347
0
LINE
8
BLACK
6
CONTINUOUS
10
-0.0607365748031496
20
0.3555314173228347
11
-0.0607771653543307
21
0.3556294094488189
0
LINE
8
BLACK
6
CONTINUOUS
10
-0.0607771653543307
20
0.3556294094488189
11
-0.0608338976377953
21
0.3562054724409449
0
LINE
8
BLACK
6
CONTINUOUS
10
-0.0608338976377953
20
0.3562054724409449
11
-0.0608338976377953
21
0.3693288188976378
0
LINE
8
BLACK
6
CONTINUOUS
10
-0.0608338976377953
20
0.3693288188976378
11
-0.0607771653543307
21
0.3699048818897638
0
LINE
8
BLACK
6
CONTINUOUS
10
-0.0607771653543307
20
0.3699048818897638
11
-0.0603362598425197
21
0.3709692913385827
0
LINE
8
BLACK
6
CONTINUOUS
10
-0.0603362598425197
20
0.3709692913385827
11
-0.0595216141732283
21
0.371783937007874
0
LINE
8
BLACK
6
CONTINUOUS
10
-0.0595216141732283
20
0.371783937007874
11
-0.0584572047244094
21
0.372224842519685
0
LINE
8
BLACK
6
CONTINUOUS
10
-0.0584572047244094
20
0.372224842519685
11
-0.0578811417322835
21
0.3722815748031496
0
LINE
8
BLACK
6
CONTINUOUS
10
-0.0578811417322835
20
0.3722815748031496
11
-0.018511062992126
21
0.3722815748031496
0
LINE
8
BLACK
6
CONTINUOUS
10
-0.018511062992126
20
0.3722815748031496
11
-0.017935
21
0.372224842519685
0
LINE
8
BLACK
6
CONTINUOUS
10
-0.0361807480314961
20
0.3566846456692913
11
-0.0346779527559055
21
0.352176220472441
0
LINE
8
BLACK
6
CONTINUOUS
10
-0.0346779527559055
20
0.352176220472441
11
-0.0336348818897638
21
0.3511331496062992
0
LINE
8
BLACK
6
CONTINUOUS
10
-0.0336348818897638
20
0.3511331496062992
11
-0.0309374015748031
21
0.3497844094488189
0
LINE
8
BLACK
6
CONTINUOUS
10
-0.0309374015748031
20
0.3497844094488189
11
-0.0267072047244094
21
0.3497844094488189
0
LINE
8
BLACK
6
CONTINUOUS
10
-0.0267072047244094
20
0.3497844094488189
11
-0.0240097244094488
21
0.351133188976378
0
LINE
8
BLACK
6
CONTINUOUS
10
-0.0240097244094488
20
0.351133188976378
11
-0.0228125590551181
21
0.3523303149606299
0
LINE
8
BLACK
6
CONTINUOUS
10
-0.0228125590551181
20
0.3523303149606299
11
-0.0214638188976378
21
0.3550277559055118
0
LINE
8
BLACK
6
CONTINUOUS
10
-0.0214638188976378
20
0.3550277559055118
11
-0.0214638188976378
21
0.366376062992126
0
LINE
8
BLACK
6
CONTINUOUS
10
-0.0214638188976378
20
0.366376062992126
11
-0.0361807480314961
21
0.366376062992126
0
LINE
8
BLACK
6
CONTINUOUS
10
-0.0361807480314961
20
0.366376062992126
11
-0.0361807480314961
21
0.3566846456692913
0
LINE
8
BLACK
6
CONTINUOUS
10
-0.0549283858267717
20
0.3569025196850394
11
-0.0535796456692913
21
0.3542050393700787
0
LINE
8
BLACK
6
CONTINUOUS
10
-0.0535796456692913
20
0.3542050393700787
11
-0.0523825196850394
21
0.3530079133858268
0
LINE
8
BLACK
6
CONTINUOUS
10
-0.0523825196850394
20
0.3530079133858268
11
-0.0496850393700787
21
0.3516591732283464
0
LINE
8
BLACK
6
CONTINUOUS
10
-0.0496850393700787
20
0.3516591732283464
11
-0.0473296062992126
21
0.3516591732283464
0
LINE
8
BLACK
6
CONTINUOUS
10
-0.0473296062992126
20
0.3516591732283464
11
-0.044632125984252
21
0.3530079133858268
0
LINE
8
BLACK
6
CONTINUOUS
10
-0.044632125984252
20
0.3530079133858268
11
-0.043435
21
0.3542050393700787
0
LINE
8
BLACK
6
CONTINUOUS
10
-0.043435
20
0.3542050393700787
11
-0.0420862598425197
21
0.3569025196850394
0
LINE
8
BLACK
6
CONTINUOUS
10
-0.0420862598425197
20
0.3569025196850394
11
-0.0420862598425197
21
0.366376062992126
0
LINE
8
BLACK
6
CONTINUOUS
10
-0.0420862598425197
20
0.366376062992126
11
-0.0549283858267717
21
0.366376062992126
0
LINE
8
BLACK
6
CONTINUOUS
10
-0.0549283858267717
20
0.366376062992126
11
-0.0549283858267717
21
0.3569025196850394
0
LINE
8
BLACK
6
CONTINUOUS
10
0.3789997244094488
20
0.3932409842519685
11
0.3790977165354331
21
0.3932003937007874
0
LINE
8
BLACK
6
CONTINUOUS
10
0.3790977165354331
20
0.3932003937007874
11
0.3792035433070866
21
0.393192874015748
0
LINE
8
BLACK
6
CONTINUOUS
10
0.3792035433070866
20
0.393192874015748
11
0.3797441732283465
21
0.3929859842519685
0
LINE
8
BLACK
6
CONTINUOUS
10
0.3797441732283465
20
0.3929859842519685
11
0.3834937401574803
21
0.391111220472441
0
LINE
8
BLACK
6
CONTINUOUS
10
0.3834937401574803
20
0.391111220472441
11
0.3835900393700787
21
0.3910505905511811
0
LINE
8
BLACK
6
CONTINUOUS
10
0.3835900393700787
20
0.3910505905511811
11
0.3836355118110236
21
0.3910354330708661
0
LINE
8
BLACK
6
CONTINUOUS
10
0.3836355118110236
20
0.3910354330708661
11
0.3836920866141732
21
0.3909863779527559
0
LINE
8
BLACK
6
CONTINUOUS
10
0.3836920866141732
20
0.3909863779527559
11
0.3839835826771654
21
0.390802874015748
0
LINE
8
BLACK
6
CONTINUOUS
10
0.3839835826771654
20
0.390802874015748
11
0.384226062992126
21
0.3905232677165354
0
LINE
8
BLACK
6
CONTINUOUS
10
0.384226062992126
20
0.3905232677165354
11
0.384505905511811
21
0.3902805905511811
0
LINE
8
BLACK
6
CONTINUOUS
10
0.384505905511811
20
0.3902805905511811
11
0.3846894094488189
21
0.3899890551181102
0
LINE
8
BLACK
6
CONTINUOUS
10
0.3846894094488189
20
0.3899890551181102
11
0.3847384645669291
21
0.3899324803149606
0
LINE
8
BLACK
6
CONTINUOUS
10
0.3847384645669291
20
0.3899324803149606
11
0.3847535826771654
21
0.3898870866141732
0
LINE
8
BLACK
6
CONTINUOUS
10
0.3847535826771654
20
0.3898870866141732
11
0.3848142519685039
21
0.3897907086614173
0
LINE
8
BLACK
6
CONTINUOUS
10
0.3848142519685039
20
0.3897907086614173
11
0.3866890157480315
21
0.3860411811023622
0
LINE
8
BLACK
6
CONTINUOUS
10
0.3866890157480315
20
0.3860411811023622
11
0.386895905511811
21
0.3855005905511811
0
LINE
8
BLACK
6
CONTINUOUS
10
0.386895905511811
20
0.3855005905511811
11
0.3869034251968504
21
0.3853947244094488
0
LINE
8
BLACK
6
CONTINUOUS
10
0.3869034251968504
20
0.3853947244094488
11
0.3869440157480315
21
0.3852967322834646
0
LINE
8
BLACK
6
CONTINUOUS
10
0.3869440157480315
20
0.3852967322834646
11
0.387000748031496
21
0.3847206692913386
0
LINE
8
BLACK
6
CONTINUOUS
10
0.387000748031496
20
0.3847206692913386
11
0.387000748031496
21
0.3790963779527559
0
LINE
8
BLACK
6
CONTINUOUS
10
0.387000748031496
20
0.3790963779527559
11
0.3869440157480315
21
0.3785203149606299
0
LINE
8
BLACK
6
CONTINUOUS
10
0.3869440157480315
20
0.3785203149606299
11
0.3869034251968504
21
0.3784223622047244
0
LINE
8
BLACK
6
CONTINUOUS
10
0.3869034251968504
20
0.3784223622047244
11
0.386895905511811
21
0.3783164566929134
0
LINE
8
BLACK
6
CONTINUOUS
10
0.386895905511811
20
0.3783164566929134
11
0.3866890157480315
21
0.3777758661417323
0
LINE
8
BLACK
6
CONTINUOUS
10
0.3866890157480315
20
0.3777758661417323
11
0.3857392519685039
21
0.3758764173228346
0
LINE
8
BLACK
6
CONTINUOUS
10
0.3857392519685039
20
0.3758764173228346
11
0.3865031102362205
21
0.3751125590551181
0
LINE
8
BLACK
6
CONTINUOUS
10
0.3865031102362205
20
0.3751125590551181
11
0.3869440157480315
21
0.3740481496062992
0
LINE
8
BLACK
6
CONTINUOUS
10
0.3869440157480315
20
0.3740481496062992
11
0.3869440157480315
21
0.3728960236220472
0
LINE
8
BLACK
6
CONTINUOUS
10
0.3869440157480315
20
0.3728960236220472
11
0.3865031102362205
21
0.3718316141732284
0
LINE
8
BLACK
6
CONTINUOUS
10
0.3865031102362205
20
0.3718316141732284
11
0.3856884645669291
21
0.371016968503937
0
LINE
8
BLACK
6
CONTINUOUS
10
0.3856884645669291
20
0.371016968503937
11
0.3846240551181102
21
0.370576062992126
0
LINE
8
BLACK
6
CONTINUOUS
10
0.3846240551181102
20
0.370576062992126
11
0.3840479921259842
21
0.3705193307086614
0
LINE
8
BLACK
6
CONTINUOUS
10
0.3840479921259842
20
0.3705193307086614
11
0.3578012598425197
21
0.3705193307086614
0
LINE
8
BLACK
6
CONTINUOUS
10
0.3578012598425197
20
0.3705193307086614
11
0.3572251968503937
21
0.370576062992126
0
LINE
8
BLACK
6
CONTINUOUS
10
0.3572251968503937
20
0.370576062992126
11
0.3561607874015748
21
0.371016968503937
0
LINE
8
BLACK
6
CONTINUOUS
10
0.3561607874015748
20
0.371016968503937
11
0.3553461417322835
21
0.3718316141732284
0
LINE
8
BLACK
6
CONTINUOUS
10
0.3553461417322835
20
0.3718316141732284
11
0.3549052362204724
21
0.3728960236220472
0
LINE
8
BLACK
6
CONTINUOUS
10
0.3549052362204724
20
0.3728960236220472
11
0.3549052362204724
21
0.3740481496062992
0
LINE
8
BLACK
6
CONTINUOUS
10
0.3549052362204724
20
0.3740481496062992
11
0.3553461417322835
21
0.3751125590551181
0
LINE
8
BLACK
6
CONTINUOUS
10
0.3553461417322835
20
0.3751125590551181
11
0.3561607874015748
21
0.3759272047244094
0
LINE
8
BLACK
6
CONTINUOUS
10
0.3561607874015748
20
0.3759272047244094
11
0.3572251968503937
21
0.3763681102362205
0
LINE
8
BLACK
6
CONTINUOUS
10
0.3572251968503937
20
0.3763681102362205
11
0.3578012598425197
21
0.3764248425196851
0
LINE
8
BLACK
6
CONTINUOUS
10
0.3578012598425197
20
0.3764248425196851
11
0.3790753543307087
21
0.3764248425196851
0
LINE
8
BLACK
6
CONTINUOUS
10
0.3790753543307087
20
0.3764248425196851
11
0.3797464960629921
21
0.3770959842519685
0
LINE
8
BLACK
6
CONTINUOUS
10
0.3797464960629921
20
0.3770959842519685
11
0.3810952362204724
21
0.3797934251968504
0
LINE
8
BLACK
6
CONTINUOUS
10
0.3810952362204724
20
0.3797934251968504
11
0.3810952362204724
21
0.3840236220472441
0
LINE
8
BLACK
6
CONTINUOUS
10
0.3810952362204724
20
0.3840236220472441
11
0.3799723622047244
21
0.3862693700787401
0
LINE
8
BLACK
6
CONTINUOUS
10
0.3799723622047244
20
0.3862693700787401
11
0.3777266141732283
21
0.3873922047244094
0
LINE
8
BLACK
6
CONTINUOUS
10
0.3777266141732283
20
0.3873922047244094
11
0.3578012598425197
21
0.3873922047244094
0
LINE
8
BLACK
6
CONTINUOUS
10
0.3578012598425197
20
0.3873922047244094
11
0.3572251968503937
21
0.387448937007874
0
LINE
8
BLACK
6
CONTINUOUS
10
0.3572251968503937
20
0.387448937007874
11
0.3561607874015748
21
0.3878898425196851
0
LINE
8
BLACK
6
CONTINUOUS
10
0.3561607874015748
20
0.3878898425196851
11
0.3553461417322835
21
0.3887044881889763
0
LINE
8
BLACK
6
CONTINUOUS
10
0.3553461417322835
20
0.3887044881889763
11
0.3549052362204724
21
0.3897688976377953
0
LINE
8
BLACK
6
CONTINUOUS
10
0.3549052362204724
20
0.3897688976377953
11
0.3549052362204724
21
0.3909210236220472
0
LINE
8
BLACK
6
CONTINUOUS
10
0.3549052362204724
20
0.3909210236220472
11
0.3553461417322835
21
0.3919854330708661
0
LINE
8
BLACK
6
CONTINUOUS
10
0.3553461417322835
20
0.3919854330708661
11
0.3561607874015748
21
0.3928000787401575
0
LINE
8
BLACK
6
CONTINUOUS
10
0.3561607874015748
20
0.3928000787401575
11
0.3572251968503937
21
0.3932409842519685
0
LINE
8
BLACK
6
CONTINUOUS
10
0.3572251968503937
20
0.3932409842519685
11
0.3578012598425197
21
0.3932977165354331
0
LINE
8
BLACK
6
CONTINUOUS
10
0.3578012598425197
20
0.3932977165354331
11
0.3784236614173228
21
0.3932977165354331
0
LINE
8
BLACK
6
CONTINUOUS
10
0.3784236614173228
20
0.3932977165354331
11
0.3789997244094488
21
0.3932409842519685
0
LINE
8
BLACK
6
CONTINUOUS
10
-0.0315319291338583
20
0.4115949212598425
11
-0.0310583858267717
21
0.4115949212598425
0
LINE
8
BLACK
6
CONTINUOUS
10
-0.0310583858267717
20
0.4115949212598425
11
-0.0309603149606299
21
0.4115542913385827
0
LINE
8
BLACK
6
CONTINUOUS
10
-0.0309603149606299
20
0.4115542913385827
11
-0.0308545669291339
21
0.4115467716535433
0
LINE
8
BLACK
6
CONTINUOUS
10
-0.0308545669291339
20
0.4115467716535433
11
-0.0304314566929134
21
0.4113352362204724
0
LINE
8
BLACK
6
CONTINUOUS
10
-0.0304314566929134
20
0.4113352362204724
11
-0.0299939763779528
21
0.4111540157480315
0
LINE
8
BLACK
6
CONTINUOUS
10
-0.0299939763779528
20
0.4111540157480315
11
-0.0299189763779528
21
0.4110790157480315
0
LINE
8
BLACK
6
CONTINUOUS
10
-0.0299189763779528
20
0.4110790157480315
11
-0.029824094488189
21
0.4110315748031496
0
LINE
8
BLACK
6
CONTINUOUS
10
-0.029824094488189
20
0.4110315748031496
11
-0.029514094488189
21
0.4106741338582677
0
LINE
8
BLACK
6
CONTINUOUS
10
-0.029514094488189
20
0.4106741338582677
11
-0.0291793307086614
21
0.4103393700787402
0
LINE
8
BLACK
6
CONTINUOUS
10
-0.0291793307086614
20
0.4103393700787402
11
-0.0291387401574803
21
0.4102413385826771
0
LINE
8
BLACK
6
CONTINUOUS
10
-0.0291387401574803
20
0.4102413385826771
11
-0.0290692125984252
21
0.4101611811023622
0
LINE
8
BLACK
6
CONTINUOUS
10
-0.0290692125984252
20
0.4101611811023622
11
-0.0289196062992126
21
0.4097123622047244
0
LINE
8
BLACK
6
CONTINUOUS
10
-0.0289196062992126
20
0.4097123622047244
11
-0.0287384251968504
21
0.4092749606299212
0
LINE
8
BLACK
6
CONTINUOUS
10
-0.0287384251968504
20
0.4092749606299212
11
-0.0287236220472441
21
0.4091243307086614
0
LINE
8
BLACK
6
CONTINUOUS
10
-0.0287236220472441
20
0.4091243307086614
11
-0.0287048818897638
21
0.4090681889763779
0
LINE
8
BLACK
6
CONTINUOUS
10
-0.0287048818897638
20
0.4090681889763779
11
-0.0287104330708661
21
0.4089904724409449
0
LINE
8
BLACK
6
CONTINUOUS
10
-0.0287104330708661
20
0.4089904724409449
11
-0.0286816929133858
21
0.4086988976377953
0
LINE
8
BLACK
6
CONTINUOUS
10
-0.0286816929133858
20
0.4086988976377953
11
-0.0286816929133858
21
0.3929040157480315
0
LINE
8
BLACK
6
CONTINUOUS
10
-0.0286816929133858
20
0.3929040157480315
11
-0.018511062992126
21
0.3929040157480315
0
LINE
8
BLACK
6
CONTINUOUS
10
-0.018511062992126
20
0.3929040157480315
11
-0.017935
21
0.3928472834645669
0
LINE
8
BLACK
6
CONTINUOUS
10
-0.017935
20
0.3928472834645669
11
-0.0168705905511811
21
0.3924063779527559
0
LINE
8
BLACK
6
CONTINUOUS
10
-0.0168705905511811
20
0.3924063779527559
11
-0.0160559448818898
21
0.3915917322834646
0
LINE
8
BLACK
6
CONTINUOUS
10
-0.0160559448818898
20
0.3915917322834646
11
-0.0156150393700787
21
0.3905273228346456
0
LINE
8
BLACK
6
CONTINUOUS
10
-0.0156150393700787
20
0.3905273228346456
11
-0.0156150393700787
21
0.3893751968503937
0
LINE
8
BLACK
6
CONTINUOUS
10
-0.0156150393700787
20
0.3893751968503937
11
-0.0160559448818898
21
0.3883107874015748
0
LINE
8
BLACK
6
CONTINUOUS
10
-0.0160559448818898
20
0.3883107874015748
11
-0.0168705905511811
21
0.3874961417322835
0
LINE
8
BLACK
6
CONTINUOUS
10
-0.0168705905511811
20
0.3874961417322835
11
-0.017935
21
0.3870552362204724
0
LINE
8
BLACK
6
CONTINUOUS
10
-0.017935
20
0.3870552362204724
11
-0.018511062992126
21
0.3869985039370079
0
LINE
8
BLACK
6
CONTINUOUS
10
-0.018511062992126
20
0.3869985039370079
11
-0.0286816929133858
21
0.3869985039370079
0
LINE
8
BLACK
6
CONTINUOUS
10
-0.0286816929133858
20
0.3869985039370079
11
-0.0286816929133858
21
0.384326968503937
0
LINE
8
BLACK
6
CONTINUOUS
10
-0.0286816929133858
20
0.384326968503937
11
-0.0287384251968504
21
0.383750905511811
0
LINE
8
BLACK
6
CONTINUOUS
10
-0.0287384251968504
20
0.383750905511811
11
-0.0291793307086614
21
0.3826864960629921
0
LINE
8
BLACK
6
CONTINUOUS
10
-0.0291793307086614
20
0.3826864960629921
11
-0.0299939763779528
21
0.3818718503937008
0
LINE
8
BLACK
6
CONTINUOUS
10
-0.0299939763779528
20
0.3818718503937008
11
-0.0310583858267717
21
0.3814309448818898
0
LINE
8
BLACK
6
CONTINUOUS
10
-0.0310583858267717
20
0.3814309448818898
11
-0.0322105118110236
21
0.3814309448818898
0
LINE
8
BLACK
6
CONTINUOUS
10
-0.0322105118110236
20
0.3814309448818898
11
-0.0332749212598425
21
0.3818718503937008
0
LINE
8
BLACK
6
CONTINUOUS
10
-0.0332749212598425
20
0.3818718503937008
11
-0.0340895669291339
21
0.3826864960629921
0
LINE
8
BLACK
6
CONTINUOUS
10
-0.0340895669291339
20
0.3826864960629921
11
-0.0345304724409449
21
0.383750905511811
0
LINE
8
BLACK
6
CONTINUOUS
10
-0.0345304724409449
20
0.383750905511811
11
-0.0345872047244094
21
0.384326968503937
0
LINE
8
BLACK
6
CONTINUOUS
10
-0.0345872047244094
20
0.384326968503937
11
-0.0345872047244094
21
0.3869985039370079
0
LINE
8
BLACK
6
CONTINUOUS
10
-0.0345872047244094
20
0.3869985039370079
11
-0.0447577952755906
21
0.3869985039370079
0
LINE
8
BLACK
6
CONTINUOUS
10
-0.0447577952755906
20
0.3869985039370079
11
-0.0453338582677165
21
0.3870552362204724
0
LINE
8
BLACK
6
CONTINUOUS
10
-0.0453338582677165
20
0.3870552362204724
11
-0.0463982677165354
21
0.3874961417322835
0
LINE
8
BLACK
6
CONTINUOUS
10
-0.0463982677165354
20
0.3874961417322835
11
-0.0472129133858268
21
0.3883107874015748
0
LINE
8
BLACK
6
CONTINUOUS
10
-0.0472129133858268
20
0.3883107874015748
11
-0.0476538188976378
21
0.3893751968503937
0
LINE
8
BLACK
6
CONTINUOUS
10
-0.0476538188976378
20
0.3893751968503937
11
-0.0476538188976378
21
0.3905273228346456
0
LINE
8
BLACK
6
CONTINUOUS
10
-0.0476538188976378
20
0.3905273228346456
11
-0.0472129133858268
21
0.3915917322834646
0
LINE
8
BLACK
6
CONTINUOUS
10
-0.0472129133858268
20
0.3915917322834646
11
-0.0463982677165354
21
0.3924063779527559
0
LINE
8
BLACK
6
CONTINUOUS
10
-0.0463982677165354
20
0.3924063779527559
11
-0.0453338582677165
21
0.3928472834645669
0
LINE
8
BLACK
6
CONTINUOUS
10
-0.0453338582677165
20
0.3928472834645669
11
-0.0447577952755906
21
0.3929040157480315
0
LINE
8
BLACK
6
CONTINUOUS
10
-0.0447577952755906
20
0.3929040157480315
11
-0.0345872047244094
21
0.3929040157480315
0
LINE
8
BLACK
6
CONTINUOUS
10
-0.0345872047244094
20
0.3929040157480315
11
-0.0345872047244094
21
0.4046022047244094
0
LINE
8
BLACK
6
CONTINUOUS
10
-0.0345872047244094
20
0.4046022047244094
11
-0.0588221653543307
21
0.3965238582677165
0
LINE
8
BLACK
6
CONTINUOUS
10
-0.0588221653543307
20
0.3965238582677165
11
-0.0593866141732283
21
0.3963955118110236
0
LINE
8
BLACK
6
CONTINUOUS
10
-0.0593866141732283
20
0.3963955118110236
11
-0.0605358267716535
21
0.3964772047244094
0
LINE
8
BLACK
6
CONTINUOUS
10
-0.0605358267716535
20
0.3964772047244094
11
-0.0615662598425197
21
0.3969924015748031
0
LINE
8
BLACK
6
CONTINUOUS
10
-0.0615662598425197
20
0.3969924015748031
11
-0.0623211417322835
21
0.3978627559055118
0
LINE
8
BLACK
6
CONTINUOUS
10
-0.0623211417322835
20
0.3978627559055118
11
-0.0626854724409449
21
0.3989557874015748
0
LINE
8
BLACK
6
CONTINUOUS
10
-0.0626854724409449
20
0.3989557874015748
11
-0.0626037795275591
21
0.400105
0
LINE
8
BLACK
6
CONTINUOUS
10
-0.0626037795275591
20
0.400105
11
-0.0620885826771654
21
0.4011354330708661
0
LINE
8
BLACK
6
CONTINUOUS
10
-0.0620885826771654
20
0.4011354330708661
11
-0.0612182283464567
21
0.4018903149606299
0
LINE
8
BLACK
6
CONTINUOUS
10
-0.0612182283464567
20
0.4018903149606299
11
-0.0606896456692913
21
0.4021262992125984
0
LINE
8
BLACK
6
CONTINUOUS
10
-0.0606896456692913
20
0.4021262992125984
11
-0.0325682283464567
21
0.4115001181102362
0
LINE
8
BLACK
6
CONTINUOUS
10
-0.0325682283464567
20
0.4115001181102362
11
-0.0322825984251969
21
0.4115650787401575
0
LINE
8
BLACK
6
CONTINUOUS
10
-0.0322825984251969
20
0.4115650787401575
11
-0.0322105118110236
21
0.4115949212598425
0
LINE
8
BLACK
6
CONTINUOUS
10
-0.0322105118110236
20
0.4115949212598425
11
-0.0321512992125984
21
0.4115949212598425
0
LINE
8
BLACK
6
CONTINUOUS
10
-0.0321512992125984
20
0.4115949212598425
11
-0.0320037795275591
21
0.4116284645669291
0
LINE
8
BLACK
6
CONTINUOUS
10
-0.0320037795275591
20
0.4116284645669291
11
-0.0315319291338583
21
0.4115949212598425
0
LINE
8
BLACK
6
CONTINUOUS
10
0.3856884645669291
20
0.4265458661417323
11
0.3865031102362205
21
0.4257312204724409
0
LINE
8
BLACK
6
CONTINUOUS
10
0.3865031102362205
20
0.4257312204724409
11
0.3869440157480315
21
0.424666811023622
0
LINE
8
BLACK
6
CONTINUOUS
10
0.3869440157480315
20
0.424666811023622
11
0.387000748031496
21
0.424090748031496
0
LINE
8
BLACK
6
CONTINUOUS
10
0.387000748031496
20
0.424090748031496
11
0.387000748031496
21
0.4203412204724409
0
LINE
8
BLACK
6
CONTINUOUS
10
0.387000748031496
20
0.4203412204724409
11
0.3869720078740158
21
0.4200496456692913
0
LINE
8
BLACK
6
CONTINUOUS
10
0.3869720078740158
20
0.4200496456692913
11
0.3869775590551181
21
0.4199718897637795
0
LINE
8
BLACK
6
CONTINUOUS
10
0.3869775590551181
20
0.4199718897637795
11
0.3869542913385827
21
0.4198696456692913
0
LINE
8
BLACK
6
CONTINUOUS
10
0.3869542913385827
20
0.4198696456692913
11
0.3869440157480315
21
0.419765157480315
0
LINE
8
BLACK
6
CONTINUOUS
10
0.3869440157480315
20
0.419765157480315
11
0.3869141338582677
21
0.4196931102362205
0
LINE
8
BLACK
6
CONTINUOUS
10
0.3869141338582677
20
0.4196931102362205
11
0.3868492125984252
21
0.4194074409448819
0
LINE
8
BLACK
6
CONTINUOUS
10
0.3868492125984252
20
0.4194074409448819
11
0.3849744488188976
21
0.4137831889763779
0
LINE
8
BLACK
6
CONTINUOUS
10
0.3849744488188976
20
0.4137831889763779
11
0.3847384645669291
21
0.4132546062992126
0
LINE
8
BLACK
6
CONTINUOUS
10
0.3847384645669291
20
0.4132546062992126
11
0.3846689763779527
21
0.4131745275590551
0
LINE
8
BLACK
6
CONTINUOUS
10
0.3846689763779527
20
0.4131745275590551
11
0.3846283858267717
21
0.4130764566929134
0
LINE
8
BLACK
6
CONTINUOUS
10
0.3846283858267717
20
0.4130764566929134
11
0.3842611417322834
21
0.4126290157480315
0
LINE
8
BLACK
6
CONTINUOUS
10
0.3842611417322834
20
0.4126290157480315
11
0.3805115748031496
21
0.4088794881889763
0
LINE
8
BLACK
6
CONTINUOUS
10
0.3805115748031496
20
0.4088794881889763
11
0.380064094488189
21
0.4085122440944882
0
LINE
8
BLACK
6
CONTINUOUS
10
0.380064094488189
20
0.4085122440944882
11
0.3799660236220472
21
0.4084716535433071
0
LINE
8
BLACK
6
CONTINUOUS
10
0.3799660236220472
20
0.4084716535433071
11
0.3798859448818898
21
0.4084021653543307
0
LINE
8
BLACK
6
CONTINUOUS
10
0.3798859448818898
20
0.4084021653543307
11
0.3793574015748031
21
0.4081661811023622
0
LINE
8
BLACK
6
CONTINUOUS
10
0.3793574015748031
20
0.4081661811023622
11
0.3737331102362205
21
0.4062914173228346
0
LINE
8
BLACK
6
CONTINUOUS
10
0.3737331102362205
20
0.4062914173228346
11
0.3734475196850394
21
0.4062264960629921
0
LINE
8
BLACK
6
CONTINUOUS
10
0.3734475196850394
20
0.4062264960629921
11
0.3733754330708661
21
0.4061966141732283
0
LINE
8
BLACK
6
CONTINUOUS
10
0.3733754330708661
20
0.4061966141732283
11
0.373270905511811
21
0.4061863385826772
0
LINE
8
BLACK
6
CONTINUOUS
10
0.373270905511811
20
0.4061863385826772
11
0.3731686614173228
21
0.4061630708661417
0
LINE
8
BLACK
6
CONTINUOUS
10
0.3731686614173228
20
0.4061630708661417
11
0.373090905511811
21
0.4061686220472441
0
LINE
8
BLACK
6
CONTINUOUS
10
0.373090905511811
20
0.4061686220472441
11
0.3727993700787401
21
0.4061398818897637
0
LINE
8
BLACK
6
CONTINUOUS
10
0.3727993700787401
20
0.4061398818897637
11
0.3446779133858268
21
0.4061398818897637
0
LINE
8
BLACK
6
CONTINUOUS
10
0.3446779133858268
20
0.4061398818897637
11
0.3441018503937008
21
0.4061966141732283
0
LINE
8
BLACK
6
CONTINUOUS
10
0.3441018503937008
20
0.4061966141732283
11
0.3430374409448819
21
0.4066375196850394
0
LINE
8
BLACK
6
CONTINUOUS
10
0.3430374409448819
20
0.4066375196850394
11
0.3422227952755905
21
0.4074521653543307
0
LINE
8
BLACK
6
CONTINUOUS
10
0.3422227952755905
20
0.4074521653543307
11
0.3417818897637795
21
0.4085165748031496
0
LINE
8
BLACK
6
CONTINUOUS
10
0.3417818897637795
20
0.4085165748031496
11
0.3417818897637795
21
0.4096687007874016
0
LINE
8
BLACK
6
CONTINUOUS
10
0.3417818897637795
20
0.4096687007874016
11
0.3422227952755905
21
0.4107331102362204
0
LINE
8
BLACK
6
CONTINUOUS
10
0.3422227952755905
20
0.4107331102362204
11
0.3430374409448819
21
0.4115477559055118
0
LINE
8
BLACK
6
CONTINUOUS
10
0.3430374409448819
20
0.4115477559055118
11
0.3441018503937008
21
0.4119886614173228
0
LINE
8
BLACK
6
CONTINUOUS
10
0.3441018503937008
20
0.4119886614173228
11
0.3446779133858268
21
0.4120453937007874
0
LINE
8
BLACK
6
CONTINUOUS
10
0.3446779133858268
20
0.4120453937007874
11
0.3723202362204724
21
0.4120453937007874
0
LINE
8
BLACK
6
CONTINUOUS
10
0.3723202362204724
20
0.4120453937007874
11
0.3768286220472441
21
0.4135482283464567
0
LINE
8
BLACK
6
CONTINUOUS
10
0.3768286220472441
20
0.4135482283464567
11
0.3795924409448819
21
0.4163120078740157
0
LINE
8
BLACK
6
CONTINUOUS
10
0.3795924409448819
20
0.4163120078740157
11
0.3810952362204724
21
0.4208203543307086
0
LINE
8
BLACK
6
CONTINUOUS
10
0.3810952362204724
20
0.4208203543307086
11
0.3810952362204724
21
0.424090748031496
0
LINE
8
BLACK
6
CONTINUOUS
10
0.3810952362204724
20
0.424090748031496
11
0.381151968503937
21
0.424666811023622
0
LINE
8
BLACK
6
CONTINUOUS
10
0.381151968503937
20
0.424666811023622
11
0.381592874015748
21
0.4257312204724409
0
LINE
8
BLACK
6
CONTINUOUS
10
0.381592874015748
20
0.4257312204724409
11
0.3824075196850394
21
0.4265458661417323
0
LINE
8
BLACK
6
CONTINUOUS
10
0.3824075196850394
20
0.4265458661417323
11
0.3834719291338582
21
0.4269867716535433
0
LINE
8
BLACK
6
CONTINUOUS
10
0.3834719291338582
20
0.4269867716535433
11
0.3846240551181102
21
0.4269867716535433
0
LINE
8
BLACK
6
CONTINUOUS
10
0.3846240551181102
20
0.4269867716535433
11
0.3856884645669291
21
0.4265458661417323
0
LINE
8
BLACK
6
CONTINUOUS
10
-0.0334087007874016
20
0.4491370866141732
11
-0.0333656692913386
21
0.4491434645669291
0
LINE
8
BLACK
6
CONTINUOUS
10
-0.0333656692913386
20
0.4491434645669291
11
-0.0331501968503937
21
0.4491116141732283
0
LINE
8
BLACK
6
CONTINUOUS
10
-0.0331501968503937
20
0.4491116141732283
11
-0.0329331496062992
21
0.4490902362204724
0
LINE
8
BLACK
6
CONTINUOUS
10
-0.0329331496062992
20
0.4490902362204724
11
-0.0328929527559055
21
0.4490736220472441
0
LINE
8
BLACK
6
CONTINUOUS
10
-0.0328929527559055
20
0.4490736220472441
11
-0.0327930708661417
21
0.4490588188976378
0
LINE
8
BLACK
6
CONTINUOUS
10
-0.0327930708661417
20
0.4490588188976378
11
-0.0252940157480315
21
0.4471840551181102
0
LINE
8
BLACK
6
CONTINUOUS
10
-0.0252940157480315
20
0.4471840551181102
11
-0.0252515354330709
21
0.4471688976377953
0
LINE
8
BLACK
6
CONTINUOUS
10
-0.0252515354330709
20
0.4471688976377953
11
-0.0252302755905512
21
0.4471673622047244
0
LINE
8
BLACK
6
CONTINUOUS
10
-0.0252302755905512
20
0.4471673622047244
11
-0.0249908661417323
21
0.4470757480314961
0
LINE
8
BLACK
6
CONTINUOUS
10
-0.0249908661417323
20
0.4470757480314961
11
-0.0247488976377953
21
0.4469892913385827
0
LINE
8
BLACK
6
CONTINUOUS
10
-0.0247488976377953
20
0.4469892913385827
11
-0.0247317716535433
21
0.4469766141732283
0
LINE
8
BLACK
6
CONTINUOUS
10
-0.0247317716535433
20
0.4469766141732283
11
-0.0246896456692913
21
0.4469604724409449
0
LINE
8
BLACK
6
CONTINUOUS
10
-0.0246896456692913
20
0.4469604724409449
11
-0.0209401181102362
21
0.4450857086614173
0
LINE
8
BLACK
6
CONTINUOUS
10
-0.0209401181102362
20
0.4450857086614173
11
-0.0206922440944882
21
0.4449296850393701
0
LINE
8
BLACK
6
CONTINUOUS
10
-0.0206922440944882
20
0.4449296850393701
11
-0.0206201968503937
21
0.444899842519685
0
LINE
8
BLACK
6
CONTINUOUS
10
-0.0206201968503937
20
0.444899842519685
11
-0.0205391732283465
21
0.4448333464566929
0
LINE
8
BLACK
6
CONTINUOUS
10
-0.0205391732283465
20
0.4448333464566929
11
-0.0204502362204724
21
0.4447773622047244
0
LINE
8
BLACK
6
CONTINUOUS
10
-0.0204502362204724
20
0.4447773622047244
11
-0.020399094488189
21
0.4447183858267716
0
LINE
8
BLACK
6
CONTINUOUS
10
-0.020399094488189
20
0.4447183858267716
11
-0.0201727559055118
21
0.4445326377952756
0
LINE
8
BLACK
6
CONTINUOUS
10
-0.0201727559055118
20
0.4445326377952756
11
-0.0182979527559055
21
0.442657874015748
0
LINE
8
BLACK
6
CONTINUOUS
10
-0.0182979527559055
20
0.442657874015748
11
-0.0181122047244094
21
0.4424315354330708
0
LINE
8
BLACK
6
CONTINUOUS
10
-0.0181122047244094
20
0.4424315354330708
11
-0.0180531496062992
21
0.4423803149606299
0
LINE
8
BLACK
6
CONTINUOUS
10
-0.0180531496062992
20
0.4423803149606299
11
-0.0179971653543307
21
0.4422913779527559
0
LINE
8
BLACK
6
CONTINUOUS
10
-0.0179971653543307
20
0.4422913779527559
11
-0.0179307086614173
21
0.4422103937007874
0
LINE
8
BLACK
6
CONTINUOUS
10
-0.0179307086614173
20
0.4422103937007874
11
-0.017900905511811
21
0.4421384645669291
0
LINE
8
BLACK
6
CONTINUOUS
10
-0.017900905511811
20
0.4421384645669291
11
-0.0177448031496063
21
0.4418904330708661
0
LINE
8
BLACK
6
CONTINUOUS
10
-0.0177448031496063
20
0.4418904330708661
11
-0.0158700393700787
21
0.438140905511811
0
LINE
8
BLACK
6
CONTINUOUS
10
-0.0158700393700787
20
0.438140905511811
11
-0.0156631496062992
21
0.4376003149606299
0
LINE
8
BLACK
6
CONTINUOUS
10
-0.0156631496062992
20
0.4376003149606299
11
-0.0156556299212598
21
0.4374944488188977
0
LINE
8
BLACK
6
CONTINUOUS
10
-0.0156556299212598
20
0.4374944488188977
11
-0.0156150393700787
21
0.4373964566929134
0
LINE
8
BLACK
6
CONTINUOUS
10
-0.0156150393700787
20
0.4373964566929134
11
-0.0155583070866142
21
0.4368203937007874
0
LINE
8
BLACK
6
CONTINUOUS
10
-0.0155583070866142
20
0.4368203937007874
11
-0.0155583070866142
21
0.4330708661417323
0
LINE
8
BLACK
6
CONTINUOUS
10
-0.0155583070866142
20
0.4330708661417323
11
-0.0156150393700787
21
0.4324948031496063
0
LINE
8
BLACK
6
CONTINUOUS
10
-0.0156150393700787
20
0.4324948031496063
11
-0.0156556299212598
21
0.4323968503937008
0
LINE
8
BLACK
6
CONTINUOUS
10
-0.0156556299212598
20
0.4323968503937008
11
-0.0156631496062992
21
0.4322909448818897
0
LINE
8
BLACK
6
CONTINUOUS
10
-0.0156631496062992
20
0.4322909448818897
11
-0.0158700393700787
21
0.4317503543307086
0
LINE
8
BLACK
6
CONTINUOUS
10
-0.0158700393700787
20
0.4317503543307086
11
-0.0177448031496063
21
0.4280008267716535
0
LINE
8
BLACK
6
CONTINUOUS
10
-0.0177448031496063
20
0.4280008267716535
11
-0.017900905511811
21
0.4277528346456693
0
LINE
8
BLACK
6
CONTINUOUS
10
-0.017900905511811
20
0.4277528346456693
11
-0.0179307086614173
21
0.4276808661417323
0
LINE
8
BLACK
6
CONTINUOUS
10
-0.0179307086614173
20
0.4276808661417323
11
-0.0179971653543307
21
0.4275999212598425
0
LINE
8
BLACK
6
CONTINUOUS
10
-0.0179971653543307
20
0.4275999212598425
11
-0.0180531496062992
21
0.4275109448818897
0
LINE
8
BLACK
6
CONTINUOUS
10
-0.0180531496062992
20
0.4275109448818897
11
-0.0181122047244094
21
0.4274597637795275
0
LINE
8
BLACK
6
CONTINUOUS
10
-0.0181122047244094
20
0.4274597637795275
11
-0.0182979527559055
21
0.4272333858267716
0
LINE
8
BLACK
6
CONTINUOUS
10
-0.0182979527559055
20
0.4272333858267716
11
-0.0201727559055118
21
0.4253586220472441
0
LINE
8
BLACK
6
CONTINUOUS
10
-0.0201727559055118
20
0.4253586220472441
11
-0.020399094488189
21
0.4251729133858267
0
LINE
8
BLACK
6
CONTINUOUS
10
-0.020399094488189
20
0.4251729133858267
11
-0.0204502362204724
21
0.4251138976377953
0
LINE
8
BLACK
6
CONTINUOUS
10
-0.0204502362204724
20
0.4251138976377953
11
-0.0205391732283465
21
0.4250579527559055
0
LINE
8
BLACK
6
CONTINUOUS
10
-0.0205391732283465
20
0.4250579527559055
11
-0.0206201968503937
21
0.4249914173228346
0
LINE
8
BLACK
6
CONTINUOUS
10
-0.0206201968503937
20
0.4249914173228346
11
-0.0206922440944882
21
0.4249616141732284
0
LINE
8
BLACK
6
CONTINUOUS
10
-0.0206922440944882
20
0.4249616141732284
11
-0.0209401181102362
21
0.4248055511811024
0
LINE
8
BLACK
6
CONTINUOUS
10
-0.0209401181102362
20
0.4248055511811024
11
-0.0246896456692913
21
0.4229307874015748
0
LINE
8
BLACK
6
CONTINUOUS
10
-0.0246896456692913
20
0.4229307874015748
11
-0.0247317716535433
21
0.4229146850393701
0
LINE
8
BLACK
6
CONTINUOUS
10
-0.0247317716535433
20
0.4229146850393701
11
-0.0247488976377953
21
0.422901968503937
0
LINE
8
BLACK
6
CONTINUOUS
10
-0.0247488976377953
20
0.422901968503937
11
-0.0249908661417323
21
0.4228155511811024
0
LINE
8
BLACK
6
CONTINUOUS
10
-0.0249908661417323
20
0.4228155511811024
11
-0.0252302755905512
21
0.4227238976377953
0
LINE
8
BLACK
6
CONTINUOUS
10
-0.0252302755905512
20
0.4227238976377953
11
-0.0252515354330709
21
0.4227224015748031
0
LINE
8
BLACK
6
CONTINUOUS
10
-0.0252515354330709
20
0.4227224015748031
11
-0.0252940157480315
21
0.4227072047244094
0
LINE
8
BLACK
6
CONTINUOUS
10
-0.0252940157480315
20
0.4227072047244094
11
-0.0327930708661417
21
0.4208324409448819
0
LINE
8
BLACK
6
CONTINUOUS
10
-0.0327930708661417
20
0.4208324409448819
11
-0.0328929527559055
21
0.4208176771653543
0
LINE
8
BLACK
6
CONTINUOUS
10
-0.0328929527559055
20
0.4208176771653543
11
-0.0329331496062992
21
0.4208010236220472
0
LINE
8
BLACK
6
CONTINUOUS
10
-0.0329331496062992
20
0.4208010236220472
11
-0.0331501968503937
21
0.4207796850393701
0
LINE
8
BLACK
6
CONTINUOUS
10
-0.0331501968503937
20
0.4207796850393701
11
-0.0333656692913386
21
0.4207477952755905
0
LINE
8
BLACK
6
CONTINUOUS
10
-0.0333656692913386
20
0.4207477952755905
11
-0.0334087007874016
21
0.4207542125984252
0
LINE
8
BLACK
6
CONTINUOUS
10
-0.0334087007874016
20
0.4207542125984252
11
-0.0335092125984252
21
0.4207442913385827
0
LINE
8
BLACK
6
CONTINUOUS
10
-0.0335092125984252
20
0.4207442913385827
11
-0.042883031496063
21
0.4207442913385827
0
LINE
8
BLACK
6
CONTINUOUS
10
-0.042883031496063
20
0.4207442913385827
11
-0.0429835826771654
21
0.4207542125984252
0
LINE
8
BLACK
6
CONTINUOUS
10
-0.0429835826771654
20
0.4207542125984252
11
-0.0430265748031496
21
0.4207477952755905
0
LINE
8
BLACK
6
CONTINUOUS
10
-0.0430265748031496
20
0.4207477952755905
11
-0.0432420866141732
21
0.4207796850393701
0
LINE
8
BLACK
6
CONTINUOUS
10
-0.0432420866141732
20
0.4207796850393701
11
-0.043459094488189
21
0.4208010236220472
0
LINE
8
BLACK
6
CONTINUOUS
10
-0.043459094488189
20
0.4208010236220472
11
-0.0434993307086614
21
0.4208176771653543
0
LINE
8
BLACK
6
CONTINUOUS
10
-0.0434993307086614
20
0.4208176771653543
11
-0.0435991732283465
21
0.4208324409448819
0
LINE
8
BLACK
6
CONTINUOUS
10
-0.0435991732283465
20
0.4208324409448819
11
-0.0510982283464567
21
0.4227072047244094
0
LINE
8
BLACK
6
CONTINUOUS
10
-0.0510982283464567
20
0.4227072047244094
11
-0.0511407480314961
21
0.4227224015748031
0
LINE
8
BLACK
6
CONTINUOUS
10
-0.0511407480314961
20
0.4227224015748031
11
-0.0511620078740157
21
0.4227238976377953
0
LINE
8
BLACK
6
CONTINUOUS
10
-0.0511620078740157
20
0.4227238976377953
11
-0.0514017716535433
21
0.4228156692913386
0
LINE
8
BLACK
6
CONTINUOUS
10
-0.0514017716535433
20
0.4228156692913386
11
-0.0516433464566929
21
0.422901968503937
0
LINE
8
BLACK
6
CONTINUOUS
10
-0.0516433464566929
20
0.422901968503937
11
-0.0516605118110236
21
0.4229146850393701
0
LINE
8
BLACK
6
CONTINUOUS
10
-0.0516605118110236
20
0.4229146850393701
11
-0.0517025984251969
21
0.4229307874015748
0
LINE
8
BLACK
6
CONTINUOUS
10
-0.0517025984251969
20
0.4229307874015748
11
-0.055452125984252
21
0.4248055511811024
0
LINE
8
BLACK
6
CONTINUOUS
10
-0.055452125984252
20
0.4248055511811024
11
-0.055700157480315
21
0.4249616535433071
0
LINE
8
BLACK
6
CONTINUOUS
10
-0.055700157480315
20
0.4249616535433071
11
-0.0557720866141732
21
0.4249914566929134
0
LINE
8
BLACK
6
CONTINUOUS
10
-0.0557720866141732
20
0.4249914566929134
11
-0.0558530708661417
21
0.4250579527559055
0
LINE
8
BLACK
6
CONTINUOUS
10
-0.0558530708661417
20
0.4250579527559055
11
-0.0559420078740157
21
0.4251138976377953
0
LINE
8
BLACK
6
CONTINUOUS
10
-0.0559420078740157
20
0.4251138976377953
11
-0.055993188976378
21
0.4251729133858267
0
LINE
8
BLACK
6
CONTINUOUS
10
-0.055993188976378
20
0.4251729133858267
11
-0.0562195275590551
21
0.4253586614173228
0
LINE
8
BLACK
6
CONTINUOUS
10
-0.0562195275590551
20
0.4253586614173228
11
-0.0580942913385827
21
0.4272334251968504
0
LINE
8
BLACK
6
CONTINUOUS
10
-0.0580942913385827
20
0.4272334251968504
11
-0.0582800787401575
21
0.4274598031496063
0
LINE
8
BLACK
6
CONTINUOUS
10
-0.0582800787401575
20
0.4274598031496063
11
-0.0583390551181102
21
0.4275109448818897
0
LINE
8
BLACK
6
CONTINUOUS
10
-0.0583390551181102
20
0.4275109448818897
11
-0.0583950393700787
21
0.4275999212598425
0
LINE
8
BLACK
6
CONTINUOUS
10
-0.0583950393700787
20
0.4275999212598425
11
-0.0584614960629921
21
0.4276808661417323
0
LINE
8
BLACK
6
CONTINUOUS
10
-0.0584614960629921
20
0.4276808661417323
11
-0.0584913385826772
21
0.4277528346456693
0
LINE
8
BLACK
6
CONTINUOUS
10
-0.0584913385826772
20
0.4277528346456693
11
-0.0586474015748032
21
0.4280008267716535
0
LINE
8
BLACK
6
CONTINUOUS
10
-0.0586474015748032
20
0.4280008267716535
11
-0.0605221653543307
21
0.4317503543307086
0
LINE
8
BLACK
6
CONTINUOUS
10
-0.0605221653543307
20
0.4317503543307086
11
-0.0607290551181102
21
0.4322909842519685
0
LINE
8
BLACK
6
CONTINUOUS
10
-0.0607290551181102
20
0.4322909842519685
11
-0.0607365748031496
21
0.432396811023622
0
LINE
8
BLACK
6
CONTINUOUS
10
-0.0607365748031496
20
0.432396811023622
11
-0.0607771653543307
21
0.4324948031496063
0
LINE
8
BLACK
6
CONTINUOUS
10
-0.0607771653543307
20
0.4324948031496063
11
-0.0608338976377953
21
0.4330708661417323
0
LINE
8
BLACK
6
CONTINUOUS
10
-0.0608338976377953
20
0.4330708661417323
11
-0.0608338976377953
21
0.4368203937007874
0
LINE
8
BLACK
6
CONTINUOUS
10
-0.0608338976377953
20
0.4368203937007874
11
-0.0607771653543307
21
0.4373964566929134
0
LINE
8
BLACK
6
CONTINUOUS
10
-0.0607771653543307
20
0.4373964566929134
11
-0.0607365748031496
21
0.4374944881889763
0
LINE
8
BLACK
6
CONTINUOUS
10
-0.0607365748031496
20
0.4374944881889763
11
-0.0607290551181102
21
0.4376002755905511
0
LINE
8
BLACK
6
CONTINUOUS
10
-0.0607290551181102
20
0.4376002755905511
11
-0.0605221653543307
21
0.438140905511811
0
LINE
8
BLACK
6
CONTINUOUS
10
-0.0605221653543307
20
0.438140905511811
11
-0.0586474015748032
21
0.4418904330708661
0
LINE
8
BLACK
6
CONTINUOUS
10
-0.0586474015748032
20
0.4418904330708661
11
-0.0584913385826772
21
0.4421384645669291
0
LINE
8
BLACK
6
CONTINUOUS
10
-0.0584913385826772
20
0.4421384645669291
11
-0.0584614960629921
21
0.4422103937007874
0
LINE
8
BLACK
6
CONTINUOUS
10
-0.0584614960629921
20
0.4422103937007874
11
-0.0583950393700787
21
0.4422913779527559
0
LINE
8
BLACK
6
CONTINUOUS
10
-0.0583950393700787
20
0.4422913779527559
11
-0.0583390551181102
21
0.4423803149606299
0
LINE
8
BLACK
6
CONTINUOUS
10
-0.0583390551181102
20
0.4423803149606299
11
-0.0582800787401575
21
0.4424314960629921
0
LINE
8
BLACK
6
CONTINUOUS
10
-0.0582800787401575
20
0.4424314960629921
11
-0.0580942913385827
21
0.4426578346456693
0
LINE
8
BLACK
6
CONTINUOUS
10
-0.0580942913385827
20
0.4426578346456693
11
-0.0562195275590551
21
0.4445325984251968
0
LINE
8
BLACK
6
CONTINUOUS
10
-0.0562195275590551
20
0.4445325984251968
11
-0.055993188976378
21
0.4447183858267716
0
LINE
8
BLACK
6
CONTINUOUS
10
-0.055993188976378
20
0.4447183858267716
11
-0.0559420078740157
21
0.4447773622047244
0
LINE
8
BLACK
6
CONTINUOUS
10
-0.0559420078740157
20
0.4447773622047244
11
-0.0558530708661417
21
0.4448333464566929
0
LINE
8
BLACK
6
CONTINUOUS
10
-0.0558530708661417
20
0.4448333464566929
11
-0.0557720866141732
21
0.4448998031496063
0
LINE
8
BLACK
6
CONTINUOUS
10
-0.0557720866141732
20
0.4448998031496063
11
-0.055700157480315
21
0.4449296456692913
0
LINE
8
BLACK
6
CONTINUOUS
10
-0.055700157480315
20
0.4449296456692913
11
-0.055452125984252
21
0.4450857086614173
0
LINE
8
BLACK
6
CONTINUOUS
10
-0.055452125984252
20
0.4450857086614173
11
-0.0517025984251969
21
0.4469604724409449
0
LINE
8
BLACK
6
CONTINUOUS
10
-0.0517025984251969
20
0.4469604724409449
11
-0.0516605118110236
21
0.4469766141732283
0
LINE
8
BLACK
6
CONTINUOUS
10
-0.0516605118110236
20
0.4469766141732283
11
-0.0516433464566929
21
0.4469892913385827
0
LINE
8
BLACK
6
CONTINUOUS
10
-0.0516433464566929
20
0.4469892913385827
11
-0.0514017716535433
21
0.4470756299212598
0
LINE
8
BLACK
6
CONTINUOUS
10
-0.0514017716535433
20
0.4470756299212598
11
-0.0511620078740157
21
0.4471673622047244
0
LINE
8
BLACK
6
CONTINUOUS
10
-0.0511620078740157
20
0.4471673622047244
11
-0.0511407480314961
21
0.4471688976377953
0
LINE
8
BLACK
6
CONTINUOUS
10
-0.0511407480314961
20
0.4471688976377953
11
-0.0510982283464567
21
0.4471840551181102
0
LINE
8
BLACK
6
CONTINUOUS
10
-0.0510982283464567
20
0.4471840551181102
11
-0.0435991732283465
21
0.4490588188976378
0
LINE
8
BLACK
6
CONTINUOUS
10
-0.0435991732283465
20
0.4490588188976378
11
-0.0434993307086614
21
0.4490736220472441
0
LINE
8
BLACK
6
CONTINUOUS
10
-0.0434993307086614
20
0.4490736220472441
11
-0.043459094488189
21
0.4490902362204724
0
LINE
8
BLACK
6
CONTINUOUS
10
-0.043459094488189
20
0.4490902362204724
11
-0.0432420866141732
21
0.4491116141732283
0
LINE
8
BLACK
6
CONTINUOUS
10
-0.0432420866141732
20
0.4491116141732283
11
-0.0430265748031496
21
0.4491434645669291
0
LINE
8
BLACK
6
CONTINUOUS
10
-0.0430265748031496
20
0.4491434645669291
11
-0.0429835826771654
21
0.4491370866141732
0
LINE
8
BLACK
6
CONTINUOUS
10
-0.0429835826771654
20
0.4491370866141732
11
-0.042883031496063
21
0.449146968503937
0
LINE
8
BLACK
6
CONTINUOUS
10
-0.042883031496063
20
0.449146968503937
11
-0.0335092125984252
21
0.449146968503937
0
LINE
8
BLACK
6
CONTINUOUS
10
-0.0335092125984252
20
0.449146968503937
11
-0.0334087007874016
21
0.4491370866141732
0
LINE
8
BLACK
6
CONTINUOUS
10
-0.0493515354330709
20
0.4415334645669291
11
-0.0523825196850394
21
0.4400179527559055
0
LINE
8
BLACK
6
CONTINUOUS
10
-0.0523825196850394
20
0.4400179527559055
11
-0.0535796456692913
21
0.4388208267716535
0
LINE
8
BLACK
6
CONTINUOUS
10
-0.0535796456692913
20
0.4388208267716535
11
-0.0549283858267717
21
0.4361233464566929
0
LINE
8
BLACK
6
CONTINUOUS
10
-0.0549283858267717
20
0.4361233464566929
11
-0.0549283858267717
21
0.4337679133858268
0
LINE
8
BLACK
6
CONTINUOUS
10
-0.0549283858267717
20
0.4337679133858268
11
-0.0535796456692913
21
0.4310704330708661
0
LINE
8
BLACK
6
CONTINUOUS
10
-0.0535796456692913
20
0.4310704330708661
11
-0.0523825196850394
21
0.4298733070866141
0
LINE
8
BLACK
6
CONTINUOUS
10
-0.0523825196850394
20
0.4298733070866141
11
-0.0493515354330709
21
0.4283578346456693
0
LINE
8
BLACK
6
CONTINUOUS
10
-0.0493515354330709
20
0.4283578346456693
11
-0.0425194881889764
21
0.4266498031496063
0
LINE
8
BLACK
6
CONTINUOUS
10
-0.0425194881889764
20
0.4266498031496063
11
-0.0338727559055118
21
0.4266498031496063
0
LINE
8
BLACK
6
CONTINUOUS
10
-0.0338727559055118
20
0.4266498031496063
11
-0.0270407086614173
21
0.4283578346456693
0
LINE
8
BLACK
6
CONTINUOUS
10
-0.0270407086614173
20
0.4283578346456693
11
-0.0240097244094488
21
0.4298733464566929
0
LINE
8
BLACK
6
CONTINUOUS
10
-0.0240097244094488
20
0.4298733464566929
11
-0.0228125590551181
21
0.4310704724409449
0
LINE
8
BLACK
6
CONTINUOUS
10
-0.0228125590551181
20
0.4310704724409449
11
-0.0214638188976378
21
0.4337679133858268
0
LINE
8
BLACK
6
CONTINUOUS
10
-0.0214638188976378
20
0.4337679133858268
11
-0.0214638188976378
21
0.4361233464566929
0
LINE
8
BLACK
6
CONTINUOUS
10
-0.0214638188976378
20
0.4361233464566929
11
-0.0228125590551181
21
0.4388208267716535
0
LINE
8
BLACK
6
CONTINUOUS
10
-0.0228125590551181
20
0.4388208267716535
11
-0.0240097244094488
21
0.4400179527559055
0
LINE
8
BLACK
6
CONTINUOUS
10
-0.0240097244094488
20
0.4400179527559055
11
-0.0270407086614173
21
0.4415334645669291
0
LINE
8
BLACK
6
CONTINUOUS
10
-0.0270407086614173
20
0.4415334645669291
11
-0.0338727559055118
21
0.4432414566929134
0
LINE
8
BLACK
6
CONTINUOUS
10
-0.0338727559055118
20
0.4432414566929134
11
-0.0425194881889764
21
0.4432414566929134
0
LINE
8
BLACK
6
CONTINUOUS
10
-0.0425194881889764
20
0.4432414566929134
11
-0.0493515354330709
21
0.4415334645669291
0
LINE
8
BLACK
6
CONTINUOUS
10
0.3846240551181102
20
0.4476092125984252
11
0.3856884645669291
21
0.4471683070866141
0
LINE
8
BLACK
6
CONTINUOUS
10
0.3856884645669291
20
0.4471683070866141
11
0.3865031102362205
21
0.4463536614173228
0
LINE
8
BLACK
6
CONTINUOUS
10
0.3865031102362205
20
0.4463536614173228
11
0.3869440157480315
21
0.4452892519685039
0
LINE
8
BLACK
6
CONTINUOUS
10
0.3869440157480315
20
0.4452892519685039
11
0.3869440157480315
21
0.444137125984252
0
LINE
8
BLACK
6
CONTINUOUS
10
0.3869440157480315
20
0.444137125984252
11
0.3865031102362205
21
0.4430727165354331
0
LINE
8
BLACK
6
CONTINUOUS
10
0.3865031102362205
20
0.4430727165354331
11
0.3856884645669291
21
0.4422580708661417
0
LINE
8
BLACK
6
CONTINUOUS
10
0.3856884645669291
20
0.4422580708661417
11
0.3846240551181102
21
0.4418171653543307
0
LINE
8
BLACK
6
CONTINUOUS
10
0.3846240551181102
20
0.4418171653543307
11
0.3840479921259842
21
0.4417604330708662
0
LINE
8
BLACK
6
CONTINUOUS
10
0.3840479921259842
20
0.4417604330708662
11
0.3659973622047244
21
0.4417604330708662
0
LINE
8
BLACK
6
CONTINUOUS
10
0.3659973622047244
20
0.4417604330708662
11
0.3632998818897638
21
0.4404116929133858
0
LINE
8
BLACK
6
CONTINUOUS
10
0.3632998818897638
20
0.4404116929133858
11
0.3621027559055118
21
0.4392145669291339
0
LINE
8
BLACK
6
CONTINUOUS
10
0.3621027559055118
20
0.4392145669291339
11
0.3607540157480315
21
0.4365170866141732
0
LINE
8
BLACK
6
CONTINUOUS
10
0.3607540157480315
20
0.4365170866141732
11
0.3607540157480315
21
0.4334646062992126
0
LINE
8
BLACK
6
CONTINUOUS
10
0.3607540157480315
20
0.4334646062992126
11
0.3606972834645669
21
0.4328885433070866
0
LINE
8
BLACK
6
CONTINUOUS
10
0.3606972834645669
20
0.4328885433070866
11
0.3602563779527559
21
0.4318241338582677
0
LINE
8
BLACK
6
CONTINUOUS
10
0.3602563779527559
20
0.4318241338582677
11
0.3594417322834645
21
0.4310094881889764
0
LINE
8
BLACK
6
CONTINUOUS
10
0.3594417322834645
20
0.4310094881889764
11
0.3583773228346457
21
0.4305685826771654
0
LINE
8
BLACK
6
CONTINUOUS
10
0.3583773228346457
20
0.4305685826771654
11
0.3572251968503937
21
0.4305685826771654
0
LINE
8
BLACK
6
CONTINUOUS
10
0.3572251968503937
20
0.4305685826771654
11
0.3561607874015748
21
0.4310094881889764
0
LINE
8
BLACK
6
CONTINUOUS
10
0.3561607874015748
20
0.4310094881889764
11
0.3553461417322835
21
0.4318241338582677
0
LINE
8
BLACK
6
CONTINUOUS
10
0.3553461417322835
20
0.4318241338582677
11
0.3549052362204724
21
0.4328885433070866
0
LINE
8
BLACK
6
CONTINUOUS
10
0.3549052362204724
20
0.4328885433070866
11
0.3548485039370078
21
0.4334646062992126
0
LINE
8
BLACK
6
CONTINUOUS
10
0.3548485039370078
20
0.4334646062992126
11
0.3548485039370078
21
0.4372141338582677
0
LINE
8
BLACK
6
CONTINUOUS
10
0.3548485039370078
20
0.4372141338582677
11
0.3549052362204724
21
0.4377901968503937
0
LINE
8
BLACK
6
CONTINUOUS
10
0.3549052362204724
20
0.4377901968503937
11
0.3549458267716535
21
0.4378882283464567
0
LINE
8
BLACK
6
CONTINUOUS
10
0.3549458267716535
20
0.4378882283464567
11
0.3549533464566929
21
0.4379940157480315
0
LINE
8
BLACK
6
CONTINUOUS
10
0.3549533464566929
20
0.4379940157480315
11
0.3551602362204724
21
0.4385346456692913
0
LINE
8
BLACK
6
CONTINUOUS
10
0.3551602362204724
20
0.4385346456692913
11
0.3568741732283465
21
0.4419625984251969
0
LINE
8
BLACK
6
CONTINUOUS
10
0.3568741732283465
20
0.4419625984251969
11
0.3561607874015748
21
0.4422580708661417
0
LINE
8
BLACK
6
CONTINUOUS
10
0.3561607874015748
20
0.4422580708661417
11
0.3553461417322835
21
0.4430727165354331
0
LINE
8
BLACK
6
CONTINUOUS
10
0.3553461417322835
20
0.4430727165354331
11
0.3549052362204724
21
0.444137125984252
0
LINE
8
BLACK
6
CONTINUOUS
10
0.3549052362204724
20
0.444137125984252
11
0.3549052362204724
21
0.4452892519685039
0
LINE
8
BLACK
6
CONTINUOUS
10
0.3549052362204724
20
0.4452892519685039
11
0.3553461417322835
21
0.4463536614173228
0
LINE
8
BLACK
6
CONTINUOUS
10
0.3553461417322835
20
0.4463536614173228
11
0.3561607874015748
21
0.4471683070866141
0
LINE
8
BLACK
6
CONTINUOUS
10
0.3561607874015748
20
0.4471683070866141
11
0.3572251968503937
21
0.4476092125984252
0
LINE
8
BLACK
6
CONTINUOUS
10
0.3572251968503937
20
0.4476092125984252
11
0.3578012598425197
21
0.4476659448818898
0
LINE
8
BLACK
6
CONTINUOUS
10
0.3578012598425197
20
0.4476659448818898
11
0.3840479921259842
21
0.4476659448818898
0
LINE
8
BLACK
6
CONTINUOUS
10
0.3840479921259842
20
0.4476659448818898
11
0.3846240551181102
21
0.4476092125984252
0
LINE
8
BLACK
6
CONTINUOUS
10
0.3789997244094488
20
0.4832297637795275
11
0.3790977165354331
21
0.4831891732283464
0
LINE
8
BLACK
6
CONTINUOUS
10
0.3790977165354331
20
0.4831891732283464
11
0.3792035433070866
21
0.4831816535433071
0
LINE
8
BLACK
6
CONTINUOUS
10
0.3792035433070866
20
0.4831816535433071
11
0.3797441732283465
21
0.4829747637795275
0
LINE
8
BLACK
6
CONTINUOUS
10
0.3797441732283465
20
0.4829747637795275
11
0.3834937401574803
21
0.4811
0
LINE
8
BLACK
6
CONTINUOUS
10
0.3834937401574803
20
0.4811
11
0.3835900393700787
21
0.4810393700787401
0
LINE
8
BLACK
6
CONTINUOUS
10
0.3835900393700787
20
0.4810393700787401
11
0.3836355118110236
21
0.4810242125984252
0
LINE
8
BLACK
6
CONTINUOUS
10
0.3836355118110236
20
0.4810242125984252
11
0.3836920866141732
21
0.4809751574803149
0
LINE
8
BLACK
6
CONTINUOUS
10
0.3836920866141732
20
0.4809751574803149
11
0.3839835826771654
21
0.4807916535433071
0
LINE
8
BLACK
6
CONTINUOUS
10
0.3839835826771654
20
0.4807916535433071
11
0.384226062992126
21
0.4805120472440945
0
LINE
8
BLACK
6
CONTINUOUS
10
0.384226062992126
20
0.4805120472440945
11
0.384505905511811
21
0.4802693700787402
0
LINE
8
BLACK
6
CONTINUOUS
10
0.384505905511811
20
0.4802693700787402
11
0.3846894094488189
21
0.4799778346456693
0
LINE
8
BLACK
6
CONTINUOUS
10
0.3846894094488189
20
0.4799778346456693
11
0.3847384645669291
21
0.4799212598425197
0
LINE
8
BLACK
6
CONTINUOUS
10
0.3847384645669291
20
0.4799212598425197
11
0.3847535826771654
21
0.4798758661417323
0
LINE
8
BLACK
6
CONTINUOUS
10
0.3847535826771654
20
0.4798758661417323
11
0.3848142519685039
21
0.4797794881889764
0
LINE
8
BLACK
6
CONTINUOUS
10
0.3848142519685039
20
0.4797794881889764
11
0.3866890157480315
21
0.4760299606299213
0
LINE
8
BLACK
6
CONTINUOUS
10
0.3866890157480315
20
0.4760299606299213
11
0.386895905511811
21
0.4754893700787401
0
LINE
8
BLACK
6
CONTINUOUS
10
0.386895905511811
20
0.4754893700787401
11
0.3869034251968504
21
0.4753835039370078
0
LINE
8
BLACK
6
CONTINUOUS
10
0.3869034251968504
20
0.4753835039370078
11
0.3869440157480315
21
0.4752855118110236
0
LINE
8
BLACK
6
CONTINUOUS
10
0.3869440157480315
20
0.4752855118110236
11
0.387000748031496
21
0.4747094488188977
0
LINE
8
BLACK
6
CONTINUOUS
10
0.387000748031496
20
0.4747094488188977
11
0.387000748031496
21
0.4672103937007874
0
LINE
8
BLACK
6
CONTINUOUS
10
0.387000748031496
20
0.4672103937007874
11
0.3869440157480315
21
0.4666343307086614
0
LINE
8
BLACK
6
CONTINUOUS
10
0.3869440157480315
20
0.4666343307086614
11
0.3869034251968504
21
0.4665363779527559
0
LINE
8
BLACK
6
CONTINUOUS
10
0.3869034251968504
20
0.4665363779527559
11
0.386895905511811
21
0.4664304724409449
0
LINE
8
BLACK
6
CONTINUOUS
10
0.386895905511811
20
0.4664304724409449
11
0.3866890157480315
21
0.4658898818897638
0
LINE
8
BLACK
6
CONTINUOUS
10
0.3866890157480315
20
0.4658898818897638
11
0.3848142519685039
21
0.4621403543307087
0
LINE
8
BLACK
6
CONTINUOUS
10
0.3848142519685039
20
0.4621403543307087
11
0.384505905511811
21
0.4616504724409449
0
LINE
8
BLACK
6
CONTINUOUS
10
0.384505905511811
20
0.4616504724409449
11
0.3836355118110236
21
0.4608956299212598
0
LINE
8
BLACK
6
CONTINUOUS
10
0.3836355118110236
20
0.4608956299212598
11
0.3825425590551181
21
0.4605312992125984
0
LINE
8
BLACK
6
CONTINUOUS
10
0.3825425590551181
20
0.4605312992125984
11
0.3813933464566929
21
0.4606129527559055
0
LINE
8
BLACK
6
CONTINUOUS
10
0.3813933464566929
20
0.4606129527559055
11
0.3803628346456693
21
0.4611281889763779
0
LINE
8
BLACK
6
CONTINUOUS
10
0.3803628346456693
20
0.4611281889763779
11
0.3796079921259842
21
0.4619985826771654
0
LINE
8
BLACK
6
CONTINUOUS
10
0.3796079921259842
20
0.4619985826771654
11
0.3792436614173229
21
0.4630915354330709
0
LINE
8
BLACK
6
CONTINUOUS
10
0.3792436614173229
20
0.4630915354330709
11
0.3793253149606299
21
0.4642407480314961
0
LINE
8
BLACK
6
CONTINUOUS
10
0.3793253149606299
20
0.4642407480314961
11
0.3795322047244095
21
0.4647813779527559
0
LINE
8
BLACK
6
CONTINUOUS
10
0.3795322047244095
20
0.4647813779527559
11
0.3810952362204724
21
0.4679074409448819
0
LINE
8
BLACK
6
CONTINUOUS
10
0.3810952362204724
20
0.4679074409448819
11
0.3810952362204724
21
0.4740124015748031
0
LINE
8
BLACK
6
CONTINUOUS
10
0.3810952362204724
20
0.4740124015748031
11
0.3799723622047244
21
0.4762581496062992
0
LINE
8
BLACK
6
CONTINUOUS
10
0.3799723622047244
20
0.4762581496062992
11
0.3777266141732283
21
0.4773809842519685
0
LINE
8
BLACK
6
CONTINUOUS
10
0.3777266141732283
20
0.4773809842519685
11
0.3733452755905512
21
0.4773809842519685
0
LINE
8
BLACK
6
CONTINUOUS
10
0.3733452755905512
20
0.4773809842519685
11
0.3700705118110236
21
0.4610070078740157
0
LINE
8
BLACK
6
CONTINUOUS
10
0.3700705118110236
20
0.4610070078740157
11
0.3699018897637795
21
0.4604532677165354
0
LINE
8
BLACK
6
CONTINUOUS
10
0.3699018897637795
20
0.4604532677165354
11
0.3697408661417323
21
0.4602129133858268
0
LINE
8
BLACK
6
CONTINUOUS
10
0.3697408661417323
20
0.4602129133858268
11
0.3696301968503937
21
0.4599456299212598
0
LINE
8
BLACK
6
CONTINUOUS
10
0.3696301968503937
20
0.4599456299212598
11
0.3694234645669291
21
0.459738937007874
0
LINE
8
BLACK
6
CONTINUOUS
10
0.3694234645669291
20
0.459738937007874
11
0.3692607874015748
21
0.4594959842519685
0
LINE
8
BLACK
6
CONTINUOUS
10
0.3692607874015748
20
0.4594959842519685
11
0.3690200787401575
21
0.4593355118110236
0
LINE
8
BLACK
6
CONTINUOUS
10
0.3690200787401575
20
0.4593355118110236
11
0.3688155511811024
21
0.4591309842519685
0
LINE
8
BLACK
6
CONTINUOUS
10
0.3688155511811024
20
0.4591309842519685
11
0.3685454724409449
21
0.4590191338582677
0
LINE
8
BLACK
6
CONTINUOUS
10
0.3685454724409449
20
0.4590191338582677
11
0.3683022047244094
21
0.4588569291338583
0
LINE
8
BLACK
6
CONTINUOUS
10
0.3683022047244094
20
0.4588569291338583
11
0.3680183858267717
21
0.4588007874015748
0
LINE
8
BLACK
6
CONTINUOUS
10
0.3680183858267717
20
0.4588007874015748
11
0.3677511417322835
21
0.4586900787401575
0
LINE
8
BLACK
6
CONTINUOUS
10
0.3677511417322835
20
0.4586900787401575
11
0.3671750787401575
21
0.4586333464566929
0
LINE
8
BLACK
6
CONTINUOUS
10
0.3671750787401575
20
0.4586333464566929
11
0.3671720078740157
21
0.4586333464566929
0
LINE
8
BLACK
6
CONTINUOUS
10
0.3671720078740157
20
0.4586333464566929
11
0.3634255511811024
21
0.4586333464566929
0
LINE
8
BLACK
6
CONTINUOUS
10
0.3634255511811024
20
0.4586333464566929
11
0.3628494881889764
21
0.4586900787401575
0
LINE
8
BLACK
6
CONTINUOUS
10
0.3628494881889764
20
0.4586900787401575
11
0.3627514960629921
21
0.4587306692913386
0
LINE
8
BLACK
6
CONTINUOUS
10
0.3627514960629921
20
0.4587306692913386
11
0.3626456299212598
21
0.458738188976378
0
LINE
8
BLACK
6
CONTINUOUS
10
0.3626456299212598
20
0.458738188976378
11
0.3621050393700787
21
0.4589450787401575
0
LINE
8
BLACK
6
CONTINUOUS
10
0.3621050393700787
20
0.4589450787401575
11
0.3583555118110236
21
0.4608198425196851
0
LINE
8
BLACK
6
CONTINUOUS
10
0.3583555118110236
20
0.4608198425196851
11
0.3582591338582677
21
0.4608805118110236
0
LINE
8
BLACK
6
CONTINUOUS
10
0.3582591338582677
20
0.4608805118110236
11
0.3582137401574803
21
0.4608956299212598
0
LINE
8
BLACK
6
CONTINUOUS
10
0.3582137401574803
20
0.4608956299212598
11
0.3581571653543307
21
0.4609446850393701
0
LINE
8
BLACK
6
CONTINUOUS
10
0.3581571653543307
20
0.4609446850393701
11
0.3578656299212598
21
0.4611281889763779
0
LINE
8
BLACK
6
CONTINUOUS
10
0.3578656299212598
20
0.4611281889763779
11
0.357623031496063
21
0.4614079133858268
0
LINE
8
BLACK
6
CONTINUOUS
10
0.357623031496063
20
0.4614079133858268
11
0.3573433464566929
21
0.4616504724409449
0
LINE
8
BLACK
6
CONTINUOUS
10
0.3573433464566929
20
0.4616504724409449
11
0.3571598031496063
21
0.4619420472440945
0
LINE
8
BLACK
6
CONTINUOUS
10
0.3571598031496063
20
0.4619420472440945
11
0.3571107874015748
21
0.4619985826771654
0
LINE
8
BLACK
6
CONTINUOUS
10
0.3571107874015748
20
0.4619985826771654
11
0.3570956299212598
21
0.4620440157480315
0
LINE
8
BLACK
6
CONTINUOUS
10
0.3570956299212598
20
0.4620440157480315
11
0.357035
21
0.4621403543307087
0
LINE
8
BLACK
6
CONTINUOUS
10
0.357035
20
0.4621403543307087
11
0.3551602362204724
21
0.4658898818897638
0
LINE
8
BLACK
6
CONTINUOUS
10
0.3551602362204724
20
0.4658898818897638
11
0.3549533464566929
21
0.4664305118110236
0
LINE
8
BLACK
6
CONTINUOUS
10
0.3549533464566929
20
0.4664305118110236
11
0.3549458267716535
21
0.4665363385826772
0
LINE
8
BLACK
6
CONTINUOUS
10
0.3549458267716535
20
0.4665363385826772
11
0.3549052362204724
21
0.4666343307086614
0
LINE
8
BLACK
6
CONTINUOUS
10
0.3549052362204724
20
0.4666343307086614
11
0.3548485039370078
21
0.4672103937007874
0
LINE
8
BLACK
6
CONTINUOUS
10
0.3548485039370078
20
0.4672103937007874
11
0.3548485039370078
21
0.4747094488188977
0
LINE
8
BLACK
6
CONTINUOUS
10
0.3548485039370078
20
0.4747094488188977
11
0.3549052362204724
21
0.4752855118110236
0
LINE
8
BLACK
6
CONTINUOUS
10
0.3549052362204724
20
0.4752855118110236
11
0.3549458267716535
21
0.4753835433070866
0
LINE
8
BLACK
6
CONTINUOUS
10
0.3549458267716535
20
0.4753835433070866
11
0.3549533464566929
21
0.4754893307086614
0
LINE
8
BLACK
6
CONTINUOUS
10
0.3549533464566929
20
0.4754893307086614
11
0.3551602362204724
21
0.4760299606299213
0
LINE
8
BLACK
6
CONTINUOUS
10
0.3551602362204724
20
0.4760299606299213
11
0.357035
21
0.4797794881889764
0
LINE
8
BLACK
6
CONTINUOUS
10
0.357035
20
0.4797794881889764
11
0.3570956299212598
21
0.4798758661417323
0
LINE
8
BLACK
6
CONTINUOUS
10
0.3570956299212598
20
0.4798758661417323
11
0.3571107874015748
21
0.4799212598425197
0
LINE
8
BLACK
6
CONTINUOUS
10
0.3571107874015748
20
0.4799212598425197
11
0.3571598031496063
21
0.4799778346456693
0
LINE
8
BLACK
6
CONTINUOUS
10
0.3571598031496063
20
0.4799778346456693
11
0.3573433464566929
21
0.4802693700787402
0
LINE
8
BLACK
6
CONTINUOUS
10
0.3573433464566929
20
0.4802693700787402
11
0.357623031496063
21
0.480511968503937
0
LINE
8
BLACK
6
CONTINUOUS
10
0.357623031496063
20
0.480511968503937
11
0.3578656299212598
21
0.4807916535433071
0
LINE
8
BLACK
6
CONTINUOUS
10
0.3578656299212598
20
0.4807916535433071
11
0.3581571653543307
21
0.4809751968503937
0
LINE
8
BLACK
6
CONTINUOUS
10
0.3581571653543307
20
0.4809751968503937
11
0.3582137401574803
21
0.4810242125984252
0
LINE
8
BLACK
6
CONTINUOUS
10
0.3582137401574803
20
0.4810242125984252
11
0.3582591338582677
21
0.4810393700787401
0
LINE
8
BLACK
6
CONTINUOUS
10
0.3582591338582677
20
0.4810393700787401
11
0.3583555118110236
21
0.4811
0
LINE
8
BLACK
6
CONTINUOUS
10
0.3583555118110236
20
0.4811
11
0.3621050393700787
21
0.4829747637795275
0
LINE
8
BLACK
6
CONTINUOUS
10
0.3621050393700787
20
0.4829747637795275
11
0.3626456299212598
21
0.4831816535433071
0
LINE
8
BLACK
6
CONTINUOUS
10
0.3626456299212598
20
0.4831816535433071
11
0.3627514960629921
21
0.4831892125984252
0
LINE
8
BLACK
6
CONTINUOUS
10
0.3627514960629921
20
0.4831892125984252
11
0.3628494881889764
21
0.4832297637795275
0
LINE
8
BLACK
6
CONTINUOUS
10
0.3628494881889764
20
0.4832297637795275
11
0.3634255511811024
21
0.4832864960629921
0
LINE
8
BLACK
6
CONTINUOUS
10
0.3634255511811024
20
0.4832864960629921
11
0.3784236614173228
21
0.4832864960629921
0
LINE
8
BLACK
6
CONTINUOUS
10
0.3784236614173228
20
0.4832864960629921
11
0.3789997244094488
21
0.4832297637795275
0
LINE
8
BLACK
6
CONTINUOUS
10
0.3618768503937008
20
0.4762581496062992
11
0.3607540157480315
21
0.4740124015748031
0
LINE
8
BLACK
6
CONTINUOUS
10
0.3607540157480315
20
0.4740124015748031
11
0.3607540157480315
21
0.4679074409448819
0
LINE
8
BLACK
6
CONTINUOUS
10
0.3607540157480315
20
0.4679074409448819
11
0.3618768503937008
21
0.4656617322834646
0
LINE
8
BLACK
6
CONTINUOUS
10
0.3618768503937008
20
0.4656617322834646
11
0.3641225984251968
21
0.4645388582677165
0
LINE
8
BLACK
6
CONTINUOUS
10
0.3641225984251968
20
0.4645388582677165
11
0.3647543700787402
21
0.4645388582677165
0
LINE
8
BLACK
6
CONTINUOUS
10
0.3647543700787402
20
0.4645388582677165
11
0.3673227952755905
21
0.4773809842519685
0
LINE
8
BLACK
6
CONTINUOUS
10
0.3673227952755905
20
0.4773809842519685
11
0.3641225984251968
21
0.4773809842519685
0
LINE
8
BLACK
6
CONTINUOUS
10
0.3641225984251968
20
0.4773809842519685
11
0.3618768503937008
21
0.4762581496062992
0
LINE
8
BLACK
6
CONTINUOUS
10
-0.017935
20
0.492209842519685
11
-0.0168705905511811
21
0.491768937007874
0
LINE
8
BLACK
6
CONTINUOUS
10
-0.0168705905511811
20
0.491768937007874
11
-0.0160559448818898
21
0.4909542913385826
0
LINE
8
BLACK
6
CONTINUOUS
10
-0.0160559448818898
20
0.4909542913385826
11
-0.0156150393700787
21
0.4898898818897638
0
LINE
8
BLACK
6
CONTINUOUS
10
-0.0156150393700787
20
0.4898898818897638
11
-0.0156150393700787
21
0.4887377559055118
0
LINE
8
BLACK
6
CONTINUOUS
10
-0.0156150393700787
20
0.4887377559055118
11
-0.0160559448818898
21
0.4876733464566929
0
LINE
8
BLACK
6
CONTINUOUS
10
-0.0160559448818898
20
0.4876733464566929
11
-0.0168705905511811
21
0.4868587007874016
0
LINE
8
BLACK
6
CONTINUOUS
10
-0.0168705905511811
20
0.4868587007874016
11
-0.017935
21
0.4864177952755905
0
LINE
8
BLACK
6
CONTINUOUS
10
-0.017935
20
0.4864177952755905
11
-0.018511062992126
21
0.4863610629921259
0
LINE
8
BLACK
6
CONTINUOUS
10
-0.018511062992126
20
0.4863610629921259
11
-0.0445713779527559
21
0.4863610629921259
0
LINE
8
BLACK
6
CONTINUOUS
10
-0.0445713779527559
20
0.4863610629921259
11
-0.0285109842519685
21
0.4788662204724409
0
LINE
8
BLACK
6
CONTINUOUS
10
-0.0285109842519685
20
0.4788662204724409
11
-0.0283
21
0.4787412598425197
0
LINE
8
BLACK
6
CONTINUOUS
10
-0.0283
20
0.4787412598425197
11
-0.0282286220472441
21
0.4787152755905512
0
LINE
8
BLACK
6
CONTINUOUS
10
-0.0282286220472441
20
0.4787152755905512
11
-0.0281781496062992
21
0.4786690551181102
0
LINE
8
BLACK
6
CONTINUOUS
10
-0.0281781496062992
20
0.4786690551181102
11
-0.0280129527559055
21
0.4785711811023622
0
LINE
8
BLACK
6
CONTINUOUS
10
-0.0280129527559055
20
0.4785711811023622
11
-0.0277099212598425
21
0.4782402755905512
0
LINE
8
BLACK
6
CONTINUOUS
10
-0.0277099212598425
20
0.4782402755905512
11
-0.027378937007874
21
0.4779371653543307
0
LINE
8
BLACK
6
CONTINUOUS
10
-0.027378937007874
20
0.4779371653543307
11
-0.0273234645669291
21
0.4778182677165354
0
LINE
8
BLACK
6
CONTINUOUS
10
-0.0273234645669291
20
0.4778182677165354
11
-0.0272348818897638
21
0.4777215354330708
0
LINE
8
BLACK
6
CONTINUOUS
10
-0.0272348818897638
20
0.4777215354330708
11
-0.0270815748031496
21
0.4772999212598425
0
LINE
8
BLACK
6
CONTINUOUS
10
-0.0270815748031496
20
0.4772999212598425
11
-0.0268917322834646
21
0.4768931496062992
0
LINE
8
BLACK
6
CONTINUOUS
10
-0.0268917322834646
20
0.4768931496062992
11
-0.0268859842519685
21
0.4767621259842519
0
LINE
8
BLACK
6
CONTINUOUS
10
-0.0268859842519685
20
0.4767621259842519
11
-0.0268411417322835
21
0.4766388188976378
0
LINE
8
BLACK
6
CONTINUOUS
10
-0.0268411417322835
20
0.4766388188976378
11
-0.0268608661417323
21
0.4761904724409449
0
LINE
8
BLACK
6
CONTINUOUS
10
-0.0268608661417323
20
0.4761904724409449
11
-0.0268411417322835
21
0.475742125984252
0
LINE
8
BLACK
6
CONTINUOUS
10
-0.0268411417322835
20
0.475742125984252
11
-0.0268859842519685
21
0.4756188582677165
0
LINE
8
BLACK
6
CONTINUOUS
10
-0.0268859842519685
20
0.4756188582677165
11
-0.0268917322834646
21
0.4754877952755905
0
LINE
8
BLACK
6
CONTINUOUS
10
-0.0268917322834646
20
0.4754877952755905
11
-0.0270815748031496
21
0.475081062992126
0
LINE
8
BLACK
6
CONTINUOUS
10
-0.0270815748031496
20
0.475081062992126
11
-0.0272348818897638
21
0.4746594094488189
0
LINE
8
BLACK
6
CONTINUOUS
10
-0.0272348818897638
20
0.4746594094488189
11
-0.0273234645669291
21
0.4745627165354331
0
LINE
8
BLACK
6
CONTINUOUS
10
-0.0273234645669291
20
0.4745627165354331
11
-0.027378937007874
21
0.4744437795275591
0
LINE
8
BLACK
6
CONTINUOUS
10
-0.027378937007874
20
0.4744437795275591
11
-0.0277099212598425
21
0.4741407086614173
0
LINE
8
BLACK
6
CONTINUOUS
10
-0.0277099212598425
20
0.4741407086614173
11
-0.0280129527559055
21
0.4738097637795275
0
LINE
8
BLACK
6
CONTINUOUS
10
-0.0280129527559055
20
0.4738097637795275
11
-0.0281781496062992
21
0.4737119291338582
0
LINE
8
BLACK
6
CONTINUOUS
10
-0.0281781496062992
20
0.4737119291338582
11
-0.0282286220472441
21
0.4736656692913386
0
LINE
8
BLACK
6
CONTINUOUS
10
-0.0282286220472441
20
0.4736656692913386
11
-0.0283
21
0.4736397244094488
0
LINE
8
BLACK
6
CONTINUOUS
10
-0.0283
20
0.4736397244094488
11
-0.0285109842519685
21
0.4735147244094488
0
LINE
8
BLACK
6
CONTINUOUS
10
-0.0285109842519685
20
0.4735147244094488
11
-0.0445713779527559
21
0.4660198818897638
0
LINE
8
BLACK
6
CONTINUOUS
10
-0.0445713779527559
20
0.4660198818897638
11
-0.018511062992126
21
0.4660198818897638
0
LINE
8
BLACK
6
CONTINUOUS
10
-0.018511062992126
20
0.4660198818897638
11
-0.017935
21
0.4659631496062992
0
LINE
8
BLACK
6
CONTINUOUS
10
-0.017935
20
0.4659631496062992
11
-0.0168705905511811
21
0.4655222440944882
0
LINE
8
BLACK
6
CONTINUOUS
10
-0.0168705905511811
20
0.4655222440944882
11
-0.0160559448818898
21
0.4647075984251968
0
LINE
8
BLACK
6
CONTINUOUS
10
-0.0160559448818898
20
0.4647075984251968
11
-0.0156150393700787
21
0.463643188976378
0
LINE
8
BLACK
6
CONTINUOUS
10
-0.0156150393700787
20
0.463643188976378
11
-0.0156150393700787
21
0.462491062992126
0
LINE
8
BLACK
6
CONTINUOUS
10
-0.0156150393700787
20
0.462491062992126
11
-0.0160559448818898
21
0.4614266535433071
0
LINE
8
BLACK
6
CONTINUOUS
10
-0.0160559448818898
20
0.4614266535433071
11
-0.0168705905511811
21
0.4606120078740157
0
LINE
8
BLACK
6
CONTINUOUS
10
-0.0168705905511811
20
0.4606120078740157
11
-0.017935
21
0.4601711023622047
0
LINE
8
BLACK
6
CONTINUOUS
10
-0.017935
20
0.4601711023622047
11
-0.018511062992126
21
0.4601143700787401
0
LINE
8
BLACK
6
CONTINUOUS
10
-0.018511062992126
20
0.4601143700787401
11
-0.0578811417322835
21
0.4601143700787401
0
LINE
8
BLACK
6
CONTINUOUS
10
-0.0578811417322835
20
0.4601143700787401
11
-0.0582599606299213
21
0.4601516929133858
0
LINE
8
BLACK
6
CONTINUOUS
10
-0.0582599606299213
20
0.4601516929133858
11
-0.0583294881889764
21
0.4601486220472441
0
LINE
8
BLACK
6
CONTINUOUS
10
-0.0583294881889764
20
0.4601486220472441
11
-0.0583668503937008
21
0.4601622047244094
0
LINE
8
BLACK
6
CONTINUOUS
10
-0.0583668503937008
20
0.4601622047244094
11
-0.0584572047244094
21
0.4601711023622047
0
LINE
8
BLACK
6
CONTINUOUS
10
-0.0584572047244094
20
0.4601711023622047
11
-0.0589307086614173
21
0.4603672440944882
0
LINE
8
BLACK
6
CONTINUOUS
10
-0.0589307086614173
20
0.4603672440944882
11
-0.0594122047244094
21
0.4605423228346456
0
LINE
8
BLACK
6
CONTINUOUS
10
-0.0594122047244094
20
0.4605423228346456
11
-0.0594607874015748
21
0.460586811023622
0
LINE
8
BLACK
6
CONTINUOUS
10
-0.0594607874015748
20
0.460586811023622
11
-0.0595216141732283
21
0.4606120078740157
0
LINE
8
BLACK
6
CONTINUOUS
10
-0.0595216141732283
20
0.4606120078740157
11
-0.0598840551181102
21
0.4609744488188977
0
LINE
8
BLACK
6
CONTINUOUS
10
-0.0598840551181102
20
0.4609744488188977
11
-0.0602618503937008
21
0.4613204330708661
0
LINE
8
BLACK
6
CONTINUOUS
10
-0.0602618503937008
20
0.4613204330708661
11
-0.0602897244094488
21
0.4613801181102362
0
LINE
8
BLACK
6
CONTINUOUS
10
-0.0602897244094488
20
0.4613801181102362
11
-0.0603362598425197
21
0.4614266535433071
0
LINE
8
BLACK
6
CONTINUOUS
10
-0.0603362598425197
20
0.4614266535433071
11
-0.0605323228346457
21
0.4618999606299212
0
LINE
8
BLACK
6
CONTINUOUS
10
-0.0605323228346457
20
0.4618999606299212
11
-0.060749094488189
21
0.4623644488188976
0
LINE
8
BLACK
6
CONTINUOUS
10
-0.060749094488189
20
0.4623644488188976
11
-0.0607520078740157
21
0.4624302755905512
0
LINE
8
BLACK
6
CONTINUOUS
10
-0.0607520078740157
20
0.4624302755905512
11
-0.0607771653543307
21
0.462491062992126
0
LINE
8
BLACK
6
CONTINUOUS
10
-0.0607771653543307
20
0.462491062992126
11
-0.0607771653543307
21
0.4630036220472441
0
LINE
8
BLACK
6
CONTINUOUS
10
-0.0607771653543307
20
0.4630036220472441
11
-0.0607996456692913
21
0.4635154724409449
0
LINE
8
BLACK
6
CONTINUOUS
10
-0.0607996456692913
20
0.4635154724409449
11
-0.0607771653543307
21
0.4635773228346456
0
LINE
8
BLACK
6
CONTINUOUS
10
-0.0607771653543307
20
0.4635773228346456
11
-0.0607771653543307
21
0.463643188976378
0
LINE
8
BLACK
6
CONTINUOUS
10
-0.0607771653543307
20
0.463643188976378
11
-0.060581062992126
21
0.4641166929133858
0
LINE
8
BLACK
6
CONTINUOUS
10
-0.060581062992126
20
0.4641166929133858
11
-0.0604059448818898
21
0.4645981889763779
0
LINE
8
BLACK
6
CONTINUOUS
10
-0.0604059448818898
20
0.4645981889763779
11
-0.0603614960629921
21
0.4646467716535433
0
LINE
8
BLACK
6
CONTINUOUS
10
-0.0603614960629921
20
0.4646467716535433
11
-0.0603362598425197
21
0.4647075984251968
0
LINE
8
BLACK
6
CONTINUOUS
10
-0.0603362598425197
20
0.4647075984251968
11
-0.0599738582677165
21
0.4650700393700787
0
LINE
8
BLACK
6
CONTINUOUS
10
-0.0599738582677165
20
0.4650700393700787
11
-0.0596278346456693
21
0.4654478346456693
0
LINE
8
BLACK
6
CONTINUOUS
10
-0.0596278346456693
20
0.4654478346456693
11
-0.0595498031496063
21
0.465494094488189
0
LINE
8
BLACK
6
CONTINUOUS
10
-0.0595498031496063
20
0.465494094488189
11
-0.0595216141732283
21
0.4655222440944882
0
LINE
8
BLACK
6
CONTINUOUS
10
-0.0595216141732283
20
0.4655222440944882
11
-0.0594572047244094
21
0.4655489763779527
0
LINE
8
BLACK
6
CONTINUOUS
10
-0.0594572047244094
20
0.4655489763779527
11
-0.0591298031496063
21
0.465742874015748
0
LINE
8
BLACK
6
CONTINUOUS
10
-0.0591298031496063
20
0.465742874015748
11
-0.036742125984252
21
0.4761904724409449
0
LINE
8
BLACK
6
CONTINUOUS
10
-0.036742125984252
20
0.4761904724409449
11
-0.0591298031496063
21
0.4866380708661417
0
LINE
8
BLACK
6
CONTINUOUS
10
-0.0591298031496063
20
0.4866380708661417
11
-0.0594572047244094
21
0.4868320078740158
0
LINE
8
BLACK
6
CONTINUOUS
10
-0.0594572047244094
20
0.4868320078740158
11
-0.0595216141732283
21
0.4868587007874016
0
LINE
8
BLACK
6
CONTINUOUS
10
-0.0595216141732283
20
0.4868587007874016
11
-0.0595498031496063
21
0.4868868897637795
0
LINE
8
BLACK
6
CONTINUOUS
10
-0.0595498031496063
20
0.4868868897637795
11
-0.0596278346456693
21
0.4869331102362204
0
LINE
8
BLACK
6
CONTINUOUS
10
-0.0596278346456693
20
0.4869331102362204
11
-0.0599738582677165
21
0.4873109448818898
0
LINE
8
BLACK
6
CONTINUOUS
10
-0.0599738582677165
20
0.4873109448818898
11
-0.0603362598425197
21
0.4876733464566929
0
LINE
8
BLACK
6
CONTINUOUS
10
-0.0603362598425197
20
0.4876733464566929
11
-0.0603614960629921
21
0.4877342125984252
0
LINE
8
BLACK
6
CONTINUOUS
10
-0.0603614960629921
20
0.4877342125984252
11
-0.0604059448818898
21
0.4877827559055118
0
LINE
8
BLACK
6
CONTINUOUS
10
-0.0604059448818898
20
0.4877827559055118
11
-0.060581062992126
21
0.4882642913385827
0
LINE
8
BLACK
6
CONTINUOUS
10
-0.060581062992126
20
0.4882642913385827
11
-0.0607771653543307
21
0.4887377559055118
0
LINE
8
BLACK
6
CONTINUOUS
10
-0.0607771653543307
20
0.4887377559055118
11
-0.0607771653543307
21
0.4888036614173228
0
LINE
8
BLACK
6
CONTINUOUS
10
-0.0607771653543307
20
0.4888036614173228
11
-0.0607996456692913
21
0.4888654724409449
0
LINE
8
BLACK
6
CONTINUOUS
10
-0.0607996456692913
20
0.4888654724409449
11
-0.0607771653543307
21
0.4893773622047244
0
LINE
8
BLACK
6
CONTINUOUS
10
-0.0607771653543307
20
0.4893773622047244
11
-0.0607771653543307
21
0.4898898818897638
0
LINE
8
BLACK
6
CONTINUOUS
10
-0.0607771653543307
20
0.4898898818897638
11
-0.0607520078740157
21
0.4899507086614173
0
LINE
8
BLACK
6
CONTINUOUS
10
-0.0607520078740157
20
0.4899507086614173
11
-0.060749094488189
21
0.4900164960629921
0
LINE
8
BLACK
6
CONTINUOUS
10
-0.060749094488189
20
0.4900164960629921
11
-0.0605323228346457
21
0.4904810236220472
0
LINE
8
BLACK
6
CONTINUOUS
10
-0.0605323228346457
20
0.4904810236220472
11
-0.0603362598425197
21
0.4909542913385826
0
LINE
8
BLACK
6
CONTINUOUS
10
-0.0603362598425197
20
0.4909542913385826
11
-0.0602897244094488
21
0.4910008661417323
0
LINE
8
BLACK
6
CONTINUOUS
10
-0.0602897244094488
20
0.4910008661417323
11
-0.0602618503937008
21
0.4910605118110236
0
LINE
8
BLACK
6
CONTINUOUS
10
-0.0602618503937008
20
0.4910605118110236
11
-0.0598840551181102
21
0.4914065354330708
0
LINE
8
BLACK
6
CONTINUOUS
10
-0.0598840551181102
20
0.4914065354330708
11
-0.0595216141732283
21
0.491768937007874
0
LINE
8
BLACK
6
CONTINUOUS
10
-0.0595216141732283
20
0.491768937007874
11
-0.0594607874015748
21
0.4917941732283465
0
LINE
8
BLACK
6
CONTINUOUS
10
-0.0594607874015748
20
0.4917941732283465
11
-0.0594122047244094
21
0.4918386220472441
0
LINE
8
BLACK
6
CONTINUOUS
10
-0.0594122047244094
20
0.4918386220472441
11
-0.0589307086614173
21
0.4920137401574803
0
LINE
8
BLACK
6
CONTINUOUS
10
-0.0589307086614173
20
0.4920137401574803
11
-0.0584572047244094
21
0.492209842519685
0
LINE
8
BLACK
6
CONTINUOUS
10
-0.0584572047244094
20
0.492209842519685
11
-0.0583668503937008
21
0.492218779527559
0
LINE
8
BLACK
6
CONTINUOUS
10
-0.0583668503937008
20
0.492218779527559
11
-0.0583294881889764
21
0.4922323228346457
0
LINE
8
BLACK
6
CONTINUOUS
10
-0.0583294881889764
20
0.4922323228346457
11
-0.0582599606299213
21
0.4922292913385827
0
LINE
8
BLACK
6
CONTINUOUS
10
-0.0582599606299213
20
0.4922292913385827
11
-0.0578811417322835
21
0.4922665748031496
0
LINE
8
BLACK
6
CONTINUOUS
10
-0.0578811417322835
20
0.4922665748031496
11
-0.018511062992126
21
0.4922665748031496
0
LINE
8
BLACK
6
CONTINUOUS
10
-0.018511062992126
20
0.4922665748031496
11
-0.017935
21
0.492209842519685
0
LINE
8
BLACK
6
CONTINUOUS
10
0.3771249606299212
20
0.5188503149606299
11
0.3772229527559055
21
0.5188097244094488
0
LINE
8
BLACK
6
CONTINUOUS
10
0.3772229527559055
20
0.5188097244094488
11
0.3773287795275591
21
0.5188022047244094
0
LINE
8
BLACK
6
CONTINUOUS
10
0.3773287795275591
20
0.5188022047244094
11
0.3778694094488189
21
0.5185953149606299
0
LINE
8
BLACK
6
CONTINUOUS
10
0.3778694094488189
20
0.5185953149606299
11
0.381618937007874
21
0.5167205511811024
0
LINE
8
BLACK
6
CONTINUOUS
10
0.381618937007874
20
0.5167205511811024
11
0.381866811023622
21
0.5165645275590551
0
LINE
8
BLACK
6
CONTINUOUS
10
0.381866811023622
20
0.5165645275590551
11
0.3819388582677165
21
0.5165346850393701
0
LINE
8
BLACK
6
CONTINUOUS
10
0.3819388582677165
20
0.5165346850393701
11
0.3820198818897638
21
0.5164681889763779
0
LINE
8
BLACK
6
CONTINUOUS
10
0.3820198818897638
20
0.5164681889763779
11
0.3821088188976378
21
0.5164122047244094
0
LINE
8
BLACK
6
CONTINUOUS
10
0.3821088188976378
20
0.5164122047244094
11
0.3821599606299212
21
0.5163532283464567
0
LINE
8
BLACK
6
CONTINUOUS
10
0.3821599606299212
20
0.5163532283464567
11
0.3823862992125984
21
0.5161674803149606
0
LINE
8
BLACK
6
CONTINUOUS
10
0.3823862992125984
20
0.5161674803149606
11
0.3842611023622047
21
0.5142927165354331
0
LINE
8
BLACK
6
CONTINUOUS
10
0.3842611023622047
20
0.5142927165354331
11
0.3844468503937008
21
0.5140663779527559
0
LINE
8
BLACK
6
CONTINUOUS
10
0.3844468503937008
20
0.5140663779527559
11
0.384505905511811
21
0.5140151574803149
0
LINE
8
BLACK
6
CONTINUOUS
10
0.384505905511811
20
0.5140151574803149
11
0.3845618897637795
21
0.513926220472441
0
LINE
8
BLACK
6
CONTINUOUS
10
0.3845618897637795
20
0.513926220472441
11
0.3846283464566929
21
0.5138452362204724
0
LINE
8
BLACK
6
CONTINUOUS
10
0.3846283464566929
20
0.5138452362204724
11
0.3846581496062992
21
0.5137733070866142
0
LINE
8
BLACK
6
CONTINUOUS
10
0.3846581496062992
20
0.5137733070866142
11
0.3848142519685039
21
0.5135252755905512
0
LINE
8
BLACK
6
CONTINUOUS
10
0.3848142519685039
20
0.5135252755905512
11
0.3866890157480315
21
0.5097757480314961
0
LINE
8
BLACK
6
CONTINUOUS
10
0.3866890157480315
20
0.5097757480314961
11
0.386895905511811
21
0.509235157480315
0
LINE
8
BLACK
6
CONTINUOUS
10
0.386895905511811
20
0.509235157480315
11
0.3869034251968504
21
0.5091292913385826
0
LINE
8
BLACK
6
CONTINUOUS
10
0.3869034251968504
20
0.5091292913385826
11
0.3869440157480315
21
0.5090312992125984
0
LINE
8
BLACK
6
CONTINUOUS
10
0.3869440157480315
20
0.5090312992125984
11
0.387000748031496
21
0.5084552362204724
0
LINE
8
BLACK
6
CONTINUOUS
10
0.387000748031496
20
0.5084552362204724
11
0.387000748031496
21
0.5009561811023622
0
LINE
8
BLACK
6
CONTINUOUS
10
0.387000748031496
20
0.5009561811023622
11
0.3869440157480315
21
0.5003801181102362
0
LINE
8
BLACK
6
CONTINUOUS
10
0.3869440157480315
20
0.5003801181102362
11
0.3869034251968504
21
0.5002821653543307
0
LINE
8
BLACK
6
CONTINUOUS
10
0.3869034251968504
20
0.5002821653543307
11
0.386895905511811
21
0.5001762598425197
0
LINE
8
BLACK
6
CONTINUOUS
10
0.386895905511811
20
0.5001762598425197
11
0.3866890157480315
21
0.4996356692913386
0
LINE
8
BLACK
6
CONTINUOUS
10
0.3866890157480315
20
0.4996356692913386
11
0.3863641732283464
21
0.498986062992126
0
LINE
8
BLACK
6
CONTINUOUS
10
0.3863641732283464
20
0.498986062992126
11
0.3865031102362205
21
0.498847125984252
0
LINE
8
BLACK
6
CONTINUOUS
10
0.3865031102362205
20
0.498847125984252
11
0.3869440157480315
21
0.497782716535433
0
LINE
8
BLACK
6
CONTINUOUS
10
0.3869440157480315
20
0.497782716535433
11
0.3869440157480315
21
0.4966305905511811
0
LINE
8
BLACK
6
CONTINUOUS
10
0.3869440157480315
20
0.4966305905511811
11
0.3865031102362205
21
0.4955661811023622
0
LINE
8
BLACK
6
CONTINUOUS
10
0.3865031102362205
20
0.4955661811023622
11
0.3856884645669291
21
0.4947515354330709
0
LINE
8
BLACK
6
CONTINUOUS
10
0.3856884645669291
20
0.4947515354330709
11
0.3846240551181102
21
0.4943106299212598
0
LINE
8
BLACK
6
CONTINUOUS
10
0.3846240551181102
20
0.4943106299212598
11
0.3840479921259842
21
0.4942538976377953
0
LINE
8
BLACK
6
CONTINUOUS
10
0.3840479921259842
20
0.4942538976377953
11
0.3446779133858268
21
0.4942538976377953
0
LINE
8
BLACK
6
CONTINUOUS
10
0.3446779133858268
20
0.4942538976377953
11
0.3441018503937008
21
0.4943106299212598
0
LINE
8
BLACK
6
CONTINUOUS
10
0.3441018503937008
20
0.4943106299212598
11
0.3430374409448819
21
0.4947515354330709
0
LINE
8
BLACK
6
CONTINUOUS
10
0.3430374409448819
20
0.4947515354330709
11
0.3422227952755905
21
0.4955661811023622
0
LINE
8
BLACK
6
CONTINUOUS
10
0.3422227952755905
20
0.4955661811023622
11
0.3417818897637795
21
0.4966305905511811
0
LINE
8
BLACK
6
CONTINUOUS
10
0.3417818897637795
20
0.4966305905511811
11
0.3417818897637795
21
0.497782716535433
0
LINE
8
BLACK
6
CONTINUOUS
10
0.3417818897637795
20
0.497782716535433
11
0.3422227952755905
21
0.498847125984252
0
LINE
8
BLACK
6
CONTINUOUS
10
0.3422227952755905
20
0.498847125984252
11
0.3430374409448819
21
0.4996617716535433
0
LINE
8
BLACK
6
CONTINUOUS
10
0.3430374409448819
20
0.4996617716535433
11
0.3441018503937008
21
0.5001026771653543
0
LINE
8
BLACK
6
CONTINUOUS
10
0.3441018503937008
20
0.5001026771653543
11
0.3446779133858268
21
0.5001594094488189
0
LINE
8
BLACK
6
CONTINUOUS
10
0.3446779133858268
20
0.5001594094488189
11
0.3549598031496063
21
0.5001594094488189
0
LINE
8
BLACK
6
CONTINUOUS
10
0.3549598031496063
20
0.5001594094488189
11
0.3549533464566929
21
0.5001762992125984
0
LINE
8
BLACK
6
CONTINUOUS
10
0.3549533464566929
20
0.5001762992125984
11
0.3549458267716535
21
0.5002821259842519
0
LINE
8
BLACK
6
CONTINUOUS
10
0.3549458267716535
20
0.5002821259842519
11
0.3549052362204724
21
0.5003801181102362
0
LINE
8
BLACK
6
CONTINUOUS
10
0.3549052362204724
20
0.5003801181102362
11
0.3548485039370078
21
0.5009561811023622
0
LINE
8
BLACK
6
CONTINUOUS
10
0.3548485039370078
20
0.5009561811023622
11
0.3548485039370078
21
0.5084552362204724
0
LINE
8
BLACK
6
CONTINUOUS
10
0.3548485039370078
20
0.5084552362204724
11
0.3549052362204724
21
0.5090312992125984
0
LINE
8
BLACK
6
CONTINUOUS
10
0.3549052362204724
20
0.5090312992125984
11
0.3549458267716535
21
0.5091293307086614
0
LINE
8
BLACK
6
CONTINUOUS
10
0.3549458267716535
20
0.5091293307086614
11
0.3549533464566929
21
0.5092351181102363
0
LINE
8
BLACK
6
CONTINUOUS
10
0.3549533464566929
20
0.5092351181102363
11
0.3551602362204724
21
0.5097757480314961
0
LINE
8
BLACK
6
CONTINUOUS
10
0.3551602362204724
20
0.5097757480314961
11
0.357035
21
0.5135252755905512
0
LINE
8
BLACK
6
CONTINUOUS
10
0.357035
20
0.5135252755905512
11
0.357191062992126
21
0.5137733070866142
0
LINE
8
BLACK
6
CONTINUOUS
10
0.357191062992126
20
0.5137733070866142
11
0.357220905511811
21
0.5138452362204724
0
LINE
8
BLACK
6
CONTINUOUS
10
0.357220905511811
20
0.5138452362204724
11
0.3572873622047244
21
0.513926220472441
0
LINE
8
BLACK
6
CONTINUOUS
10
0.3572873622047244
20
0.513926220472441
11
0.3573433464566929
21
0.5140151574803149
0
LINE
8
BLACK
6
CONTINUOUS
10
0.3573433464566929
20
0.5140151574803149
11
0.3574023228346457
21
0.5140663385826771
0
LINE
8
BLACK
6
CONTINUOUS
10
0.3574023228346457
20
0.5140663385826771
11
0.3575881102362204
21
0.5142926771653543
0
LINE
8
BLACK
6
CONTINUOUS
10
0.3575881102362204
20
0.5142926771653543
11
0.359462874015748
21
0.5161674409448819
0
LINE
8
BLACK
6
CONTINUOUS
10
0.359462874015748
20
0.5161674409448819
11
0.3596892125984252
21
0.5163532283464567
0
LINE
8
BLACK
6
CONTINUOUS
10
0.3596892125984252
20
0.5163532283464567
11
0.3597403937007874
21
0.5164122047244094
0
LINE
8
BLACK
6
CONTINUOUS
10
0.3597403937007874
20
0.5164122047244094
11
0.3598293307086614
21
0.5164681889763779
0
LINE
8
BLACK
6
CONTINUOUS
10
0.3598293307086614
20
0.5164681889763779
11
0.3599103149606299
21
0.5165346456692913
0
LINE
8
BLACK
6
CONTINUOUS
10
0.3599103149606299
20
0.5165346456692913
11
0.3599822440944882
21
0.5165644881889764
0
LINE
8
BLACK
6
CONTINUOUS
10
0.3599822440944882
20
0.5165644881889764
11
0.3602302755905512
21
0.5167205511811024
0
LINE
8
BLACK
6
CONTINUOUS
10
0.3602302755905512
20
0.5167205511811024
11
0.3639798031496063
21
0.5185953149606299
0
LINE
8
BLACK
6
CONTINUOUS
10
0.3639798031496063
20
0.5185953149606299
11
0.3645203937007874
21
0.5188022047244094
0
LINE
8
BLACK
6
CONTINUOUS
10
0.3645203937007874
20
0.5188022047244094
11
0.3646262598425197
21
0.5188097637795276
0
LINE
8
BLACK
6
CONTINUOUS
10
0.3646262598425197
20
0.5188097637795276
11
0.3647242519685039
21
0.5188503149606299
0
LINE
8
BLACK
6
CONTINUOUS
10
0.3647242519685039
20
0.5188503149606299
11
0.3653003149606299
21
0.5189070472440944
0
LINE
8
BLACK
6
CONTINUOUS
10
0.3653003149606299
20
0.5189070472440944
11
0.3765488976377953
21
0.5189070472440944
0
LINE
8
BLACK
6
CONTINUOUS
10
0.3765488976377953
20
0.5189070472440944
11
0.3771249606299212
21
0.5188503149606299
0
LINE
8
BLACK
6
CONTINUOUS
10
0.3632998818897638
20
0.5116527952755905
11
0.3621027559055118
21
0.5104556692913386
0
LINE
8
BLACK
6
CONTINUOUS
10
0.3621027559055118
20
0.5104556692913386
11
0.3607540157480315
21
0.5077581889763779
0
LINE
8
BLACK
6
CONTINUOUS
10
0.3607540157480315
20
0.5077581889763779
11
0.3607540157480315
21
0.5016532283464566
0
LINE
8
BLACK
6
CONTINUOUS
10
0.3607540157480315
20
0.5016532283464566
11
0.361500905511811
21
0.5001594094488189
0
LINE
8
BLACK
6
CONTINUOUS
10
0.361500905511811
20
0.5001594094488189
11
0.3803483464566929
21
0.5001594094488189
0
LINE
8
BLACK
6
CONTINUOUS
10
0.3803483464566929
20
0.5001594094488189
11
0.3810952362204724
21
0.5016532283464566
0
LINE
8
BLACK
6
CONTINUOUS
10
0.3810952362204724
20
0.5016532283464566
11
0.3810952362204724
21
0.5077581889763779
0
LINE
8
BLACK
6
CONTINUOUS
10
0.3810952362204724
20
0.5077581889763779
11
0.3797464960629921
21
0.5104556692913386
0
LINE
8
BLACK
6
CONTINUOUS
10
0.3797464960629921
20
0.5104556692913386
11
0.3785493307086614
21
0.5116527952755905
0
LINE
8
BLACK
6
CONTINUOUS
10
0.3785493307086614
20
0.5116527952755905
11
0.3758518503937008
21
0.5130015354330708
0
LINE
8
BLACK
6
CONTINUOUS
10
0.3758518503937008
20
0.5130015354330708
11
0.3659973622047244
21
0.5130015354330708
0
LINE
8
BLACK
6
CONTINUOUS
10
0.3659973622047244
20
0.5130015354330708
11
0.3632998818897638
21
0.5116527952755905
0
LINE
8
BLACK
6
CONTINUOUS
10
-0.0460564960629921
20
0.5315799212598425
11
-0.0459585039370079
21
0.5315393307086614
0
LINE
8
BLACK
6
CONTINUOUS
10
-0.0459585039370079
20
0.5315393307086614
11
-0.0458526771653543
21
0.531531811023622
0
LINE
8
BLACK
6
CONTINUOUS
10
-0.0458526771653543
20
0.531531811023622
11
-0.0453120472440945
21
0.5313249212598425
0
LINE
8
BLACK
6
CONTINUOUS
10
-0.0453120472440945
20
0.5313249212598425
11
-0.0415625196850394
21
0.529450157480315
0
LINE
8
BLACK
6
CONTINUOUS
10
-0.0415625196850394
20
0.529450157480315
11
-0.0413145275590551
21
0.529294094488189
0
LINE
8
BLACK
6
CONTINUOUS
10
-0.0413145275590551
20
0.529294094488189
11
-0.0412425590551181
21
0.5292642519685039
0
LINE
8
BLACK
6
CONTINUOUS
10
-0.0412425590551181
20
0.5292642519685039
11
-0.0411616141732283
21
0.5291977952755905
0
LINE
8
BLACK
6
CONTINUOUS
10
-0.0411616141732283
20
0.5291977952755905
11
-0.0410726377952756
21
0.529141811023622
0
LINE
8
BLACK
6
CONTINUOUS
10
-0.0410726377952756
20
0.529141811023622
11
-0.0410214960629921
21
0.5290828346456693
0
LINE
8
BLACK
6
CONTINUOUS
10
-0.0410214960629921
20
0.5290828346456693
11
-0.0407951181102362
21
0.5288970472440945
0
LINE
8
BLACK
6
CONTINUOUS
10
-0.0407951181102362
20
0.5288970472440945
11
-0.0389203543307087
21
0.5270222834645669
0
LINE
8
BLACK
6
CONTINUOUS
10
-0.0389203543307087
20
0.5270222834645669
11
-0.0387346062992126
21
0.5267959448818897
0
LINE
8
BLACK
6
CONTINUOUS
10
-0.0387346062992126
20
0.5267959448818897
11
-0.0386755905511811
21
0.5267447637795275
0
LINE
8
BLACK
6
CONTINUOUS
10
-0.0386755905511811
20
0.5267447637795275
11
-0.0386196456692913
21
0.5266558267716536
0
LINE
8
BLACK
6
CONTINUOUS
10
-0.0386196456692913
20
0.5266558267716536
11
-0.0385531496062992
21
0.526574842519685
0
LINE
8
BLACK
6
CONTINUOUS
10
-0.0385531496062992
20
0.526574842519685
11
-0.0385233464566929
21
0.5265029133858268
0
LINE
8
BLACK
6
CONTINUOUS
10
-0.0385233464566929
20
0.5265029133858268
11
-0.0383672440944882
21
0.5262548818897638
0
LINE
8
BLACK
6
CONTINUOUS
10
-0.0383672440944882
20
0.5262548818897638
11
-0.0364924803149606
21
0.5225053543307087
0
LINE
8
BLACK
6
CONTINUOUS
10
-0.0364924803149606
20
0.5225053543307087
11
-0.0364763779527559
21
0.5224632677165354
0
LINE
8
BLACK
6
CONTINUOUS
10
-0.0364763779527559
20
0.5224632677165354
11
-0.0364636614173228
21
0.5224461023622047
0
LINE
8
BLACK
6
CONTINUOUS
10
-0.0364636614173228
20
0.5224461023622047
11
-0.0363773622047244
21
0.5222045275590551
0
LINE
8
BLACK
6
CONTINUOUS
10
-0.0363773622047244
20
0.5222045275590551
11
-0.0362855905511811
21
0.5219647637795275
0
LINE
8
BLACK
6
CONTINUOUS
10
-0.0362855905511811
20
0.5219647637795275
11
-0.036284094488189
21
0.5219435039370078
0
LINE
8
BLACK
6
CONTINUOUS
10
-0.036284094488189
20
0.5219435039370078
11
-0.0362688976377953
21
0.5219009842519685
0
LINE
8
BLACK
6
CONTINUOUS
10
-0.0362688976377953
20
0.5219009842519685
11
-0.0344727559055118
21
0.5147163385826772
0
LINE
8
BLACK
6
CONTINUOUS
10
-0.0344727559055118
20
0.5147163385826772
11
-0.0329572440944882
21
0.5116853543307086
0
LINE
8
BLACK
6
CONTINUOUS
10
-0.0329572440944882
20
0.5116853543307086
11
-0.0317601181102362
21
0.5104882283464567
0
LINE
8
BLACK
6
CONTINUOUS
10
-0.0317601181102362
20
0.5104882283464567
11
-0.0290626377952756
21
0.5091394881889764
0
LINE
8
BLACK
6
CONTINUOUS
10
-0.0290626377952756
20
0.5091394881889764
11
-0.0267072047244094
21
0.5091394881889764
0
LINE
8
BLACK
6
CONTINUOUS
10
-0.0267072047244094
20
0.5091394881889764
11
-0.0240097244094488
21
0.5104882677165354
0
LINE
8
BLACK
6
CONTINUOUS
10
-0.0240097244094488
20
0.5104882677165354
11
-0.0228125590551181
21
0.5116853937007874
0
LINE
8
BLACK
6
CONTINUOUS
10
-0.0228125590551181
20
0.5116853937007874
11
-0.0214638188976378
21
0.5143828346456693
0
LINE
8
BLACK
6
CONTINUOUS
10
-0.0214638188976378
20
0.5143828346456693
11
-0.0214638188976378
21
0.5225804724409449
0
LINE
8
BLACK
6
CONTINUOUS
10
-0.0214638188976378
20
0.5225804724409449
11
-0.0231870472440945
21
0.527750157480315
0
LINE
8
BLACK
6
CONTINUOUS
10
-0.0231870472440945
20
0.527750157480315
11
-0.0233153937007874
21
0.5283146062992126
0
LINE
8
BLACK
6
CONTINUOUS
10
-0.0233153937007874
20
0.5283146062992126
11
-0.0232337007874016
21
0.5294638188976378
0
LINE
8
BLACK
6
CONTINUOUS
10
-0.0232337007874016
20
0.5294638188976378
11
-0.0227185039370079
21
0.530494251968504
0
LINE
8
BLACK
6
CONTINUOUS
10
-0.0227185039370079
20
0.530494251968504
11
-0.0218481496062992
21
0.5312491338582677
0
LINE
8
BLACK
6
CONTINUOUS
10
-0.0218481496062992
20
0.5312491338582677
11
-0.0207551181102362
21
0.5316134645669292
0
LINE
8
BLACK
6
CONTINUOUS
10
-0.0207551181102362
20
0.5316134645669292
11
-0.019605905511811
21
0.5315317716535433
0
LINE
8
BLACK
6
CONTINUOUS
10
-0.019605905511811
20
0.5315317716535433
11
-0.0185754724409449
21
0.5310165748031496
0
LINE
8
BLACK
6
CONTINUOUS
10
-0.0185754724409449
20
0.5310165748031496
11
-0.0178205905511811
21
0.530146220472441
0
LINE
8
BLACK
6
CONTINUOUS
10
-0.0178205905511811
20
0.530146220472441
11
-0.0175846062992126
21
0.5296176377952756
0
LINE
8
BLACK
6
CONTINUOUS
10
-0.0175846062992126
20
0.5296176377952756
11
-0.015709842519685
21
0.5239933858267717
0
LINE
8
BLACK
6
CONTINUOUS
10
-0.015709842519685
20
0.5239933858267717
11
-0.0156449212598425
21
0.5237077559055118
0
LINE
8
BLACK
6
CONTINUOUS
10
-0.0156449212598425
20
0.5237077559055118
11
-0.0156150393700787
21
0.5236356692913385
0
LINE
8
BLACK
6
CONTINUOUS
10
-0.0156150393700787
20
0.5236356692913385
11
-0.0156047637795276
21
0.5235312204724409
0
LINE
8
BLACK
6
CONTINUOUS
10
-0.0156047637795276
20
0.5235312204724409
11
-0.0155814960629921
21
0.523428937007874
0
LINE
8
BLACK
6
CONTINUOUS
10
-0.0155814960629921
20
0.523428937007874
11
-0.0155870472440945
21
0.523351220472441
0
LINE
8
BLACK
6
CONTINUOUS
10
-0.0155870472440945
20
0.523351220472441
11
-0.0155583070866142
21
0.5230596062992126
0
LINE
8
BLACK
6
CONTINUOUS
10
-0.0155583070866142
20
0.5230596062992126
11
-0.0155583070866142
21
0.5136857874015748
0
LINE
8
BLACK
6
CONTINUOUS
10
-0.0155583070866142
20
0.5136857874015748
11
-0.0156150393700787
21
0.5131097244094488
0
LINE
8
BLACK
6
CONTINUOUS
10
-0.0156150393700787
20
0.5131097244094488
11
-0.0156556299212598
21
0.5130117716535433
0
LINE
8
BLACK
6
CONTINUOUS
10
-0.0156556299212598
20
0.5130117716535433
11
-0.0156631496062992
21
0.5129058661417323
0
LINE
8
BLACK
6
CONTINUOUS
10
-0.0156631496062992
20
0.5129058661417323
11
-0.0158700393700787
21
0.5123652755905511
0
LINE
8
BLACK
6
CONTINUOUS
10
-0.0158700393700787
20
0.5123652755905511
11
-0.0177448031496063
21
0.508615748031496
0
LINE
8
BLACK
6
CONTINUOUS
10
-0.0177448031496063
20
0.508615748031496
11
-0.017900905511811
21
0.5083677559055118
0
LINE
8
BLACK
6
CONTINUOUS
10
-0.017900905511811
20
0.5083677559055118
11
-0.0179307086614173
21
0.5082957874015748
0
LINE
8
BLACK
6
CONTINUOUS
10
-0.0179307086614173
20
0.5082957874015748
11
-0.0179971653543307
21
0.5082148425196851
0
LINE
8
BLACK
6
CONTINUOUS
10
-0.0179971653543307
20
0.5082148425196851
11
-0.0180531496062992
21
0.5081258661417323
0
LINE
8
BLACK
6
CONTINUOUS
10
-0.0180531496062992
20
0.5081258661417323
11
-0.0181122047244094
21
0.50807468503937
0
LINE
8
BLACK
6
CONTINUOUS
10
-0.0181122047244094
20
0.50807468503937
11
-0.0182979527559055
21
0.5078483070866142
0
LINE
8
BLACK
6
CONTINUOUS
10
-0.0182979527559055
20
0.5078483070866142
11
-0.0201727559055118
21
0.5059735433070865
0
LINE
8
BLACK
6
CONTINUOUS
10
-0.0201727559055118
20
0.5059735433070865
11
-0.020399094488189
21
0.5057878346456692
0
LINE
8
BLACK
6
CONTINUOUS
10
-0.020399094488189
20
0.5057878346456692
11
-0.0204502362204724
21
0.5057288188976378
0
LINE
8
BLACK
6
CONTINUOUS
10
-0.0204502362204724
20
0.5057288188976378
11
-0.0205391732283465
21
0.505672874015748
0
LINE
8
BLACK
6
CONTINUOUS
10
-0.0205391732283465
20
0.505672874015748
11
-0.0206201968503937
21
0.5056063385826771
0
LINE
8
BLACK
6
CONTINUOUS
10
-0.0206201968503937
20
0.5056063385826771
11
-0.0206922440944882
21
0.5055765354330709
0
LINE
8
BLACK
6
CONTINUOUS
10
-0.0206922440944882
20
0.5055765354330709
11
-0.0209401181102362
21
0.5054204724409449
0
LINE
8
BLACK
6
CONTINUOUS
10
-0.0209401181102362
20
0.5054204724409449
11
-0.0246896456692913
21
0.5035457086614173
0
LINE
8
BLACK
6
CONTINUOUS
10
-0.0246896456692913
20
0.5035457086614173
11
-0.0252302755905512
21
0.5033388188976378
0
LINE
8
BLACK
6
CONTINUOUS
10
-0.0252302755905512
20
0.5033388188976378
11
-0.0253361023622047
21
0.5033313385826772
0
LINE
8
BLACK
6
CONTINUOUS
10
-0.0253361023622047
20
0.5033313385826772
11
-0.025434094488189
21
0.5032907086614173
0
LINE
8
BLACK
6
CONTINUOUS
10
-0.025434094488189
20
0.5032907086614173
11
-0.026010157480315
21
0.5032339763779528
0
LINE
8
BLACK
6
CONTINUOUS
10
-0.026010157480315
20
0.5032339763779528
11
-0.0297596850393701
21
0.5032339763779528
0
LINE
8
BLACK
6
CONTINUOUS
10
-0.0297596850393701
20
0.5032339763779528
11
-0.0303357480314961
21
0.5032907086614173
0
LINE
8
BLACK
6
CONTINUOUS
10
-0.0303357480314961
20
0.5032907086614173
11
-0.0304337401574803
21
0.5033312992125984
0
LINE
8
BLACK
6
CONTINUOUS
10
-0.0304337401574803
20
0.5033312992125984
11
-0.0305396062992126
21
0.5033388188976378
0
LINE
8
BLACK
6
CONTINUOUS
10
-0.0305396062992126
20
0.5033388188976378
11
-0.0310801968503937
21
0.5035457086614173
0
LINE
8
BLACK
6
CONTINUOUS
10
-0.0310801968503937
20
0.5035457086614173
11
-0.0348297244094488
21
0.5054204724409449
0
LINE
8
BLACK
6
CONTINUOUS
10
-0.0348297244094488
20
0.5054204724409449
11
-0.0350777559055118
21
0.5055765748031495
0
LINE
8
BLACK
6
CONTINUOUS
10
-0.0350777559055118
20
0.5055765748031495
11
-0.0351496850393701
21
0.5056063779527559
0
LINE
8
BLACK
6
CONTINUOUS
10
-0.0351496850393701
20
0.5056063779527559
11
-0.0352306692913386
21
0.505672874015748
0
LINE
8
BLACK
6
CONTINUOUS
10
-0.0352306692913386
20
0.505672874015748
11
-0.0353196062992126
21
0.5057288188976378
0
LINE
8
BLACK
6
CONTINUOUS
10
-0.0353196062992126
20
0.5057288188976378
11
-0.0353707874015748
21
0.5057878346456692
0
LINE
8
BLACK
6
CONTINUOUS
10
-0.0353707874015748
20
0.5057878346456692
11
-0.035597125984252
21
0.5059735826771653
0
LINE
8
BLACK
6
CONTINUOUS
10
-0.035597125984252
20
0.5059735826771653
11
-0.0374718897637795
21
0.5078483464566929
0
LINE
8
BLACK
6
CONTINUOUS
10
-0.0374718897637795
20
0.5078483464566929
11
-0.0376576771653543
21
0.5080747244094488
0
LINE
8
BLACK
6
CONTINUOUS
10
-0.0376576771653543
20
0.5080747244094488
11
-0.0377166535433071
21
0.5081258661417323
0
LINE
8
BLACK
6
CONTINUOUS
10
-0.0377166535433071
20
0.5081258661417323
11
-0.0377726377952756
21
0.5082148425196851
0
LINE
8
BLACK
6
CONTINUOUS
10
-0.0377726377952756
20
0.5082148425196851
11
-0.037839094488189
21
0.5082957874015748
0
LINE
8
BLACK
6
CONTINUOUS
10
-0.037839094488189
20
0.5082957874015748
11
-0.037868937007874
21
0.5083677559055118
0
LINE
8
BLACK
6
CONTINUOUS
10
-0.037868937007874
20
0.5083677559055118
11
-0.038025
21
0.508615748031496
0
LINE
8
BLACK
6
CONTINUOUS
10
-0.038025
20
0.508615748031496
11
-0.0398997637795276
21
0.5123652755905511
0
LINE
8
BLACK
6
CONTINUOUS
10
-0.0398997637795276
20
0.5123652755905511
11
-0.039915905511811
21
0.5124074015748031
0
LINE
8
BLACK
6
CONTINUOUS
10
-0.039915905511811
20
0.5124074015748031
11
-0.0399285826771654
21
0.5124245275590551
0
LINE
8
BLACK
6
CONTINUOUS
10
-0.0399285826771654
20
0.5124245275590551
11
-0.0400150393700787
21
0.5126664960629921
0
LINE
8
BLACK
6
CONTINUOUS
10
-0.0400150393700787
20
0.5126664960629921
11
-0.0401066535433071
21
0.512905905511811
0
LINE
8
BLACK
6
CONTINUOUS
10
-0.0401066535433071
20
0.512905905511811
11
-0.040108188976378
21
0.5129271653543307
0
LINE
8
BLACK
6
CONTINUOUS
10
-0.040108188976378
20
0.5129271653543307
11
-0.0401233464566929
21
0.5129696456692914
0
LINE
8
BLACK
6
CONTINUOUS
10
-0.0401233464566929
20
0.5129696456692914
11
-0.0419195275590551
21
0.5201542913385827
0
LINE
8
BLACK
6
CONTINUOUS
10
-0.0419195275590551
20
0.5201542913385827
11
-0.043435
21
0.5231852755905512
0
LINE
8
BLACK
6
CONTINUOUS
10
-0.043435
20
0.5231852755905512
11
-0.044632125984252
21
0.5243824015748031
0
LINE
8
BLACK
6
CONTINUOUS
10
-0.044632125984252
20
0.5243824015748031
11
-0.0473296062992126
21
0.5257311417322834
0
LINE
8
BLACK
6
CONTINUOUS
10
-0.0473296062992126
20
0.5257311417322834
11
-0.0496850393700787
21
0.5257311417322834
0
LINE
8
BLACK
6
CONTINUOUS
10
-0.0496850393700787
20
0.5257311417322834
11
-0.0523825196850394
21
0.5243824015748031
0
LINE
8
BLACK
6
CONTINUOUS
10
-0.0523825196850394
20
0.5243824015748031
11
-0.0535796456692913
21
0.5231852755905512
0
LINE
8
BLACK
6
CONTINUOUS
10
-0.0535796456692913
20
0.5231852755905512
11
-0.0549283858267717
21
0.5204877952755905
0
LINE
8
BLACK
6
CONTINUOUS
10
-0.0549283858267717
20
0.5204877952755905
11
-0.0549283858267717
21
0.5122901968503937
0
LINE
8
BLACK
6
CONTINUOUS
10
-0.0549283858267717
20
0.5122901968503937
11
-0.053205157480315
21
0.5071205118110236
0
LINE
8
BLACK
6
CONTINUOUS
10
-0.053205157480315
20
0.5071205118110236
11
-0.053076811023622
21
0.506556062992126
0
LINE
8
BLACK
6
CONTINUOUS
10
-0.053076811023622
20
0.506556062992126
11
-0.0531585039370079
21
0.5054068503937008
0
LINE
8
BLACK
6
CONTINUOUS
10
-0.0531585039370079
20
0.5054068503937008
11
-0.0536737007874016
21
0.5043763779527559
0
LINE
8
BLACK
6
CONTINUOUS
10
-0.0536737007874016
20
0.5043763779527559
11
-0.054544094488189
21
0.5036214960629921
0
LINE
8
BLACK
6
CONTINUOUS
10
-0.054544094488189
20
0.5036214960629921
11
-0.0556370866141732
21
0.5032571653543307
0
LINE
8
BLACK
6
CONTINUOUS
10
-0.0556370866141732
20
0.5032571653543307
11
-0.0567862992125984
21
0.5033388582677165
0
LINE
8
BLACK
6
CONTINUOUS
10
-0.0567862992125984
20
0.5033388582677165
11
-0.0578167322834646
21
0.503854094488189
0
LINE
8
BLACK
6
CONTINUOUS
10
-0.0578167322834646
20
0.503854094488189
11
-0.0585716141732283
21
0.5047244488188977
0
LINE
8
BLACK
6
CONTINUOUS
10
-0.0585716141732283
20
0.5047244488188977
11
-0.0588075984251968
21
0.5052529921259843
0
LINE
8
BLACK
6
CONTINUOUS
10
-0.0588075984251968
20
0.5052529921259843
11
-0.0606823622047244
21
0.510877283464567
0
LINE
8
BLACK
6
CONTINUOUS
10
-0.0606823622047244
20
0.510877283464567
11
-0.0607473228346457
21
0.511162874015748
0
LINE
8
BLACK
6
CONTINUOUS
10
-0.0607473228346457
20
0.511162874015748
11
-0.0607771653543307
21
0.5112349606299212
0
LINE
8
BLACK
6
CONTINUOUS
10
-0.0607771653543307
20
0.5112349606299212
11
-0.0607874803149606
21
0.5113394881889763
0
LINE
8
BLACK
6
CONTINUOUS
10
-0.0607874803149606
20
0.5113394881889763
11
-0.0608107086614173
21
0.5114417322834646
0
LINE
8
BLACK
6
CONTINUOUS
10
-0.0608107086614173
20
0.5114417322834646
11
-0.0608051968503937
21
0.5115194881889764
0
LINE
8
BLACK
6
CONTINUOUS
10
-0.0608051968503937
20
0.5115194881889764
11
-0.0608338976377953
21
0.5118110236220472
0
LINE
8
BLACK
6
CONTINUOUS
10
-0.0608338976377953
20
0.5118110236220472
11
-0.0608338976377953
21
0.521184842519685
0
LINE
8
BLACK
6
CONTINUOUS
10
-0.0608338976377953
20
0.521184842519685
11
-0.0607771653543307
21
0.521760905511811
0
LINE
8
BLACK
6
CONTINUOUS
10
-0.0607771653543307
20
0.521760905511811
11
-0.0607365748031496
21
0.521858937007874
0
LINE
8
BLACK
6
CONTINUOUS
10
-0.0607365748031496
20
0.521858937007874
11
-0.0607290551181102
21
0.5219647244094489
0
LINE
8
BLACK
6
CONTINUOUS
10
-0.0607290551181102
20
0.5219647244094489
11
-0.0605221653543307
21
0.5225053543307087
0
LINE
8
BLACK
6
CONTINUOUS
10
-0.0605221653543307
20
0.5225053543307087
11
-0.0586474015748032
21
0.5262548818897638
0
LINE
8
BLACK
6
CONTINUOUS
10
-0.0586474015748032
20
0.5262548818897638
11
-0.0584913385826772
21
0.5265029133858268
0
LINE
8
BLACK
6
CONTINUOUS
10
-0.0584913385826772
20
0.5265029133858268
11
-0.0584614960629921
21
0.526574842519685
0
LINE
8
BLACK
6
CONTINUOUS
10
-0.0584614960629921
20
0.526574842519685
11
-0.0583950393700787
21
0.5266558267716536
0
LINE
8
BLACK
6
CONTINUOUS
10
-0.0583950393700787
20
0.5266558267716536
11
-0.0583390551181102
21
0.5267447637795275
0
LINE
8
BLACK
6
CONTINUOUS
10
-0.0583390551181102
20
0.5267447637795275
11
-0.0582800787401575
21
0.5267959448818897
0
LINE
8
BLACK
6
CONTINUOUS
10
-0.0582800787401575
20
0.5267959448818897
11
-0.0580942913385827
21
0.5270222834645669
0
LINE
8
BLACK
6
CONTINUOUS
10
-0.0580942913385827
20
0.5270222834645669
11
-0.0562195275590551
21
0.5288970472440945
0
LINE
8
BLACK
6
CONTINUOUS
10
-0.0562195275590551
20
0.5288970472440945
11
-0.055993188976378
21
0.5290828346456693
0
LINE
8
BLACK
6
CONTINUOUS
10
-0.055993188976378
20
0.5290828346456693
11
-0.0559420078740157
21
0.529141811023622
0
LINE
8
BLACK
6
CONTINUOUS
10
-0.0559420078740157
20
0.529141811023622
11
-0.0558530708661417
21
0.5291977952755905
0
LINE
8
BLACK
6
CONTINUOUS
10
-0.0558530708661417
20
0.5291977952755905
11
-0.0557720866141732
21
0.5292642519685039
0
LINE
8
BLACK
6
CONTINUOUS
10
-0.0557720866141732
20
0.5292642519685039
11
-0.055700157480315
21
0.529294094488189
0
LINE
8
BLACK
6
CONTINUOUS
10
-0.055700157480315
20
0.529294094488189
11
-0.055452125984252
21
0.529450157480315
0
LINE
8
BLACK
6
CONTINUOUS
10
-0.055452125984252
20
0.529450157480315
11
-0.0517025984251969
21
0.5313249212598425
0
LINE
8
BLACK
6
CONTINUOUS
10
-0.0517025984251969
20
0.5313249212598425
11
-0.0511620078740157
21
0.531531811023622
0
LINE
8
BLACK
6
CONTINUOUS
10
-0.0511620078740157
20
0.531531811023622
11
-0.0510561417322835
21
0.5315393700787402
0
LINE
8
BLACK
6
CONTINUOUS
10
-0.0510561417322835
20
0.5315393700787402
11
-0.0509581496062992
21
0.5315799212598425
0
LINE
8
BLACK
6
CONTINUOUS
10
-0.0509581496062992
20
0.5315799212598425
11
-0.0503820866141732
21
0.531636653543307
0
LINE
8
BLACK
6
CONTINUOUS
10
-0.0503820866141732
20
0.531636653543307
11
-0.0466325590551181
21
0.531636653543307
0
LINE
8
BLACK
6
CONTINUOUS
10
-0.0466325590551181
20
0.531636653543307
11
-0.0460564960629921
21
0.5315799212598425
0
LINE
8
BLACK
6
CONTINUOUS
10
0.3789997244094488
20
0.5375979921259842
11
0.3790977165354331
21
0.5375574015748031
0
LINE
8
BLACK
6
CONTINUOUS
10
0.3790977165354331
20
0.5375574015748031
11
0.3792035433070866
21
0.5375498818897637
0
LINE
8
BLACK
6
CONTINUOUS
10
0.3792035433070866
20
0.5375498818897637
11
0.3797441732283465
21
0.5373429921259842
0
LINE
8
BLACK
6
CONTINUOUS
10
0.3797441732283465
20
0.5373429921259842
11
0.3834937401574803
21
0.5354682283464567
0
LINE
8
BLACK
6
CONTINUOUS
10
0.3834937401574803
20
0.5354682283464567
11
0.3835900393700787
21
0.5354075984251968
0
LINE
8
BLACK
6
CONTINUOUS
10
0.3835900393700787
20
0.5354075984251968
11
0.3836355118110236
21
0.5353924409448819
0
LINE
8
BLACK
6
CONTINUOUS
10
0.3836355118110236
20
0.5353924409448819
11
0.3836920866141732
21
0.5353433858267717
0
LINE
8
BLACK
6
CONTINUOUS
10
0.3836920866141732
20
0.5353433858267717
11
0.3839835826771654
21
0.5351598818897638
0
LINE
8
BLACK
6
CONTINUOUS
10
0.3839835826771654
20
0.5351598818897638
11
0.384226062992126
21
0.5348802755905512
0
LINE
8
BLACK
6
CONTINUOUS
10
0.384226062992126
20
0.5348802755905512
11
0.384505905511811
21
0.5346375984251969
0
LINE
8
BLACK
6
CONTINUOUS
10
0.384505905511811
20
0.5346375984251969
11
0.3846894094488189
21
0.5343460629921259
0
LINE
8
BLACK
6
CONTINUOUS
10
0.3846894094488189
20
0.5343460629921259
11
0.3847384645669291
21
0.5342894881889764
0
LINE
8
BLACK
6
CONTINUOUS
10
0.3847384645669291
20
0.5342894881889764
11
0.3847535826771654
21
0.534244094488189
0
LINE
8
BLACK
6
CONTINUOUS
10
0.3847535826771654
20
0.534244094488189
11
0.3848142519685039
21
0.534147716535433
0
LINE
8
BLACK
6
CONTINUOUS
10
0.3848142519685039
20
0.534147716535433
11
0.3866890157480315
21
0.5303981889763779
0
LINE
8
BLACK
6
CONTINUOUS
10
0.3866890157480315
20
0.5303981889763779
11
0.386895905511811
21
0.5298575984251969
0
LINE
8
BLACK
6
CONTINUOUS
10
0.386895905511811
20
0.5298575984251969
11
0.3869775590551181
21
0.5287083858267716
0
LINE
8
BLACK
6
CONTINUOUS
10
0.3869775590551181
20
0.5287083858267716
11
0.3866132283464567
21
0.5276153937007874
0
LINE
8
BLACK
6
CONTINUOUS
10
0.3866132283464567
20
0.5276153937007874
11
0.3858583858267716
21
0.5267450393700788
0
LINE
8
BLACK
6
CONTINUOUS
10
0.3858583858267716
20
0.5267450393700788
11
0.384827874015748
21
0.5262297637795276
0
LINE
8
BLACK
6
CONTINUOUS
10
0.384827874015748
20
0.5262297637795276
11
0.3836786614173228
21
0.5261481102362204
0
LINE
8
BLACK
6
CONTINUOUS
10
0.3836786614173228
20
0.5261481102362204
11
0.3825857086614173
21
0.5265124409448819
0
LINE
8
BLACK
6
CONTINUOUS
10
0.3825857086614173
20
0.5265124409448819
11
0.3817153149606299
21
0.527267283464567
0
LINE
8
BLACK
6
CONTINUOUS
10
0.3817153149606299
20
0.527267283464567
11
0.381406968503937
21
0.5277571653543307
0
LINE
8
BLACK
6
CONTINUOUS
10
0.381406968503937
20
0.5277571653543307
11
0.3799723622047244
21
0.5306263779527559
0
LINE
8
BLACK
6
CONTINUOUS
10
0.3799723622047244
20
0.5306263779527559
11
0.3777266141732283
21
0.5317492125984252
0
LINE
8
BLACK
6
CONTINUOUS
10
0.3777266141732283
20
0.5317492125984252
11
0.3446779133858268
21
0.5317492125984252
0
LINE
8
BLACK
6
CONTINUOUS
10
0.3446779133858268
20
0.5317492125984252
11
0.3441018503937008
21
0.5318059448818897
0
LINE
8
BLACK
6
CONTINUOUS
10
0.3441018503937008
20
0.5318059448818897
11
0.3430374409448819
21
0.5322468503937008
0
LINE
8
BLACK
6
CONTINUOUS
10
0.3430374409448819
20
0.5322468503937008
11
0.3422227952755905
21
0.5330614960629921
0
LINE
8
BLACK
6
CONTINUOUS
10
0.3422227952755905
20
0.5330614960629921
11
0.3417818897637795
21
0.534125905511811
0
LINE
8
BLACK
6
CONTINUOUS
10
0.3417818897637795
20
0.534125905511811
11
0.3417818897637795
21
0.535278031496063
0
LINE
8
BLACK
6
CONTINUOUS
10
0.3417818897637795
20
0.535278031496063
11
0.3422227952755905
21
0.5363424409448819
0
LINE
8
BLACK
6
CONTINUOUS
10
0.3422227952755905
20
0.5363424409448819
11
0.3430374409448819
21
0.5371570866141732
0
LINE
8
BLACK
6
CONTINUOUS
10
0.3430374409448819
20
0.5371570866141732
11
0.3441018503937008
21
0.5375979921259842
0
LINE
8
BLACK
6
CONTINUOUS
10
0.3441018503937008
20
0.5375979921259842
11
0.3446779133858268
21
0.5376547244094488
0
LINE
8
BLACK
6
CONTINUOUS
10
0.3446779133858268
20
0.5376547244094488
11
0.3784236614173228
21
0.5376547244094488
0
LINE
8
BLACK
6
CONTINUOUS
10
0.3784236614173228
20
0.5376547244094488
11
0.3789997244094488
21
0.5375979921259842
0
LINE
8
BLACK
6
CONTINUOUS
10
0.3771249606299212
20
0.5750933070866142
11
0.3772229527559055
21
0.5750527165354331
0
LINE
8
BLACK
6
CONTINUOUS
10
0.3772229527559055
20
0.5750527165354331
11
0.3773287795275591
21
0.5750451968503937
0
LINE
8
BLACK
6
CONTINUOUS
10
0.3773287795275591
20
0.5750451968503937
11
0.3778694094488189
21
0.5748383070866142
0
LINE
8
BLACK
6
CONTINUOUS
10
0.3778694094488189
20
0.5748383070866142
11
0.381618937007874
21
0.5729635433070867
0
LINE
8
BLACK
6
CONTINUOUS
10
0.381618937007874
20
0.5729635433070867
11
0.381866811023622
21
0.5728075196850394
0
LINE
8
BLACK
6
CONTINUOUS
10
0.381866811023622
20
0.5728075196850394
11
0.3819388582677165
21
0.5727776771653543
0
LINE
8
BLACK
6
CONTINUOUS
10
0.3819388582677165
20
0.5727776771653543
11
0.3820198818897638
21
0.5727111811023622
0
LINE
8
BLACK
6
CONTINUOUS
10
0.3820198818897638
20
0.5727111811023622
11
0.3821088188976378
21
0.5726551968503937
0
LINE
8
BLACK
6
CONTINUOUS
10
0.3821088188976378
20
0.5726551968503937
11
0.3821599606299212
21
0.572596220472441
0
LINE
8
BLACK
6
CONTINUOUS
10
0.3821599606299212
20
0.572596220472441
11
0.3823862992125984
21
0.5724104724409449
0
LINE
8
BLACK
6
CONTINUOUS
10
0.3823862992125984
20
0.5724104724409449
11
0.3842611023622047
21
0.5705357086614173
0
LINE
8
BLACK
6
CONTINUOUS
10
0.3842611023622047
20
0.5705357086614173
11
0.3844468503937008
21
0.5703093700787402
0
LINE
8
BLACK
6
CONTINUOUS
10
0.3844468503937008
20
0.5703093700787402
11
0.384505905511811
21
0.5702581496062992
0
LINE
8
BLACK
6
CONTINUOUS
10
0.384505905511811
20
0.5702581496062992
11
0.3845618897637795
21
0.5701692125984252
0
LINE
8
BLACK
6
CONTINUOUS
10
0.3845618897637795
20
0.5701692125984252
11
0.3846283464566929
21
0.5700882283464567
0
LINE
8
BLACK
6
CONTINUOUS
10
0.3846283464566929
20
0.5700882283464567
11
0.3846581496062992
21
0.5700162992125984
0
LINE
8
BLACK
6
CONTINUOUS
10
0.3846581496062992
20
0.5700162992125984
11
0.3848142519685039
21
0.5697682677165354
0
LINE
8
BLACK
6
CONTINUOUS
10
0.3848142519685039
20
0.5697682677165354
11
0.3866890157480315
21
0.5660187401574803
0
LINE
8
BLACK
6
CONTINUOUS
10
0.3866890157480315
20
0.5660187401574803
11
0.386895905511811
21
0.5654781496062992
0
LINE
8
BLACK
6
CONTINUOUS
10
0.386895905511811
20
0.5654781496062992
11
0.3869034251968504
21
0.5653722834645669
0
LINE
8
BLACK
6
CONTINUOUS
10
0.3869034251968504
20
0.5653722834645669
11
0.3869440157480315
21
0.5652742913385826
0
LINE
8
BLACK
6
CONTINUOUS
10
0.3869440157480315
20
0.5652742913385826
11
0.387000748031496
21
0.5646982283464567
0
LINE
8
BLACK
6
CONTINUOUS
10
0.387000748031496
20
0.5646982283464567
11
0.387000748031496
21
0.559073937007874
0
LINE
8
BLACK
6
CONTINUOUS
10
0.387000748031496
20
0.559073937007874
11
0.3869440157480315
21
0.558497874015748
0
LINE
8
BLACK
6
CONTINUOUS
10
0.3869440157480315
20
0.558497874015748
11
0.3869034251968504
21
0.5583999212598425
0
LINE
8
BLACK
6
CONTINUOUS
10
0.3869034251968504
20
0.5583999212598425
11
0.386895905511811
21
0.5582940157480315
0
LINE
8
BLACK
6
CONTINUOUS
10
0.386895905511811
20
0.5582940157480315
11
0.3866890157480315
21
0.5577534251968503
0
LINE
8
BLACK
6
CONTINUOUS
10
0.3866890157480315
20
0.5577534251968503
11
0.3848142519685039
21
0.5540038976377952
0
LINE
8
BLACK
6
CONTINUOUS
10
0.3848142519685039
20
0.5540038976377952
11
0.3846581496062992
21
0.553755905511811
0
LINE
8
BLACK
6
CONTINUOUS
10
0.3846581496062992
20
0.553755905511811
11
0.3846283464566929
21
0.553683937007874
0
LINE
8
BLACK
6
CONTINUOUS
10
0.3846283464566929
20
0.553683937007874
11
0.3845618897637795
21
0.5536029921259843
0
LINE
8
BLACK
6
CONTINUOUS
10
0.3845618897637795
20
0.5536029921259843
11
0.384505905511811
21
0.5535140157480315
0
LINE
8
BLACK
6
CONTINUOUS
10
0.384505905511811
20
0.5535140157480315
11
0.3844468503937008
21
0.5534628346456693
0
LINE
8
BLACK
6
CONTINUOUS
10
0.3844468503937008
20
0.5534628346456693
11
0.3842611023622047
21
0.5532364566929133
0
LINE
8
BLACK
6
CONTINUOUS
10
0.3842611023622047
20
0.5532364566929133
11
0.3823862992125984
21
0.5513616929133858
0
LINE
8
BLACK
6
CONTINUOUS
10
0.3823862992125984
20
0.5513616929133858
11
0.3821599606299212
21
0.5511759842519685
0
LINE
8
BLACK
6
CONTINUOUS
10
0.3821599606299212
20
0.5511759842519685
11
0.3821088188976378
21
0.551116968503937
0
LINE
8
BLACK
6
CONTINUOUS
10
0.3821088188976378
20
0.551116968503937
11
0.3820198818897638
21
0.5510610236220472
0
LINE
8
BLACK
6
CONTINUOUS
10
0.3820198818897638
20
0.5510610236220472
11
0.3819388582677165
21
0.5509944881889763
0
LINE
8
BLACK
6
CONTINUOUS
10
0.3819388582677165
20
0.5509944881889763
11
0.381866811023622
21
0.55096468503937
0
LINE
8
BLACK
6
CONTINUOUS
10
0.381866811023622
20
0.55096468503937
11
0.381618937007874
21
0.5508086220472441
0
LINE
8
BLACK
6
CONTINUOUS
10
0.381618937007874
20
0.5508086220472441
11
0.3778694094488189
21
0.5489338582677166
0
LINE
8
BLACK
6
CONTINUOUS
10
0.3778694094488189
20
0.5489338582677166
11
0.3773287795275591
21
0.548726968503937
0
LINE
8
BLACK
6
CONTINUOUS
10
0.3773287795275591
20
0.548726968503937
11
0.3772229527559055
21
0.5487194881889763
0
LINE
8
BLACK
6
CONTINUOUS
10
0.3772229527559055
20
0.5487194881889763
11
0.3771249606299212
21
0.5486788582677166
0
LINE
8
BLACK
6
CONTINUOUS
10
0.3771249606299212
20
0.5486788582677166
11
0.3765488976377953
21
0.548622125984252
0
LINE
8
BLACK
6
CONTINUOUS
10
0.3765488976377953
20
0.548622125984252
11
0.3653003149606299
21
0.548622125984252
0
LINE
8
BLACK
6
CONTINUOUS
10
0.3653003149606299
20
0.548622125984252
11
0.3647242519685039
21
0.5486788582677166
0
LINE
8
BLACK
6
CONTINUOUS
10
0.3647242519685039
20
0.5486788582677166
11
0.3646262598425197
21
0.5487194488188977
0
LINE
8
BLACK
6
CONTINUOUS
10
0.3646262598425197
20
0.5487194488188977
11
0.3645203937007874
21
0.548726968503937
0
LINE
8
BLACK
6
CONTINUOUS
10
0.3645203937007874
20
0.548726968503937
11
0.3639798031496063
21
0.5489338582677166
0
LINE
8
BLACK
6
CONTINUOUS
10
0.3639798031496063
20
0.5489338582677166
11
0.3602302755905512
21
0.5508086220472441
0
LINE
8
BLACK
6
CONTINUOUS
10
0.3602302755905512
20
0.5508086220472441
11
0.3599822440944882
21
0.5509647244094488
0
LINE
8
BLACK
6
CONTINUOUS
10
0.3599822440944882
20
0.5509647244094488
11
0.3599103149606299
21
0.5509945275590551
0
LINE
8
BLACK
6
CONTINUOUS
10
0.3599103149606299
20
0.5509945275590551
11
0.3598293307086614
21
0.5510610236220472
0
LINE
8
BLACK
6
CONTINUOUS
10
0.3598293307086614
20
0.5510610236220472
11
0.3597403937007874
21
0.551116968503937
0
LINE
8
BLACK
6
CONTINUOUS
10
0.3597403937007874
20
0.551116968503937
11
0.3596892125984252
21
0.5511759842519685
0
LINE
8
BLACK
6
CONTINUOUS
10
0.3596892125984252
20
0.5511759842519685
11
0.359462874015748
21
0.5513617322834645
0
LINE
8
BLACK
6
CONTINUOUS
10
0.359462874015748
20
0.5513617322834645
11
0.3575881102362204
21
0.5532364960629921
0
LINE
8
BLACK
6
CONTINUOUS
10
0.3575881102362204
20
0.5532364960629921
11
0.3574023228346457
21
0.553462874015748
0
LINE
8
BLACK
6
CONTINUOUS
10
0.3574023228346457
20
0.553462874015748
11
0.3573433464566929
21
0.5535140157480315
0
LINE
8
BLACK
6
CONTINUOUS
10
0.3573433464566929
20
0.5535140157480315
11
0.3572873622047244
21
0.5536029921259843
0
LINE
8
BLACK
6
CONTINUOUS
10
0.3572873622047244
20
0.5536029921259843
11
0.357220905511811
21
0.553683937007874
0
LINE
8
BLACK
6
CONTINUOUS
10
0.357220905511811
20
0.553683937007874
11
0.357191062992126
21
0.553755905511811
0
LINE
8
BLACK
6
CONTINUOUS
10
0.357191062992126
20
0.553755905511811
11
0.357035
21
0.5540038976377952
0
LINE
8
BLACK
6
CONTINUOUS
10
0.357035
20
0.5540038976377952
11
0.3551602362204724
21
0.5577534251968503
0
LINE
8
BLACK
6
CONTINUOUS
10
0.3551602362204724
20
0.5577534251968503
11
0.3549533464566929
21
0.5582940551181103
0
LINE
8
BLACK
6
CONTINUOUS
10
0.3549533464566929
20
0.5582940551181103
11
0.3549458267716535
21
0.5583998818897637
0
LINE
8
BLACK
6
CONTINUOUS
10
0.3549458267716535
20
0.5583998818897637
11
0.3549052362204724
21
0.558497874015748
0
LINE
8
BLACK
6
CONTINUOUS
10
0.3549052362204724
20
0.558497874015748
11
0.3548485039370078
21
0.559073937007874
0
LINE
8
BLACK
6
CONTINUOUS
10
0.3548485039370078
20
0.559073937007874
11
0.3548485039370078
21
0.5646982283464567
0
LINE
8
BLACK
6
CONTINUOUS
10
0.3548485039370078
20
0.5646982283464567
11
0.3549052362204724
21
0.5652742913385826
0
LINE
8
BLACK
6
CONTINUOUS
10
0.3549052362204724
20
0.5652742913385826
11
0.3549458267716535
21
0.5653723228346457
0
LINE
8
BLACK
6
CONTINUOUS
10
0.3549458267716535
20
0.5653723228346457
11
0.3549533464566929
21
0.5654781102362204
0
LINE
8
BLACK
6
CONTINUOUS
10
0.3549533464566929
20
0.5654781102362204
11
0.3551602362204724
21
0.5660187401574803
0
LINE
8
BLACK
6
CONTINUOUS
10
0.3551602362204724
20
0.5660187401574803
11
0.357035
21
0.5697682677165354
0
LINE
8
BLACK
6
CONTINUOUS
10
0.357035
20
0.5697682677165354
11
0.357191062992126
21
0.5700162992125984
0
LINE
8
BLACK
6
CONTINUOUS
10
0.357191062992126
20
0.5700162992125984
11
0.357220905511811
21
0.5700882283464567
0
LINE
8
BLACK
6
CONTINUOUS
10
0.357220905511811
20
0.5700882283464567
11
0.3572873622047244
21
0.5701692125984252
0
LINE
8
BLACK
6
CONTINUOUS
10
0.3572873622047244
20
0.5701692125984252
11
0.3573433464566929
21
0.5702581496062992
0
LINE
8
BLACK
6
CONTINUOUS
10
0.3573433464566929
20
0.5702581496062992
11
0.3574023228346457
21
0.5703093307086614
0
LINE
8
BLACK
6
CONTINUOUS
10
0.3574023228346457
20
0.5703093307086614
11
0.3575881102362204
21
0.5705356692913386
0
LINE
8
BLACK
6
CONTINUOUS
10
0.3575881102362204
20
0.5705356692913386
11
0.359462874015748
21
0.5724104330708661
0
LINE
8
BLACK
6
CONTINUOUS
10
0.359462874015748
20
0.5724104330708661
11
0.3596892125984252
21
0.572596220472441
0
LINE
8
BLACK
6
CONTINUOUS
10
0.3596892125984252
20
0.572596220472441
11
0.3597403937007874
21
0.5726551968503937
0
LINE
8
BLACK
6
CONTINUOUS
10
0.3597403937007874
20
0.5726551968503937
11
0.3598293307086614
21
0.5727111811023622
0
LINE
8
BLACK
6
CONTINUOUS
10
0.3598293307086614
20
0.5727111811023622
11
0.3599103149606299
21
0.5727776377952756
0
LINE
8
BLACK
6
CONTINUOUS
10
0.3599103149606299
20
0.5727776377952756
11
0.3599822440944882
21
0.5728074803149606
0
LINE
8
BLACK
6
CONTINUOUS
10
0.3599822440944882
20
0.5728074803149606
11
0.3602302755905512
21
0.5729635433070867
0
LINE
8
BLACK
6
CONTINUOUS
10
0.3602302755905512
20
0.5729635433070867
11
0.3639798031496063
21
0.5748383070866142
0
LINE
8
BLACK
6
CONTINUOUS
10
0.3639798031496063
20
0.5748383070866142
11
0.3645203937007874
21
0.5750451968503937
0
LINE
8
BLACK
6
CONTINUOUS
10
0.3645203937007874
20
0.5750451968503937
11
0.3646262598425197
21
0.5750527559055117
0
LINE
8
BLACK
6
CONTINUOUS
10
0.3646262598425197
20
0.5750527559055117
11
0.3647242519685039
21
0.5750933070866142
0
LINE
8
BLACK
6
CONTINUOUS
10
0.3647242519685039
20
0.5750933070866142
11
0.3653003149606299
21
0.5751500393700787
0
LINE
8
BLACK
6
CONTINUOUS
10
0.3653003149606299
20
0.5751500393700787
11
0.3765488976377953
21
0.5751500393700787
0
LINE
8
BLACK
6
CONTINUOUS
10
0.3765488976377953
20
0.5751500393700787
11
0.3771249606299212
21
0.5750933070866142
0
LINE
8
BLACK
6
CONTINUOUS
10
0.3632998818897638
20
0.5678957874015748
11
0.3621027559055118
21
0.5666986614173228
0
LINE
8
BLACK
6
CONTINUOUS
10
0.3621027559055118
20
0.5666986614173228
11
0.3607540157480315
21
0.5640011811023622
0
LINE
8
BLACK
6
CONTINUOUS
10
0.3607540157480315
20
0.5640011811023622
11
0.3607540157480315
21
0.5597709842519685
0
LINE
8
BLACK
6
CONTINUOUS
10
0.3607540157480315
20
0.5597709842519685
11
0.3621027559055118
21
0.5570735039370078
0
LINE
8
BLACK
6
CONTINUOUS
10
0.3621027559055118
20
0.5570735039370078
11
0.3632998818897638
21
0.5558763779527559
0
LINE
8
BLACK
6
CONTINUOUS
10
0.3632998818897638
20
0.5558763779527559
11
0.3659973622047244
21
0.5545276377952756
0
LINE
8
BLACK
6
CONTINUOUS
10
0.3659973622047244
20
0.5545276377952756
11
0.3758518503937008
21
0.5545276377952756
0
LINE
8
BLACK
6
CONTINUOUS
10
0.3758518503937008
20
0.5545276377952756
11
0.3785493307086614
21
0.5558764173228347
0
LINE
8
BLACK
6
CONTINUOUS
10
0.3785493307086614
20
0.5558764173228347
11
0.3797464960629921
21
0.5570735433070866
0
LINE
8
BLACK
6
CONTINUOUS
10
0.3797464960629921
20
0.5570735433070866
11
0.3810952362204724
21
0.5597709842519685
0
LINE
8
BLACK
6
CONTINUOUS
10
0.3810952362204724
20
0.5597709842519685
11
0.3810952362204724
21
0.5640011811023622
0
LINE
8
BLACK
6
CONTINUOUS
10
0.3810952362204724
20
0.5640011811023622
11
0.3797464960629921
21
0.5666986614173228
0
LINE
8
BLACK
6
CONTINUOUS
10
0.3797464960629921
20
0.5666986614173228
11
0.3785493307086614
21
0.5678957874015748
0
LINE
8
BLACK
6
CONTINUOUS
10
0.3785493307086614
20
0.5678957874015748
11
0.3758518503937008
21
0.5692445275590551
0
LINE
8
BLACK
6
CONTINUOUS
10
0.3758518503937008
20
0.5692445275590551
11
0.3659973622047244
21
0.5692445275590551
0
LINE
8
BLACK
6
CONTINUOUS
10
0.3659973622047244
20
0.5692445275590551
11
0.3632998818897638
21
0.5678957874015748
0
LINE
8
BLACK
6
CONTINUOUS
10
0.3565025590551181
20
0.6125886220472441
11
0.3566005511811023
21
0.612548031496063
0
LINE
8
BLACK
6
CONTINUOUS
10
0.3566005511811023
20
0.612548031496063
11
0.3567063779527559
21
0.6125405118110236
0
LINE
8
BLACK
6
CONTINUOUS
10
0.3567063779527559
20
0.6125405118110236
11
0.3572470078740158
21
0.6123336220472441
0
LINE
8
BLACK
6
CONTINUOUS
10
0.3572470078740158
20
0.6123336220472441
11
0.3609965354330709
21
0.6104588582677165
0
LINE
8
BLACK
6
CONTINUOUS
10
0.3609965354330709
20
0.6104588582677165
11
0.3612445275590551
21
0.6103027952755905
0
LINE
8
BLACK
6
CONTINUOUS
10
0.3612445275590551
20
0.6103027952755905
11
0.3613164960629921
21
0.6102729527559055
0
LINE
8
BLACK
6
CONTINUOUS
10
0.3613164960629921
20
0.6102729527559055
11
0.3613974409448819
21
0.6102064960629922
0
LINE
8
BLACK
6
CONTINUOUS
10
0.3613974409448819
20
0.6102064960629922
11
0.3614864173228347
21
0.6101505118110236
0
LINE
8
BLACK
6
CONTINUOUS
10
0.3614864173228347
20
0.6101505118110236
11
0.3615375590551181
21
0.6100915354330708
0
LINE
8
BLACK
6
CONTINUOUS
10
0.3615375590551181
20
0.6100915354330708
11
0.361763937007874
21
0.609905748031496
0
LINE
8
BLACK
6
CONTINUOUS
10
0.361763937007874
20
0.609905748031496
11
0.3636387007874016
21
0.6080309842519684
0
LINE
8
BLACK
6
CONTINUOUS
10
0.3636387007874016
20
0.6080309842519684
11
0.3638244488188976
21
0.6078046456692914
0
LINE
8
BLACK
6
CONTINUOUS
10
0.3638244488188976
20
0.6078046456692914
11
0.3638834645669291
21
0.6077534645669291
0
LINE
8
BLACK
6
CONTINUOUS
10
0.3638834645669291
20
0.6077534645669291
11
0.3639394094488189
21
0.6076645275590551
0
LINE
8
BLACK
6
CONTINUOUS
10
0.3639394094488189
20
0.6076645275590551
11
0.364005905511811
21
0.6075835433070866
0
LINE
8
BLACK
6
CONTINUOUS
10
0.364005905511811
20
0.6075835433070866
11
0.3640357086614173
21
0.6075116141732283
0
LINE
8
BLACK
6
CONTINUOUS
10
0.3640357086614173
20
0.6075116141732283
11
0.364191811023622
21
0.6072635826771653
0
LINE
8
BLACK
6
CONTINUOUS
10
0.364191811023622
20
0.6072635826771653
11
0.3660665748031496
21
0.6035140551181102
0
LINE
8
BLACK
6
CONTINUOUS
10
0.3660665748031496
20
0.6035140551181102
11
0.3660826771653543
21
0.603471968503937
0
LINE
8
BLACK
6
CONTINUOUS
10
0.3660826771653543
20
0.603471968503937
11
0.3660953937007874
21
0.6034548031496063
0
LINE
8
BLACK
6
CONTINUOUS
10
0.3660953937007874
20
0.6034548031496063
11
0.3661816929133858
21
0.6032132283464566
0
LINE
8
BLACK
6
CONTINUOUS
10
0.3661816929133858
20
0.6032132283464566
11
0.3662734645669291
21
0.6029734645669291
0
LINE
8
BLACK
6
CONTINUOUS
10
0.3662734645669291
20
0.6029734645669291
11
0.3662749606299213
21
0.6029522047244095
0
LINE
8
BLACK
6
CONTINUOUS
10
0.3662749606299213
20
0.6029522047244095
11
0.366290157480315
21
0.60290968503937
0
LINE
8
BLACK
6
CONTINUOUS
10
0.366290157480315
20
0.60290968503937
11
0.3680862992125984
21
0.5957250393700787
0
LINE
8
BLACK
6
CONTINUOUS
10
0.3680862992125984
20
0.5957250393700787
11
0.3696018110236221
21
0.5926940551181102
0
LINE
8
BLACK
6
CONTINUOUS
10
0.3696018110236221
20
0.5926940551181102
11
0.370798937007874
21
0.5914969291338582
0
LINE
8
BLACK
6
CONTINUOUS
10
0.370798937007874
20
0.5914969291338582
11
0.3734964173228346
21
0.5901481889763779
0
LINE
8
BLACK
6
CONTINUOUS
10
0.3734964173228346
20
0.5901481889763779
11
0.3758518503937008
21
0.5901481889763779
0
LINE
8
BLACK
6
CONTINUOUS
10
0.3758518503937008
20
0.5901481889763779
11
0.3785493307086614
21
0.591496968503937
0
LINE
8
BLACK
6
CONTINUOUS
10
0.3785493307086614
20
0.591496968503937
11
0.3797464960629921
21
0.592694094488189
0
LINE
8
BLACK
6
CONTINUOUS
10
0.3797464960629921
20
0.592694094488189
11
0.3810952362204724
21
0.5953915354330709
0
LINE
8
BLACK
6
CONTINUOUS
10
0.3810952362204724
20
0.5953915354330709
11
0.3810952362204724
21
0.6035891732283465
0
LINE
8
BLACK
6
CONTINUOUS
10
0.3810952362204724
20
0.6035891732283465
11
0.3793720078740158
21
0.6087588582677165
0
LINE
8
BLACK
6
CONTINUOUS
10
0.3793720078740158
20
0.6087588582677165
11
0.3792436614173229
21
0.6093233070866142
0
LINE
8
BLACK
6
CONTINUOUS
10
0.3792436614173229
20
0.6093233070866142
11
0.3793253543307086
21
0.6104725196850393
0
LINE
8
BLACK
6
CONTINUOUS
10
0.3793253543307086
20
0.6104725196850393
11
0.3798405511811023
21
0.6115029527559055
0
LINE
8
BLACK
6
CONTINUOUS
10
0.3798405511811023
20
0.6115029527559055
11
0.380710905511811
21
0.6122578346456693
0
LINE
8
BLACK
6
CONTINUOUS
10
0.380710905511811
20
0.6122578346456693
11
0.381803937007874
21
0.6126221653543307
0
LINE
8
BLACK
6
CONTINUOUS
10
0.381803937007874
20
0.6126221653543307
11
0.3829531496062992
21
0.6125404724409449
0
LINE
8
BLACK
6
CONTINUOUS
10
0.3829531496062992
20
0.6125404724409449
11
0.3839835826771654
21
0.6120252755905512
0
LINE
8
BLACK
6
CONTINUOUS
10
0.3839835826771654
20
0.6120252755905512
11
0.3847384645669291
21
0.6111549212598425
0
LINE
8
BLACK
6
CONTINUOUS
10
0.3847384645669291
20
0.6111549212598425
11
0.3849744488188976
21
0.6106263385826771
0
LINE
8
BLACK
6
CONTINUOUS
10
0.3849744488188976
20
0.6106263385826771
11
0.3868492125984252
21
0.6050020866141732
0
LINE
8
BLACK
6
CONTINUOUS
10
0.3868492125984252
20
0.6050020866141732
11
0.3869141338582677
21
0.6047164566929134
0
LINE
8
BLACK
6
CONTINUOUS
10
0.3869141338582677
20
0.6047164566929134
11
0.3869440157480315
21
0.6046443700787402
0
LINE
8
BLACK
6
CONTINUOUS
10
0.3869440157480315
20
0.6046443700787402
11
0.3869542913385827
21
0.6045399212598425
0
LINE
8
BLACK
6
CONTINUOUS
10
0.3869542913385827
20
0.6045399212598425
11
0.3869775590551181
21
0.6044376377952756
0
LINE
8
BLACK
6
CONTINUOUS
10
0.3869775590551181
20
0.6044376377952756
11
0.3869720078740158
21
0.6043599212598425
0
LINE
8
BLACK
6
CONTINUOUS
10
0.3869720078740158
20
0.6043599212598425
11
0.387000748031496
21
0.6040683070866142
0
LINE
8
BLACK
6
CONTINUOUS
10
0.387000748031496
20
0.6040683070866142
11
0.387000748031496
21
0.5946944881889764
0
LINE
8
BLACK
6
CONTINUOUS
10
0.387000748031496
20
0.5946944881889764
11
0.3869440157480315
21
0.5941184251968504
0
LINE
8
BLACK
6
CONTINUOUS
10
0.3869440157480315
20
0.5941184251968504
11
0.3869034251968504
21
0.5940204724409449
0
LINE
8
BLACK
6
CONTINUOUS
10
0.3869034251968504
20
0.5940204724409449
11
0.386895905511811
21
0.5939145669291338
0
LINE
8
BLACK
6
CONTINUOUS
10
0.386895905511811
20
0.5939145669291338
11
0.3866890157480315
21
0.5933739763779527
0
LINE
8
BLACK
6
CONTINUOUS
10
0.3866890157480315
20
0.5933739763779527
11
0.3848142519685039
21
0.5896244488188976
0
LINE
8
BLACK
6
CONTINUOUS
10
0.3848142519685039
20
0.5896244488188976
11
0.3846581496062992
21
0.5893764566929134
0
LINE
8
BLACK
6
CONTINUOUS
10
0.3846581496062992
20
0.5893764566929134
11
0.3846283464566929
21
0.5893044881889764
0
LINE
8
BLACK
6
CONTINUOUS
10
0.3846283464566929
20
0.5893044881889764
11
0.3845618897637795
21
0.5892235433070866
0
LINE
8
BLACK
6
CONTINUOUS
10
0.3845618897637795
20
0.5892235433070866
11
0.384505905511811
21
0.5891345669291338
0
LINE
8
BLACK
6
CONTINUOUS
10
0.384505905511811
20
0.5891345669291338
11
0.3844468503937008
21
0.5890833858267717
0
LINE
8
BLACK
6
CONTINUOUS
10
0.3844468503937008
20
0.5890833858267717
11
0.3842611023622047
21
0.5888570078740157
0
LINE
8
BLACK
6
CONTINUOUS
10
0.3842611023622047
20
0.5888570078740157
11
0.3823862992125984
21
0.5869822440944882
0
LINE
8
BLACK
6
CONTINUOUS
10
0.3823862992125984
20
0.5869822440944882
11
0.3821599606299212
21
0.5867965354330709
0
LINE
8
BLACK
6
CONTINUOUS
10
0.3821599606299212
20
0.5867965354330709
11
0.3821088188976378
21
0.5867375196850394
0
LINE
8
BLACK
6
CONTINUOUS
10
0.3821088188976378
20
0.5867375196850394
11
0.3820198818897638
21
0.5866815748031496
0
LINE
8
BLACK
6
CONTINUOUS
10
0.3820198818897638
20
0.5866815748031496
11
0.3819388582677165
21
0.5866150393700788
0
LINE
8
BLACK
6
CONTINUOUS
10
0.3819388582677165
20
0.5866150393700788
11
0.381866811023622
21
0.5865852362204724
0
LINE
8
BLACK
6
CONTINUOUS
10
0.381866811023622
20
0.5865852362204724
11
0.381618937007874
21
0.5864291732283464
0
LINE
8
BLACK
6
CONTINUOUS
10
0.381618937007874
20
0.5864291732283464
11
0.3778694094488189
21
0.5845544094488189
0
LINE
8
BLACK
6
CONTINUOUS
10
0.3778694094488189
20
0.5845544094488189
11
0.3773287795275591
21
0.5843475196850394
0
LINE
8
BLACK
6
CONTINUOUS
10
0.3773287795275591
20
0.5843475196850394
11
0.3772229527559055
21
0.5843400393700787
0
LINE
8
BLACK
6
CONTINUOUS
10
0.3772229527559055
20
0.5843400393700787
11
0.3771249606299212
21
0.5842994094488189
0
LINE
8
BLACK
6
CONTINUOUS
10
0.3771249606299212
20
0.5842994094488189
11
0.3765488976377953
21
0.5842426771653543
0
LINE
8
BLACK
6
CONTINUOUS
10
0.3765488976377953
20
0.5842426771653543
11
0.3727993700787401
21
0.5842426771653543
0
LINE
8
BLACK
6
CONTINUOUS
10
0.3727993700787401
20
0.5842426771653543
11
0.3722233070866142
21
0.5842994094488189
0
LINE
8
BLACK
6
CONTINUOUS
10
0.3722233070866142
20
0.5842994094488189
11
0.3721253149606299
21
0.58434
0
LINE
8
BLACK
6
CONTINUOUS
10
0.3721253149606299
20
0.58434
11
0.3720194488188976
21
0.5843475196850394
0
LINE
8
BLACK
6
CONTINUOUS
10
0.3720194488188976
20
0.5843475196850394
11
0.3714788582677165
21
0.5845544094488189
0
LINE
8
BLACK
6
CONTINUOUS
10
0.3714788582677165
20
0.5845544094488189
11
0.3677293307086614
21
0.5864291732283464
0
LINE
8
BLACK
6
CONTINUOUS
10
0.3677293307086614
20
0.5864291732283464
11
0.3674812992125984
21
0.5865852755905512
0
LINE
8
BLACK
6
CONTINUOUS
10
0.3674812992125984
20
0.5865852755905512
11
0.3674093700787401
21
0.5866150787401575
0
LINE
8
BLACK
6
CONTINUOUS
10
0.3674093700787401
20
0.5866150787401575
11
0.3673283858267716
21
0.5866815748031496
0
LINE
8
BLACK
6
CONTINUOUS
10
0.3673283858267716
20
0.5866815748031496
11
0.3672394488188976
21
0.5867375196850394
0
LINE
8
BLACK
6
CONTINUOUS
10
0.3672394488188976
20
0.5867375196850394
11
0.3671882677165354
21
0.5867965354330709
0
LINE
8
BLACK
6
CONTINUOUS
10
0.3671882677165354
20
0.5867965354330709
11
0.3669619291338583
21
0.5869822834645669
0
LINE
8
BLACK
6
CONTINUOUS
10
0.3669619291338583
20
0.5869822834645669
11
0.3650871653543307
21
0.5888570472440945
0
LINE
8
BLACK
6
CONTINUOUS
10
0.3650871653543307
20
0.5888570472440945
11
0.3649013779527559
21
0.5890834251968504
0
LINE
8
BLACK
6
CONTINUOUS
10
0.3649013779527559
20
0.5890834251968504
11
0.3648424015748031
21
0.5891345669291338
0
LINE
8
BLACK
6
CONTINUOUS
10
0.3648424015748031
20
0.5891345669291338
11
0.3647864173228346
21
0.5892235433070866
0
LINE
8
BLACK
6
CONTINUOUS
10
0.3647864173228346
20
0.5892235433070866
11
0.3647199606299212
21
0.5893044881889764
0
LINE
8
BLACK
6
CONTINUOUS
10
0.3647199606299212
20
0.5893044881889764
11
0.3646901181102362
21
0.5893764566929134
0
LINE
8
BLACK
6
CONTINUOUS
10
0.3646901181102362
20
0.5893764566929134
11
0.3645340551181102
21
0.5896244488188976
0
LINE
8
BLACK
6
CONTINUOUS
10
0.3645340551181102
20
0.5896244488188976
11
0.3626592913385827
21
0.5933739763779527
0
LINE
8
BLACK
6
CONTINUOUS
10
0.3626592913385827
20
0.5933739763779527
11
0.3626431496062992
21
0.5934161023622047
0
LINE
8
BLACK
6
CONTINUOUS
10
0.3626431496062992
20
0.5934161023622047
11
0.3626304724409449
21
0.5934332283464567
0
LINE
8
BLACK
6
CONTINUOUS
10
0.3626304724409449
20
0.5934332283464567
11
0.3625440157480315
21
0.5936751968503937
0
LINE
8
BLACK
6
CONTINUOUS
10
0.3625440157480315
20
0.5936751968503937
11
0.3624524015748031
21
0.5939146062992126
0
LINE
8
BLACK
6
CONTINUOUS
10
0.3624524015748031
20
0.5939146062992126
11
0.3624508661417323
21
0.5939358661417322
0
LINE
8
BLACK
6
CONTINUOUS
10
0.3624508661417323
20
0.5939358661417322
11
0.3624357086614173
21
0.5939783464566929
0
LINE
8
BLACK
6
CONTINUOUS
10
0.3624357086614173
20
0.5939783464566929
11
0.3606395275590551
21
0.6011629921259842
0
LINE
8
BLACK
6
CONTINUOUS
10
0.3606395275590551
20
0.6011629921259842
11
0.3591240551181102
21
0.6041939763779527
0
LINE
8
BLACK
6
CONTINUOUS
10
0.3591240551181102
20
0.6041939763779527
11
0.3579269291338583
21
0.6053911023622047
0
LINE
8
BLACK
6
CONTINUOUS
10
0.3579269291338583
20
0.6053911023622047
11
0.3552294488188976
21
0.606739842519685
0
LINE
8
BLACK
6
CONTINUOUS
10
0.3552294488188976
20
0.606739842519685
11
0.3528740157480315
21
0.606739842519685
0
LINE
8
BLACK
6
CONTINUOUS
10
0.3528740157480315
20
0.606739842519685
11
0.3501765354330709
21
0.6053911023622047
0
LINE
8
BLACK
6
CONTINUOUS
10
0.3501765354330709
20
0.6053911023622047
11
0.3489794094488189
21
0.6041939763779527
0
LINE
8
BLACK
6
CONTINUOUS
10
0.3489794094488189
20
0.6041939763779527
11
0.3476306692913386
21
0.6014964960629922
0
LINE
8
BLACK
6
CONTINUOUS
10
0.3476306692913386
20
0.6014964960629922
11
0.3476306692913386
21
0.5932988976377953
0
LINE
8
BLACK
6
CONTINUOUS
10
0.3476306692913386
20
0.5932988976377953
11
0.3493538976377953
21
0.5881292125984252
0
LINE
8
BLACK
6
CONTINUOUS
10
0.3493538976377953
20
0.5881292125984252
11
0.3494822440944882
21
0.5875647637795276
0
LINE
8
BLACK
6
CONTINUOUS
10
0.3494822440944882
20
0.5875647637795276
11
0.3494005511811024
21
0.5864155511811023
0
LINE
8
BLACK
6
CONTINUOUS
10
0.3494005511811024
20
0.5864155511811023
11
0.3488853543307087
21
0.5853850787401574
0
LINE
8
BLACK
6
CONTINUOUS
10
0.3488853543307087
20
0.5853850787401574
11
0.3480149606299213
21
0.5846301968503936
0
LINE
8
BLACK
6
CONTINUOUS
10
0.3480149606299213
20
0.5846301968503936
11
0.346921968503937
21
0.5842658661417323
0
LINE
8
BLACK
6
CONTINUOUS
10
0.346921968503937
20
0.5842658661417323
11
0.3457727559055118
21
0.5843475590551181
0
LINE
8
BLACK
6
CONTINUOUS
10
0.3457727559055118
20
0.5843475590551181
11
0.3447423228346457
21
0.5848627952755905
0
LINE
8
BLACK
6
CONTINUOUS
10
0.3447423228346457
20
0.5848627952755905
11
0.3439874409448819
21
0.5857331496062992
0
LINE
8
BLACK
6
CONTINUOUS
10
0.3439874409448819
20
0.5857331496062992
11
0.3437514566929134
21
0.5862616929133858
0
LINE
8
BLACK
6
CONTINUOUS
10
0.3437514566929134
20
0.5862616929133858
11
0.3418766929133858
21
0.5918859842519685
0
LINE
8
BLACK
6
CONTINUOUS
10
0.3418766929133858
20
0.5918859842519685
11
0.3418117322834646
21
0.5921715748031496
0
LINE
8
BLACK
6
CONTINUOUS
10
0.3418117322834646
20
0.5921715748031496
11
0.3417818897637795
21
0.5922436614173229
0
LINE
8
BLACK
6
CONTINUOUS
10
0.3417818897637795
20
0.5922436614173229
11
0.3417715748031496
21
0.592348188976378
0
LINE
8
BLACK
6
CONTINUOUS
10
0.3417715748031496
20
0.592348188976378
11
0.3417483464566929
21
0.5924504330708661
0
LINE
8
BLACK
6
CONTINUOUS
10
0.3417483464566929
20
0.5924504330708661
11
0.3417538582677165
21
0.5925281889763779
0
LINE
8
BLACK
6
CONTINUOUS
10
0.3417538582677165
20
0.5925281889763779
11
0.341725157480315
21
0.5928197244094489
0
LINE
8
BLACK
6
CONTINUOUS
10
0.341725157480315
20
0.5928197244094489
11
0.341725157480315
21
0.6021935433070866
0
LINE
8
BLACK
6
CONTINUOUS
10
0.341725157480315
20
0.6021935433070866
11
0.3417818897637795
21
0.6027696062992126
0
LINE
8
BLACK
6
CONTINUOUS
10
0.3417818897637795
20
0.6027696062992126
11
0.3418224803149606
21
0.6028676377952755
0
LINE
8
BLACK
6
CONTINUOUS
10
0.3418224803149606
20
0.6028676377952755
11
0.34183
21
0.6029734251968504
0
LINE
8
BLACK
6
CONTINUOUS
10
0.34183
20
0.6029734251968504
11
0.3420368897637795
21
0.6035140551181102
0
LINE
8
BLACK
6
CONTINUOUS
10
0.3420368897637795
20
0.6035140551181102
11
0.3439116535433071
21
0.6072635826771653
0
LINE
8
BLACK
6
CONTINUOUS
10
0.3439116535433071
20
0.6072635826771653
11
0.3440677165354331
21
0.6075116141732283
0
LINE
8
BLACK
6
CONTINUOUS
10
0.3440677165354331
20
0.6075116141732283
11
0.3440975590551181
21
0.6075835433070866
0
LINE
8
BLACK
6
CONTINUOUS
10
0.3440975590551181
20
0.6075835433070866
11
0.3441640157480315
21
0.6076645275590551
0
LINE
8
BLACK
6
CONTINUOUS
10
0.3441640157480315
20
0.6076645275590551
11
0.34422
21
0.6077534645669291
0
LINE
8
BLACK
6
CONTINUOUS
10
0.34422
20
0.6077534645669291
11
0.3442789763779527
21
0.6078046456692914
0
LINE
8
BLACK
6
CONTINUOUS
10
0.3442789763779527
20
0.6078046456692914
11
0.3444647637795276
21
0.6080309842519684
0
LINE
8
BLACK
6
CONTINUOUS
10
0.3444647637795276
20
0.6080309842519684
11
0.3463395275590551
21
0.609905748031496
0
LINE
8
BLACK
6
CONTINUOUS
10
0.3463395275590551
20
0.609905748031496
11
0.3465658661417323
21
0.6100915354330708
0
LINE
8
BLACK
6
CONTINUOUS
10
0.3465658661417323
20
0.6100915354330708
11
0.3466170472440945
21
0.6101505118110236
0
LINE
8
BLACK
6
CONTINUOUS
10
0.3466170472440945
20
0.6101505118110236
11
0.3467059842519685
21
0.6102064960629922
0
LINE
8
BLACK
6
CONTINUOUS
10
0.3467059842519685
20
0.6102064960629922
11
0.346786968503937
21
0.6102729527559055
0
LINE
8
BLACK
6
CONTINUOUS
10
0.346786968503937
20
0.6102729527559055
11
0.3468588976377953
21
0.6103027952755905
0
LINE
8
BLACK
6
CONTINUOUS
10
0.3468588976377953
20
0.6103027952755905
11
0.3471069291338583
21
0.6104588582677165
0
LINE
8
BLACK
6
CONTINUOUS
10
0.3471069291338583
20
0.6104588582677165
11
0.3508564566929134
21
0.6123336220472441
0
LINE
8
BLACK
6
CONTINUOUS
10
0.3508564566929134
20
0.6123336220472441
11
0.3513970472440945
21
0.6125405118110236
0
LINE
8
BLACK
6
CONTINUOUS
10
0.3513970472440945
20
0.6125405118110236
11
0.3515029133858268
21
0.6125480708661417
0
LINE
8
BLACK
6
CONTINUOUS
10
0.3515029133858268
20
0.6125480708661417
11
0.351600905511811
21
0.6125886220472441
0
LINE
8
BLACK
6
CONTINUOUS
10
0.351600905511811
20
0.6125886220472441
11
0.352176968503937
21
0.6126453543307087
0
LINE
8
BLACK
6
CONTINUOUS
10
0.352176968503937
20
0.6126453543307087
11
0.3559264960629921
21
0.6126453543307087
0
LINE
8
BLACK
6
CONTINUOUS
10
0.3559264960629921
20
0.6126453543307087
11
0.3565025590551181
21
0.6125886220472441
  0
ENDSEC
  0
EOF
