  0
SECTION
  2
HEADER
  9
$ANGBASE
  50
0.0
  9
$ANGDIR
  70
1
  9
$MEASUREMENT
  70
0
  0
ENDSEC
  0
SECTION
  2
TABLES
  0
TABLE
  2
LTYPE
  70
4
  0
LTYPE
  5
40F
  2
CONTINUOUS
  70
0
  3
Solid line
  72
65
  73
0
  40
0.0
  0
LTYPE
  5
410
  2
DASHDOT
 70
0
  3
Dash Dot ____ _ ____ _
 72
65
 73
4
 40
2.0
 49
1.25
 49
-0.25
 49
0.25
 49
-0.25
  0
LTYPE
  5
411
  2
DASHED
 70
0
  3
Dashed __ __ __ __ __
 72
65
 73
2
 40
0.75
 49
0.5
 49
-0.25
  0
LTYPE
  5
43B
  2
DOTTED
 70
0
  3
Dotted .  .  .  .
 72
65
 73
2
 40
0.2
 49
0.0
 49
-0.2
  0
ENDTAB
  0
TABLE
  2
STYLE
  70
4
  0
STYLE
  2
KICAD
  70
0
  40
0
  41
1
  42
1
  50
0
  71
0
  3
isocp.shx
  0
STYLE
  2
KICADB
  70
0
  40
0
  41
1
  42
1
  50
0
  71
0
  3
isocp.shx
  0
STYLE
  2
KICADI
  70
0
  40
0
  41
1
  42
1
  50
15
  71
0
  3
isocp.shx
  0
STYLE
  2
KICADBI
  70
0
  40
0
  41
1
  42
1
  50
15
  71
0
  3
isocp.shx
  0
ENDTAB
  0
TABLE
  2
LAYER
  70
1
  0
LAYER
  2
BLACK
  70
0
  62
7
  6
CONTINUOUS
  0
ENDTAB
  0
ENDSEC
  0
SECTION
  2
ENTITIES
0
LINE
8
BLACK
6
CONTINUOUS
10
0.748280748031496
20
0.0760133858267717
11
0.7485700393700787
21
0.0760133858267717
0
LINE
8
BLACK
6
CONTINUOUS
10
0.7485700393700787
20
0.0760133858267717
11
0.7488401181102362
21
0.0759015354330709
0
LINE
8
BLACK
6
CONTINUOUS
10
0.7488401181102362
20
0.0759015354330709
11
0.7491267716535432
21
0.0758441732283465
0
LINE
8
BLACK
6
CONTINUOUS
10
0.7491267716535432
20
0.0758441732283465
11
0.7493671259842519
21
0.0756832283464567
0
LINE
8
BLACK
6
CONTINUOUS
10
0.7493671259842519
20
0.0756832283464567
11
0.7496344488188976
21
0.0755724803149606
0
LINE
8
BLACK
6
CONTINUOUS
10
0.7496344488188976
20
0.0755724803149606
11
0.7498411417322834
21
0.0753657874015748
0
LINE
8
BLACK
6
CONTINUOUS
10
0.7498411417322834
20
0.0753657874015748
11
0.7500840551181103
21
0.0752031102362205
0
LINE
8
BLACK
6
CONTINUOUS
10
0.7500840551181103
20
0.0752031102362205
11
0.7504470472440945
21
0.0747598818897638
0
LINE
8
BLACK
6
CONTINUOUS
10
0.7504470472440945
20
0.0747598818897638
11
0.750449094488189
21
0.0747578346456693
0
LINE
8
BLACK
6
CONTINUOUS
10
0.750449094488189
20
0.0747578346456693
11
0.7504494488188976
21
0.074756968503937
0
LINE
8
BLACK
6
CONTINUOUS
10
0.7504494488188976
20
0.074756968503937
11
0.7504508267716535
21
0.0747552755905512
0
LINE
8
BLACK
6
CONTINUOUS
10
0.7504508267716535
20
0.0747552755905512
11
0.7540381496062992
21
0.0693742519685039
0
LINE
8
BLACK
6
CONTINUOUS
10
0.7540381496062992
20
0.0693742519685039
11
0.757242125984252
21
0.0661702755905512
0
LINE
8
BLACK
6
CONTINUOUS
10
0.757242125984252
20
0.0661702755905512
11
0.7605630708661417
21
0.0645098031496063
0
LINE
8
BLACK
6
CONTINUOUS
10
0.7605630708661417
20
0.0645098031496063
11
0.7610529527559055
21
0.0642014566929134
0
LINE
8
BLACK
6
CONTINUOUS
10
0.7610529527559055
20
0.0642014566929134
11
0.7618077952755905
21
0.063331062992126
0
LINE
8
BLACK
6
CONTINUOUS
10
0.7618077952755905
20
0.063331062992126
11
0.762172125984252
21
0.0622381102362205
0
LINE
8
BLACK
6
CONTINUOUS
10
0.762172125984252
20
0.0622381102362205
11
0.7620904724409449
21
0.0610888976377953
0
LINE
8
BLACK
6
CONTINUOUS
10
0.7620904724409449
20
0.0610888976377953
11
0.7615751968503937
21
0.0600583858267716
0
LINE
8
BLACK
6
CONTINUOUS
10
0.7615751968503937
20
0.0600583858267716
11
0.7607048425196851
21
0.0593035433070866
0
LINE
8
BLACK
6
CONTINUOUS
10
0.7607048425196851
20
0.0593035433070866
11
0.7596118503937007
21
0.0589392125984252
0
LINE
8
BLACK
6
CONTINUOUS
10
0.7596118503937007
20
0.0589392125984252
11
0.7584626377952756
21
0.0590208661417323
0
LINE
8
BLACK
6
CONTINUOUS
10
0.7584626377952756
20
0.0590208661417323
11
0.7579220472440945
21
0.0592277559055118
0
LINE
8
BLACK
6
CONTINUOUS
10
0.7579220472440945
20
0.0592277559055118
11
0.7541725196850394
21
0.0611025196850394
0
LINE
8
BLACK
6
CONTINUOUS
10
0.7541725196850394
20
0.0611025196850394
11
0.75392468503937
21
0.0612585433070866
0
LINE
8
BLACK
6
CONTINUOUS
10
0.75392468503937
20
0.0612585433070866
11
0.7538525590551181
21
0.0612883858267717
0
LINE
8
BLACK
6
CONTINUOUS
10
0.7538525590551181
20
0.0612883858267717
11
0.7537713779527558
21
0.061355
0
LINE
8
BLACK
6
CONTINUOUS
10
0.7537713779527558
20
0.061355
11
0.7536826377952756
21
0.0614108661417323
0
LINE
8
BLACK
6
CONTINUOUS
10
0.7536826377952756
20
0.0614108661417323
11
0.7536314960629921
21
0.0614698031496063
0
LINE
8
BLACK
6
CONTINUOUS
10
0.7536314960629921
20
0.0614698031496063
11
0.7534051181102362
21
0.0616556299212598
0
LINE
8
BLACK
6
CONTINUOUS
10
0.7534051181102362
20
0.0616556299212598
11
0.7509467322834645
21
0.0641140157480315
0
LINE
8
BLACK
6
CONTINUOUS
10
0.7509467322834645
20
0.0641140157480315
11
0.7509467322834645
21
0.0367000393700787
0
LINE
8
BLACK
6
CONTINUOUS
10
0.7509467322834645
20
0.0367000393700787
11
0.7592425590551181
21
0.0367000393700787
0
LINE
8
BLACK
6
CONTINUOUS
10
0.7592425590551181
20
0.0367000393700787
11
0.759818622047244
21
0.0366433070866142
0
LINE
8
BLACK
6
CONTINUOUS
10
0.759818622047244
20
0.0366433070866142
11
0.760883031496063
21
0.0362024015748032
0
LINE
8
BLACK
6
CONTINUOUS
10
0.760883031496063
20
0.0362024015748032
11
0.7616976771653543
21
0.0353877559055118
0
LINE
8
BLACK
6
CONTINUOUS
10
0.7616976771653543
20
0.0353877559055118
11
0.7621385826771654
21
0.0343233464566929
0
LINE
8
BLACK
6
CONTINUOUS
10
0.7621385826771654
20
0.0343233464566929
11
0.7621385826771654
21
0.0331712204724409
0
LINE
8
BLACK
6
CONTINUOUS
10
0.7621385826771654
20
0.0331712204724409
11
0.7616976771653543
21
0.032106811023622
0
LINE
8
BLACK
6
CONTINUOUS
10
0.7616976771653543
20
0.032106811023622
11
0.760883031496063
21
0.0312921653543307
0
LINE
8
BLACK
6
CONTINUOUS
10
0.760883031496063
20
0.0312921653543307
11
0.759818622047244
21
0.0308512598425197
0
LINE
8
BLACK
6
CONTINUOUS
10
0.759818622047244
20
0.0308512598425197
11
0.7592425590551181
21
0.0307945275590551
0
LINE
8
BLACK
6
CONTINUOUS
10
0.7592425590551181
20
0.0307945275590551
11
0.7367453937007874
21
0.0307945275590551
0
LINE
8
BLACK
6
CONTINUOUS
10
0.7367453937007874
20
0.0307945275590551
11
0.7361693307086614
21
0.0308512598425197
0
LINE
8
BLACK
6
CONTINUOUS
10
0.7361693307086614
20
0.0308512598425197
11
0.7351049212598425
21
0.0312921653543307
0
LINE
8
BLACK
6
CONTINUOUS
10
0.7351049212598425
20
0.0312921653543307
11
0.7342902755905512
21
0.032106811023622
0
LINE
8
BLACK
6
CONTINUOUS
10
0.7342902755905512
20
0.032106811023622
11
0.7338493700787402
21
0.0331712204724409
0
LINE
8
BLACK
6
CONTINUOUS
10
0.7338493700787402
20
0.0331712204724409
11
0.7338493700787402
21
0.0343233464566929
0
LINE
8
BLACK
6
CONTINUOUS
10
0.7338493700787402
20
0.0343233464566929
11
0.7342902755905512
21
0.0353877559055118
0
LINE
8
BLACK
6
CONTINUOUS
10
0.7342902755905512
20
0.0353877559055118
11
0.7351049212598425
21
0.0362024015748032
0
LINE
8
BLACK
6
CONTINUOUS
10
0.7351049212598425
20
0.0362024015748032
11
0.7361693307086614
21
0.0366433070866142
0
LINE
8
BLACK
6
CONTINUOUS
10
0.7361693307086614
20
0.0366433070866142
11
0.7367453937007874
21
0.0367000393700787
0
LINE
8
BLACK
6
CONTINUOUS
10
0.7367453937007874
20
0.0367000393700787
11
0.7450412204724409
21
0.0367000393700787
0
LINE
8
BLACK
6
CONTINUOUS
10
0.7450412204724409
20
0.0367000393700787
11
0.7450412204724409
21
0.0731173622047244
0
LINE
8
BLACK
6
CONTINUOUS
10
0.7450412204724409
20
0.0731173622047244
11
0.7450414173228346
21
0.0731194488188976
0
LINE
8
BLACK
6
CONTINUOUS
10
0.7450414173228346
20
0.0731194488188976
11
0.7450412204724409
21
0.0731204724409449
0
LINE
8
BLACK
6
CONTINUOUS
10
0.7450412204724409
20
0.0731204724409449
11
0.745041811023622
21
0.0731235039370079
0
LINE
8
BLACK
6
CONTINUOUS
10
0.745041811023622
20
0.0731235039370079
11
0.7450979527559055
21
0.0736934251968504
0
LINE
8
BLACK
6
CONTINUOUS
10
0.7450979527559055
20
0.0736934251968504
11
0.7452098031496063
21
0.0739635433070866
0
LINE
8
BLACK
6
CONTINUOUS
10
0.7452098031496063
20
0.0739635433070866
11
0.7452671653543307
21
0.074250157480315
0
LINE
8
BLACK
6
CONTINUOUS
10
0.7452671653543307
20
0.074250157480315
11
0.7454281102362205
21
0.0744905511811024
0
LINE
8
BLACK
6
CONTINUOUS
10
0.7454281102362205
20
0.0744905511811024
11
0.7455388582677165
21
0.0747578346456693
0
LINE
8
BLACK
6
CONTINUOUS
10
0.7455388582677165
20
0.0747578346456693
11
0.7457455511811023
21
0.0749645669291339
0
LINE
8
BLACK
6
CONTINUOUS
10
0.7457455511811023
20
0.0749645669291339
11
0.7459082283464566
21
0.0752074409448819
0
LINE
8
BLACK
6
CONTINUOUS
10
0.7459082283464566
20
0.0752074409448819
11
0.746148937007874
21
0.0753679527559055
0
LINE
8
BLACK
6
CONTINUOUS
10
0.746148937007874
20
0.0753679527559055
11
0.7463535039370078
21
0.0755724803149606
0
LINE
8
BLACK
6
CONTINUOUS
10
0.7463535039370078
20
0.0755724803149606
11
0.7466235826771653
21
0.0756843700787402
0
LINE
8
BLACK
6
CONTINUOUS
10
0.7466235826771653
20
0.0756843700787402
11
0.7468668503937008
21
0.0758465354330709
0
LINE
8
BLACK
6
CONTINUOUS
10
0.7468668503937008
20
0.0758465354330709
11
0.7471506299212598
21
0.0759026771653543
0
LINE
8
BLACK
6
CONTINUOUS
10
0.7471506299212598
20
0.0759026771653543
11
0.7474179133858267
21
0.0760133858267717
0
LINE
8
BLACK
6
CONTINUOUS
10
0.7474179133858267
20
0.0760133858267717
11
0.7477103149606299
21
0.0760133858267717
0
LINE
8
BLACK
6
CONTINUOUS
10
0.7477103149606299
20
0.0760133858267717
11
0.7479970866141732
21
0.0760701181102362
0
LINE
8
BLACK
6
CONTINUOUS
10
0.7479970866141732
20
0.0760701181102362
11
0.748280748031496
21
0.0760133858267717
0
LINE
8
BLACK
6
CONTINUOUS
10
0.7935644094488189
20
0.0760133858267717
11
0.7946288188976378
21
0.0755724803149606
0
LINE
8
BLACK
6
CONTINUOUS
10
0.7946288188976378
20
0.0755724803149606
11
0.7954434645669292
21
0.0747578346456693
0
LINE
8
BLACK
6
CONTINUOUS
10
0.7954434645669292
20
0.0747578346456693
11
0.7958843700787401
21
0.0736934251968504
0
LINE
8
BLACK
6
CONTINUOUS
10
0.7958843700787401
20
0.0736934251968504
11
0.7958843700787401
21
0.0725412992125984
0
LINE
8
BLACK
6
CONTINUOUS
10
0.7958843700787401
20
0.0725412992125984
11
0.7954434645669292
21
0.0714768897637795
0
LINE
8
BLACK
6
CONTINUOUS
10
0.7954434645669292
20
0.0714768897637795
11
0.7946288188976378
21
0.0706622440944882
0
LINE
8
BLACK
6
CONTINUOUS
10
0.7946288188976378
20
0.0706622440944882
11
0.7935644094488189
21
0.0702213385826772
0
LINE
8
BLACK
6
CONTINUOUS
10
0.7935644094488189
20
0.0702213385826772
11
0.7929883464566929
21
0.0701646062992126
0
LINE
8
BLACK
6
CONTINUOUS
10
0.7929883464566929
20
0.0701646062992126
11
0.7846925196850394
21
0.0701646062992126
0
LINE
8
BLACK
6
CONTINUOUS
10
0.7846925196850394
20
0.0701646062992126
11
0.7846925196850394
21
0.0337472834645669
0
LINE
8
BLACK
6
CONTINUOUS
10
0.7846925196850394
20
0.0337472834645669
11
0.7846357874015748
21
0.0331712204724409
0
LINE
8
BLACK
6
CONTINUOUS
10
0.7846357874015748
20
0.0331712204724409
11
0.7841948818897637
21
0.032106811023622
0
LINE
8
BLACK
6
CONTINUOUS
10
0.7841948818897637
20
0.032106811023622
11
0.7833802362204724
21
0.0312921653543307
0
LINE
8
BLACK
6
CONTINUOUS
10
0.7833802362204724
20
0.0312921653543307
11
0.7823158267716536
21
0.0308512598425197
0
LINE
8
BLACK
6
CONTINUOUS
10
0.7823158267716536
20
0.0308512598425197
11
0.7811637007874016
21
0.0308512598425197
0
LINE
8
BLACK
6
CONTINUOUS
10
0.7811637007874016
20
0.0308512598425197
11
0.7800992913385827
21
0.0312921653543307
0
LINE
8
BLACK
6
CONTINUOUS
10
0.7800992913385827
20
0.0312921653543307
11
0.7792846456692913
21
0.032106811023622
0
LINE
8
BLACK
6
CONTINUOUS
10
0.7792846456692913
20
0.032106811023622
11
0.7788437401574803
21
0.0331712204724409
0
LINE
8
BLACK
6
CONTINUOUS
10
0.7788437401574803
20
0.0331712204724409
11
0.7787870078740158
21
0.0337472834645669
0
LINE
8
BLACK
6
CONTINUOUS
10
0.7787870078740158
20
0.0337472834645669
11
0.7787870078740158
21
0.0701646062992126
0
LINE
8
BLACK
6
CONTINUOUS
10
0.7787870078740158
20
0.0701646062992126
11
0.7704911811023621
21
0.0701646062992126
0
LINE
8
BLACK
6
CONTINUOUS
10
0.7704911811023621
20
0.0701646062992126
11
0.7699151181102362
21
0.0702213385826772
0
LINE
8
BLACK
6
CONTINUOUS
10
0.7699151181102362
20
0.0702213385826772
11
0.7688507086614174
21
0.0706622440944882
0
LINE
8
BLACK
6
CONTINUOUS
10
0.7688507086614174
20
0.0706622440944882
11
0.768036062992126
21
0.0714768897637795
0
LINE
8
BLACK
6
CONTINUOUS
10
0.768036062992126
20
0.0714768897637795
11
0.7675951574803149
21
0.0725412992125984
0
LINE
8
BLACK
6
CONTINUOUS
10
0.7675951574803149
20
0.0725412992125984
11
0.7675951574803149
21
0.0736934251968504
0
LINE
8
BLACK
6
CONTINUOUS
10
0.7675951574803149
20
0.0736934251968504
11
0.768036062992126
21
0.0747578346456693
0
LINE
8
BLACK
6
CONTINUOUS
10
0.768036062992126
20
0.0747578346456693
11
0.7688507086614174
21
0.0755724803149606
0
LINE
8
BLACK
6
CONTINUOUS
10
0.7688507086614174
20
0.0755724803149606
11
0.7699151181102362
21
0.0760133858267717
0
LINE
8
BLACK
6
CONTINUOUS
10
0.7699151181102362
20
0.0760133858267717
11
0.7704911811023621
21
0.0760701181102362
0
LINE
8
BLACK
6
CONTINUOUS
10
0.7704911811023621
20
0.0760701181102362
11
0.7929883464566929
21
0.0760701181102362
0
LINE
8
BLACK
6
CONTINUOUS
10
0.7929883464566929
20
0.0760701181102362
11
0.7935644094488189
21
0.0760133858267717
0
LINE
8
BLACK
6
CONTINUOUS
10
0.2781868897637795
20
0.0816042913385827
11
0.281854094488189
21
0.0815326377952756
0
LINE
8
BLACK
6
CONTINUOUS
10
0.281854094488189
20
0.0815326377952756
11
0.2854037795275591
21
0.0613932283464567
0
LINE
8
BLACK
6
CONTINUOUS
10
0.2854037795275591
20
0.0613932283464567
11
0.2855895275590551
21
0.0603392913385827
0
LINE
8
BLACK
6
CONTINUOUS
10
0.2855895275590551
20
0.0603392913385827
11
0.2861375984251969
21
0.057227125984252
0
LINE
8
BLACK
6
CONTINUOUS
10
0.2861375984251969
20
0.057227125984252
11
0.2866570472440945
21
0.0542747637795276
0
LINE
8
BLACK
6
CONTINUOUS
10
0.2866570472440945
20
0.0542747637795276
11
0.2871410236220472
21
0.0515210236220472
0
LINE
8
BLACK
6
CONTINUOUS
10
0.2871410236220472
20
0.0515210236220472
11
0.2875827952755906
21
0.0490046456692913
0
LINE
8
BLACK
6
CONTINUOUS
10
0.2875827952755906
20
0.0490046456692913
11
0.2879754724409449
21
0.0467644094488189
0
LINE
8
BLACK
6
CONTINUOUS
10
0.2879754724409449
20
0.0467644094488189
11
0.2883124409448819
21
0.044838937007874
0
LINE
8
BLACK
6
CONTINUOUS
10
0.2883124409448819
20
0.044838937007874
11
0.2885866929133858
21
0.043266968503937
0
LINE
8
BLACK
6
CONTINUOUS
10
0.2885866929133858
20
0.043266968503937
11
0.2887916141732284
21
0.0420874409448819
0
LINE
8
BLACK
6
CONTINUOUS
10
0.2887916141732284
20
0.0420874409448819
11
0.2889203543307087
21
0.0413388976377953
0
LINE
8
BLACK
6
CONTINUOUS
10
0.2889203543307087
20
0.0413388976377953
11
0.2889661417322835
21
0.041060157480315
0
LINE
8
BLACK
6
CONTINUOUS
10
0.2889661417322835
20
0.041060157480315
11
0.2889224015748031
21
0.04103
0
LINE
8
BLACK
6
CONTINUOUS
10
0.2889224015748031
20
0.04103
11
0.2884914173228346
21
0.0409655118110236
0
LINE
8
BLACK
6
CONTINUOUS
10
0.2884914173228346
20
0.0409655118110236
11
0.2876729133858268
21
0.0409136220472441
0
LINE
8
BLACK
6
CONTINUOUS
10
0.2876729133858268
20
0.0409136220472441
11
0.2865572834645669
21
0.0408790551181102
0
LINE
8
BLACK
6
CONTINUOUS
10
0.2865572834645669
20
0.0408790551181102
11
0.2852349212598425
21
0.0408664566929134
0
LINE
8
BLACK
6
CONTINUOUS
10
0.2852349212598425
20
0.0408664566929134
11
0.2846538188976378
21
0.0408682677165354
0
LINE
8
BLACK
6
CONTINUOUS
10
0.2846538188976378
20
0.0408682677165354
11
0.2834062598425197
21
0.0408851181102362
0
LINE
8
BLACK
6
CONTINUOUS
10
0.2834062598425197
20
0.0408851181102362
11
0.2824027559055118
21
0.0409170078740157
0
LINE
8
BLACK
6
CONTINUOUS
10
0.2824027559055118
20
0.0409170078740157
11
0.281734094488189
21
0.0409603937007874
0
LINE
8
BLACK
6
CONTINUOUS
10
0.281734094488189
20
0.0409603937007874
11
0.281491062992126
21
0.0410117716535433
0
LINE
8
BLACK
6
CONTINUOUS
10
0.281491062992126
20
0.0410117716535433
11
0.2814883070866142
21
0.0410329921259842
0
LINE
8
BLACK
6
CONTINUOUS
10
0.2814883070866142
20
0.0410329921259842
11
0.2814235433070866
21
0.041423937007874
0
LINE
8
BLACK
6
CONTINUOUS
10
0.2814235433070866
20
0.041423937007874
11
0.2812775984251968
21
0.0422748818897638
0
LINE
8
BLACK
6
CONTINUOUS
10
0.2812775984251968
20
0.0422748818897638
11
0.2810573228346457
21
0.0435468503937008
0
LINE
8
BLACK
6
CONTINUOUS
10
0.2810573228346457
20
0.0435468503937008
11
0.2807695275590551
21
0.0452008661417323
0
LINE
8
BLACK
6
CONTINUOUS
10
0.2807695275590551
20
0.0452008661417323
11
0.2804209842519685
21
0.0471980708661417
0
LINE
8
BLACK
6
CONTINUOUS
10
0.2804209842519685
20
0.0471980708661417
11
0.2800185039370079
21
0.0494994488188976
0
LINE
8
BLACK
6
CONTINUOUS
10
0.2800185039370079
20
0.0494994488188976
11
0.2795688976377952
21
0.0520661023622047
0
LINE
8
BLACK
6
CONTINUOUS
10
0.2795688976377952
20
0.0520661023622047
11
0.2790789763779528
21
0.0548590157480315
0
LINE
8
BLACK
6
CONTINUOUS
10
0.2790789763779528
20
0.0548590157480315
11
0.2785555905511811
21
0.0578392913385827
0
LINE
8
BLACK
6
CONTINUOUS
10
0.2785555905511811
20
0.0578392913385827
11
0.2780053937007874
21
0.060968031496063
0
LINE
8
BLACK
6
CONTINUOUS
10
0.2780053937007874
20
0.060968031496063
11
0.2778764173228346
21
0.0617012992125984
0
LINE
8
BLACK
6
CONTINUOUS
10
0.2778764173228346
20
0.0617012992125984
11
0.277330905511811
21
0.0648098031496063
0
LINE
8
BLACK
6
CONTINUOUS
10
0.277330905511811
20
0.0648098031496063
11
0.2768138188976378
21
0.0677673622047244
0
LINE
8
BLACK
6
CONTINUOUS
10
0.2768138188976378
20
0.0677673622047244
11
0.276331968503937
21
0.0705342913385827
0
LINE
8
BLACK
6
CONTINUOUS
10
0.276331968503937
20
0.0705342913385827
11
0.2758922047244095
21
0.0730708267716535
0
LINE
8
BLACK
6
CONTINUOUS
10
0.2758922047244095
20
0.0730708267716535
11
0.2755012992125984
21
0.0753373228346457
0
LINE
8
BLACK
6
CONTINUOUS
10
0.2755012992125984
20
0.0753373228346457
11
0.2751661811023622
21
0.077293937007874
0
LINE
8
BLACK
6
CONTINUOUS
10
0.2751661811023622
20
0.077293937007874
11
0.2748935826771653
21
0.0789010236220472
0
LINE
8
BLACK
6
CONTINUOUS
10
0.2748935826771653
20
0.0789010236220472
11
0.2746904330708662
21
0.0801187795275591
0
LINE
8
BLACK
6
CONTINUOUS
10
0.2746904330708662
20
0.0801187795275591
11
0.2745635433070866
21
0.0809075196850394
0
LINE
8
BLACK
6
CONTINUOUS
10
0.2745635433070866
20
0.0809075196850394
11
0.2745197244094488
21
0.0812274803149606
0
LINE
8
BLACK
6
CONTINUOUS
10
0.2745197244094488
20
0.0812274803149606
11
0.2745531102362205
21
0.0813907874015748
0
LINE
8
BLACK
6
CONTINUOUS
10
0.2745531102362205
20
0.0813907874015748
11
0.274713937007874
21
0.0815153937007874
0
LINE
8
BLACK
6
CONTINUOUS
10
0.274713937007874
20
0.0815153937007874
11
0.27508
21
0.081591062992126
0
LINE
8
BLACK
6
CONTINUOUS
10
0.27508
20
0.081591062992126
11
0.2757290551181102
21
0.0816257874015748
0
LINE
8
BLACK
6
CONTINUOUS
10
0.2757290551181102
20
0.0816257874015748
11
0.276738779527559
21
0.0816275590551181
0
LINE
8
BLACK
6
CONTINUOUS
10
0.276738779527559
20
0.0816275590551181
11
0.2781868897637795
21
0.0816042913385827
0
LINE
8
BLACK
6
CONTINUOUS
10
0.3115455511811023
20
0.0809517322834646
11
0.3115472047244094
21
0.0809434645669291
0
LINE
8
BLACK
6
CONTINUOUS
10
0.3115472047244094
20
0.0809434645669291
11
0.3116194094488189
21
0.0805489763779528
0
LINE
8
BLACK
6
CONTINUOUS
10
0.3116194094488189
20
0.0805489763779528
11
0.3117726771653543
21
0.0796895275590551
0
LINE
8
BLACK
6
CONTINUOUS
10
0.3117726771653543
20
0.0796895275590551
11
0.311999842519685
21
0.0784061417322835
0
LINE
8
BLACK
6
CONTINUOUS
10
0.311999842519685
20
0.0784061417322835
11
0.3122935826771653
21
0.0767399606299213
0
LINE
8
BLACK
6
CONTINUOUS
10
0.3122935826771653
20
0.0767399606299213
11
0.3126467716535433
21
0.0747320866141732
0
LINE
8
BLACK
6
CONTINUOUS
10
0.3126467716535433
20
0.0747320866141732
11
0.313052125984252
21
0.0724235826771654
0
LINE
8
BLACK
6
CONTINUOUS
10
0.313052125984252
20
0.0724235826771654
11
0.3135024015748031
21
0.0698556692913386
0
LINE
8
BLACK
6
CONTINUOUS
10
0.3135024015748031
20
0.0698556692913386
11
0.3139904330708662
21
0.0670692913385827
0
LINE
8
BLACK
6
CONTINUOUS
10
0.3139904330708662
20
0.0670692913385827
11
0.3145090157480315
21
0.0641057086614173
0
LINE
8
BLACK
6
CONTINUOUS
10
0.3145090157480315
20
0.0641057086614173
11
0.3150508267716535
21
0.0610059448818898
0
LINE
8
BLACK
6
CONTINUOUS
10
0.3150508267716535
20
0.0610059448818898
11
0.3150935826771654
21
0.0607615354330709
0
LINE
8
BLACK
6
CONTINUOUS
10
0.3150935826771654
20
0.0607615354330709
11
0.3156324409448819
21
0.0576792519685039
0
LINE
8
BLACK
6
CONTINUOUS
10
0.3156324409448819
20
0.0576792519685039
11
0.3161466535433071
21
0.0547420866141732
0
LINE
8
BLACK
6
CONTINUOUS
10
0.3161466535433071
20
0.0547420866141732
11
0.3166290551181102
21
0.0519905511811024
0
LINE
8
BLACK
6
CONTINUOUS
10
0.3166290551181102
20
0.0519905511811024
11
0.3170724803149606
21
0.0494649212598425
0
LINE
8
BLACK
6
CONTINUOUS
10
0.3170724803149606
20
0.0494649212598425
11
0.3174699212598425
21
0.0472056692913386
0
LINE
8
BLACK
6
CONTINUOUS
10
0.3174699212598425
20
0.0472056692913386
11
0.3178141732283464
21
0.0452531496062992
0
LINE
8
BLACK
6
CONTINUOUS
10
0.3178141732283464
20
0.0452531496062992
11
0.3180981496062992
21
0.0436477559055118
0
LINE
8
BLACK
6
CONTINUOUS
10
0.3180981496062992
20
0.0436477559055118
11
0.3183147637795276
21
0.0424299212598425
0
LINE
8
BLACK
6
CONTINUOUS
10
0.3183147637795276
20
0.0424299212598425
11
0.3184568503937008
21
0.0416399606299213
0
LINE
8
BLACK
6
CONTINUOUS
10
0.3184568503937008
20
0.0416399606299213
11
0.3185173622047244
21
0.0413183464566929
0
LINE
8
BLACK
6
CONTINUOUS
10
0.3185173622047244
20
0.0413183464566929
11
0.3185205118110236
21
0.0411414566929134
0
LINE
8
BLACK
6
CONTINUOUS
10
0.3185205118110236
20
0.0411414566929134
11
0.3183828346456693
21
0.0410173228346457
0
LINE
8
BLACK
6
CONTINUOUS
10
0.3183828346456693
20
0.0410173228346457
11
0.3180291338582677
21
0.0409372047244094
0
LINE
8
BLACK
6
CONTINUOUS
10
0.3180291338582677
20
0.0409372047244094
11
0.3173842519685039
21
0.0408916141732283
0
LINE
8
BLACK
6
CONTINUOUS
10
0.3173842519685039
20
0.0408916141732283
11
0.3163732283464567
21
0.0408712204724409
0
LINE
8
BLACK
6
CONTINUOUS
10
0.3163732283464567
20
0.0408712204724409
11
0.314920905511811
21
0.0408664960629921
0
LINE
8
BLACK
6
CONTINUOUS
10
0.314920905511811
20
0.0408664960629921
11
0.3137183070866142
21
0.0408700393700787
0
LINE
8
BLACK
6
CONTINUOUS
10
0.3137183070866142
20
0.0408700393700787
11
0.3126062598425197
21
0.0408896062992126
0
LINE
8
BLACK
6
CONTINUOUS
10
0.3126062598425197
20
0.0408896062992126
11
0.3118670078740157
21
0.0409348031496063
0
LINE
8
BLACK
6
CONTINUOUS
10
0.3118670078740157
20
0.0409348031496063
11
0.3114204330708661
21
0.0410150393700787
0
LINE
8
BLACK
6
CONTINUOUS
10
0.3114204330708661
20
0.0410150393700787
11
0.3111865354330708
21
0.0411397244094488
0
LINE
8
BLACK
6
CONTINUOUS
10
0.3111865354330708
20
0.0411397244094488
11
0.3110852755905512
21
0.0413183070866142
0
LINE
8
BLACK
6
CONTINUOUS
10
0.3110852755905512
20
0.0413183070866142
11
0.3110823228346457
21
0.0413297244094488
0
LINE
8
BLACK
6
CONTINUOUS
10
0.3110823228346457
20
0.0413297244094488
11
0.3110079921259842
21
0.0417053543307087
0
LINE
8
BLACK
6
CONTINUOUS
10
0.3110079921259842
20
0.0417053543307087
11
0.3108529527559055
21
0.042545
0
LINE
8
BLACK
6
CONTINUOUS
10
0.3108529527559055
20
0.042545
11
0.3106243307086614
21
0.0438083464566929
0
LINE
8
BLACK
6
CONTINUOUS
10
0.3106243307086614
20
0.0438083464566929
11
0.3103293307086614
21
0.0454551968503937
0
LINE
8
BLACK
6
CONTINUOUS
10
0.3103293307086614
20
0.0454551968503937
11
0.3099750787401575
21
0.0474451968503937
0
LINE
8
BLACK
6
CONTINUOUS
10
0.3099750787401575
20
0.0474451968503937
11
0.3095687007874016
21
0.0497382283464567
0
LINE
8
BLACK
6
CONTINUOUS
10
0.3095687007874016
20
0.0497382283464567
11
0.3091173622047244
21
0.0522939763779528
0
LINE
8
BLACK
6
CONTINUOUS
10
0.3091173622047244
20
0.0522939763779528
11
0.3086282283464567
21
0.0550722047244094
0
LINE
8
BLACK
6
CONTINUOUS
10
0.3086282283464567
20
0.0550722047244094
11
0.3081084645669291
21
0.0580326771653543
0
LINE
8
BLACK
6
CONTINUOUS
10
0.3081084645669291
20
0.0580326771653543
11
0.3075651574803149
21
0.061135
0
LINE
8
BLACK
6
CONTINUOUS
10
0.3075651574803149
20
0.061135
11
0.3075076377952756
21
0.0614638582677165
0
LINE
8
BLACK
6
CONTINUOUS
10
0.3075076377952756
20
0.0614638582677165
11
0.3069659842519685
21
0.0645575590551181
0
LINE
8
BLACK
6
CONTINUOUS
10
0.3069659842519685
20
0.0645575590551181
11
0.3064484251968504
21
0.0675079527559055
0
LINE
8
BLACK
6
CONTINUOUS
10
0.3064484251968504
20
0.0675079527559055
11
0.3059622440944882
21
0.0702744881889764
0
LINE
8
BLACK
6
CONTINUOUS
10
0.3059622440944882
20
0.0702744881889764
11
0.3055144488188976
21
0.0728165354330709
0
LINE
8
BLACK
6
CONTINUOUS
10
0.3055144488188976
20
0.0728165354330709
11
0.3051124015748031
21
0.0750934645669291
0
LINE
8
BLACK
6
CONTINUOUS
10
0.3051124015748031
20
0.0750934645669291
11
0.3047631496062992
21
0.0770647637795276
0
LINE
8
BLACK
6
CONTINUOUS
10
0.3047631496062992
20
0.0770647637795276
11
0.3044739763779528
21
0.0786897244094488
0
LINE
8
BLACK
6
CONTINUOUS
10
0.3044739763779528
20
0.0786897244094488
11
0.3042519291338582
21
0.0799277952755905
0
LINE
8
BLACK
6
CONTINUOUS
10
0.3042519291338582
20
0.0799277952755905
11
0.3041043307086614
21
0.0807383464566929
0
LINE
8
BLACK
6
CONTINUOUS
10
0.3041043307086614
20
0.0807383464566929
11
0.3040383070866142
21
0.0810808267716535
0
LINE
8
BLACK
6
CONTINUOUS
10
0.3040383070866142
20
0.0810808267716535
11
0.3038982677165354
21
0.0816617716535433
0
LINE
8
BLACK
6
CONTINUOUS
10
0.3038982677165354
20
0.0816617716535433
11
0.3114009448818897
21
0.0816617716535433
0
LINE
8
BLACK
6
CONTINUOUS
10
0.3114009448818897
20
0.0816617716535433
11
0.3115455511811023
21
0.0809517322834646
0
LINE
8
BLACK
6
CONTINUOUS
10
0.3407474409448819
20
0.0816606299212598
11
0.344195905511811
21
0.0619736220472441
0
LINE
8
BLACK
6
CONTINUOUS
10
0.344195905511811
20
0.0619736220472441
11
0.3442970078740157
21
0.0613962598425197
0
LINE
8
BLACK
6
CONTINUOUS
10
0.3442970078740157
20
0.0613962598425197
11
0.3448427165354331
21
0.058281968503937
0
LINE
8
BLACK
6
CONTINUOUS
10
0.3448427165354331
20
0.058281968503937
11
0.3453635039370079
21
0.055311062992126
0
LINE
8
BLACK
6
CONTINUOUS
10
0.3453635039370079
20
0.055311062992126
11
0.3458522834645669
21
0.0525241732283465
0
LINE
8
BLACK
6
CONTINUOUS
10
0.3458522834645669
20
0.0525241732283465
11
0.3463018897637795
21
0.0499618503937008
0
LINE
8
BLACK
6
CONTINUOUS
10
0.3463018897637795
20
0.0499618503937008
11
0.3467052362204724
21
0.0476646456692913
0
LINE
8
BLACK
6
CONTINUOUS
10
0.3467052362204724
20
0.0476646456692913
11
0.3470551968503937
21
0.0456732283464567
0
LINE
8
BLACK
6
CONTINUOUS
10
0.3470551968503937
20
0.0456732283464567
11
0.3473446062992126
21
0.0440281102362205
0
LINE
8
BLACK
6
CONTINUOUS
10
0.3473446062992126
20
0.0440281102362205
11
0.3475663779527559
21
0.0427698818897638
0
LINE
8
BLACK
6
CONTINUOUS
10
0.3475663779527559
20
0.0427698818897638
11
0.3477133464566929
21
0.0419391732283465
0
LINE
8
BLACK
6
CONTINUOUS
10
0.3477133464566929
20
0.0419391732283465
11
0.3477784251968504
21
0.0415765354330709
0
LINE
8
BLACK
6
CONTINUOUS
10
0.3477784251968504
20
0.0415765354330709
11
0.3479124409448819
21
0.0408664960629921
0
LINE
8
BLACK
6
CONTINUOUS
10
0.3479124409448819
20
0.0408664960629921
11
0.3441362598425197
21
0.0408664960629921
0
LINE
8
BLACK
6
CONTINUOUS
10
0.3441362598425197
20
0.0408664960629921
11
0.3438953543307087
21
0.0408668897637795
0
LINE
8
BLACK
6
CONTINUOUS
10
0.3438953543307087
20
0.0408668897637795
11
0.3424320866141732
21
0.0408883464566929
0
LINE
8
BLACK
6
CONTINUOUS
10
0.3424320866141732
20
0.0408883464566929
11
0.3413180708661417
21
0.0409401181102362
0
LINE
8
BLACK
6
CONTINUOUS
10
0.3413180708661417
20
0.0409401181102362
11
0.3406088976377953
21
0.0410185433070866
0
LINE
8
BLACK
6
CONTINUOUS
10
0.3406088976377953
20
0.0410185433070866
11
0.340360157480315
21
0.041119842519685
0
LINE
8
BLACK
6
CONTINUOUS
10
0.340360157480315
20
0.041119842519685
11
0.3403574409448819
21
0.0411453543307087
0
LINE
8
BLACK
6
CONTINUOUS
10
0.3403574409448819
20
0.0411453543307087
11
0.3402926377952756
21
0.0415535039370079
0
LINE
8
BLACK
6
CONTINUOUS
10
0.3402926377952756
20
0.0415535039370079
11
0.3401467322834645
21
0.0424212992125984
0
LINE
8
BLACK
6
CONTINUOUS
10
0.3401467322834645
20
0.0424212992125984
11
0.3399264566929134
21
0.0437096062992126
0
LINE
8
BLACK
6
CONTINUOUS
10
0.3399264566929134
20
0.0437096062992126
11
0.3396386614173229
21
0.0453791338582677
0
LINE
8
BLACK
6
CONTINUOUS
10
0.3396386614173229
20
0.0453791338582677
11
0.3392901181102362
21
0.0473907480314961
0
LINE
8
BLACK
6
CONTINUOUS
10
0.3392901181102362
20
0.0473907480314961
11
0.3388876377952756
21
0.0497051181102362
0
LINE
8
BLACK
6
CONTINUOUS
10
0.3388876377952756
20
0.0497051181102362
11
0.338438031496063
21
0.052283188976378
0
LINE
8
BLACK
6
CONTINUOUS
10
0.338438031496063
20
0.052283188976378
11
0.3379481102362205
21
0.0550857086614173
0
LINE
8
BLACK
6
CONTINUOUS
10
0.3379481102362205
20
0.0550857086614173
11
0.3374246456692913
21
0.0580734251968504
0
LINE
8
BLACK
6
CONTINUOUS
10
0.3374246456692913
20
0.0580734251968504
11
0.3368744881889764
21
0.0612072047244095
0
LINE
8
BLACK
6
CONTINUOUS
10
0.3368744881889764
20
0.0612072047244095
11
0.3367381496062992
21
0.0619830708661417
0
LINE
8
BLACK
6
CONTINUOUS
10
0.3367381496062992
20
0.0619830708661417
11
0.3361937007874016
21
0.065086811023622
0
LINE
8
BLACK
6
CONTINUOUS
10
0.3361937007874016
20
0.065086811023622
11
0.3356776377952756
21
0.0680362598425197
0
LINE
8
BLACK
6
CONTINUOUS
10
0.3356776377952756
20
0.0680362598425197
11
0.335196811023622
21
0.0707918503937008
0
LINE
8
BLACK
6
CONTINUOUS
10
0.335196811023622
20
0.0707918503937008
11
0.3347579921259842
21
0.0733144094488189
0
LINE
8
BLACK
6
CONTINUOUS
10
0.3347579921259842
20
0.0733144094488189
11
0.334368031496063
21
0.0755645669291339
0
LINE
8
BLACK
6
CONTINUOUS
10
0.334368031496063
20
0.0755645669291339
11
0.3340336614173228
21
0.0775029133858268
0
LINE
8
BLACK
6
CONTINUOUS
10
0.3340336614173228
20
0.0775029133858268
11
0.3337617322834646
21
0.079090157480315
0
LINE
8
BLACK
6
CONTINUOUS
10
0.3337617322834646
20
0.079090157480315
11
0.333559094488189
21
0.0802868897637795
0
LINE
8
BLACK
6
CONTINUOUS
10
0.333559094488189
20
0.0802868897637795
11
0.3334325196850393
21
0.0810537795275591
0
LINE
8
BLACK
6
CONTINUOUS
10
0.3334325196850393
20
0.0810537795275591
11
0.3333888582677165
21
0.0813514566929134
0
LINE
8
BLACK
6
CONTINUOUS
10
0.3333888582677165
20
0.0813514566929134
11
0.3334205118110236
21
0.0814166535433071
0
LINE
8
BLACK
6
CONTINUOUS
10
0.3334205118110236
20
0.0814166535433071
11
0.3337297244094488
21
0.0815300393700787
0
LINE
8
BLACK
6
CONTINUOUS
10
0.3337297244094488
20
0.0815300393700787
11
0.3344081496062992
21
0.0816058267716535
0
LINE
8
BLACK
6
CONTINUOUS
10
0.3344081496062992
20
0.0816058267716535
11
0.3355046850393701
21
0.0816481889763779
0
LINE
8
BLACK
6
CONTINUOUS
10
0.3355046850393701
20
0.0816481889763779
11
0.3370681102362205
21
0.0816611417322835
0
LINE
8
BLACK
6
CONTINUOUS
10
0.3370681102362205
20
0.0816611417322835
11
0.3407474409448819
21
0.0816606299212598
0
LINE
8
BLACK
6
CONTINUOUS
10
0.7745724803149606
20
0.1785506299212598
11
0.7819756299212598
21
0.1761451968503937
0
LINE
8
BLACK
6
CONTINUOUS
10
0.7819756299212598
20
0.1761451968503937
11
0.7889113385826771
21
0.1726112992125984
0
LINE
8
BLACK
6
CONTINUOUS
10
0.7889113385826771
20
0.1726112992125984
11
0.7952088582677165
21
0.168035905511811
0
LINE
8
BLACK
6
CONTINUOUS
10
0.7952088582677165
20
0.168035905511811
11
0.8007130708661417
21
0.1625316929133858
0
LINE
8
BLACK
6
CONTINUOUS
10
0.8007130708661417
20
0.1625316929133858
11
0.8052884645669292
21
0.1562341732283465
0
LINE
8
BLACK
6
CONTINUOUS
10
0.8052884645669292
20
0.1562341732283465
11
0.8088223622047244
21
0.1492984645669291
0
LINE
8
BLACK
6
CONTINUOUS
10
0.8088223622047244
20
0.1492984645669291
11
0.8112277952755905
21
0.1418953149606299
0
LINE
8
BLACK
6
CONTINUOUS
10
0.8112277952755905
20
0.1418953149606299
11
0.8124455118110236
21
0.1342070078740157
0
LINE
8
BLACK
6
CONTINUOUS
10
0.8124455118110236
20
0.1342070078740157
11
0.8124455118110236
21
0.1264229133858268
0
LINE
8
BLACK
6
CONTINUOUS
10
0.8124455118110236
20
0.1264229133858268
11
0.8112277952755905
21
0.1187346062992126
0
LINE
8
BLACK
6
CONTINUOUS
10
0.8112277952755905
20
0.1187346062992126
11
0.8088223622047244
21
0.1113314566929134
0
LINE
8
BLACK
6
CONTINUOUS
10
0.8088223622047244
20
0.1113314566929134
11
0.8052884645669292
21
0.1043957480314961
0
LINE
8
BLACK
6
CONTINUOUS
10
0.8052884645669292
20
0.1043957480314961
11
0.8007130708661417
21
0.0980982283464567
0
LINE
8
BLACK
6
CONTINUOUS
10
0.8007130708661417
20
0.0980982283464567
11
0.7952088582677165
21
0.0925940157480315
0
LINE
8
BLACK
6
CONTINUOUS
10
0.7952088582677165
20
0.0925940157480315
11
0.7889113385826771
21
0.0880186220472441
0
LINE
8
BLACK
6
CONTINUOUS
10
0.7889113385826771
20
0.0880186220472441
11
0.7819756299212598
21
0.0844847244094488
0
LINE
8
BLACK
6
CONTINUOUS
10
0.7819756299212598
20
0.0844847244094488
11
0.7745724803149606
21
0.0820792913385827
0
LINE
8
BLACK
6
CONTINUOUS
10
0.7745724803149606
20
0.0820792913385827
11
0.7668841732283465
21
0.0808615748031496
0
LINE
8
BLACK
6
CONTINUOUS
10
0.7668841732283465
20
0.0808615748031496
11
0.7591000787401575
21
0.0808615748031496
0
LINE
8
BLACK
6
CONTINUOUS
10
0.7591000787401575
20
0.0808615748031496
11
0.7514117716535433
21
0.0820792913385827
0
LINE
8
BLACK
6
CONTINUOUS
10
0.7514117716535433
20
0.0820792913385827
11
0.7440086220472441
21
0.0844847244094488
0
LINE
8
BLACK
6
CONTINUOUS
10
0.7440086220472441
20
0.0844847244094488
11
0.7370729133858267
21
0.0880186220472441
0
LINE
8
BLACK
6
CONTINUOUS
10
0.7370729133858267
20
0.0880186220472441
11
0.7307753937007874
21
0.0925940157480315
0
LINE
8
BLACK
6
CONTINUOUS
10
0.7307753937007874
20
0.0925940157480315
11
0.7252711811023622
21
0.0980982283464567
0
LINE
8
BLACK
6
CONTINUOUS
10
0.7252711811023622
20
0.0980982283464567
11
0.7206957874015748
21
0.1043957480314961
0
LINE
8
BLACK
6
CONTINUOUS
10
0.7206957874015748
20
0.1043957480314961
11
0.7171618897637795
21
0.1113314566929134
0
LINE
8
BLACK
6
CONTINUOUS
10
0.7171618897637795
20
0.1113314566929134
11
0.7147564566929133
21
0.1187346062992126
0
LINE
8
BLACK
6
CONTINUOUS
10
0.7147564566929133
20
0.1187346062992126
11
0.7135387401574803
21
0.1264229133858268
0
LINE
8
BLACK
6
CONTINUOUS
10
0.7135387401574803
20
0.1264229133858268
11
0.7135387401574803
21
0.1338472440944882
0
LINE
8
BLACK
6
CONTINUOUS
10
0.7135387401574803
20
0.1338472440944882
11
0.7135387401574803
21
0.1342070078740157
0
LINE
8
BLACK
6
CONTINUOUS
10
0.7135387401574803
20
0.1342070078740157
11
0.7147564566929133
21
0.1418953149606299
0
LINE
8
BLACK
6
CONTINUOUS
10
0.7147564566929133
20
0.1418953149606299
11
0.7171618897637795
21
0.1492984645669291
0
LINE
8
BLACK
6
CONTINUOUS
10
0.7171618897637795
20
0.1492984645669291
11
0.7206957874015748
21
0.1562341732283465
0
LINE
8
BLACK
6
CONTINUOUS
10
0.7206957874015748
20
0.1562341732283465
11
0.7252711811023622
21
0.1625316929133858
0
LINE
8
BLACK
6
CONTINUOUS
10
0.7252711811023622
20
0.1625316929133858
11
0.7307753937007874
21
0.168035905511811
0
LINE
8
BLACK
6
CONTINUOUS
10
0.7307753937007874
20
0.168035905511811
11
0.7370729133858267
21
0.1726112992125984
0
LINE
8
BLACK
6
CONTINUOUS
10
0.7370729133858267
20
0.1726112992125984
11
0.7440086220472441
21
0.1761451968503937
0
LINE
8
BLACK
6
CONTINUOUS
10
0.7440086220472441
20
0.1761451968503937
11
0.7514117716535433
21
0.1785506299212598
0
LINE
8
BLACK
6
CONTINUOUS
10
0.7514117716535433
20
0.1785506299212598
11
0.7591000787401575
21
0.1797683464566929
0
LINE
8
BLACK
6
CONTINUOUS
10
0.7591000787401575
20
0.1797683464566929
11
0.7668841732283465
21
0.1797683464566929
0
LINE
8
BLACK
6
CONTINUOUS
10
0.7668841732283465
20
0.1797683464566929
11
0.7745724803149606
21
0.1785506299212598
0
LINE
8
BLACK
6
CONTINUOUS
10
0.7181102362204724
20
0.1267826771653543
11
0.7192153937007874
21
0.1198050787401575
0
LINE
8
BLACK
6
CONTINUOUS
10
0.7192153937007874
20
0.1198050787401575
11
0.7213984645669291
21
0.1130862992125984
0
LINE
8
BLACK
6
CONTINUOUS
10
0.7213984645669291
20
0.1130862992125984
11
0.7246057086614173
21
0.1067917322834646
0
LINE
8
BLACK
6
CONTINUOUS
10
0.7246057086614173
20
0.1067917322834646
11
0.7287581496062991
21
0.1010763779527559
0
LINE
8
BLACK
6
CONTINUOUS
10
0.7287581496062991
20
0.1010763779527559
11
0.7337535433070866
21
0.0960809842519685
0
LINE
8
BLACK
6
CONTINUOUS
10
0.7337535433070866
20
0.0960809842519685
11
0.7394688976377952
21
0.0919285433070866
0
LINE
8
BLACK
6
CONTINUOUS
10
0.7394688976377952
20
0.0919285433070866
11
0.7457634645669291
21
0.0887212992125984
0
LINE
8
BLACK
6
CONTINUOUS
10
0.7457634645669291
20
0.0887212992125984
11
0.7524822440944882
21
0.0865382283464567
0
LINE
8
BLACK
6
CONTINUOUS
10
0.7524822440944882
20
0.0865382283464567
11
0.759459842519685
21
0.0854330708661417
0
LINE
8
BLACK
6
CONTINUOUS
10
0.759459842519685
20
0.0854330708661417
11
0.7665244094488188
21
0.0854330708661417
0
LINE
8
BLACK
6
CONTINUOUS
10
0.7665244094488188
20
0.0854330708661417
11
0.7735020078740157
21
0.0865382283464567
0
LINE
8
BLACK
6
CONTINUOUS
10
0.7735020078740157
20
0.0865382283464567
11
0.7802207874015747
21
0.0887212992125984
0
LINE
8
BLACK
6
CONTINUOUS
10
0.7802207874015747
20
0.0887212992125984
11
0.7865153543307086
21
0.0919285433070866
0
LINE
8
BLACK
6
CONTINUOUS
10
0.7865153543307086
20
0.0919285433070866
11
0.7922307086614173
21
0.0960809842519685
0
LINE
8
BLACK
6
CONTINUOUS
10
0.7922307086614173
20
0.0960809842519685
11
0.7972261023622047
21
0.1010763779527559
0
LINE
8
BLACK
6
CONTINUOUS
10
0.7972261023622047
20
0.1010763779527559
11
0.8013785433070866
21
0.1067917322834646
0
LINE
8
BLACK
6
CONTINUOUS
10
0.8013785433070866
20
0.1067917322834646
11
0.8045857874015748
21
0.1130862992125984
0
LINE
8
BLACK
6
CONTINUOUS
10
0.8045857874015748
20
0.1130862992125984
11
0.8067688582677165
21
0.1198050787401575
0
LINE
8
BLACK
6
CONTINUOUS
10
0.8067688582677165
20
0.1198050787401575
11
0.8078740157480315
21
0.1267826771653543
0
LINE
8
BLACK
6
CONTINUOUS
10
0.8078740157480315
20
0.1267826771653543
11
0.8078740157480315
21
0.1338472440944882
0
LINE
8
BLACK
6
CONTINUOUS
10
0.8078740157480315
20
0.1338472440944882
11
0.8067688582677165
21
0.140824842519685
0
LINE
8
BLACK
6
CONTINUOUS
10
0.8067688582677165
20
0.140824842519685
11
0.8045857874015748
21
0.1475436220472441
0
LINE
8
BLACK
6
CONTINUOUS
10
0.8045857874015748
20
0.1475436220472441
11
0.8013785433070866
21
0.1538381889763779
0
LINE
8
BLACK
6
CONTINUOUS
10
0.8013785433070866
20
0.1538381889763779
11
0.7972261023622047
21
0.1595535433070866
0
LINE
8
BLACK
6
CONTINUOUS
10
0.7972261023622047
20
0.1595535433070866
11
0.7922307086614173
21
0.164548937007874
0
LINE
8
BLACK
6
CONTINUOUS
10
0.7922307086614173
20
0.164548937007874
11
0.7865153543307086
21
0.1687013779527559
0
LINE
8
BLACK
6
CONTINUOUS
10
0.7865153543307086
20
0.1687013779527559
11
0.7802207874015747
21
0.1719086220472441
0
LINE
8
BLACK
6
CONTINUOUS
10
0.7802207874015747
20
0.1719086220472441
11
0.7735020078740157
21
0.1740916929133858
0
LINE
8
BLACK
6
CONTINUOUS
10
0.7735020078740157
20
0.1740916929133858
11
0.7665244094488188
21
0.1751968503937008
0
LINE
8
BLACK
6
CONTINUOUS
10
0.7665244094488188
20
0.1751968503937008
11
0.759459842519685
21
0.1751968503937008
0
LINE
8
BLACK
6
CONTINUOUS
10
0.759459842519685
20
0.1751968503937008
11
0.7524822440944882
21
0.1740916929133858
0
LINE
8
BLACK
6
CONTINUOUS
10
0.7524822440944882
20
0.1740916929133858
11
0.7457634645669291
21
0.1719086220472441
0
LINE
8
BLACK
6
CONTINUOUS
10
0.7457634645669291
20
0.1719086220472441
11
0.7394688976377952
21
0.1687013779527559
0
LINE
8
BLACK
6
CONTINUOUS
10
0.7394688976377952
20
0.1687013779527559
11
0.7337535433070866
21
0.164548937007874
0
LINE
8
BLACK
6
CONTINUOUS
10
0.7337535433070866
20
0.164548937007874
11
0.7287581496062991
21
0.1595535433070866
0
LINE
8
BLACK
6
CONTINUOUS
10
0.7287581496062991
20
0.1595535433070866
11
0.7246057086614173
21
0.1538381889763779
0
LINE
8
BLACK
6
CONTINUOUS
10
0.7246057086614173
20
0.1538381889763779
11
0.7213984645669291
21
0.1475436220472441
0
LINE
8
BLACK
6
CONTINUOUS
10
0.7213984645669291
20
0.1475436220472441
11
0.7192153937007874
21
0.140824842519685
0
LINE
8
BLACK
6
CONTINUOUS
10
0.7192153937007874
20
0.140824842519685
11
0.7181102362204724
21
0.1338472440944882
0
LINE
8
BLACK
6
CONTINUOUS
10
0.7181102362204724
20
0.1338472440944882
11
0.7181102362204724
21
0.1267826771653543
0
LINE
8
BLACK
6
CONTINUOUS
10
0.5030247637795275
20
0.1202810236220472
11
0.5030249999999999
21
0.1197078346456693
0
LINE
8
BLACK
6
CONTINUOUS
10
0.5030249999999999
20
0.1197078346456693
11
0.5030337401574803
21
0.1168605905511811
0
LINE
8
BLACK
6
CONTINUOUS
10
0.5030337401574803
20
0.1168605905511811
11
0.5030543700787401
21
0.1142445275590551
0
LINE
8
BLACK
6
CONTINUOUS
10
0.5030543700787401
20
0.1142445275590551
11
0.5030859448818897
21
0.1119071653543307
0
LINE
8
BLACK
6
CONTINUOUS
10
0.5030859448818897
20
0.1119071653543307
11
0.5031274803149606
21
0.1098960236220472
0
LINE
8
BLACK
6
CONTINUOUS
10
0.5031274803149606
20
0.1098960236220472
11
0.5031781102362205
21
0.1082586220472441
0
LINE
8
BLACK
6
CONTINUOUS
10
0.5031781102362205
20
0.1082586220472441
11
0.5032368110236221
21
0.1070425590551181
0
LINE
8
BLACK
6
CONTINUOUS
10
0.5032368110236221
20
0.1070425590551181
11
0.5033026771653544
21
0.1062952755905512
0
LINE
8
BLACK
6
CONTINUOUS
10
0.5033026771653544
20
0.1062952755905512
11
0.5033184645669291
21
0.1061838582677165
0
LINE
8
BLACK
6
CONTINUOUS
10
0.5033184645669291
20
0.1061838582677165
11
0.5038292125984252
21
0.103792874015748
0
LINE
8
BLACK
6
CONTINUOUS
10
0.5038292125984252
20
0.103792874015748
11
0.5046177165354331
21
0.1018294488188976
0
LINE
8
BLACK
6
CONTINUOUS
10
0.5046177165354331
20
0.1018294488188976
11
0.5056989763779527
21
0.1002770472440945
0
LINE
8
BLACK
6
CONTINUOUS
10
0.5056989763779527
20
0.1002770472440945
11
0.5070878740157481
21
0.0991189763779527
0
LINE
8
BLACK
6
CONTINUOUS
10
0.5070878740157481
20
0.0991189763779527
11
0.5087994488188976
21
0.0983387401574803
0
LINE
8
BLACK
6
CONTINUOUS
10
0.5087994488188976
20
0.0983387401574803
11
0.5108485826771654
21
0.0979196850393701
0
LINE
8
BLACK
6
CONTINUOUS
10
0.5108485826771654
20
0.0979196850393701
11
0.5110263385826772
21
0.0979010236220472
0
LINE
8
BLACK
6
CONTINUOUS
10
0.5110263385826772
20
0.0979010236220472
11
0.5135165354330709
21
0.0978372047244094
0
LINE
8
BLACK
6
CONTINUOUS
10
0.5135165354330709
20
0.0978372047244094
11
0.5156866929133859
21
0.0981781102362205
0
LINE
8
BLACK
6
CONTINUOUS
10
0.5156866929133859
20
0.0981781102362205
11
0.517536220472441
21
0.0989234645669291
0
LINE
8
BLACK
6
CONTINUOUS
10
0.517536220472441
20
0.0989234645669291
11
0.5190648031496062
21
0.1000729527559055
0
LINE
8
BLACK
6
CONTINUOUS
10
0.5190648031496062
20
0.1000729527559055
11
0.5202719291338582
21
0.1016264173228346
0
LINE
8
BLACK
6
CONTINUOUS
10
0.5202719291338582
20
0.1016264173228346
11
0.5211572047244094
21
0.1035835433070866
0
LINE
8
BLACK
6
CONTINUOUS
10
0.5211572047244094
20
0.1035835433070866
11
0.5211771259842519
21
0.1036431102362205
0
LINE
8
BLACK
6
CONTINUOUS
10
0.5211771259842519
20
0.1036431102362205
11
0.5213007086614173
21
0.1040313385826772
0
LINE
8
BLACK
6
CONTINUOUS
10
0.5213007086614173
20
0.1040313385826772
11
0.5214047637795276
21
0.1044227952755905
0
LINE
8
BLACK
6
CONTINUOUS
10
0.5214047637795276
20
0.1044227952755905
11
0.5214912992125984
21
0.1048641338582677
0
LINE
8
BLACK
6
CONTINUOUS
10
0.5214912992125984
20
0.1048641338582677
11
0.5215623228346457
21
0.105401968503937
0
LINE
8
BLACK
6
CONTINUOUS
10
0.5215623228346457
20
0.105401968503937
11
0.5216199212598425
21
0.1060829527559055
0
LINE
8
BLACK
6
CONTINUOUS
10
0.5216199212598425
20
0.1060829527559055
11
0.5216660629921259
21
0.1069538188976378
0
LINE
8
BLACK
6
CONTINUOUS
10
0.5216660629921259
20
0.1069538188976378
11
0.5217027559055119
21
0.1080611417322835
0
LINE
8
BLACK
6
CONTINUOUS
10
0.5217027559055119
20
0.1080611417322835
11
0.5217320472440945
21
0.1094515748031496
0
LINE
8
BLACK
6
CONTINUOUS
10
0.5217320472440945
20
0.1094515748031496
11
0.5217559448818897
21
0.111171811023622
0
LINE
8
BLACK
6
CONTINUOUS
10
0.5217559448818897
20
0.111171811023622
11
0.5217764960629921
21
0.1132684645669291
0
LINE
8
BLACK
6
CONTINUOUS
10
0.5217764960629921
20
0.1132684645669291
11
0.5217956692913386
21
0.115788188976378
0
LINE
8
BLACK
6
CONTINUOUS
10
0.5217956692913386
20
0.115788188976378
11
0.5218155905511811
21
0.1187776771653543
0
LINE
8
BLACK
6
CONTINUOUS
10
0.5218155905511811
20
0.1187776771653543
11
0.5219025984251968
21
0.1322685039370079
0
LINE
8
BLACK
6
CONTINUOUS
10
0.5219025984251968
20
0.1322685039370079
11
0.5293891732283464
21
0.1322685039370079
0
LINE
8
BLACK
6
CONTINUOUS
10
0.5293891732283464
20
0.1322685039370079
11
0.5292981889763779
21
0.1181322047244094
0
LINE
8
BLACK
6
CONTINUOUS
10
0.5292981889763779
20
0.1181322047244094
11
0.5292875984251968
21
0.1165051181102362
0
LINE
8
BLACK
6
CONTINUOUS
10
0.5292875984251968
20
0.1165051181102362
11
0.5292680708661417
21
0.1136865748031496
0
LINE
8
BLACK
6
CONTINUOUS
10
0.5292680708661417
20
0.1136865748031496
11
0.5292484251968503
21
0.1113149212598425
0
LINE
8
BLACK
6
CONTINUOUS
10
0.5292484251968503
20
0.1113149212598425
11
0.5292267716535433
21
0.1093442913385827
0
LINE
8
BLACK
6
CONTINUOUS
10
0.5292267716535433
20
0.1093442913385827
11
0.5292011417322835
21
0.1077285826771654
0
LINE
8
BLACK
6
CONTINUOUS
10
0.5292011417322835
20
0.1077285826771654
11
0.5291695669291339
21
0.106421811023622
0
LINE
8
BLACK
6
CONTINUOUS
10
0.5291695669291339
20
0.106421811023622
11
0.5291302362204724
21
0.1053780708661417
0
LINE
8
BLACK
6
CONTINUOUS
10
0.5291302362204724
20
0.1053780708661417
11
0.5290811023622047
21
0.1045513385826772
0
LINE
8
BLACK
6
CONTINUOUS
10
0.5290811023622047
20
0.1045513385826772
11
0.5290202755905512
21
0.1038956692913386
0
LINE
8
BLACK
6
CONTINUOUS
10
0.5290202755905512
20
0.1038956692913386
11
0.5289457480314961
21
0.103365
0
LINE
8
BLACK
6
CONTINUOUS
10
0.5289457480314961
20
0.103365
11
0.5288556299212598
21
0.1029134251968504
0
LINE
8
BLACK
6
CONTINUOUS
10
0.5288556299212598
20
0.1029134251968504
11
0.528748031496063
21
0.1024949606299213
0
LINE
8
BLACK
6
CONTINUOUS
10
0.528748031496063
20
0.1024949606299213
11
0.5286208661417323
21
0.1020635826771654
0
LINE
8
BLACK
6
CONTINUOUS
10
0.5286208661417323
20
0.1020635826771654
11
0.5277053149606299
21
0.0995875984251968
0
LINE
8
BLACK
6
CONTINUOUS
10
0.5277053149606299
20
0.0995875984251968
11
0.5263579133858267
21
0.0971206692913386
0
LINE
8
BLACK
6
CONTINUOUS
10
0.5263579133858267
20
0.0971206692913386
11
0.5246884251968503
21
0.095054094488189
0
LINE
8
BLACK
6
CONTINUOUS
10
0.5246884251968503
20
0.095054094488189
11
0.5226890157480315
21
0.093380157480315
0
LINE
8
BLACK
6
CONTINUOUS
10
0.5226890157480315
20
0.093380157480315
11
0.5203520078740157
21
0.0920912204724409
0
LINE
8
BLACK
6
CONTINUOUS
10
0.5203520078740157
20
0.0920912204724409
11
0.5176696456692913
21
0.0911795669291339
0
LINE
8
BLACK
6
CONTINUOUS
10
0.5176696456692913
20
0.0911795669291339
11
0.5169857874015747
21
0.0910356299212598
0
LINE
8
BLACK
6
CONTINUOUS
10
0.5169857874015747
20
0.0910356299212598
11
0.5153324015748031
21
0.0908362204724409
0
LINE
8
BLACK
6
CONTINUOUS
10
0.5153324015748031
20
0.0908362204724409
11
0.5134204724409449
21
0.0907502362204724
0
LINE
8
BLACK
6
CONTINUOUS
10
0.5134204724409449
20
0.0907502362204724
11
0.5114032283464567
21
0.0907738188976378
0
LINE
8
BLACK
6
CONTINUOUS
10
0.5114032283464567
20
0.0907738188976378
11
0.509433937007874
21
0.0909031102362205
0
LINE
8
BLACK
6
CONTINUOUS
10
0.509433937007874
20
0.0909031102362205
11
0.5076658661417323
21
0.0911344488188976
0
LINE
8
BLACK
6
CONTINUOUS
10
0.5076658661417323
20
0.0911344488188976
11
0.5062522047244095
21
0.0914638976377953
0
LINE
8
BLACK
6
CONTINUOUS
10
0.5062522047244095
20
0.0914638976377953
11
0.5057699606299213
21
0.091625
0
LINE
8
BLACK
6
CONTINUOUS
10
0.5057699606299213
20
0.091625
11
0.5032634251968504
21
0.09275
0
LINE
8
BLACK
6
CONTINUOUS
10
0.5032634251968504
20
0.09275
11
0.5011119291338583
21
0.0942478346456693
0
LINE
8
BLACK
6
CONTINUOUS
10
0.5011119291338583
20
0.0942478346456693
11
0.4993103937007874
21
0.0961235826771654
0
LINE
8
BLACK
6
CONTINUOUS
10
0.4993103937007874
20
0.0961235826771654
11
0.4978538188976378
21
0.0983822834645669
0
LINE
8
BLACK
6
CONTINUOUS
10
0.4978538188976378
20
0.0983822834645669
11
0.4967370866141732
21
0.1010290551181102
0
LINE
8
BLACK
6
CONTINUOUS
10
0.4967370866141732
20
0.1010290551181102
11
0.4965947637795275
21
0.1014666929133858
0
LINE
8
BLACK
6
CONTINUOUS
10
0.4965947637795275
20
0.1014666929133858
11
0.4963578346456693
21
0.1022738188976378
0
LINE
8
BLACK
6
CONTINUOUS
10
0.4963578346456693
20
0.1022738188976378
11
0.4961586220472441
21
0.1031009448818898
0
LINE
8
BLACK
6
CONTINUOUS
10
0.4961586220472441
20
0.1031009448818898
11
0.4959940157480315
21
0.1039977165354331
0
LINE
8
BLACK
6
CONTINUOUS
10
0.4959940157480315
20
0.1039977165354331
11
0.4958607874015748
21
0.1050137795275591
0
LINE
8
BLACK
6
CONTINUOUS
10
0.4958607874015748
20
0.1050137795275591
11
0.4957556692913386
21
0.1061987795275591
0
LINE
8
BLACK
6
CONTINUOUS
10
0.4957556692913386
20
0.1061987795275591
11
0.4956755118110236
21
0.1076022834645669
0
LINE
8
BLACK
6
CONTINUOUS
10
0.4956755118110236
20
0.1076022834645669
11
0.4956171653543307
21
0.1092740157480315
0
LINE
8
BLACK
6
CONTINUOUS
10
0.4956171653543307
20
0.1092740157480315
11
0.4955772834645669
21
0.1112635826771654
0
LINE
8
BLACK
6
CONTINUOUS
10
0.4955772834645669
20
0.1112635826771654
11
0.4955527559055118
21
0.1136205905511811
0
LINE
8
BLACK
6
CONTINUOUS
10
0.4955527559055118
20
0.1136205905511811
11
0.4955404330708661
21
0.1163946850393701
0
LINE
8
BLACK
6
CONTINUOUS
10
0.4955404330708661
20
0.1163946850393701
11
0.4955370078740157
21
0.1196355118110236
0
LINE
8
BLACK
6
CONTINUOUS
10
0.4955370078740157
20
0.1196355118110236
11
0.4955370078740157
21
0.1322685039370079
0
LINE
8
BLACK
6
CONTINUOUS
10
0.4955370078740157
20
0.1322685039370079
11
0.5030247637795275
21
0.1322685039370079
0
LINE
8
BLACK
6
CONTINUOUS
10
0.5030247637795275
20
0.1322685039370079
11
0.5030247637795275
21
0.1202810236220472
0
LINE
8
BLACK
6
CONTINUOUS
10
0.2599315354330708
20
0.1322513779527559
11
0.265856811023622
21
0.1242558267716535
0
LINE
8
BLACK
6
CONTINUOUS
10
0.265856811023622
20
0.1242558267716535
11
0.2661338976377953
21
0.1238822834645669
0
LINE
8
BLACK
6
CONTINUOUS
10
0.2661338976377953
20
0.1238822834645669
11
0.267438937007874
21
0.1221294488188976
0
LINE
8
BLACK
6
CONTINUOUS
10
0.267438937007874
20
0.1221294488188976
11
0.2686433070866142
21
0.1205231102362205
0
LINE
8
BLACK
6
CONTINUOUS
10
0.2686433070866142
20
0.1205231102362205
11
0.2697127165354331
21
0.119108188976378
0
LINE
8
BLACK
6
CONTINUOUS
10
0.2697127165354331
20
0.119108188976378
11
0.2706129527559055
21
0.1179295669291339
0
LINE
8
BLACK
6
CONTINUOUS
10
0.2706129527559055
20
0.1179295669291339
11
0.2713097637795275
21
0.1170320472440945
0
LINE
8
BLACK
6
CONTINUOUS
10
0.2713097637795275
20
0.1170320472440945
11
0.2717688582677165
21
0.1164607086614173
0
LINE
8
BLACK
6
CONTINUOUS
10
0.2717688582677165
20
0.1164607086614173
11
0.271956062992126
21
0.1162602755905512
0
LINE
8
BLACK
6
CONTINUOUS
10
0.271956062992126
20
0.1162602755905512
11
0.272029842519685
21
0.1163707086614173
0
LINE
8
BLACK
6
CONTINUOUS
10
0.272029842519685
20
0.1163707086614173
11
0.2722834645669291
21
0.1168984645669291
0
LINE
8
BLACK
6
CONTINUOUS
10
0.2722834645669291
20
0.1168984645669291
11
0.2726891338582677
21
0.1178113779527559
0
LINE
8
BLACK
6
CONTINUOUS
10
0.2726891338582677
20
0.1178113779527559
11
0.273223031496063
21
0.1190536614173228
0
LINE
8
BLACK
6
CONTINUOUS
10
0.273223031496063
20
0.1190536614173228
11
0.2738612598425197
21
0.1205696850393701
0
LINE
8
BLACK
6
CONTINUOUS
10
0.2738612598425197
20
0.1205696850393701
11
0.2745800393700787
21
0.1223036614173228
0
LINE
8
BLACK
6
CONTINUOUS
10
0.2745800393700787
20
0.1223036614173228
11
0.2753554330708661
21
0.124199842519685
0
LINE
8
BLACK
6
CONTINUOUS
10
0.2753554330708661
20
0.124199842519685
11
0.2785808661417323
21
0.1321394094488189
0
LINE
8
BLACK
6
CONTINUOUS
10
0.2785808661417323
20
0.1321394094488189
11
0.2825207480314961
21
0.1322108661417323
0
LINE
8
BLACK
6
CONTINUOUS
10
0.2825207480314961
20
0.1322108661417323
11
0.2830137401574803
21
0.1322195669291339
0
LINE
8
BLACK
6
CONTINUOUS
10
0.2830137401574803
20
0.1322195669291339
11
0.2843787401574803
21
0.1322374409448819
0
LINE
8
BLACK
6
CONTINUOUS
10
0.2843787401574803
20
0.1322374409448819
11
0.285321811023622
21
0.1322316141732283
0
LINE
8
BLACK
6
CONTINUOUS
10
0.285321811023622
20
0.1322316141732283
11
0.2859157874015748
21
0.1321947637795275
0
LINE
8
BLACK
6
CONTINUOUS
10
0.2859157874015748
20
0.1321947637795275
11
0.2862335433070866
21
0.1321193700787402
0
LINE
8
BLACK
6
CONTINUOUS
10
0.2862335433070866
20
0.1321193700787402
11
0.2863478346456693
21
0.1319980708661417
0
LINE
8
BLACK
6
CONTINUOUS
10
0.2863478346456693
20
0.1319980708661417
11
0.2863315748031496
21
0.1318235826771653
0
LINE
8
BLACK
6
CONTINUOUS
10
0.2863315748031496
20
0.1318235826771653
11
0.2862482677165354
21
0.1316008267716536
0
LINE
8
BLACK
6
CONTINUOUS
10
0.2862482677165354
20
0.1316008267716536
11
0.2859791732283464
21
0.1309322047244094
0
LINE
8
BLACK
6
CONTINUOUS
10
0.2859791732283464
20
0.1309322047244094
11
0.2855462598425197
21
0.1298775196850394
0
LINE
8
BLACK
6
CONTINUOUS
10
0.2855462598425197
20
0.1298775196850394
11
0.2849704330708661
21
0.1284867322834646
0
LINE
8
BLACK
6
CONTINUOUS
10
0.2849704330708661
20
0.1284867322834646
11
0.2842723228346457
21
0.1268098031496063
0
LINE
8
BLACK
6
CONTINUOUS
10
0.2842723228346457
20
0.1268098031496063
11
0.283472716535433
21
0.1248966535433071
0
LINE
8
BLACK
6
CONTINUOUS
10
0.283472716535433
20
0.1248966535433071
11
0.2825924015748031
21
0.1227972834645669
0
LINE
8
BLACK
6
CONTINUOUS
10
0.2825924015748031
20
0.1227972834645669
11
0.2816520866141732
21
0.1205616141732283
0
LINE
8
BLACK
6
CONTINUOUS
10
0.2816520866141732
20
0.1205616141732283
11
0.2808961811023622
21
0.1187616141732283
0
LINE
8
BLACK
6
CONTINUOUS
10
0.2808961811023622
20
0.1187616141732283
11
0.2800101968503937
21
0.1166372834645669
0
LINE
8
BLACK
6
CONTINUOUS
10
0.2800101968503937
20
0.1166372834645669
11
0.2792053149606299
21
0.1146914173228346
0
LINE
8
BLACK
6
CONTINUOUS
10
0.2792053149606299
20
0.1146914173228346
11
0.2785016535433071
21
0.1129735039370079
0
LINE
8
BLACK
6
CONTINUOUS
10
0.2785016535433071
20
0.1129735039370079
11
0.2779193307086614
21
0.1115329921259842
0
LINE
8
BLACK
6
CONTINUOUS
10
0.2779193307086614
20
0.1115329921259842
11
0.2774785039370078
21
0.1104193307086614
0
LINE
8
BLACK
6
CONTINUOUS
10
0.2774785039370078
20
0.1104193307086614
11
0.2771992519685039
21
0.1096820866141732
0
LINE
8
BLACK
6
CONTINUOUS
10
0.2771992519685039
20
0.1096820866141732
11
0.2771016929133858
21
0.1093706299212598
0
LINE
8
BLACK
6
CONTINUOUS
10
0.2771016929133858
20
0.1093706299212598
11
0.2771125590551181
21
0.1092660236220472
0
LINE
8
BLACK
6
CONTINUOUS
10
0.2771125590551181
20
0.1092660236220472
11
0.2771950787401575
21
0.108711811023622
0
LINE
8
BLACK
6
CONTINUOUS
10
0.2771950787401575
20
0.108711811023622
11
0.277348188976378
21
0.1077593307086614
0
LINE
8
BLACK
6
CONTINUOUS
10
0.277348188976378
20
0.1077593307086614
11
0.277559251968504
21
0.1064822440944882
0
LINE
8
BLACK
6
CONTINUOUS
10
0.277559251968504
20
0.1064822440944882
11
0.2778155905511811
21
0.1049541338582677
0
LINE
8
BLACK
6
CONTINUOUS
10
0.2778155905511811
20
0.1049541338582677
11
0.2781045669291339
21
0.1032486220472441
0
LINE
8
BLACK
6
CONTINUOUS
10
0.2781045669291339
20
0.1032486220472441
11
0.2784135826771654
21
0.1014394094488189
0
LINE
8
BLACK
6
CONTINUOUS
10
0.2784135826771654
20
0.1014394094488189
11
0.2787299212598425
21
0.0996000393700787
0
LINE
8
BLACK
6
CONTINUOUS
10
0.2787299212598425
20
0.0996000393700787
11
0.2790410236220472
21
0.0978041732283465
0
LINE
8
BLACK
6
CONTINUOUS
10
0.2790410236220472
20
0.0978041732283465
11
0.2793341732283465
21
0.0961253937007874
0
LINE
8
BLACK
6
CONTINUOUS
10
0.2793341732283465
20
0.0961253937007874
11
0.2795967322834645
21
0.0946374015748031
0
LINE
8
BLACK
6
CONTINUOUS
10
0.2795967322834645
20
0.0946374015748031
11
0.2798161811023622
21
0.0934138188976378
0
LINE
8
BLACK
6
CONTINUOUS
10
0.2798161811023622
20
0.0934138188976378
11
0.2799798031496063
21
0.0925281889763779
0
LINE
8
BLACK
6
CONTINUOUS
10
0.2799798031496063
20
0.0925281889763779
11
0.280074842519685
21
0.0920542125984252
0
LINE
8
BLACK
6
CONTINUOUS
10
0.280074842519685
20
0.0920542125984252
11
0.2802098818897638
21
0.0914732677165354
0
LINE
8
BLACK
6
CONTINUOUS
10
0.2802098818897638
20
0.0914732677165354
11
0.2764611023622047
21
0.0914732677165354
0
LINE
8
BLACK
6
CONTINUOUS
10
0.2764611023622047
20
0.0914732677165354
11
0.2758757086614173
21
0.0914749212598425
0
LINE
8
BLACK
6
CONTINUOUS
10
0.2758757086614173
20
0.0914749212598425
11
0.2746277952755906
21
0.0914904330708661
0
LINE
8
BLACK
6
CONTINUOUS
10
0.2746277952755906
20
0.0914904330708661
11
0.2736241338582677
21
0.0915197637795276
0
LINE
8
BLACK
6
CONTINUOUS
10
0.2736241338582677
20
0.0915197637795276
11
0.2729553937007874
21
0.0915596456692913
0
LINE
8
BLACK
6
CONTINUOUS
10
0.2729553937007874
20
0.0915596456692913
11
0.2727123228346456
21
0.0916068503937008
0
LINE
8
BLACK
6
CONTINUOUS
10
0.2727123228346456
20
0.0916068503937008
11
0.2727095275590551
21
0.0916455118110236
0
LINE
8
BLACK
6
CONTINUOUS
10
0.2727095275590551
20
0.0916455118110236
11
0.2726438188976378
21
0.092093188976378
0
LINE
8
BLACK
6
CONTINUOUS
10
0.2726438188976378
20
0.092093188976378
11
0.2725003149606299
21
0.092953188976378
0
LINE
8
BLACK
6
CONTINUOUS
10
0.2725003149606299
20
0.092953188976378
11
0.2722920078740158
21
0.0941546850393701
0
LINE
8
BLACK
6
CONTINUOUS
10
0.2722920078740158
20
0.0941546850393701
11
0.2720318110236221
21
0.095626811023622
0
LINE
8
BLACK
6
CONTINUOUS
10
0.2720318110236221
20
0.095626811023622
11
0.2717326771653543
21
0.0972988188976378
0
LINE
8
BLACK
6
CONTINUOUS
10
0.2717326771653543
20
0.0972988188976378
11
0.2714075196850393
21
0.0990998031496063
0
LINE
8
BLACK
6
CONTINUOUS
10
0.2714075196850393
20
0.0990998031496063
11
0.2710692125984252
21
0.1009589763779528
0
LINE
8
BLACK
6
CONTINUOUS
10
0.2710692125984252
20
0.1009589763779528
11
0.270730748031496
21
0.1028054724409449
0
LINE
8
BLACK
6
CONTINUOUS
10
0.270730748031496
20
0.1028054724409449
11
0.270405
21
0.1045685433070866
0
LINE
8
BLACK
6
CONTINUOUS
10
0.270405
20
0.1045685433070866
11
0.2701049212598425
21
0.1061772834645669
0
LINE
8
BLACK
6
CONTINUOUS
10
0.2701049212598425
20
0.1061772834645669
11
0.2698433858267716
21
0.107560905511811
0
LINE
8
BLACK
6
CONTINUOUS
10
0.2698433858267716
20
0.107560905511811
11
0.2696333858267717
21
0.1086485826771653
0
LINE
8
BLACK
6
CONTINUOUS
10
0.2696333858267717
20
0.1086485826771653
11
0.2694878346456693
21
0.1093694488188976
0
LINE
8
BLACK
6
CONTINUOUS
10
0.2694878346456693
20
0.1093694488188976
11
0.2694196062992126
21
0.1096526771653543
0
LINE
8
BLACK
6
CONTINUOUS
10
0.2694196062992126
20
0.1096526771653543
11
0.2693721653543307
21
0.1097182677165354
0
LINE
8
BLACK
6
CONTINUOUS
10
0.2693721653543307
20
0.1097182677165354
11
0.2690524409448819
21
0.110139842519685
0
LINE
8
BLACK
6
CONTINUOUS
10
0.2690524409448819
20
0.110139842519685
11
0.2684597637795276
21
0.1109129527559055
0
LINE
8
BLACK
6
CONTINUOUS
10
0.2684597637795276
20
0.1109129527559055
11
0.2676238582677165
21
0.1119991338582677
0
LINE
8
BLACK
6
CONTINUOUS
10
0.2676238582677165
20
0.1119991338582677
11
0.2665744094488189
21
0.1133598818897638
0
LINE
8
BLACK
6
CONTINUOUS
10
0.2665744094488189
20
0.1133598818897638
11
0.2653411417322835
21
0.1149567716535433
0
LINE
8
BLACK
6
CONTINUOUS
10
0.2653411417322835
20
0.1149567716535433
11
0.2639537007874015
21
0.1167511417322835
0
LINE
8
BLACK
6
CONTINUOUS
10
0.2639537007874015
20
0.1167511417322835
11
0.2624418503937008
21
0.1187046456692913
0
LINE
8
BLACK
6
CONTINUOUS
10
0.2624418503937008
20
0.1187046456692913
11
0.2608352755905512
21
0.1207787007874016
0
LINE
8
BLACK
6
CONTINUOUS
10
0.2608352755905512
20
0.1207787007874016
11
0.2600829921259842
21
0.1217496456692913
0
LINE
8
BLACK
6
CONTINUOUS
10
0.2600829921259842
20
0.1217496456692913
11
0.2585142519685039
21
0.123776062992126
0
LINE
8
BLACK
6
CONTINUOUS
10
0.2585142519685039
20
0.123776062992126
11
0.257052874015748
21
0.1256659842519685
0
LINE
8
BLACK
6
CONTINUOUS
10
0.257052874015748
20
0.1256659842519685
11
0.2557287401574803
21
0.1273806299212598
0
LINE
8
BLACK
6
CONTINUOUS
10
0.2557287401574803
20
0.1273806299212598
11
0.2545716929133858
21
0.1288811417322835
0
LINE
8
BLACK
6
CONTINUOUS
10
0.2545716929133858
20
0.1288811417322835
11
0.2536116141732284
21
0.1301288188976378
0
LINE
8
BLACK
6
CONTINUOUS
10
0.2536116141732284
20
0.1301288188976378
11
0.2528785433070866
21
0.1310848031496063
0
LINE
8
BLACK
6
CONTINUOUS
10
0.2528785433070866
20
0.1310848031496063
11
0.2524022047244094
21
0.1317103937007874
0
LINE
8
BLACK
6
CONTINUOUS
10
0.2524022047244094
20
0.1317103937007874
11
0.2522125196850394
21
0.1319667716535433
0
LINE
8
BLACK
6
CONTINUOUS
10
0.2522125196850394
20
0.1319667716535433
11
0.2522407874015748
21
0.1320689763779528
0
LINE
8
BLACK
6
CONTINUOUS
10
0.2522407874015748
20
0.1320689763779528
11
0.2525709448818897
21
0.1321611811023622
0
LINE
8
BLACK
6
CONTINUOUS
10
0.2525709448818897
20
0.1321611811023622
11
0.2532716929133858
21
0.1322212204724409
0
LINE
8
BLACK
6
CONTINUOUS
10
0.2532716929133858
20
0.1322212204724409
11
0.2543914960629921
21
0.132252874015748
0
LINE
8
BLACK
6
CONTINUOUS
10
0.2543914960629921
20
0.132252874015748
11
0.255978779527559
21
0.1322599606299213
0
LINE
8
BLACK
6
CONTINUOUS
10
0.255978779527559
20
0.1322599606299213
11
0.2599315354330708
21
0.1322513779527559
0
LINE
8
BLACK
6
CONTINUOUS
10
0.301608031496063
20
0.1322167716535433
11
0.3023232677165354
21
0.1321867322834646
0
LINE
8
BLACK
6
CONTINUOUS
10
0.3023232677165354
20
0.1321867322834646
11
0.302619842519685
21
0.1321398031496063
0
LINE
8
BLACK
6
CONTINUOUS
10
0.302619842519685
20
0.1321398031496063
11
0.3026348818897638
21
0.1320832677165354
0
LINE
8
BLACK
6
CONTINUOUS
10
0.3026348818897638
20
0.1320832677165354
11
0.3027297244094488
21
0.1316102755905512
0
LINE
8
BLACK
6
CONTINUOUS
10
0.3027297244094488
20
0.1316102755905512
11
0.3029024015748031
21
0.1306962992125984
0
LINE
8
BLACK
6
CONTINUOUS
10
0.3029024015748031
20
0.1306962992125984
11
0.3031446456692913
21
0.1293879133858268
0
LINE
8
BLACK
6
CONTINUOUS
10
0.3031446456692913
20
0.1293879133858268
11
0.303448031496063
21
0.127731811023622
0
LINE
8
BLACK
6
CONTINUOUS
10
0.303448031496063
20
0.127731811023622
11
0.3038042913385827
21
0.1257745275590551
0
LINE
8
BLACK
6
CONTINUOUS
10
0.3038042913385827
20
0.1257745275590551
11
0.3042050393700788
21
0.1235627165354331
0
LINE
8
BLACK
6
CONTINUOUS
10
0.3042050393700788
20
0.1235627165354331
11
0.3046419291338582
21
0.1211429921259843
0
LINE
8
BLACK
6
CONTINUOUS
10
0.3046419291338582
20
0.1211429921259843
11
0.3051066535433071
21
0.1185619291338583
0
LINE
8
BLACK
6
CONTINUOUS
10
0.3051066535433071
20
0.1185619291338583
11
0.3055908661417323
21
0.1158662204724409
0
LINE
8
BLACK
6
CONTINUOUS
10
0.3055908661417323
20
0.1158662204724409
11
0.3060862204724409
21
0.1131024015748031
0
LINE
8
BLACK
6
CONTINUOUS
10
0.3060862204724409
20
0.1131024015748031
11
0.3065843700787402
21
0.110317125984252
0
LINE
8
BLACK
6
CONTINUOUS
10
0.3065843700787402
20
0.110317125984252
11
0.307076968503937
21
0.1075569291338583
0
LINE
8
BLACK
6
CONTINUOUS
10
0.307076968503937
20
0.1075569291338583
11
0.3075557086614173
21
0.1048685039370079
0
LINE
8
BLACK
6
CONTINUOUS
10
0.3075557086614173
20
0.1048685039370079
11
0.3080122440944882
21
0.1022984645669291
0
LINE
8
BLACK
6
CONTINUOUS
10
0.3080122440944882
20
0.1022984645669291
11
0.3084381496062992
21
0.0998933858267717
0
LINE
8
BLACK
6
CONTINUOUS
10
0.3084381496062992
20
0.0998933858267717
11
0.3088251968503937
21
0.0976998818897638
0
LINE
8
BLACK
6
CONTINUOUS
10
0.3088251968503937
20
0.0976998818897638
11
0.3091649606299213
21
0.0957646456692913
0
LINE
8
BLACK
6
CONTINUOUS
10
0.3091649606299213
20
0.0957646456692913
11
0.3094491732283465
21
0.0941341732283465
0
LINE
8
BLACK
6
CONTINUOUS
10
0.3094491732283465
20
0.0941341732283465
11
0.3096694488188976
21
0.092855157480315
0
LINE
8
BLACK
6
CONTINUOUS
10
0.3096694488188976
20
0.092855157480315
11
0.3098174803149606
21
0.0919741732283465
0
LINE
8
BLACK
6
CONTINUOUS
10
0.3098174803149606
20
0.0919741732283465
11
0.3098848818897638
21
0.091537874015748
0
LINE
8
BLACK
6
CONTINUOUS
10
0.3098848818897638
20
0.091537874015748
11
0.3098186614173228
21
0.0915306299212598
0
LINE
8
BLACK
6
CONTINUOUS
10
0.3098186614173228
20
0.0915306299212598
11
0.3093262992125984
21
0.0915173228346457
0
LINE
8
BLACK
6
CONTINUOUS
10
0.3093262992125984
20
0.0915173228346457
11
0.3083983858267716
21
0.0915051968503937
0
LINE
8
BLACK
6
CONTINUOUS
10
0.3083983858267716
20
0.0915051968503937
11
0.3070883464566929
21
0.0914945669291339
0
LINE
8
BLACK
6
CONTINUOUS
10
0.3070883464566929
20
0.0914945669291339
11
0.3054495669291338
21
0.0914857086614173
0
LINE
8
BLACK
6
CONTINUOUS
10
0.3054495669291338
20
0.0914857086614173
11
0.3035355118110236
21
0.0914790157480315
0
LINE
8
BLACK
6
CONTINUOUS
10
0.3035355118110236
20
0.0914790157480315
11
0.3013995275590551
21
0.0914747637795276
0
LINE
8
BLACK
6
CONTINUOUS
10
0.3013995275590551
20
0.0914747637795276
11
0.299095
21
0.0914732677165354
0
LINE
8
BLACK
6
CONTINUOUS
10
0.299095
20
0.0914732677165354
11
0.2882972047244095
21
0.0914732677165354
0
LINE
8
BLACK
6
CONTINUOUS
10
0.2882972047244095
20
0.0914732677165354
11
0.2877342913385827
21
0.0946666141732283
0
LINE
8
BLACK
6
CONTINUOUS
10
0.2877342913385827
20
0.0946666141732283
11
0.2877209448818898
21
0.0947425984251968
0
LINE
8
BLACK
6
CONTINUOUS
10
0.2877209448818898
20
0.0947425984251968
11
0.2875070472440945
21
0.095991968503937
0
LINE
8
BLACK
6
CONTINUOUS
10
0.2875070472440945
20
0.095991968503937
11
0.2873324015748032
21
0.0970739763779528
0
LINE
8
BLACK
6
CONTINUOUS
10
0.2873324015748032
20
0.0970739763779528
11
0.2872146062992126
21
0.0978749606299213
0
LINE
8
BLACK
6
CONTINUOUS
10
0.2872146062992126
20
0.0978749606299213
11
0.2871714173228346
21
0.0982814173228346
0
LINE
8
BLACK
6
CONTINUOUS
10
0.2871714173228346
20
0.0982814173228346
11
0.2871714960629921
21
0.098288937007874
0
LINE
8
BLACK
6
CONTINUOUS
10
0.2871714960629921
20
0.098288937007874
11
0.2872180708661417
21
0.0984136220472441
0
LINE
8
BLACK
6
CONTINUOUS
10
0.2872180708661417
20
0.0984136220472441
11
0.287388188976378
21
0.0985107086614173
0
LINE
8
BLACK
6
CONTINUOUS
10
0.287388188976378
20
0.0985107086614173
11
0.2877379527559055
21
0.0985835433070866
0
LINE
8
BLACK
6
CONTINUOUS
10
0.2877379527559055
20
0.0985835433070866
11
0.2883235039370078
21
0.0986355118110236
0
LINE
8
BLACK
6
CONTINUOUS
10
0.2883235039370078
20
0.0986355118110236
11
0.2892009448818897
21
0.0986700393700787
0
LINE
8
BLACK
6
CONTINUOUS
10
0.2892009448818897
20
0.0986700393700787
11
0.2904263779527559
21
0.0986905118110236
0
LINE
8
BLACK
6
CONTINUOUS
10
0.2904263779527559
20
0.0986905118110236
11
0.2920559448818897
21
0.0987002755905512
0
LINE
8
BLACK
6
CONTINUOUS
10
0.2920559448818897
20
0.0987002755905512
11
0.2941457874015748
21
0.0987027952755905
0
LINE
8
BLACK
6
CONTINUOUS
10
0.2941457874015748
20
0.0987027952755905
11
0.3011201968503937
21
0.0987027952755905
0
LINE
8
BLACK
6
CONTINUOUS
10
0.3011201968503937
20
0.0987027952755905
11
0.3009638188976378
21
0.0996711023622047
0
LINE
8
BLACK
6
CONTINUOUS
10
0.3009638188976378
20
0.0996711023622047
11
0.3009611811023622
21
0.0996870078740157
0
LINE
8
BLACK
6
CONTINUOUS
10
0.3009611811023622
20
0.0996870078740157
11
0.3008825984251968
21
0.1001486614173228
0
LINE
8
BLACK
6
CONTINUOUS
10
0.3008825984251968
20
0.1001486614173228
11
0.3007235433070866
21
0.1010682283464567
0
LINE
8
BLACK
6
CONTINUOUS
10
0.3007235433070866
20
0.1010682283464567
11
0.3004921653543307
21
0.1023988582677165
0
LINE
8
BLACK
6
CONTINUOUS
10
0.3004921653543307
20
0.1023988582677165
11
0.3001966929133858
21
0.1040936614173228
0
LINE
8
BLACK
6
CONTINUOUS
10
0.3001966929133858
20
0.1040936614173228
11
0.2998453149606299
21
0.1061057480314961
0
LINE
8
BLACK
6
CONTINUOUS
10
0.2998453149606299
20
0.1061057480314961
11
0.2994461811023622
21
0.1083882283464567
0
LINE
8
BLACK
6
CONTINUOUS
10
0.2994461811023622
20
0.1083882283464567
11
0.2990075196850394
21
0.1108942519685039
0
LINE
8
BLACK
6
CONTINUOUS
10
0.2990075196850394
20
0.1108942519685039
11
0.2985375196850394
21
0.113576968503937
0
LINE
8
BLACK
6
CONTINUOUS
10
0.2985375196850394
20
0.113576968503937
11
0.2980443307086614
21
0.1163893307086614
0
LINE
8
BLACK
6
CONTINUOUS
10
0.2980443307086614
20
0.1163893307086614
11
0.2952812598425197
21
0.1321394094488189
0
LINE
8
BLACK
6
CONTINUOUS
10
0.2952812598425197
20
0.1321394094488189
11
0.2988788976377953
21
0.1322112598425197
0
LINE
8
BLACK
6
CONTINUOUS
10
0.2988788976377953
20
0.1322112598425197
11
0.2993116929133858
21
0.1322188582677165
0
LINE
8
BLACK
6
CONTINUOUS
10
0.2993116929133858
20
0.1322188582677165
11
0.3005716535433071
21
0.1322281496062992
0
LINE
8
BLACK
6
CONTINUOUS
10
0.3005716535433071
20
0.1322281496062992
11
0.301608031496063
21
0.1322167716535433
0
LINE
8
BLACK
6
CONTINUOUS
10
0.3319687007874016
20
0.1322670472440945
11
0.3354405511811023
21
0.1124511023622047
0
LINE
8
BLACK
6
CONTINUOUS
10
0.3354405511811023
20
0.1124511023622047
11
0.3355648031496063
21
0.1117418897637795
0
LINE
8
BLACK
6
CONTINUOUS
10
0.3355648031496063
20
0.1117418897637795
11
0.3361106692913386
21
0.1086268897637795
0
LINE
8
BLACK
6
CONTINUOUS
10
0.3361106692913386
20
0.1086268897637795
11
0.3366308267716535
21
0.1056597244094488
0
LINE
8
BLACK
6
CONTINUOUS
10
0.3366308267716535
20
0.1056597244094488
11
0.3371182283464567
21
0.1028804330708661
0
LINE
8
BLACK
6
CONTINUOUS
10
0.3371182283464567
20
0.1028804330708661
11
0.3375657480314961
21
0.100329094488189
0
LINE
8
BLACK
6
CONTINUOUS
10
0.3375657480314961
20
0.100329094488189
11
0.3379664566929134
21
0.098045905511811
0
LINE
8
BLACK
6
CONTINUOUS
10
0.3379664566929134
20
0.098045905511811
11
0.3383132677165354
21
0.0960708267716535
0
LINE
8
BLACK
6
CONTINUOUS
10
0.3383132677165354
20
0.0960708267716535
11
0.3385991338582677
21
0.0944440551181102
0
LINE
8
BLACK
6
CONTINUOUS
10
0.3385991338582677
20
0.0944440551181102
11
0.3388170866141732
21
0.0932055511811024
0
LINE
8
BLACK
6
CONTINUOUS
10
0.3388170866141732
20
0.0932055511811024
11
0.33896
21
0.0923956299212598
0
LINE
8
BLACK
6
CONTINUOUS
10
0.33896
20
0.0923956299212598
11
0.3390208661417323
21
0.0920542125984252
0
LINE
8
BLACK
6
CONTINUOUS
10
0.3390208661417323
20
0.0920542125984252
11
0.3390446062992126
21
0.0919129133858268
0
LINE
8
BLACK
6
CONTINUOUS
10
0.3390446062992126
20
0.0919129133858268
11
0.3390296062992126
21
0.0917277559055118
0
LINE
8
BLACK
6
CONTINUOUS
10
0.3390296062992126
20
0.0917277559055118
11
0.3388787401574803
21
0.0916036220472441
0
LINE
8
BLACK
6
CONTINUOUS
10
0.3388787401574803
20
0.0916036220472441
11
0.3385159842519685
21
0.0915283070866142
0
LINE
8
BLACK
6
CONTINUOUS
10
0.3385159842519685
20
0.0915283070866142
11
0.3378651968503937
21
0.0914896062992126
0
LINE
8
BLACK
6
CONTINUOUS
10
0.3378651968503937
20
0.0914896062992126
11
0.3368502362204724
21
0.0914753149606299
0
LINE
8
BLACK
6
CONTINUOUS
10
0.3368502362204724
20
0.0914753149606299
11
0.3353949606299212
21
0.0914732677165354
0
LINE
8
BLACK
6
CONTINUOUS
10
0.3353949606299212
20
0.0914732677165354
11
0.3316605905511811
21
0.0914732677165354
0
LINE
8
BLACK
6
CONTINUOUS
10
0.3316605905511811
20
0.0914732677165354
11
0.3311295669291339
21
0.0945070866141732
0
LINE
8
BLACK
6
CONTINUOUS
10
0.3311295669291339
20
0.0945070866141732
11
0.3310964960629921
21
0.094696062992126
0
LINE
8
BLACK
6
CONTINUOUS
10
0.3310964960629921
20
0.094696062992126
11
0.3308735826771653
21
0.0959739763779528
0
LINE
8
BLACK
6
CONTINUOUS
10
0.3308735826771653
20
0.0959739763779528
11
0.3305900787401575
21
0.0976039763779527
0
LINE
8
BLACK
6
CONTINUOUS
10
0.3305900787401575
20
0.0976039763779527
11
0.330268937007874
21
0.0994540157480315
0
LINE
8
BLACK
6
CONTINUOUS
10
0.330268937007874
20
0.0994540157480315
11
0.329933031496063
21
0.101391811023622
0
LINE
8
BLACK
6
CONTINUOUS
10
0.329933031496063
20
0.101391811023622
11
0.3296053149606299
21
0.1032853937007874
0
LINE
8
BLACK
6
CONTINUOUS
10
0.3296053149606299
20
0.1032853937007874
11
0.3286121259842519
21
0.1090299212598425
0
LINE
8
BLACK
6
CONTINUOUS
10
0.3286121259842519
20
0.1090299212598425
11
0.3220926377952756
21
0.1090303149606299
0
LINE
8
BLACK
6
CONTINUOUS
10
0.3220926377952756
20
0.1090303149606299
11
0.3205948818897638
21
0.1090341732283465
0
LINE
8
BLACK
6
CONTINUOUS
10
0.3205948818897638
20
0.1090341732283465
11
0.3189705118110236
21
0.1090478346456693
0
LINE
8
BLACK
6
CONTINUOUS
10
0.3189705118110236
20
0.1090478346456693
11
0.3175873622047244
21
0.1090699606299213
0
LINE
8
BLACK
6
CONTINUOUS
10
0.3175873622047244
20
0.1090699606299213
11
0.3165142125984252
21
0.1090989763779528
0
LINE
8
BLACK
6
CONTINUOUS
10
0.3165142125984252
20
0.1090989763779528
11
0.3158198818897638
21
0.1091334645669291
0
LINE
8
BLACK
6
CONTINUOUS
10
0.3158198818897638
20
0.1091334645669291
11
0.3155731496062992
21
0.1091719291338583
0
LINE
8
BLACK
6
CONTINUOUS
10
0.3155731496062992
20
0.1091719291338583
11
0.3155718897637795
21
0.1091955511811024
0
LINE
8
BLACK
6
CONTINUOUS
10
0.3155718897637795
20
0.1091955511811024
11
0.3155140157480315
21
0.1096028346456693
0
LINE
8
BLACK
6
CONTINUOUS
10
0.3155140157480315
20
0.1096028346456693
11
0.315386062992126
21
0.1103748818897638
0
LINE
8
BLACK
6
CONTINUOUS
10
0.315386062992126
20
0.1103748818897638
11
0.31521
21
0.1113892125984252
0
LINE
8
BLACK
6
CONTINUOUS
10
0.31521
20
0.1113892125984252
11
0.3150079527559055
21
0.1125233858267717
0
LINE
8
BLACK
6
CONTINUOUS
10
0.3150079527559055
20
0.1125233858267717
11
0.314801811023622
21
0.1136549212598425
0
LINE
8
BLACK
6
CONTINUOUS
10
0.314801811023622
20
0.1136549212598425
11
0.3146137401574803
21
0.1146612204724409
0
LINE
8
BLACK
6
CONTINUOUS
10
0.3146137401574803
20
0.1146612204724409
11
0.3144656692913386
21
0.1154198818897638
0
LINE
8
BLACK
6
CONTINUOUS
10
0.3144656692913386
20
0.1154198818897638
11
0.3143796850393701
21
0.1158084251968504
0
LINE
8
BLACK
6
CONTINUOUS
10
0.3143796850393701
20
0.1158084251968504
11
0.3143761023622047
21
0.1158211023622047
0
LINE
8
BLACK
6
CONTINUOUS
10
0.3143761023622047
20
0.1158211023622047
11
0.3143715354330708
21
0.1159576377952756
0
LINE
8
BLACK
6
CONTINUOUS
10
0.3143715354330708
20
0.1159576377952756
11
0.3144794094488189
21
0.1160625590551181
0
LINE
8
BLACK
6
CONTINUOUS
10
0.3144794094488189
20
0.1160625590551181
11
0.3147574409448819
21
0.1161401181102362
0
LINE
8
BLACK
6
CONTINUOUS
10
0.3147574409448819
20
0.1161401181102362
11
0.3152633464566929
21
0.1161943307086614
0
LINE
8
BLACK
6
CONTINUOUS
10
0.3152633464566929
20
0.1161943307086614
11
0.316054842519685
21
0.1162293307086614
0
LINE
8
BLACK
6
CONTINUOUS
10
0.316054842519685
20
0.1162293307086614
11
0.3171895669291339
21
0.1162492519685039
0
LINE
8
BLACK
6
CONTINUOUS
10
0.3171895669291339
20
0.1162492519685039
11
0.3187253149606299
21
0.1162581496062992
0
LINE
8
BLACK
6
CONTINUOUS
10
0.3187253149606299
20
0.1162581496062992
11
0.3207197244094488
21
0.1162602755905512
0
LINE
8
BLACK
6
CONTINUOUS
10
0.3207197244094488
20
0.1162602755905512
11
0.3207424803149606
21
0.1162602755905512
0
LINE
8
BLACK
6
CONTINUOUS
10
0.3207424803149606
20
0.1162602755905512
11
0.3227350787401575
21
0.1162625590551181
0
LINE
8
BLACK
6
CONTINUOUS
10
0.3227350787401575
20
0.1162625590551181
11
0.3242707086614173
21
0.1162720866141732
0
LINE
8
BLACK
6
CONTINUOUS
10
0.3242707086614173
20
0.1162720866141732
11
0.3254080708661417
21
0.116293031496063
0
LINE
8
BLACK
6
CONTINUOUS
10
0.3254080708661417
20
0.116293031496063
11
0.326206062992126
21
0.1163294094488189
0
LINE
8
BLACK
6
CONTINUOUS
10
0.326206062992126
20
0.1163294094488189
11
0.3267233858267716
21
0.1163854330708661
0
LINE
8
BLACK
6
CONTINUOUS
10
0.3267233858267716
20
0.1163854330708661
11
0.3270188976377953
21
0.1164651181102362
0
LINE
8
BLACK
6
CONTINUOUS
10
0.3270188976377953
20
0.1164651181102362
11
0.3271513779527559
21
0.1165726771653543
0
LINE
8
BLACK
6
CONTINUOUS
10
0.3271513779527559
20
0.1165726771653543
11
0.3271795669291339
21
0.1167120866141732
0
LINE
8
BLACK
6
CONTINUOUS
10
0.3271795669291339
20
0.1167120866141732
11
0.3271666929133858
21
0.1168486220472441
0
LINE
8
BLACK
6
CONTINUOUS
10
0.3271666929133858
20
0.1168486220472441
11
0.3270775196850393
21
0.1174595669291339
0
LINE
8
BLACK
6
CONTINUOUS
10
0.3270775196850393
20
0.1174595669291339
11
0.326918031496063
21
0.1184286614173228
0
LINE
8
BLACK
6
CONTINUOUS
10
0.326918031496063
20
0.1184286614173228
11
0.3267051968503937
21
0.1196548031496063
0
LINE
8
BLACK
6
CONTINUOUS
10
0.3267051968503937
20
0.1196548031496063
11
0.3264558267716535
21
0.1210369291338583
0
LINE
8
BLACK
6
CONTINUOUS
10
0.3264558267716535
20
0.1210369291338583
11
0.3257446062992126
21
0.1249098818897638
0
LINE
8
BLACK
6
CONTINUOUS
10
0.3257446062992126
20
0.1249098818897638
11
0.3173606299212599
21
0.124977874015748
0
LINE
8
BLACK
6
CONTINUOUS
10
0.3173606299212599
20
0.124977874015748
11
0.3089766535433071
21
0.125045905511811
0
LINE
8
BLACK
6
CONTINUOUS
10
0.3089766535433071
20
0.125045905511811
11
0.308396968503937
21
0.1284635433070866
0
LINE
8
BLACK
6
CONTINUOUS
10
0.308396968503937
20
0.1284635433070866
11
0.3083452755905512
21
0.1287693307086614
0
LINE
8
BLACK
6
CONTINUOUS
10
0.3083452755905512
20
0.1287693307086614
11
0.3081388976377953
21
0.1300087007874016
0
LINE
8
BLACK
6
CONTINUOUS
10
0.3081388976377953
20
0.1300087007874016
11
0.3079723228346457
21
0.1310394881889764
0
LINE
8
BLACK
6
CONTINUOUS
10
0.3079723228346457
20
0.1310394881889764
11
0.3078614960629921
21
0.1317615748031496
0
LINE
8
BLACK
6
CONTINUOUS
10
0.3078614960629921
20
0.1317615748031496
11
0.3078222440944882
21
0.1320748818897638
0
LINE
8
BLACK
6
CONTINUOUS
10
0.3078222440944882
20
0.1320748818897638
11
0.308046220472441
21
0.1321118897637795
0
LINE
8
BLACK
6
CONTINUOUS
10
0.308046220472441
20
0.1321118897637795
11
0.3087380708661417
21
0.1321485433070866
0
LINE
8
BLACK
6
CONTINUOUS
10
0.3087380708661417
20
0.1321485433070866
11
0.3098479921259842
21
0.1321817322834646
0
LINE
8
BLACK
6
CONTINUOUS
10
0.3098479921259842
20
0.1321817322834646
11
0.3113253937007874
21
0.1322106692913386
0
LINE
8
BLACK
6
CONTINUOUS
10
0.3113253937007874
20
0.1322106692913386
11
0.3131196456692913
21
0.1322345669291339
0
LINE
8
BLACK
6
CONTINUOUS
10
0.3131196456692913
20
0.1322345669291339
11
0.3151802362204724
21
0.1322525984251968
0
LINE
8
BLACK
6
CONTINUOUS
10
0.3151802362204724
20
0.1322525984251968
11
0.3174565354330708
21
0.132263937007874
0
LINE
8
BLACK
6
CONTINUOUS
10
0.3174565354330708
20
0.132263937007874
11
0.3198979527559055
21
0.1322677952755905
0
LINE
8
BLACK
6
CONTINUOUS
10
0.3198979527559055
20
0.1322677952755905
11
0.3319687007874016
21
0.1322670472440945
0
LINE
8
BLACK
6
CONTINUOUS
10
0.3731512204724409
20
0.0914732677165354
11
0.3656635433070866
21
0.0914732677165354
0
LINE
8
BLACK
6
CONTINUOUS
10
0.3656635433070866
20
0.0914732677165354
11
0.3656635433070866
21
0.1067207480314961
0
LINE
8
BLACK
6
CONTINUOUS
10
0.3656635433070866
20
0.1067207480314961
11
0.358130157480315
21
0.1065778346456693
0
LINE
8
BLACK
6
CONTINUOUS
10
0.358130157480315
20
0.1065778346456693
11
0.3542154724409449
21
0.0990310236220472
0
LINE
8
BLACK
6
CONTINUOUS
10
0.3542154724409449
20
0.0990310236220472
11
0.3503007480314961
21
0.0914841732283465
0
LINE
8
BLACK
6
CONTINUOUS
10
0.3503007480314961
20
0.0914841732283465
11
0.3460924015748031
21
0.0914787401574803
0
LINE
8
BLACK
6
CONTINUOUS
10
0.3460924015748031
20
0.0914787401574803
11
0.3418840157480315
21
0.0914732677165354
0
LINE
8
BLACK
6
CONTINUOUS
10
0.3418840157480315
20
0.0914732677165354
11
0.3427772440944882
21
0.0930870078740157
0
LINE
8
BLACK
6
CONTINUOUS
10
0.3427772440944882
20
0.0930870078740157
11
0.3433472047244094
21
0.0941233464566929
0
LINE
8
BLACK
6
CONTINUOUS
10
0.3433472047244094
20
0.0941233464566929
11
0.3441234645669291
21
0.0955490551181102
0
LINE
8
BLACK
6
CONTINUOUS
10
0.3441234645669291
20
0.0955490551181102
11
0.3449801181102362
21
0.0971344094488189
0
LINE
8
BLACK
6
CONTINUOUS
10
0.3449801181102362
20
0.0971344094488189
11
0.3458845669291338
21
0.0988179527559055
0
LINE
8
BLACK
6
CONTINUOUS
10
0.3458845669291338
20
0.0988179527559055
11
0.346804251968504
21
0.1005383070866142
0
LINE
8
BLACK
6
CONTINUOUS
10
0.346804251968504
20
0.1005383070866142
11
0.3477066535433071
21
0.102234094488189
0
LINE
8
BLACK
6
CONTINUOUS
10
0.3477066535433071
20
0.102234094488189
11
0.3485590157480315
21
0.1038438976377953
0
LINE
8
BLACK
6
CONTINUOUS
10
0.3485590157480315
20
0.1038438976377953
11
0.3493288976377953
21
0.1053062992125984
0
LINE
8
BLACK
6
CONTINUOUS
10
0.3493288976377953
20
0.1053062992125984
11
0.3499837007874015
21
0.1065599606299213
0
LINE
8
BLACK
6
CONTINUOUS
10
0.3499837007874015
20
0.1065599606299213
11
0.3504908661417322
21
0.1075434645669291
0
LINE
8
BLACK
6
CONTINUOUS
10
0.3504908661417322
20
0.1075434645669291
11
0.3508177559055118
21
0.1081953937007874
0
LINE
8
BLACK
6
CONTINUOUS
10
0.3508177559055118
20
0.1081953937007874
11
0.350931811023622
21
0.1084543307086614
0
LINE
8
BLACK
6
CONTINUOUS
10
0.350931811023622
20
0.1084543307086614
11
0.3508941732283464
21
0.1085153543307087
0
LINE
8
BLACK
6
CONTINUOUS
10
0.3508941732283464
20
0.1085153543307087
11
0.3505431102362205
21
0.1088350393700787
0
LINE
8
BLACK
6
CONTINUOUS
10
0.3505431102362205
20
0.1088350393700787
11
0.3499035826771654
21
0.1093341732283465
0
LINE
8
BLACK
6
CONTINUOUS
10
0.3499035826771654
20
0.1093341732283465
11
0.3490738188976378
21
0.1099344094488189
0
LINE
8
BLACK
6
CONTINUOUS
10
0.3490738188976378
20
0.1099344094488189
11
0.3473669291338582
21
0.1113544881889764
0
LINE
8
BLACK
6
CONTINUOUS
10
0.3473669291338582
20
0.1113544881889764
11
0.345970157480315
21
0.1130824015748031
0
LINE
8
BLACK
6
CONTINUOUS
10
0.345970157480315
20
0.1130824015748031
11
0.3449937007874015
21
0.1150653937007874
0
LINE
8
BLACK
6
CONTINUOUS
10
0.3449937007874015
20
0.1150653937007874
11
0.3444203937007874
21
0.117338937007874
0
LINE
8
BLACK
6
CONTINUOUS
10
0.3444203937007874
20
0.117338937007874
11
0.3442331102362204
21
0.1199383858267716
0
LINE
8
BLACK
6
CONTINUOUS
10
0.3442331102362204
20
0.1199383858267716
11
0.3443422834645669
21
0.1219605511811024
0
LINE
8
BLACK
6
CONTINUOUS
10
0.3443422834645669
20
0.1219605511811024
11
0.344834842519685
21
0.1243898818897638
0
LINE
8
BLACK
6
CONTINUOUS
10
0.344834842519685
20
0.1243898818897638
11
0.3457274409448819
21
0.1264933858267716
0
LINE
8
BLACK
6
CONTINUOUS
10
0.3457274409448819
20
0.1264933858267716
11
0.3470240157480315
21
0.1282759448818898
0
LINE
8
BLACK
6
CONTINUOUS
10
0.3470240157480315
20
0.1282759448818898
11
0.3487283858267716
21
0.1297425984251968
0
LINE
8
BLACK
6
CONTINUOUS
10
0.3487283858267716
20
0.1297425984251968
11
0.3508443700787401
21
0.1308983070866142
0
LINE
8
BLACK
6
CONTINUOUS
10
0.3508443700787401
20
0.1308983070866142
11
0.3533758661417323
21
0.131748031496063
0
LINE
8
BLACK
6
CONTINUOUS
10
0.3533758661417323
20
0.131748031496063
11
0.3533982677165354
21
0.1317537007874016
0
LINE
8
BLACK
6
CONTINUOUS
10
0.3533982677165354
20
0.1317537007874016
11
0.3539920866141732
21
0.1318943307086614
0
LINE
8
BLACK
6
CONTINUOUS
10
0.3539920866141732
20
0.1318943307086614
11
0.3545906299212598
21
0.132006968503937
0
LINE
8
BLACK
6
CONTINUOUS
10
0.3545906299212598
20
0.132006968503937
11
0.3552577952755905
21
0.1320946456692913
0
LINE
8
BLACK
6
CONTINUOUS
10
0.3552577952755905
20
0.1320946456692913
11
0.3560576377952756
21
0.1321605118110236
0
LINE
8
BLACK
6
CONTINUOUS
10
0.3560576377952756
20
0.1321605118110236
11
0.3570540157480315
21
0.1322075196850394
0
LINE
8
BLACK
6
CONTINUOUS
10
0.3570540157480315
20
0.1322075196850394
11
0.3583109842519685
21
0.1322387795275591
0
LINE
8
BLACK
6
CONTINUOUS
10
0.3583109842519685
20
0.1322387795275591
11
0.3598924409448819
21
0.1322573228346457
0
LINE
8
BLACK
6
CONTINUOUS
10
0.3598924409448819
20
0.1322573228346457
11
0.3618624015748031
21
0.1322662204724409
0
LINE
8
BLACK
6
CONTINUOUS
10
0.3618624015748031
20
0.1322662204724409
11
0.3642847244094488
21
0.1322685039370079
0
LINE
8
BLACK
6
CONTINUOUS
10
0.3642847244094488
20
0.1322685039370079
11
0.3731512598425197
21
0.1322685039370079
0
LINE
8
BLACK
6
CONTINUOUS
10
0.3731512598425197
20
0.1322685039370079
11
0.3731512598425197
21
0.126122874015748
0
LINE
8
BLACK
6
CONTINUOUS
10
0.3731512598425197
20
0.126122874015748
11
0.3731512204724409
21
0.0914732677165354
0
LINE
8
BLACK
6
CONTINUOUS
10
0.3612096062992126
20
0.1260293700787402
11
0.3600642519685039
21
0.1260035826771654
0
LINE
8
BLACK
6
CONTINUOUS
10
0.3600642519685039
20
0.1260035826771654
11
0.3587127559055118
21
0.1259610236220473
0
LINE
8
BLACK
6
CONTINUOUS
10
0.3587127559055118
20
0.1259610236220473
11
0.3577137401574803
21
0.1259022834645669
0
LINE
8
BLACK
6
CONTINUOUS
10
0.3577137401574803
20
0.1259022834645669
11
0.3569688582677165
21
0.1258143700787402
0
LINE
8
BLACK
6
CONTINUOUS
10
0.3569688582677165
20
0.1258143700787402
11
0.3563798031496063
21
0.1256842913385827
0
LINE
8
BLACK
6
CONTINUOUS
10
0.3563798031496063
20
0.1256842913385827
11
0.3558482677165354
21
0.1254990551181102
0
LINE
8
BLACK
6
CONTINUOUS
10
0.3558482677165354
20
0.1254990551181102
11
0.3552758267716535
21
0.1252456692913386
0
LINE
8
BLACK
6
CONTINUOUS
10
0.3552758267716535
20
0.1252456692913386
11
0.3552397637795275
21
0.1252287007874016
0
LINE
8
BLACK
6
CONTINUOUS
10
0.3552397637795275
20
0.1252287007874016
11
0.3538713385826772
21
0.1243107086614173
0
LINE
8
BLACK
6
CONTINUOUS
10
0.3538713385826772
20
0.1243107086614173
11
0.3528595669291338
21
0.1230551181102362
0
LINE
8
BLACK
6
CONTINUOUS
10
0.3528595669291338
20
0.1230551181102362
11
0.3522275984251969
21
0.1215177952755905
0
LINE
8
BLACK
6
CONTINUOUS
10
0.3522275984251969
20
0.1215177952755905
11
0.3519986614173228
21
0.1197546456692913
0
LINE
8
BLACK
6
CONTINUOUS
10
0.3519986614173228
20
0.1197546456692913
11
0.3521958661417323
21
0.1178214173228346
0
LINE
8
BLACK
6
CONTINUOUS
10
0.3521958661417323
20
0.1178214173228346
11
0.3523233070866142
21
0.1173096062992126
0
LINE
8
BLACK
6
CONTINUOUS
10
0.3523233070866142
20
0.1173096062992126
11
0.3529606299212598
21
0.1159008661417323
0
LINE
8
BLACK
6
CONTINUOUS
10
0.3529606299212598
20
0.1159008661417323
11
0.3539947244094488
21
0.1147540157480315
0
LINE
8
BLACK
6
CONTINUOUS
10
0.3539947244094488
20
0.1147540157480315
11
0.3554759448818898
21
0.1138073622047244
0
LINE
8
BLACK
6
CONTINUOUS
10
0.3554759448818898
20
0.1138073622047244
11
0.3559846456692913
21
0.1135575984251968
0
LINE
8
BLACK
6
CONTINUOUS
10
0.3559846456692913
20
0.1135575984251968
11
0.3565042519685039
21
0.1133400787401575
0
LINE
8
BLACK
6
CONTINUOUS
10
0.3565042519685039
20
0.1133400787401575
11
0.3570394094488189
21
0.1131882677165354
0
LINE
8
BLACK
6
CONTINUOUS
10
0.3570394094488189
20
0.1131882677165354
11
0.3576902755905512
21
0.1130873622047244
0
LINE
8
BLACK
6
CONTINUOUS
10
0.3576902755905512
20
0.1130873622047244
11
0.3585570472440945
21
0.1130225590551181
0
LINE
8
BLACK
6
CONTINUOUS
10
0.3585570472440945
20
0.1130225590551181
11
0.3597398031496063
21
0.112979094488189
0
LINE
8
BLACK
6
CONTINUOUS
10
0.3597398031496063
20
0.112979094488189
11
0.3613387007874015
21
0.1129422047244094
0
LINE
8
BLACK
6
CONTINUOUS
10
0.3613387007874015
20
0.1129422047244094
11
0.3656635433070866
21
0.1128516141732283
0
LINE
8
BLACK
6
CONTINUOUS
10
0.3656635433070866
20
0.1128516141732283
11
0.3656635433070866
21
0.126122874015748
0
LINE
8
BLACK
6
CONTINUOUS
10
0.3656635433070866
20
0.126122874015748
11
0.3612096062992126
21
0.1260293700787402
0
LINE
8
BLACK
6
CONTINUOUS
10
0.4059423228346457
20
0.0914732677165354
11
0.3790898031496063
21
0.0914732677165354
0
LINE
8
BLACK
6
CONTINUOUS
10
0.3790898031496063
20
0.0914732677165354
11
0.3790898031496063
21
0.0987027952755905
0
LINE
8
BLACK
6
CONTINUOUS
10
0.3790898031496063
20
0.0987027952755905
11
0.3981964566929134
21
0.0987027952755905
0
LINE
8
BLACK
6
CONTINUOUS
10
0.3981964566929134
20
0.0987027952755905
11
0.3981964566929134
21
0.1090307480314961
0
LINE
8
BLACK
6
CONTINUOUS
10
0.3981964566929134
20
0.1090307480314961
11
0.3839955511811023
21
0.1090307086614173
0
LINE
8
BLACK
6
CONTINUOUS
10
0.3839955511811023
20
0.1090307086614173
11
0.3839955511811023
21
0.1162602755905512
0
LINE
8
BLACK
6
CONTINUOUS
10
0.3839955511811023
20
0.1162602755905512
11
0.3981964566929134
21
0.1162602755905512
0
LINE
8
BLACK
6
CONTINUOUS
10
0.3981964566929134
20
0.1162602755905512
11
0.3981964566929134
21
0.1250389763779527
0
LINE
8
BLACK
6
CONTINUOUS
10
0.3981964566929134
20
0.1250389763779527
11
0.3796062204724409
21
0.1250389763779527
0
LINE
8
BLACK
6
CONTINUOUS
10
0.3796062204724409
20
0.1250389763779527
11
0.3796062204724409
21
0.1322685039370079
0
LINE
8
BLACK
6
CONTINUOUS
10
0.3796062204724409
20
0.1322685039370079
11
0.4059423622047244
21
0.1322685039370079
0
LINE
8
BLACK
6
CONTINUOUS
10
0.4059423622047244
20
0.1322685039370079
11
0.4059423228346457
21
0.0914732677165354
0
LINE
8
BLACK
6
CONTINUOUS
10
0.4472540157480315
20
0.0914732677165354
11
0.438368937007874
21
0.0914732677165354
0
LINE
8
BLACK
6
CONTINUOUS
10
0.438368937007874
20
0.0914732677165354
11
0.4369932677165354
21
0.0914745275590551
0
LINE
8
BLACK
6
CONTINUOUS
10
0.4369932677165354
20
0.0914745275590551
11
0.4345080708661417
21
0.091487125984252
0
LINE
8
BLACK
6
CONTINUOUS
10
0.4345080708661417
20
0.091487125984252
11
0.4324415354330708
21
0.091518188976378
0
LINE
8
BLACK
6
CONTINUOUS
10
0.4324415354330708
20
0.091518188976378
11
0.4307277952755905
21
0.0915735039370079
0
LINE
8
BLACK
6
CONTINUOUS
10
0.4307277952755905
20
0.0915735039370079
11
0.4293011811023622
21
0.091659094488189
0
LINE
8
BLACK
6
CONTINUOUS
10
0.4293011811023622
20
0.091659094488189
11
0.428095748031496
21
0.0917807874015748
0
LINE
8
BLACK
6
CONTINUOUS
10
0.428095748031496
20
0.0917807874015748
11
0.4270458267716535
21
0.0919445669291339
0
LINE
8
BLACK
6
CONTINUOUS
10
0.4270458267716535
20
0.0919445669291339
11
0.4260856299212598
21
0.0921561417322835
0
LINE
8
BLACK
6
CONTINUOUS
10
0.4260856299212598
20
0.0921561417322835
11
0.4251493700787402
21
0.0924216141732283
0
LINE
8
BLACK
6
CONTINUOUS
10
0.4251493700787402
20
0.0924216141732283
11
0.4241712204724409
21
0.0927467716535433
0
LINE
8
BLACK
6
CONTINUOUS
10
0.4241712204724409
20
0.0927467716535433
11
0.4224282677165354
21
0.0934586220472441
0
LINE
8
BLACK
6
CONTINUOUS
10
0.4224282677165354
20
0.0934586220472441
11
0.4198516929133858
21
0.0949407086614173
0
LINE
8
BLACK
6
CONTINUOUS
10
0.4198516929133858
20
0.0949407086614173
11
0.4175824409448819
21
0.0968082677165354
0
LINE
8
BLACK
6
CONTINUOUS
10
0.4175824409448819
20
0.0968082677165354
11
0.4156652755905512
21
0.099022125984252
0
LINE
8
BLACK
6
CONTINUOUS
10
0.4156652755905512
20
0.099022125984252
11
0.4141449212598425
21
0.1015429921259842
0
LINE
8
BLACK
6
CONTINUOUS
10
0.4141449212598425
20
0.1015429921259842
11
0.4135286614173228
21
0.102838031496063
0
LINE
8
BLACK
6
CONTINUOUS
10
0.4135286614173228
20
0.102838031496063
11
0.4129637007874016
21
0.1041813385826772
0
LINE
8
BLACK
6
CONTINUOUS
10
0.4129637007874016
20
0.1041813385826772
11
0.4125580708661417
21
0.1054257086614173
0
LINE
8
BLACK
6
CONTINUOUS
10
0.4125580708661417
20
0.1054257086614173
11
0.4122864960629921
21
0.1066939763779527
0
LINE
8
BLACK
6
CONTINUOUS
10
0.4122864960629921
20
0.1066939763779527
11
0.4121237401574803
21
0.1081090551181102
0
LINE
8
BLACK
6
CONTINUOUS
10
0.4121237401574803
20
0.1081090551181102
11
0.4120446062992126
21
0.1097937401574803
0
LINE
8
BLACK
6
CONTINUOUS
10
0.4120446062992126
20
0.1097937401574803
11
0.4120238582677165
21
0.111870905511811
0
LINE
8
BLACK
6
CONTINUOUS
10
0.4120238582677165
20
0.111870905511811
11
0.4120373622047244
21
0.1136164173228346
0
LINE
8
BLACK
6
CONTINUOUS
10
0.4120373622047244
20
0.1136164173228346
11
0.4121038582677165
21
0.1153516929133858
0
LINE
8
BLACK
6
CONTINUOUS
10
0.4121038582677165
20
0.1153516929133858
11
0.4122489763779528
21
0.1167984645669291
0
LINE
8
BLACK
6
CONTINUOUS
10
0.4122489763779528
20
0.1167984645669291
11
0.412497874015748
21
0.1180807480314961
0
LINE
8
BLACK
6
CONTINUOUS
10
0.412497874015748
20
0.1180807480314961
11
0.4128758267716535
21
0.1193226377952756
0
LINE
8
BLACK
6
CONTINUOUS
10
0.4128758267716535
20
0.1193226377952756
11
0.4134080708661417
21
0.120648188976378
0
LINE
8
BLACK
6
CONTINUOUS
10
0.4134080708661417
20
0.120648188976378
11
0.4141197637795275
21
0.1221813779527559
0
LINE
8
BLACK
6
CONTINUOUS
10
0.4141197637795275
20
0.1221813779527559
11
0.4142661417322834
21
0.1224815748031496
0
LINE
8
BLACK
6
CONTINUOUS
10
0.4142661417322834
20
0.1224815748031496
11
0.4148983464566929
21
0.1236709448818898
0
LINE
8
BLACK
6
CONTINUOUS
10
0.4148983464566929
20
0.1236709448818898
11
0.4155488582677165
21
0.1246590551181102
0
LINE
8
BLACK
6
CONTINUOUS
10
0.4155488582677165
20
0.1246590551181102
11
0.4163449212598425
21
0.1256220472440945
0
LINE
8
BLACK
6
CONTINUOUS
10
0.4163449212598425
20
0.1256220472440945
11
0.4174137401574803
21
0.1267357086614173
0
LINE
8
BLACK
6
CONTINUOUS
10
0.4174137401574803
20
0.1267357086614173
11
0.4176795275590551
21
0.1269996456692913
0
LINE
8
BLACK
6
CONTINUOUS
10
0.4176795275590551
20
0.1269996456692913
11
0.4187444094488189
21
0.1279972834645669
0
LINE
8
BLACK
6
CONTINUOUS
10
0.4187444094488189
20
0.1279972834645669
11
0.4196969291338583
21
0.12875
0
LINE
8
BLACK
6
CONTINUOUS
10
0.4196969291338583
20
0.12875
11
0.4207129133858268
21
0.1293848818897638
0
LINE
8
BLACK
6
CONTINUOUS
10
0.4207129133858268
20
0.1293848818897638
11
0.4219680708661417
21
0.130029094488189
0
LINE
8
BLACK
6
CONTINUOUS
10
0.4219680708661417
20
0.130029094488189
11
0.4223647637795275
21
0.1302201968503937
0
LINE
8
BLACK
6
CONTINUOUS
10
0.4223647637795275
20
0.1302201968503937
11
0.4233421653543307
21
0.1306823622047244
0
LINE
8
BLACK
6
CONTINUOUS
10
0.4233421653543307
20
0.1306823622047244
11
0.424208937007874
21
0.1310615748031496
0
LINE
8
BLACK
6
CONTINUOUS
10
0.424208937007874
20
0.1310615748031496
11
0.4250278346456693
21
0.1313666929133858
0
LINE
8
BLACK
6
CONTINUOUS
10
0.4250278346456693
20
0.1313666929133858
11
0.4258614960629921
21
0.1316065354330709
0
LINE
8
BLACK
6
CONTINUOUS
10
0.4258614960629921
20
0.1316065354330709
11
0.4267726771653543
21
0.1317899606299213
0
LINE
8
BLACK
6
CONTINUOUS
10
0.4267726771653543
20
0.1317899606299213
11
0.4278240157480315
21
0.1319258267716535
0
LINE
8
BLACK
6
CONTINUOUS
10
0.4278240157480315
20
0.1319258267716535
11
0.4290782677165354
21
0.132022874015748
0
LINE
8
BLACK
6
CONTINUOUS
10
0.4290782677165354
20
0.132022874015748
11
0.4305981102362205
21
0.1320900393700787
0
LINE
8
BLACK
6
CONTINUOUS
10
0.4305981102362205
20
0.1320900393700787
11
0.4324461811023622
21
0.1321361023622047
0
LINE
8
BLACK
6
CONTINUOUS
10
0.4324461811023622
20
0.1321361023622047
11
0.4346852362204724
21
0.1321699212598425
0
LINE
8
BLACK
6
CONTINUOUS
10
0.4346852362204724
20
0.1321699212598425
11
0.4373779527559055
21
0.1322002755905512
0
LINE
8
BLACK
6
CONTINUOUS
10
0.4373779527559055
20
0.1322002755905512
11
0.4472540157480315
21
0.1323064566929134
0
LINE
8
BLACK
6
CONTINUOUS
10
0.4472540157480315
20
0.1323064566929134
11
0.4472539763779527
21
0.1255908661417323
0
LINE
8
BLACK
6
CONTINUOUS
10
0.4472539763779527
20
0.1255908661417323
11
0.4472540157480315
21
0.0914732677165354
0
LINE
8
BLACK
6
CONTINUOUS
10
0.4340213779527559
20
0.1255085826771654
11
0.4282764960629921
21
0.1254262992125984
0
LINE
8
BLACK
6
CONTINUOUS
10
0.4282764960629921
20
0.1254262992125984
11
0.4265464173228347
21
0.1246066535433071
0
LINE
8
BLACK
6
CONTINUOUS
10
0.4265464173228347
20
0.1246066535433071
11
0.4264551574803149
21
0.1245629921259842
0
LINE
8
BLACK
6
CONTINUOUS
10
0.4264551574803149
20
0.1245629921259842
11
0.4244876771653543
21
0.1233475984251969
0
LINE
8
BLACK
6
CONTINUOUS
10
0.4244876771653543
20
0.1233475984251969
11
0.4228840157480315
21
0.1217793307086614
0
LINE
8
BLACK
6
CONTINUOUS
10
0.4228840157480315
20
0.1217793307086614
11
0.4216414173228346
21
0.1198527952755905
0
LINE
8
BLACK
6
CONTINUOUS
10
0.4216414173228346
20
0.1198527952755905
11
0.4207572047244094
21
0.1175627559055118
0
LINE
8
BLACK
6
CONTINUOUS
10
0.4207572047244094
20
0.1175627559055118
11
0.4202286614173228
21
0.1149038976377953
0
LINE
8
BLACK
6
CONTINUOUS
10
0.4202286614173228
20
0.1149038976377953
11
0.4200530708661417
21
0.111870905511811
0
LINE
8
BLACK
6
CONTINUOUS
10
0.4200530708661417
20
0.111870905511811
11
0.4200533858267717
21
0.1117350393700787
0
LINE
8
BLACK
6
CONTINUOUS
10
0.4200533858267717
20
0.1117350393700787
11
0.4202438188976378
21
0.1087179527559055
0
LINE
8
BLACK
6
CONTINUOUS
10
0.4202438188976378
20
0.1087179527559055
11
0.4207873622047244
21
0.1060748031496063
0
LINE
8
BLACK
6
CONTINUOUS
10
0.4207873622047244
20
0.1060748031496063
11
0.4216866535433071
21
0.1038002755905512
0
LINE
8
BLACK
6
CONTINUOUS
10
0.4216866535433071
20
0.1038002755905512
11
0.4229444881889763
21
0.1018889763779528
0
LINE
8
BLACK
6
CONTINUOUS
10
0.4229444881889763
20
0.1018889763779528
11
0.4245634645669291
21
0.1003357086614173
0
LINE
8
BLACK
6
CONTINUOUS
10
0.4245634645669291
20
0.1003357086614173
11
0.4265463779527559
21
0.0991351181102362
0
LINE
8
BLACK
6
CONTINUOUS
10
0.4265463779527559
20
0.0991351181102362
11
0.4282764960629921
21
0.0983155118110236
0
LINE
8
BLACK
6
CONTINUOUS
10
0.4282764960629921
20
0.0983155118110236
11
0.4340213779527559
21
0.0982294881889764
0
LINE
8
BLACK
6
CONTINUOUS
10
0.4340213779527559
20
0.0982294881889764
11
0.4397662992125984
21
0.0981434645669291
0
LINE
8
BLACK
6
CONTINUOUS
10
0.4397662992125984
20
0.0981434645669291
11
0.4397662992125984
21
0.1255908661417323
0
LINE
8
BLACK
6
CONTINUOUS
10
0.4397662992125984
20
0.1255908661417323
11
0.4340213779527559
21
0.1255085826771654
0
LINE
8
BLACK
6
CONTINUOUS
10
0.4630049606299212
20
0.119165
11
0.4630057874015748
21
0.1060614566929134
0
LINE
8
BLACK
6
CONTINUOUS
10
0.4630057874015748
20
0.1060614566929134
11
0.471682125984252
21
0.119165
0
LINE
8
BLACK
6
CONTINUOUS
10
0.471682125984252
20
0.119165
11
0.4803584645669291
21
0.1322685039370079
0
LINE
8
BLACK
6
CONTINUOUS
10
0.4803584645669291
20
0.1322685039370079
11
0.487791062992126
21
0.1322685039370079
0
LINE
8
BLACK
6
CONTINUOUS
10
0.487791062992126
20
0.1322685039370079
11
0.487791062992126
21
0.0914732677165354
0
LINE
8
BLACK
6
CONTINUOUS
10
0.487791062992126
20
0.0914732677165354
11
0.4803033464566929
21
0.0914732677165354
0
LINE
8
BLACK
6
CONTINUOUS
10
0.4803033464566929
20
0.0914732677165354
11
0.4803030708661417
21
0.1054805118110236
0
LINE
8
BLACK
6
CONTINUOUS
10
0.4803030708661417
20
0.1054805118110236
11
0.4803027559055118
21
0.1194877165354331
0
LINE
8
BLACK
6
CONTINUOUS
10
0.4803027559055118
20
0.1194877165354331
11
0.470966062992126
21
0.1054805118110236
0
LINE
8
BLACK
6
CONTINUOUS
10
0.470966062992126
20
0.1054805118110236
11
0.4616294094488189
21
0.0914732677165354
0
LINE
8
BLACK
6
CONTINUOUS
10
0.4616294094488189
20
0.0914732677165354
11
0.4555162992125984
21
0.0914732677165354
0
LINE
8
BLACK
6
CONTINUOUS
10
0.4555162992125984
20
0.0914732677165354
11
0.4555163385826771
21
0.1322685039370079
0
LINE
8
BLACK
6
CONTINUOUS
10
0.4555163385826771
20
0.1322685039370079
11
0.463004094488189
21
0.1322685039370079
0
LINE
8
BLACK
6
CONTINUOUS
10
0.463004094488189
20
0.1322685039370079
11
0.4630049606299212
21
0.119165
0
LINE
8
BLACK
6
CONTINUOUS
10
0.5445946062992126
20
0.1162602755905512
11
0.563443031496063
21
0.1162602755905512
0
LINE
8
BLACK
6
CONTINUOUS
10
0.563443031496063
20
0.1162602755905512
11
0.563443031496063
21
0.1322685039370079
0
LINE
8
BLACK
6
CONTINUOUS
10
0.563443031496063
20
0.1322685039370079
11
0.570930748031496
21
0.1322685039370079
0
LINE
8
BLACK
6
CONTINUOUS
10
0.570930748031496
20
0.1322685039370079
11
0.5709307086614173
21
0.0914732677165354
0
LINE
8
BLACK
6
CONTINUOUS
10
0.5709307086614173
20
0.0914732677165354
11
0.563443031496063
21
0.0914732677165354
0
LINE
8
BLACK
6
CONTINUOUS
10
0.563443031496063
20
0.0914732677165354
11
0.5634430708661418
21
0.1090307086614173
0
LINE
8
BLACK
6
CONTINUOUS
10
0.5634430708661418
20
0.1090307086614173
11
0.5445946062992126
21
0.1090307086614173
0
LINE
8
BLACK
6
CONTINUOUS
10
0.5445946062992126
20
0.1090307086614173
11
0.5445946062992126
21
0.0914732677165354
0
LINE
8
BLACK
6
CONTINUOUS
10
0.5445946062992126
20
0.0914732677165354
11
0.5371068503937008
21
0.0914732677165354
0
LINE
8
BLACK
6
CONTINUOUS
10
0.5371068503937008
20
0.0914732677165354
11
0.5371068503937008
21
0.1322685039370079
0
LINE
8
BLACK
6
CONTINUOUS
10
0.5371068503937008
20
0.1322685039370079
11
0.5445946062992126
21
0.1322685039370079
0
LINE
8
BLACK
6
CONTINUOUS
10
0.5445946062992126
20
0.1322685039370079
11
0.5445946062992126
21
0.1162602755905512
0
LINE
8
BLACK
6
CONTINUOUS
10
0.6057874409448819
20
0.1250389763779527
11
0.5941685433070866
21
0.1250389763779527
0
LINE
8
BLACK
6
CONTINUOUS
10
0.5941685433070866
20
0.1250389763779527
11
0.5941685433070866
21
0.0914732677165354
0
LINE
8
BLACK
6
CONTINUOUS
10
0.5941685433070866
20
0.0914732677165354
11
0.5866808267716536
21
0.0914732677165354
0
LINE
8
BLACK
6
CONTINUOUS
10
0.5866808267716536
20
0.0914732677165354
11
0.5866808267716536
21
0.1250389763779527
0
LINE
8
BLACK
6
CONTINUOUS
10
0.5866808267716536
20
0.1250389763779527
11
0.5750619291338582
21
0.1250389763779527
0
LINE
8
BLACK
6
CONTINUOUS
10
0.5750619291338582
20
0.1250389763779527
11
0.5750619291338582
21
0.1322685039370079
0
LINE
8
BLACK
6
CONTINUOUS
10
0.5750619291338582
20
0.1322685039370079
11
0.6057874409448819
21
0.1322685039370079
0
LINE
8
BLACK
6
CONTINUOUS
10
0.6057874409448819
20
0.1322685039370079
11
0.6057874409448819
21
0.1250389763779527
0
LINE
8
BLACK
6
CONTINUOUS
10
0.2243291732283464
20
0.2015918503937008
11
0.2256075984251968
21
0.2003134251968504
0
LINE
8
BLACK
6
CONTINUOUS
10
0.2256075984251968
20
0.2003134251968504
11
0.2256075984251968
21
0.1985054724409449
0
LINE
8
BLACK
6
CONTINUOUS
10
0.2256075984251968
20
0.1985054724409449
11
0.2243291732283464
21
0.1972270472440945
0
LINE
8
BLACK
6
CONTINUOUS
10
0.2243291732283464
20
0.1972270472440945
11
0.2234251968503937
21
0.1970472440944882
0
LINE
8
BLACK
6
CONTINUOUS
10
0.2234251968503937
20
0.1970472440944882
11
0.1868110236220472
21
0.1970472440944882
0
LINE
8
BLACK
6
CONTINUOUS
10
0.1868110236220472
20
0.1970472440944882
11
0.1868110236220472
21
0.1285433070866142
0
LINE
8
BLACK
6
CONTINUOUS
10
0.1868110236220472
20
0.1285433070866142
11
0.1866312204724409
21
0.1276393307086614
0
LINE
8
BLACK
6
CONTINUOUS
10
0.1866312204724409
20
0.1276393307086614
11
0.1853527952755905
21
0.126360905511811
0
LINE
8
BLACK
6
CONTINUOUS
10
0.1853527952755905
20
0.126360905511811
11
0.1844488188976378
21
0.1261811023622047
0
LINE
8
BLACK
6
CONTINUOUS
10
0.1844488188976378
20
0.1261811023622047
11
0.1273622047244095
21
0.1261811023622047
0
LINE
8
BLACK
6
CONTINUOUS
10
0.1273622047244095
20
0.1261811023622047
11
0.1264582283464567
21
0.126360905511811
0
LINE
8
BLACK
6
CONTINUOUS
10
0.1264582283464567
20
0.126360905511811
11
0.1251798031496063
21
0.1276393307086614
0
LINE
8
BLACK
6
CONTINUOUS
10
0.1251798031496063
20
0.1276393307086614
11
0.1251798031496063
21
0.1294472834645669
0
LINE
8
BLACK
6
CONTINUOUS
10
0.1251798031496063
20
0.1294472834645669
11
0.1264582283464567
21
0.1307257086614173
0
LINE
8
BLACK
6
CONTINUOUS
10
0.1264582283464567
20
0.1307257086614173
11
0.1273622047244095
21
0.1309055118110236
0
LINE
8
BLACK
6
CONTINUOUS
10
0.1273622047244095
20
0.1309055118110236
11
0.1820866141732284
21
0.1309055118110236
0
LINE
8
BLACK
6
CONTINUOUS
10
0.1820866141732284
20
0.1309055118110236
11
0.1820866141732284
21
0.1994094488188976
0
LINE
8
BLACK
6
CONTINUOUS
10
0.1820866141732284
20
0.1994094488188976
11
0.1822664173228346
21
0.2003134251968504
0
LINE
8
BLACK
6
CONTINUOUS
10
0.1822664173228346
20
0.2003134251968504
11
0.183544842519685
21
0.2015918503937008
0
LINE
8
BLACK
6
CONTINUOUS
10
0.183544842519685
20
0.2015918503937008
11
0.1844488188976378
21
0.2017716535433071
0
LINE
8
BLACK
6
CONTINUOUS
10
0.1844488188976378
20
0.2017716535433071
11
0.2234251968503937
21
0.2017716535433071
0
LINE
8
BLACK
6
CONTINUOUS
10
0.2234251968503937
20
0.2017716535433071
11
0.2243291732283464
21
0.2015918503937008
0
LINE
8
BLACK
6
CONTINUOUS
10
0.2642847244094488
20
0.1822943307086614
11
0.2642862204724409
21
0.1822859448818898
0
LINE
8
BLACK
6
CONTINUOUS
10
0.2642862204724409
20
0.1822859448818898
11
0.2643588582677165
21
0.1818738582677165
0
LINE
8
BLACK
6
CONTINUOUS
10
0.2643588582677165
20
0.1818738582677165
11
0.2645127559055118
21
0.1809968897637795
0
LINE
8
BLACK
6
CONTINUOUS
10
0.2645127559055118
20
0.1809968897637795
11
0.2647406299212599
21
0.1796964173228346
0
LINE
8
BLACK
6
CONTINUOUS
10
0.2647406299212599
20
0.1796964173228346
11
0.2650352755905512
21
0.178013937007874
0
LINE
8
BLACK
6
CONTINUOUS
10
0.2650352755905512
20
0.178013937007874
11
0.2653893700787401
21
0.1759909842519685
0
LINE
8
BLACK
6
CONTINUOUS
10
0.2653893700787401
20
0.1759909842519685
11
0.2657957086614173
21
0.1736689763779528
0
LINE
8
BLACK
6
CONTINUOUS
10
0.2657957086614173
20
0.1736689763779528
11
0.2662470472440945
21
0.1710893307086614
0
LINE
8
BLACK
6
CONTINUOUS
10
0.2662470472440945
20
0.1710893307086614
11
0.266736062992126
21
0.1682935039370079
0
LINE
8
BLACK
6
CONTINUOUS
10
0.266736062992126
20
0.1682935039370079
11
0.2672555511811023
21
0.1653231102362205
0
LINE
8
BLACK
6
CONTINUOUS
10
0.2672555511811023
20
0.1653231102362205
11
0.2677982283464567
21
0.1622194881889764
0
LINE
8
BLACK
6
CONTINUOUS
10
0.2677982283464567
20
0.1622194881889764
11
0.2678410236220473
21
0.1619747244094488
0
LINE
8
BLACK
6
CONTINUOUS
10
0.2678410236220473
20
0.1619747244094488
11
0.2683802362204724
21
0.1588924803149606
0
LINE
8
BLACK
6
CONTINUOUS
10
0.2683802362204724
20
0.1588924803149606
11
0.268894842519685
21
0.1559553937007874
0
LINE
8
BLACK
6
CONTINUOUS
10
0.268894842519685
20
0.1559553937007874
11
0.2693775984251968
21
0.1532038582677165
0
LINE
8
BLACK
6
CONTINUOUS
10
0.2693775984251968
20
0.1532038582677165
11
0.2698213385826772
21
0.1506783070866142
0
LINE
8
BLACK
6
CONTINUOUS
10
0.2698213385826772
20
0.1506783070866142
11
0.2702190157480315
21
0.1484190551181102
0
LINE
8
BLACK
6
CONTINUOUS
10
0.2702190157480315
20
0.1484190551181102
11
0.2705635039370078
21
0.1464665748031496
0
LINE
8
BLACK
6
CONTINUOUS
10
0.2705635039370078
20
0.1464665748031496
11
0.2708476771653544
21
0.1448612204724409
0
LINE
8
BLACK
6
CONTINUOUS
10
0.2708476771653544
20
0.1448612204724409
11
0.2710644094488189
21
0.1436433858267717
0
LINE
8
BLACK
6
CONTINUOUS
10
0.2710644094488189
20
0.1436433858267717
11
0.2712066141732283
21
0.1428534645669291
0
LINE
8
BLACK
6
CONTINUOUS
10
0.2712066141732283
20
0.1428534645669291
11
0.2712671653543307
21
0.1425318897637795
0
LINE
8
BLACK
6
CONTINUOUS
10
0.2712671653543307
20
0.1425318897637795
11
0.2712675196850394
21
0.1425302755905512
0
LINE
8
BLACK
6
CONTINUOUS
10
0.2712675196850394
20
0.1425302755905512
11
0.27126968503937
21
0.1423535826771654
0
LINE
8
BLACK
6
CONTINUOUS
10
0.27126968503937
20
0.1423535826771654
11
0.2711303149606299
21
0.1422300787401575
0
LINE
8
BLACK
6
CONTINUOUS
10
0.2711303149606299
20
0.1422300787401575
11
0.2707744488188976
21
0.1421503543307087
0
LINE
8
BLACK
6
CONTINUOUS
10
0.2707744488188976
20
0.1421503543307087
11
0.270127125984252
21
0.1421050393700787
0
LINE
8
BLACK
6
CONTINUOUS
10
0.270127125984252
20
0.1421050393700787
11
0.2691133858267716
21
0.1420847244094488
0
LINE
8
BLACK
6
CONTINUOUS
10
0.2691133858267716
20
0.1420847244094488
11
0.2676582283464567
21
0.1420800393700787
0
LINE
8
BLACK
6
CONTINUOUS
10
0.2676582283464567
20
0.1420800393700787
11
0.2669714566929134
21
0.1420803543307086
0
LINE
8
BLACK
6
CONTINUOUS
10
0.2669714566929134
20
0.1420803543307086
11
0.2657167716535433
21
0.142087874015748
0
LINE
8
BLACK
6
CONTINUOUS
10
0.2657167716535433
20
0.142087874015748
11
0.2648616141732283
21
0.1421145669291339
0
LINE
8
BLACK
6
CONTINUOUS
10
0.2648616141732283
20
0.1421145669291339
11
0.2643244881889764
21
0.1421729921259842
0
LINE
8
BLACK
6
CONTINUOUS
10
0.2643244881889764
20
0.1421729921259842
11
0.2640237401574803
21
0.1422753543307086
0
LINE
8
BLACK
6
CONTINUOUS
10
0.2640237401574803
20
0.1422753543307086
11
0.2638778346456693
21
0.1424338976377953
0
LINE
8
BLACK
6
CONTINUOUS
10
0.2638778346456693
20
0.1424338976377953
11
0.2638053149606299
21
0.1426609842519685
0
LINE
8
BLACK
6
CONTINUOUS
10
0.2638053149606299
20
0.1426609842519685
11
0.2637812992125984
21
0.1427820866141732
0
LINE
8
BLACK
6
CONTINUOUS
10
0.2637812992125984
20
0.1427820866141732
11
0.2636740551181102
21
0.1433661811023622
0
LINE
8
BLACK
6
CONTINUOUS
10
0.2636740551181102
20
0.1433661811023622
11
0.2634914566929134
21
0.1443808661417323
0
LINE
8
BLACK
6
CONTINUOUS
10
0.2634914566929134
20
0.1443808661417323
11
0.2632419291338582
21
0.1457792125984252
0
LINE
8
BLACK
6
CONTINUOUS
10
0.2632419291338582
20
0.1457792125984252
11
0.2629335826771653
21
0.1475142913385827
0
LINE
8
BLACK
6
CONTINUOUS
10
0.2629335826771653
20
0.1475142913385827
11
0.2625747244094488
21
0.149539094488189
0
LINE
8
BLACK
6
CONTINUOUS
10
0.2625747244094488
20
0.149539094488189
11
0.2621735826771653
21
0.1518066929133858
0
LINE
8
BLACK
6
CONTINUOUS
10
0.2621735826771653
20
0.1518066929133858
11
0.2617384645669291
21
0.1542701574803149
0
LINE
8
BLACK
6
CONTINUOUS
10
0.2617384645669291
20
0.1542701574803149
11
0.2612776377952756
21
0.1568825196850394
0
LINE
8
BLACK
6
CONTINUOUS
10
0.2612776377952756
20
0.1568825196850394
11
0.2607993307086614
21
0.1595967716535433
0
LINE
8
BLACK
6
CONTINUOUS
10
0.2607993307086614
20
0.1595967716535433
11
0.2603118503937008
21
0.1623659842519685
0
LINE
8
BLACK
6
CONTINUOUS
10
0.2603118503937008
20
0.1623659842519685
11
0.2598233464566929
21
0.1651432283464567
0
LINE
8
BLACK
6
CONTINUOUS
10
0.2598233464566929
20
0.1651432283464567
11
0.2593422047244094
21
0.1678815354330709
0
LINE
8
BLACK
6
CONTINUOUS
10
0.2593422047244094
20
0.1678815354330709
11
0.2588766535433071
21
0.170533937007874
0
LINE
8
BLACK
6
CONTINUOUS
10
0.2588766535433071
20
0.170533937007874
11
0.2584349212598425
21
0.1730535039370079
0
LINE
8
BLACK
6
CONTINUOUS
10
0.2584349212598425
20
0.1730535039370079
11
0.2580252755905512
21
0.1753932283464567
0
LINE
8
BLACK
6
CONTINUOUS
10
0.2580252755905512
20
0.1753932283464567
11
0.2576559842519685
21
0.1775062204724409
0
LINE
8
BLACK
6
CONTINUOUS
10
0.2576559842519685
20
0.1775062204724409
11
0.2573353149606299
21
0.1793454330708661
0
LINE
8
BLACK
6
CONTINUOUS
10
0.2573353149606299
20
0.1793454330708661
11
0.2570715748031496
21
0.1808640157480315
0
LINE
8
BLACK
6
CONTINUOUS
10
0.2570715748031496
20
0.1808640157480315
11
0.2568729133858267
21
0.1820149212598425
0
LINE
8
BLACK
6
CONTINUOUS
10
0.2568729133858267
20
0.1820149212598425
11
0.2567476377952756
21
0.1827512598425197
0
LINE
8
BLACK
6
CONTINUOUS
10
0.2567476377952756
20
0.1827512598425197
11
0.2567040551181102
21
0.183026062992126
0
LINE
8
BLACK
6
CONTINUOUS
10
0.2567040551181102
20
0.183026062992126
11
0.256745905511811
21
0.183042125984252
0
LINE
8
BLACK
6
CONTINUOUS
10
0.256745905511811
20
0.183042125984252
11
0.2571731496062992
21
0.1830781496062992
0
LINE
8
BLACK
6
CONTINUOUS
10
0.2571731496062992
20
0.1830781496062992
11
0.2579885433070866
21
0.183107125984252
0
LINE
8
BLACK
6
CONTINUOUS
10
0.2579885433070866
20
0.183107125984252
11
0.259100905511811
21
0.1831264566929134
0
LINE
8
BLACK
6
CONTINUOUS
10
0.259100905511811
20
0.1831264566929134
11
0.2604192125984252
21
0.1831334645669291
0
LINE
8
BLACK
6
CONTINUOUS
10
0.2604192125984252
20
0.1831334645669291
11
0.2641343307086614
21
0.1831335039370079
0
LINE
8
BLACK
6
CONTINUOUS
10
0.2641343307086614
20
0.1831335039370079
11
0.2642847244094488
21
0.1822943307086614
0
LINE
8
BLACK
6
CONTINUOUS
10
0.3232958267716535
20
0.1817779527559055
11
0.3233660236220472
21
0.1814042125984252
0
LINE
8
BLACK
6
CONTINUOUS
10
0.3233660236220472
20
0.1814042125984252
11
0.323524094488189
21
0.1805311023622047
0
LINE
8
BLACK
6
CONTINUOUS
10
0.323524094488189
20
0.1805311023622047
11
0.3237564960629921
21
0.1792304330708661
0
LINE
8
BLACK
6
CONTINUOUS
10
0.3237564960629921
20
0.1792304330708661
11
0.3240555905511811
21
0.1775459448818898
0
LINE
8
BLACK
6
CONTINUOUS
10
0.3240555905511811
20
0.1775459448818898
11
0.3244136220472441
21
0.1755214960629921
0
LINE
8
BLACK
6
CONTINUOUS
10
0.3244136220472441
20
0.1755214960629921
11
0.3248228346456693
21
0.1732008267716535
0
LINE
8
BLACK
6
CONTINUOUS
10
0.3248228346456693
20
0.1732008267716535
11
0.3252754724409449
21
0.1706277559055118
0
LINE
8
BLACK
6
CONTINUOUS
10
0.3252754724409449
20
0.1706277559055118
11
0.3257638976377953
21
0.1678461023622047
0
LINE
8
BLACK
6
CONTINUOUS
10
0.3257638976377953
20
0.1678461023622047
11
0.3262802755905512
21
0.1648996456692913
0
LINE
8
BLACK
6
CONTINUOUS
10
0.3262802755905512
20
0.1648996456692913
11
0.3268169291338582
21
0.1618321653543307
0
LINE
8
BLACK
6
CONTINUOUS
10
0.3268169291338582
20
0.1618321653543307
11
0.3272962598425197
21
0.1590922834645669
0
LINE
8
BLACK
6
CONTINUOUS
10
0.3272962598425197
20
0.1590922834645669
11
0.327808031496063
21
0.1561725984251968
0
LINE
8
BLACK
6
CONTINUOUS
10
0.327808031496063
20
0.1561725984251968
11
0.3282898031496063
21
0.1534295669291338
0
LINE
8
BLACK
6
CONTINUOUS
10
0.3282898031496063
20
0.1534295669291338
11
0.3287342519685039
21
0.1509046456692913
0
LINE
8
BLACK
6
CONTINUOUS
10
0.3287342519685039
20
0.1509046456692913
11
0.3291340551181102
21
0.1486394094488189
0
LINE
8
BLACK
6
CONTINUOUS
10
0.3291340551181102
20
0.1486394094488189
11
0.3294818897637795
21
0.1466753543307087
0
LINE
8
BLACK
6
CONTINUOUS
10
0.3294818897637795
20
0.1466753543307087
11
0.3297703543307087
21
0.145053937007874
0
LINE
8
BLACK
6
CONTINUOUS
10
0.3297703543307087
20
0.145053937007874
11
0.3299921653543307
21
0.1438167716535433
0
LINE
8
BLACK
6
CONTINUOUS
10
0.3299921653543307
20
0.1438167716535433
11
0.3301399606299212
21
0.1430052755905512
0
LINE
8
BLACK
6
CONTINUOUS
10
0.3301399606299212
20
0.1430052755905512
11
0.3302064173228346
21
0.1426610236220472
0
LINE
8
BLACK
6
CONTINUOUS
10
0.3302064173228346
20
0.1426610236220472
11
0.3303464173228347
21
0.1420800393700787
0
LINE
8
BLACK
6
CONTINUOUS
10
0.3303464173228347
20
0.1420800393700787
11
0.3228437401574803
21
0.1420800393700787
0
LINE
8
BLACK
6
CONTINUOUS
10
0.3228437401574803
20
0.1420800393700787
11
0.3226999212598425
21
0.1427900787401575
0
LINE
8
BLACK
6
CONTINUOUS
10
0.3226999212598425
20
0.1427900787401575
11
0.3226982283464567
21
0.1427983858267717
0
LINE
8
BLACK
6
CONTINUOUS
10
0.3226982283464567
20
0.1427983858267717
11
0.3226261811023622
21
0.1431928346456693
0
LINE
8
BLACK
6
CONTINUOUS
10
0.3226261811023622
20
0.1431928346456693
11
0.3224729921259842
21
0.1440522834645669
0
LINE
8
BLACK
6
CONTINUOUS
10
0.3224729921259842
20
0.1440522834645669
11
0.3222459448818897
21
0.1453356692913386
0
LINE
8
BLACK
6
CONTINUOUS
10
0.3222459448818897
20
0.1453356692913386
11
0.3219522440944882
21
0.1470018503937008
0
LINE
8
BLACK
6
CONTINUOUS
10
0.3219522440944882
20
0.1470018503937008
11
0.321599094488189
21
0.1490097637795275
0
LINE
8
BLACK
6
CONTINUOUS
10
0.321599094488189
20
0.1490097637795275
11
0.3211937795275591
21
0.1513182677165354
0
LINE
8
BLACK
6
CONTINUOUS
10
0.3211937795275591
20
0.1513182677165354
11
0.3207434645669291
21
0.1538861417322835
0
LINE
8
BLACK
6
CONTINUOUS
10
0.3207434645669291
20
0.1538861417322835
11
0.3202554330708661
21
0.1566725196850394
0
LINE
8
BLACK
6
CONTINUOUS
10
0.3202554330708661
20
0.1566725196850394
11
0.3197368110236221
21
0.1596361023622047
0
LINE
8
BLACK
6
CONTINUOUS
10
0.3197368110236221
20
0.1596361023622047
11
0.3191949212598425
21
0.1627358661417323
0
LINE
8
BLACK
6
CONTINUOUS
10
0.3191949212598425
20
0.1627358661417323
11
0.3191563779527559
21
0.1629565354330709
0
LINE
8
BLACK
6
CONTINUOUS
10
0.3191563779527559
20
0.1629565354330709
11
0.3186163779527559
21
0.1660439763779528
0
LINE
8
BLACK
6
CONTINUOUS
10
0.3186163779527559
20
0.1660439763779528
11
0.3181003937007874
21
0.1689894488188976
0
LINE
8
BLACK
6
CONTINUOUS
10
0.3181003937007874
20
0.1689894488188976
11
0.3176155511811024
21
0.1717522047244094
0
LINE
8
BLACK
6
CONTINUOUS
10
0.3176155511811024
20
0.1717522047244094
11
0.317169094488189
21
0.1742914960629921
0
LINE
8
BLACK
6
CONTINUOUS
10
0.317169094488189
20
0.1742914960629921
11
0.3167681889763779
21
0.1765665748031496
0
LINE
8
BLACK
6
CONTINUOUS
10
0.3167681889763779
20
0.1765665748031496
11
0.31642
21
0.1785366929133858
0
LINE
8
BLACK
6
CONTINUOUS
10
0.31642
20
0.1785366929133858
11
0.3161317716535433
21
0.1801611023622047
0
LINE
8
BLACK
6
CONTINUOUS
10
0.3161317716535433
20
0.1801611023622047
11
0.3159106692913386
21
0.1813990551181102
0
LINE
8
BLACK
6
CONTINUOUS
10
0.3159106692913386
20
0.1813990551181102
11
0.3157638582677165
21
0.1822097637795276
0
LINE
8
BLACK
6
CONTINUOUS
10
0.3157638582677165
20
0.1822097637795276
11
0.3156985433070866
21
0.1825525196850394
0
LINE
8
BLACK
6
CONTINUOUS
10
0.3156985433070866
20
0.1825525196850394
11
0.3155633070866142
21
0.1831334645669291
0
LINE
8
BLACK
6
CONTINUOUS
10
0.3155633070866142
20
0.1831334645669291
11
0.3230242519685039
21
0.1831334645669291
0
LINE
8
BLACK
6
CONTINUOUS
10
0.3230242519685039
20
0.1831334645669291
11
0.3232958267716535
21
0.1817779527559055
0
LINE
8
BLACK
6
CONTINUOUS
10
0.2907305511811024
20
0.1831309842519685
11
0.2920926771653543
21
0.1831044488188976
0
LINE
8
BLACK
6
CONTINUOUS
10
0.2920926771653543
20
0.1831044488188976
11
0.2930159842519685
21
0.1830453149606299
0
LINE
8
BLACK
6
CONTINUOUS
10
0.2930159842519685
20
0.1830453149606299
11
0.2935541732283464
21
0.182948937007874
0
LINE
8
BLACK
6
CONTINUOUS
10
0.2935541732283464
20
0.182948937007874
11
0.2937609448818898
21
0.1828107480314961
0
LINE
8
BLACK
6
CONTINUOUS
10
0.2937609448818898
20
0.1828107480314961
11
0.2937808267716535
21
0.1827267716535433
0
LINE
8
BLACK
6
CONTINUOUS
10
0.2937808267716535
20
0.1827267716535433
11
0.293883937007874
21
0.1821974015748032
0
LINE
8
BLACK
6
CONTINUOUS
10
0.293883937007874
20
0.1821974015748032
11
0.2940631102362204
21
0.1812290551181102
0
LINE
8
BLACK
6
CONTINUOUS
10
0.2940631102362204
20
0.1812290551181102
11
0.2943100393700787
21
0.1798691338582677
0
LINE
8
BLACK
6
CONTINUOUS
10
0.2943100393700787
20
0.1798691338582677
11
0.2946163779527559
21
0.1781649606299213
0
LINE
8
BLACK
6
CONTINUOUS
10
0.2946163779527559
20
0.1781649606299213
11
0.2949738582677165
21
0.176163937007874
0
LINE
8
BLACK
6
CONTINUOUS
10
0.2949738582677165
20
0.176163937007874
11
0.2953741338582677
21
0.1739133858267717
0
LINE
8
BLACK
6
CONTINUOUS
10
0.2953741338582677
20
0.1739133858267717
11
0.2958088976377953
21
0.1714606692913386
0
LINE
8
BLACK
6
CONTINUOUS
10
0.2958088976377953
20
0.1714606692913386
11
0.296269842519685
21
0.1688532677165354
0
LINE
8
BLACK
6
CONTINUOUS
10
0.296269842519685
20
0.1688532677165354
11
0.2967485039370079
21
0.1661383858267717
0
LINE
8
BLACK
6
CONTINUOUS
10
0.2967485039370079
20
0.1661383858267717
11
0.2972367716535433
21
0.1633634645669291
0
LINE
8
BLACK
6
CONTINUOUS
10
0.2972367716535433
20
0.1633634645669291
11
0.297726220472441
21
0.1605758661417323
0
LINE
8
BLACK
6
CONTINUOUS
10
0.297726220472441
20
0.1605758661417323
11
0.2982085039370079
21
0.1578229133858268
0
LINE
8
BLACK
6
CONTINUOUS
10
0.2982085039370079
20
0.1578229133858268
11
0.2986753937007874
21
0.1551520472440945
0
LINE
8
BLACK
6
CONTINUOUS
10
0.2986753937007874
20
0.1551520472440945
11
0.2991185039370078
21
0.1526105511811024
0
LINE
8
BLACK
6
CONTINUOUS
10
0.2991185039370078
20
0.1526105511811024
11
0.2995295275590551
21
0.1502457874015748
0
LINE
8
BLACK
6
CONTINUOUS
10
0.2995295275590551
20
0.1502457874015748
11
0.2999001181102362
21
0.1481051968503937
0
LINE
8
BLACK
6
CONTINUOUS
10
0.2999001181102362
20
0.1481051968503937
11
0.3002220078740158
21
0.1462361023622047
0
LINE
8
BLACK
6
CONTINUOUS
10
0.3002220078740158
20
0.1462361023622047
11
0.3004868503937008
21
0.1446858267716535
0
LINE
8
BLACK
6
CONTINUOUS
10
0.3004868503937008
20
0.1446858267716535
11
0.3006863385826772
21
0.1435018110236221
0
LINE
8
BLACK
6
CONTINUOUS
10
0.3006863385826772
20
0.1435018110236221
11
0.3008120866141732
21
0.1427313385826772
0
LINE
8
BLACK
6
CONTINUOUS
10
0.3008120866141732
20
0.1427313385826772
11
0.3008558661417323
21
0.142421811023622
0
LINE
8
BLACK
6
CONTINUOUS
10
0.3008558661417323
20
0.142421811023622
11
0.3007635826771654
21
0.1422911417322835
0
LINE
8
BLACK
6
CONTINUOUS
10
0.3007635826771654
20
0.1422911417322835
11
0.3004145275590551
21
0.142189842519685
0
LINE
8
BLACK
6
CONTINUOUS
10
0.3004145275590551
20
0.142189842519685
11
0.2997434645669291
21
0.1421250787401575
0
LINE
8
BLACK
6
CONTINUOUS
10
0.2997434645669291
20
0.1421250787401575
11
0.2986857086614173
21
0.1420908267716536
0
LINE
8
BLACK
6
CONTINUOUS
10
0.2986857086614173
20
0.1420908267716536
11
0.2971765748031496
21
0.1420809448818898
0
LINE
8
BLACK
6
CONTINUOUS
10
0.2971765748031496
20
0.1420809448818898
11
0.2934972440944882
21
0.1420818897637795
0
LINE
8
BLACK
6
CONTINUOUS
10
0.2934972440944882
20
0.1420818897637795
11
0.2900242913385827
21
0.1618976377952756
0
LINE
8
BLACK
6
CONTINUOUS
10
0.2900242913385827
20
0.1618976377952756
11
0.2899038976377953
21
0.1625845669291339
0
LINE
8
BLACK
6
CONTINUOUS
10
0.2899038976377953
20
0.1625845669291339
11
0.2893573622047244
21
0.165704842519685
0
LINE
8
BLACK
6
CONTINUOUS
10
0.2893573622047244
20
0.165704842519685
11
0.2888366141732284
21
0.1686804330708661
0
LINE
8
BLACK
6
CONTINUOUS
10
0.2888366141732284
20
0.1686804330708661
11
0.2883486614173228
21
0.1714708661417323
0
LINE
8
BLACK
6
CONTINUOUS
10
0.2883486614173228
20
0.1714708661417323
11
0.2879006299212598
21
0.174035748031496
0
LINE
8
BLACK
6
CONTINUOUS
10
0.2879006299212598
20
0.174035748031496
11
0.2874994881889764
21
0.1763346062992126
0
LINE
8
BLACK
6
CONTINUOUS
10
0.2874994881889764
20
0.1763346062992126
11
0.2871523622047244
21
0.1783270078740157
0
LINE
8
BLACK
6
CONTINUOUS
10
0.2871523622047244
20
0.1783270078740157
11
0.2868662992125984
21
0.1799725196850394
0
LINE
8
BLACK
6
CONTINUOUS
10
0.2868662992125984
20
0.1799725196850394
11
0.2866482677165355
21
0.1812307086614173
0
LINE
8
BLACK
6
CONTINUOUS
10
0.2866482677165355
20
0.1812307086614173
11
0.2865054330708661
21
0.1820611811023622
0
LINE
8
BLACK
6
CONTINUOUS
10
0.2865054330708661
20
0.1820611811023622
11
0.2864447637795275
21
0.1824234251968504
0
LINE
8
BLACK
6
CONTINUOUS
10
0.2864447637795275
20
0.1824234251968504
11
0.286338188976378
21
0.1831334645669291
0
LINE
8
BLACK
6
CONTINUOUS
10
0.286338188976378
20
0.1831334645669291
11
0.2899903937007874
21
0.1831334645669291
0
LINE
8
BLACK
6
CONTINUOUS
10
0.2899903937007874
20
0.1831334645669291
11
0.2907305511811024
21
0.1831309842519685
0
LINE
8
BLACK
6
CONTINUOUS
10
0.0185209842519685
20
0.4129118503937008
11
0.0187007874015748
21
0.412007874015748
0
LINE
8
BLACK
6
CONTINUOUS
10
0.0187007874015748
20
0.412007874015748
11
0.0187007874015748
21
0.1785433070866142
0
LINE
8
BLACK
6
CONTINUOUS
10
0.0187007874015748
20
0.1785433070866142
11
0.0185209842519685
21
0.1776393307086614
0
LINE
8
BLACK
6
CONTINUOUS
10
0.0185209842519685
20
0.1776393307086614
11
0.0172425590551181
21
0.176360905511811
0
LINE
8
BLACK
6
CONTINUOUS
10
0.0172425590551181
20
0.176360905511811
11
0.0154346062992126
21
0.176360905511811
0
LINE
8
BLACK
6
CONTINUOUS
10
0.0154346062992126
20
0.176360905511811
11
0.0141561811023622
21
0.1776393307086614
0
LINE
8
BLACK
6
CONTINUOUS
10
0.0141561811023622
20
0.1776393307086614
11
0.0139763779527559
21
0.1785433070866142
0
LINE
8
BLACK
6
CONTINUOUS
10
0.0139763779527559
20
0.1785433070866142
11
0.0139763779527559
21
0.412007874015748
0
LINE
8
BLACK
6
CONTINUOUS
10
0.0139763779527559
20
0.412007874015748
11
0.0141561811023622
21
0.4129118503937008
0
LINE
8
BLACK
6
CONTINUOUS
10
0.0141561811023622
20
0.4129118503937008
11
0.0154346062992126
21
0.4141902755905512
0
LINE
8
BLACK
6
CONTINUOUS
10
0.0154346062992126
20
0.4141902755905512
11
0.0172425590551181
21
0.4141902755905512
0
LINE
8
BLACK
6
CONTINUOUS
10
0.0172425590551181
20
0.4141902755905512
11
0.0185209842519685
21
0.4129118503937008
0
LINE
8
BLACK
6
CONTINUOUS
10
0.5551181102362205
20
0.3531496062992126
11
0.5609554724409449
21
0.3525746850393701
0
LINE
8
BLACK
6
CONTINUOUS
10
0.5609554724409449
20
0.3525746850393701
11
0.5665684645669291
21
0.350871968503937
0
LINE
8
BLACK
6
CONTINUOUS
10
0.5665684645669291
20
0.350871968503937
11
0.5717414566929133
21
0.348106968503937
0
LINE
8
BLACK
6
CONTINUOUS
10
0.5717414566929133
20
0.348106968503937
11
0.5762756299212598
21
0.3443858661417323
0
LINE
8
BLACK
6
CONTINUOUS
10
0.5762756299212598
20
0.3443858661417323
11
0.5799967322834646
21
0.3398516929133858
0
LINE
8
BLACK
6
CONTINUOUS
10
0.5799967322834646
20
0.3398516929133858
11
0.5827617322834645
21
0.3346787007874016
0
LINE
8
BLACK
6
CONTINUOUS
10
0.5827617322834645
20
0.3346787007874016
11
0.5844644488188976
21
0.3290657086614173
0
LINE
8
BLACK
6
CONTINUOUS
10
0.5844644488188976
20
0.3290657086614173
11
0.584745157480315
21
0.3262152362204724
0
LINE
8
BLACK
6
CONTINUOUS
10
0.584745157480315
20
0.3262152362204724
11
0.5848595669291339
21
0.3261008267716535
0
LINE
8
BLACK
6
CONTINUOUS
10
0.5848595669291339
20
0.3261008267716535
11
0.5850393700787402
21
0.3251968503937008
0
LINE
8
BLACK
6
CONTINUOUS
10
0.5850393700787402
20
0.3251968503937008
11
0.5850393700787402
21
0.2149606299212598
0
LINE
8
BLACK
6
CONTINUOUS
10
0.5850393700787402
20
0.2149606299212598
11
0.5848595669291339
21
0.2140566535433071
0
LINE
8
BLACK
6
CONTINUOUS
10
0.5848595669291339
20
0.2140566535433071
11
0.584745157480315
21
0.2139422834645669
0
LINE
8
BLACK
6
CONTINUOUS
10
0.584745157480315
20
0.2139422834645669
11
0.5844644488188976
21
0.2110917716535433
0
LINE
8
BLACK
6
CONTINUOUS
10
0.5844644488188976
20
0.2110917716535433
11
0.5827617322834645
21
0.2054787795275591
0
LINE
8
BLACK
6
CONTINUOUS
10
0.5827617322834645
20
0.2054787795275591
11
0.5799967322834646
21
0.2003057874015748
0
LINE
8
BLACK
6
CONTINUOUS
10
0.5799967322834646
20
0.2003057874015748
11
0.5762756299212598
21
0.1957716141732283
0
LINE
8
BLACK
6
CONTINUOUS
10
0.5762756299212598
20
0.1957716141732283
11
0.5717414566929133
21
0.1920505118110236
0
LINE
8
BLACK
6
CONTINUOUS
10
0.5717414566929133
20
0.1920505118110236
11
0.5665684645669291
21
0.1892855118110236
0
LINE
8
BLACK
6
CONTINUOUS
10
0.5665684645669291
20
0.1892855118110236
11
0.5609554724409449
21
0.1875827952755905
0
LINE
8
BLACK
6
CONTINUOUS
10
0.5609554724409449
20
0.1875827952755905
11
0.5551181102362205
21
0.187007874015748
0
LINE
8
BLACK
6
CONTINUOUS
10
0.5551181102362205
20
0.187007874015748
11
0.5314960629921259
21
0.187007874015748
0
LINE
8
BLACK
6
CONTINUOUS
10
0.5314960629921259
20
0.187007874015748
11
0.5256587007874015
21
0.1875827952755905
0
LINE
8
BLACK
6
CONTINUOUS
10
0.5256587007874015
20
0.1875827952755905
11
0.5200457086614173
21
0.1892855118110236
0
LINE
8
BLACK
6
CONTINUOUS
10
0.5200457086614173
20
0.1892855118110236
11
0.5148727165354331
21
0.1920505118110236
0
LINE
8
BLACK
6
CONTINUOUS
10
0.5148727165354331
20
0.1920505118110236
11
0.5103385433070866
21
0.1957716141732283
0
LINE
8
BLACK
6
CONTINUOUS
10
0.5103385433070866
20
0.1957716141732283
11
0.5066174409448819
21
0.2003057874015748
0
LINE
8
BLACK
6
CONTINUOUS
10
0.5066174409448819
20
0.2003057874015748
11
0.5038524409448819
21
0.2054787795275591
0
LINE
8
BLACK
6
CONTINUOUS
10
0.5038524409448819
20
0.2054787795275591
11
0.5021497244094488
21
0.2110917716535433
0
LINE
8
BLACK
6
CONTINUOUS
10
0.5021497244094488
20
0.2110917716535433
11
0.5018689763779527
21
0.2139422834645669
0
LINE
8
BLACK
6
CONTINUOUS
10
0.5018689763779527
20
0.2139422834645669
11
0.5017546062992125
21
0.2140566535433071
0
LINE
8
BLACK
6
CONTINUOUS
10
0.5017546062992125
20
0.2140566535433071
11
0.5015748031496063
21
0.2149606299212598
0
LINE
8
BLACK
6
CONTINUOUS
10
0.5015748031496063
20
0.2149606299212598
11
0.5015748031496063
21
0.3251968503937008
0
LINE
8
BLACK
6
CONTINUOUS
10
0.5015748031496063
20
0.3251968503937008
11
0.5017546062992125
21
0.3261008267716535
0
LINE
8
BLACK
6
CONTINUOUS
10
0.5017546062992125
20
0.3261008267716535
11
0.5018689763779527
21
0.3262152362204724
0
LINE
8
BLACK
6
CONTINUOUS
10
0.5018689763779527
20
0.3262152362204724
11
0.5021497244094488
21
0.3290657086614173
0
LINE
8
BLACK
6
CONTINUOUS
10
0.5021497244094488
20
0.3290657086614173
11
0.5038524409448819
21
0.3346787007874016
0
LINE
8
BLACK
6
CONTINUOUS
10
0.5038524409448819
20
0.3346787007874016
11
0.5066174409448819
21
0.3398516929133858
0
LINE
8
BLACK
6
CONTINUOUS
10
0.5066174409448819
20
0.3398516929133858
11
0.5103385433070866
21
0.3443858661417323
0
LINE
8
BLACK
6
CONTINUOUS
10
0.5103385433070866
20
0.3443858661417323
11
0.5148727165354331
21
0.348106968503937
0
LINE
8
BLACK
6
CONTINUOUS
10
0.5148727165354331
20
0.348106968503937
11
0.5200457086614173
21
0.350871968503937
0
LINE
8
BLACK
6
CONTINUOUS
10
0.5200457086614173
20
0.350871968503937
11
0.5256587007874015
21
0.3525746850393701
0
LINE
8
BLACK
6
CONTINUOUS
10
0.5256587007874015
20
0.3525746850393701
11
0.5314960629921259
21
0.3531496062992126
0
LINE
8
BLACK
6
CONTINUOUS
10
0.5314960629921259
20
0.3531496062992126
11
0.5551181102362205
21
0.3531496062992126
0
LINE
8
BLACK
6
CONTINUOUS
10
0.5314960629921259
20
0.3484251968503937
11
0.5286570472440945
21
0.3484251968503937
0
LINE
8
BLACK
6
CONTINUOUS
10
0.5286570472440945
20
0.3484251968503937
11
0.5231214173228347
21
0.3471617322834646
0
LINE
8
BLACK
6
CONTINUOUS
10
0.5231214173228347
20
0.3471617322834646
11
0.5180057086614173
21
0.3446981496062992
0
LINE
8
BLACK
6
CONTINUOUS
10
0.5180057086614173
20
0.3446981496062992
11
0.5135664566929133
21
0.3411579527559055
0
LINE
8
BLACK
6
CONTINUOUS
10
0.5135664566929133
20
0.3411579527559055
11
0.5100262598425197
21
0.3367187007874016
0
LINE
8
BLACK
6
CONTINUOUS
10
0.5100262598425197
20
0.3367187007874016
11
0.5075626771653543
21
0.3316029921259843
0
LINE
8
BLACK
6
CONTINUOUS
10
0.5075626771653543
20
0.3316029921259843
11
0.5062992125984251
21
0.3260673622047244
0
LINE
8
BLACK
6
CONTINUOUS
10
0.5062992125984251
20
0.3260673622047244
11
0.5062992125984251
21
0.3251968503937008
0
LINE
8
BLACK
6
CONTINUOUS
10
0.5062992125984251
20
0.3251968503937008
11
0.5062992125984251
21
0.2169291338582677
0
LINE
8
BLACK
6
CONTINUOUS
10
0.5062992125984251
20
0.2169291338582677
11
0.5062992125984251
21
0.2140901181102362
0
LINE
8
BLACK
6
CONTINUOUS
10
0.5062992125984251
20
0.2140901181102362
11
0.5075626771653543
21
0.2085544881889764
0
LINE
8
BLACK
6
CONTINUOUS
10
0.5075626771653543
20
0.2085544881889764
11
0.5100262598425197
21
0.203438779527559
0
LINE
8
BLACK
6
CONTINUOUS
10
0.5100262598425197
20
0.203438779527559
11
0.5135664566929133
21
0.1989995275590551
0
LINE
8
BLACK
6
CONTINUOUS
10
0.5135664566929133
20
0.1989995275590551
11
0.5180057086614173
21
0.1954593307086614
0
LINE
8
BLACK
6
CONTINUOUS
10
0.5180057086614173
20
0.1954593307086614
11
0.5231214173228347
21
0.1929957480314961
0
LINE
8
BLACK
6
CONTINUOUS
10
0.5231214173228347
20
0.1929957480314961
11
0.5286570472440945
21
0.1917322834645669
0
LINE
8
BLACK
6
CONTINUOUS
10
0.5286570472440945
20
0.1917322834645669
11
0.5314960629921259
21
0.1917322834645669
0
LINE
8
BLACK
6
CONTINUOUS
10
0.5314960629921259
20
0.1917322834645669
11
0.5551181102362205
21
0.1917322834645669
0
LINE
8
BLACK
6
CONTINUOUS
10
0.5551181102362205
20
0.1917322834645669
11
0.557957125984252
21
0.1917322834645669
0
LINE
8
BLACK
6
CONTINUOUS
10
0.557957125984252
20
0.1917322834645669
11
0.5634927559055118
21
0.1929957480314961
0
LINE
8
BLACK
6
CONTINUOUS
10
0.5634927559055118
20
0.1929957480314961
11
0.5686084645669292
21
0.1954593307086614
0
LINE
8
BLACK
6
CONTINUOUS
10
0.5686084645669292
20
0.1954593307086614
11
0.5730477165354331
21
0.1989995275590551
0
LINE
8
BLACK
6
CONTINUOUS
10
0.5730477165354331
20
0.1989995275590551
11
0.5765879133858267
21
0.203438779527559
0
LINE
8
BLACK
6
CONTINUOUS
10
0.5765879133858267
20
0.203438779527559
11
0.5790514960629921
21
0.2085544881889764
0
LINE
8
BLACK
6
CONTINUOUS
10
0.5790514960629921
20
0.2085544881889764
11
0.5803149606299213
21
0.2140901181102362
0
LINE
8
BLACK
6
CONTINUOUS
10
0.5803149606299213
20
0.2140901181102362
11
0.5803149606299213
21
0.2169291338582677
0
LINE
8
BLACK
6
CONTINUOUS
10
0.5803149606299213
20
0.2169291338582677
11
0.5803149606299213
21
0.3251968503937008
0
LINE
8
BLACK
6
CONTINUOUS
10
0.5803149606299213
20
0.3251968503937008
11
0.5803149606299213
21
0.3260673622047244
0
LINE
8
BLACK
6
CONTINUOUS
10
0.5803149606299213
20
0.3260673622047244
11
0.5790514960629921
21
0.3316029921259843
0
LINE
8
BLACK
6
CONTINUOUS
10
0.5790514960629921
20
0.3316029921259843
11
0.5765879133858267
21
0.3367187007874016
0
LINE
8
BLACK
6
CONTINUOUS
10
0.5765879133858267
20
0.3367187007874016
11
0.5730477165354331
21
0.3411579527559055
0
LINE
8
BLACK
6
CONTINUOUS
10
0.5730477165354331
20
0.3411579527559055
11
0.5686084645669292
21
0.3446981496062992
0
LINE
8
BLACK
6
CONTINUOUS
10
0.5686084645669292
20
0.3446981496062992
11
0.5634927559055118
21
0.3471617322834646
0
LINE
8
BLACK
6
CONTINUOUS
10
0.5634927559055118
20
0.3471617322834646
11
0.557957125984252
21
0.3484251968503937
0
LINE
8
BLACK
6
CONTINUOUS
10
0.557957125984252
20
0.3484251968503937
11
0.5551181102362205
21
0.3484251968503937
0
LINE
8
BLACK
6
CONTINUOUS
10
0.5551181102362205
20
0.3484251968503937
11
0.5314960629921259
21
0.3484251968503937
0
LINE
8
BLACK
6
CONTINUOUS
10
0.6085646456692914
20
0.2234133464566929
11
0.6095951574803149
21
0.2228980708661417
0
LINE
8
BLACK
6
CONTINUOUS
10
0.6095951574803149
20
0.2228980708661417
11
0.6103499999999999
21
0.2220277165354331
0
LINE
8
BLACK
6
CONTINUOUS
10
0.6103499999999999
20
0.2220277165354331
11
0.6107143307086614
21
0.2209347244094488
0
LINE
8
BLACK
6
CONTINUOUS
10
0.6107143307086614
20
0.2209347244094488
11
0.6106326771653543
21
0.2197855118110236
0
LINE
8
BLACK
6
CONTINUOUS
10
0.6106326771653543
20
0.2197855118110236
11
0.6104257874015748
21
0.2192449212598425
0
LINE
8
BLACK
6
CONTINUOUS
10
0.6104257874015748
20
0.2192449212598425
11
0.6085510236220473
21
0.2154953937007874
0
LINE
8
BLACK
6
CONTINUOUS
10
0.6085510236220473
20
0.2154953937007874
11
0.608395
21
0.2152475984251968
0
LINE
8
BLACK
6
CONTINUOUS
10
0.608395
20
0.2152475984251968
11
0.6083651574803149
21
0.2151754330708661
0
LINE
8
BLACK
6
CONTINUOUS
10
0.6083651574803149
20
0.2151754330708661
11
0.6082985433070865
21
0.2150942913385827
0
LINE
8
BLACK
6
CONTINUOUS
10
0.6082985433070865
20
0.2150942913385827
11
0.6082426771653543
21
0.2150055118110236
0
LINE
8
BLACK
6
CONTINUOUS
10
0.6082426771653543
20
0.2150055118110236
11
0.6081837401574803
21
0.2149544094488189
0
LINE
8
BLACK
6
CONTINUOUS
10
0.6081837401574803
20
0.2149544094488189
11
0.6079979133858268
21
0.2147279921259843
0
LINE
8
BLACK
6
CONTINUOUS
10
0.6079979133858268
20
0.2147279921259843
11
0.6055395275590552
21
0.2122696062992126
0
LINE
8
BLACK
6
CONTINUOUS
10
0.6055395275590552
20
0.2122696062992126
11
0.6329535039370079
21
0.2122696062992126
0
LINE
8
BLACK
6
CONTINUOUS
10
0.6329535039370079
20
0.2122696062992126
11
0.6329535039370079
21
0.2205654330708661
0
LINE
8
BLACK
6
CONTINUOUS
10
0.6329535039370079
20
0.2205654330708661
11
0.6330102362204725
21
0.2211414960629921
0
LINE
8
BLACK
6
CONTINUOUS
10
0.6330102362204725
20
0.2211414960629921
11
0.6334511417322835
21
0.222205905511811
0
LINE
8
BLACK
6
CONTINUOUS
10
0.6334511417322835
20
0.222205905511811
11
0.6342657874015748
21
0.2230205511811024
0
LINE
8
BLACK
6
CONTINUOUS
10
0.6342657874015748
20
0.2230205511811024
11
0.6353301968503937
21
0.2234614566929134
0
LINE
8
BLACK
6
CONTINUOUS
10
0.6353301968503937
20
0.2234614566929134
11
0.6364823228346457
21
0.2234614566929134
0
LINE
8
BLACK
6
CONTINUOUS
10
0.6364823228346457
20
0.2234614566929134
11
0.6375467322834646
21
0.2230205511811024
0
LINE
8
BLACK
6
CONTINUOUS
10
0.6375467322834646
20
0.2230205511811024
11
0.6383613779527559
21
0.222205905511811
0
LINE
8
BLACK
6
CONTINUOUS
10
0.6383613779527559
20
0.222205905511811
11
0.6388022834645669
21
0.2211414960629921
0
LINE
8
BLACK
6
CONTINUOUS
10
0.6388022834645669
20
0.2211414960629921
11
0.6388590157480315
21
0.2205654330708661
0
LINE
8
BLACK
6
CONTINUOUS
10
0.6388590157480315
20
0.2205654330708661
11
0.6388590157480315
21
0.1980682677165354
0
LINE
8
BLACK
6
CONTINUOUS
10
0.6388590157480315
20
0.1980682677165354
11
0.6388022834645669
21
0.1974922047244095
0
LINE
8
BLACK
6
CONTINUOUS
10
0.6388022834645669
20
0.1974922047244095
11
0.6383613779527559
21
0.1964277952755905
0
LINE
8
BLACK
6
CONTINUOUS
10
0.6383613779527559
20
0.1964277952755905
11
0.6375467322834646
21
0.1956131496062992
0
LINE
8
BLACK
6
CONTINUOUS
10
0.6375467322834646
20
0.1956131496062992
11
0.6364823228346457
21
0.1951722440944882
0
LINE
8
BLACK
6
CONTINUOUS
10
0.6364823228346457
20
0.1951722440944882
11
0.6353301968503937
21
0.1951722440944882
0
LINE
8
BLACK
6
CONTINUOUS
10
0.6353301968503937
20
0.1951722440944882
11
0.6342657874015748
21
0.1956131496062992
0
LINE
8
BLACK
6
CONTINUOUS
10
0.6342657874015748
20
0.1956131496062992
11
0.6334511417322835
21
0.1964277952755905
0
LINE
8
BLACK
6
CONTINUOUS
10
0.6334511417322835
20
0.1964277952755905
11
0.6330102362204725
21
0.1974922047244095
0
LINE
8
BLACK
6
CONTINUOUS
10
0.6330102362204725
20
0.1974922047244095
11
0.6329535039370079
21
0.1980682677165354
0
LINE
8
BLACK
6
CONTINUOUS
10
0.6329535039370079
20
0.1980682677165354
11
0.6329535039370079
21
0.206364094488189
0
LINE
8
BLACK
6
CONTINUOUS
10
0.6329535039370079
20
0.206364094488189
11
0.5965361811023622
21
0.206364094488189
0
LINE
8
BLACK
6
CONTINUOUS
10
0.5965361811023622
20
0.206364094488189
11
0.5965340944881889
21
0.2063643307086614
0
LINE
8
BLACK
6
CONTINUOUS
10
0.5965340944881889
20
0.2063643307086614
11
0.5965330708661417
21
0.206364094488189
0
LINE
8
BLACK
6
CONTINUOUS
10
0.5965330708661417
20
0.206364094488189
11
0.5965300393700788
21
0.2063647244094488
0
LINE
8
BLACK
6
CONTINUOUS
10
0.5965300393700788
20
0.2063647244094488
11
0.5959601181102362
21
0.2064208267716535
0
LINE
8
BLACK
6
CONTINUOUS
10
0.5959601181102362
20
0.2064208267716535
11
0.5956899999999999
21
0.2065327165354331
0
LINE
8
BLACK
6
CONTINUOUS
10
0.5956899999999999
20
0.2065327165354331
11
0.5954033858267717
21
0.2065900393700787
0
LINE
8
BLACK
6
CONTINUOUS
10
0.5954033858267717
20
0.2065900393700787
11
0.5951629921259842
21
0.2067510236220473
0
LINE
8
BLACK
6
CONTINUOUS
10
0.5951629921259842
20
0.2067510236220473
11
0.5948957086614173
21
0.2068617322834645
0
LINE
8
BLACK
6
CONTINUOUS
10
0.5948957086614173
20
0.2068617322834645
11
0.5946889763779527
21
0.2070684645669291
0
LINE
8
BLACK
6
CONTINUOUS
10
0.5946889763779527
20
0.2070684645669291
11
0.5944461023622047
21
0.2072311023622047
0
LINE
8
BLACK
6
CONTINUOUS
10
0.5944461023622047
20
0.2072311023622047
11
0.5942855905511811
21
0.2074718503937008
0
LINE
8
BLACK
6
CONTINUOUS
10
0.5942855905511811
20
0.2074718503937008
11
0.5940810629921259
21
0.2076763779527559
0
LINE
8
BLACK
6
CONTINUOUS
10
0.5940810629921259
20
0.2076763779527559
11
0.5939691732283464
21
0.2079464960629921
0
LINE
8
BLACK
6
CONTINUOUS
10
0.5939691732283464
20
0.2079464960629921
11
0.5938070078740157
21
0.2081897244094488
0
LINE
8
BLACK
6
CONTINUOUS
10
0.5938070078740157
20
0.2081897244094488
11
0.5937508661417322
21
0.2084735433070866
0
LINE
8
BLACK
6
CONTINUOUS
10
0.5937508661417322
20
0.2084735433070866
11
0.593640157480315
21
0.2087407874015748
0
LINE
8
BLACK
6
CONTINUOUS
10
0.593640157480315
20
0.2087407874015748
11
0.593640157480315
21
0.209033188976378
0
LINE
8
BLACK
6
CONTINUOUS
10
0.593640157480315
20
0.209033188976378
11
0.5935834251968504
21
0.2093199606299213
0
LINE
8
BLACK
6
CONTINUOUS
10
0.5935834251968504
20
0.2093199606299213
11
0.593640157480315
21
0.2096036220472441
0
LINE
8
BLACK
6
CONTINUOUS
10
0.593640157480315
20
0.2096036220472441
11
0.593640157480315
21
0.2098929133858268
0
LINE
8
BLACK
6
CONTINUOUS
10
0.593640157480315
20
0.2098929133858268
11
0.5937520078740157
21
0.210163031496063
0
LINE
8
BLACK
6
CONTINUOUS
10
0.5937520078740157
20
0.210163031496063
11
0.5938093700787401
21
0.2104496456692913
0
LINE
8
BLACK
6
CONTINUOUS
10
0.5938093700787401
20
0.2104496456692913
11
0.5939703149606299
21
0.2106900393700787
0
LINE
8
BLACK
6
CONTINUOUS
10
0.5939703149606299
20
0.2106900393700787
11
0.5940810629921259
21
0.2109573228346457
0
LINE
8
BLACK
6
CONTINUOUS
10
0.5940810629921259
20
0.2109573228346457
11
0.5942877559055117
21
0.2111640551181102
0
LINE
8
BLACK
6
CONTINUOUS
10
0.5942877559055117
20
0.2111640551181102
11
0.5944504330708661
21
0.2114069291338583
0
LINE
8
BLACK
6
CONTINUOUS
10
0.5944504330708661
20
0.2114069291338583
11
0.5948936614173228
21
0.2117699606299213
0
LINE
8
BLACK
6
CONTINUOUS
10
0.5948936614173228
20
0.2117699606299213
11
0.5948957086614173
21
0.211771968503937
0
LINE
8
BLACK
6
CONTINUOUS
10
0.5948957086614173
20
0.211771968503937
11
0.5948965748031496
21
0.2117723622047244
0
LINE
8
BLACK
6
CONTINUOUS
10
0.5948965748031496
20
0.2117723622047244
11
0.5948982677165354
21
0.2117737007874016
0
LINE
8
BLACK
6
CONTINUOUS
10
0.5948982677165354
20
0.2117737007874016
11
0.6002792913385827
21
0.215361062992126
0
LINE
8
BLACK
6
CONTINUOUS
10
0.6002792913385827
20
0.215361062992126
11
0.6034832677165354
21
0.218565
0
LINE
8
BLACK
6
CONTINUOUS
10
0.6034832677165354
20
0.218565
11
0.6051437401574803
21
0.2218859448818898
0
LINE
8
BLACK
6
CONTINUOUS
10
0.6051437401574803
20
0.2218859448818898
11
0.6054520866141733
21
0.2223758267716535
0
LINE
8
BLACK
6
CONTINUOUS
10
0.6054520866141733
20
0.2223758267716535
11
0.6063224803149606
21
0.2231306692913386
0
LINE
8
BLACK
6
CONTINUOUS
10
0.6063224803149606
20
0.2231306692913386
11
0.6074154330708661
21
0.223495
0
LINE
8
BLACK
6
CONTINUOUS
10
0.6074154330708661
20
0.223495
11
0.6085646456692914
21
0.2234133464566929
0
LINE
8
BLACK
6
CONTINUOUS
10
0.6364823228346457
20
0.2609567716535433
11
0.6375467322834646
21
0.2605158661417323
0
LINE
8
BLACK
6
CONTINUOUS
10
0.6375467322834646
20
0.2605158661417323
11
0.6383613779527559
21
0.2597012204724409
0
LINE
8
BLACK
6
CONTINUOUS
10
0.6383613779527559
20
0.2597012204724409
11
0.6388022834645669
21
0.258636811023622
0
LINE
8
BLACK
6
CONTINUOUS
10
0.6388022834645669
20
0.258636811023622
11
0.6388022834645669
21
0.2574846850393701
0
LINE
8
BLACK
6
CONTINUOUS
10
0.6388022834645669
20
0.2574846850393701
11
0.6383613779527559
21
0.2564202755905512
0
LINE
8
BLACK
6
CONTINUOUS
10
0.6383613779527559
20
0.2564202755905512
11
0.6375467322834646
21
0.2556056299212598
0
LINE
8
BLACK
6
CONTINUOUS
10
0.6375467322834646
20
0.2556056299212598
11
0.6364823228346457
21
0.2551647244094488
0
LINE
8
BLACK
6
CONTINUOUS
10
0.6364823228346457
20
0.2551647244094488
11
0.6359062598425197
21
0.2551079921259842
0
LINE
8
BLACK
6
CONTINUOUS
10
0.6359062598425197
20
0.2551079921259842
11
0.6201113385826772
21
0.2551079921259842
0
LINE
8
BLACK
6
CONTINUOUS
10
0.6201113385826772
20
0.2551079921259842
11
0.6201113385826772
21
0.2430626377952756
0
LINE
8
BLACK
6
CONTINUOUS
10
0.6201113385826772
20
0.2430626377952756
11
0.6200546062992126
21
0.2424865748031496
0
LINE
8
BLACK
6
CONTINUOUS
10
0.6200546062992126
20
0.2424865748031496
11
0.6200140157480315
21
0.2423886220472441
0
LINE
8
BLACK
6
CONTINUOUS
10
0.6200140157480315
20
0.2423886220472441
11
0.6200064960629921
21
0.2422827165354331
0
LINE
8
BLACK
6
CONTINUOUS
10
0.6200064960629921
20
0.2422827165354331
11
0.6197996062992126
21
0.241742125984252
0
LINE
8
BLACK
6
CONTINUOUS
10
0.6197996062992126
20
0.241742125984252
11
0.617924842519685
21
0.2379925984251968
0
LINE
8
BLACK
6
CONTINUOUS
10
0.617924842519685
20
0.2379925984251968
11
0.6177687401574803
21
0.2377446062992126
0
LINE
8
BLACK
6
CONTINUOUS
10
0.6177687401574803
20
0.2377446062992126
11
0.617738937007874
21
0.2376726377952756
0
LINE
8
BLACK
6
CONTINUOUS
10
0.617738937007874
20
0.2376726377952756
11
0.6176724409448818
21
0.2375916929133858
0
LINE
8
BLACK
6
CONTINUOUS
10
0.6176724409448818
20
0.2375916929133858
11
0.6176164960629921
21
0.2375027165354331
0
LINE
8
BLACK
6
CONTINUOUS
10
0.6176164960629921
20
0.2375027165354331
11
0.6175574803149606
21
0.2374515748031496
0
LINE
8
BLACK
6
CONTINUOUS
10
0.6175574803149606
20
0.2374515748031496
11
0.6173717322834645
21
0.2372251968503937
0
LINE
8
BLACK
6
CONTINUOUS
10
0.6173717322834645
20
0.2372251968503937
11
0.615496968503937
21
0.2353504330708661
0
LINE
8
BLACK
6
CONTINUOUS
10
0.615496968503937
20
0.2353504330708661
11
0.6152705905511811
21
0.2351646850393701
0
LINE
8
BLACK
6
CONTINUOUS
10
0.6152705905511811
20
0.2351646850393701
11
0.6152194488188977
21
0.2351056692913386
0
LINE
8
BLACK
6
CONTINUOUS
10
0.6152194488188977
20
0.2351056692913386
11
0.6151304724409449
21
0.2350497244094488
0
LINE
8
BLACK
6
CONTINUOUS
10
0.6151304724409449
20
0.2350497244094488
11
0.6150495275590551
21
0.2349832283464567
0
LINE
8
BLACK
6
CONTINUOUS
10
0.6150495275590551
20
0.2349832283464567
11
0.6149775590551181
21
0.2349534251968504
0
LINE
8
BLACK
6
CONTINUOUS
10
0.6149775590551181
20
0.2349534251968504
11
0.6147295669291338
21
0.2347973228346457
0
LINE
8
BLACK
6
CONTINUOUS
10
0.6147295669291338
20
0.2347973228346457
11
0.6109800393700787
21
0.2329225590551181
0
LINE
8
BLACK
6
CONTINUOUS
10
0.6109800393700787
20
0.2329225590551181
11
0.6104394094488189
21
0.2327156692913386
0
LINE
8
BLACK
6
CONTINUOUS
10
0.6104394094488189
20
0.2327156692913386
11
0.6103335826771653
21
0.232708188976378
0
LINE
8
BLACK
6
CONTINUOUS
10
0.6103335826771653
20
0.232708188976378
11
0.610235590551181
21
0.2326675590551181
0
LINE
8
BLACK
6
CONTINUOUS
10
0.610235590551181
20
0.2326675590551181
11
0.6096595275590551
21
0.2326108267716535
0
LINE
8
BLACK
6
CONTINUOUS
10
0.6096595275590551
20
0.2326108267716535
11
0.6040352362204724
21
0.2326108267716535
0
LINE
8
BLACK
6
CONTINUOUS
10
0.6040352362204724
20
0.2326108267716535
11
0.6034591732283464
21
0.2326675590551181
0
LINE
8
BLACK
6
CONTINUOUS
10
0.6034591732283464
20
0.2326675590551181
11
0.6033611811023621
21
0.2327081496062992
0
LINE
8
BLACK
6
CONTINUOUS
10
0.6033611811023621
20
0.2327081496062992
11
0.6032553149606299
21
0.2327156692913386
0
LINE
8
BLACK
6
CONTINUOUS
10
0.6032553149606299
20
0.2327156692913386
11
0.6027147244094488
21
0.2329225590551181
0
LINE
8
BLACK
6
CONTINUOUS
10
0.6027147244094488
20
0.2329225590551181
11
0.5989651968503937
21
0.2347973228346457
0
LINE
8
BLACK
6
CONTINUOUS
10
0.5989651968503937
20
0.2347973228346457
11
0.5987171653543307
21
0.2349534251968504
0
LINE
8
BLACK
6
CONTINUOUS
10
0.5987171653543307
20
0.2349534251968504
11
0.5986452362204724
21
0.2349832283464567
0
LINE
8
BLACK
6
CONTINUOUS
10
0.5986452362204724
20
0.2349832283464567
11
0.5985642519685039
21
0.2350497244094488
0
LINE
8
BLACK
6
CONTINUOUS
10
0.5985642519685039
20
0.2350497244094488
11
0.5984753149606299
21
0.2351056692913386
0
LINE
8
BLACK
6
CONTINUOUS
10
0.5984753149606299
20
0.2351056692913386
11
0.5984241338582676
21
0.2351646850393701
0
LINE
8
BLACK
6
CONTINUOUS
10
0.5984241338582676
20
0.2351646850393701
11
0.5981977952755906
21
0.2353504330708661
0
LINE
8
BLACK
6
CONTINUOUS
10
0.5981977952755906
20
0.2353504330708661
11
0.596323031496063
21
0.2372251968503937
0
LINE
8
BLACK
6
CONTINUOUS
10
0.596323031496063
20
0.2372251968503937
11
0.5961372440944882
21
0.2374515748031496
0
LINE
8
BLACK
6
CONTINUOUS
10
0.5961372440944882
20
0.2374515748031496
11
0.5960782677165354
21
0.2375027165354331
0
LINE
8
BLACK
6
CONTINUOUS
10
0.5960782677165354
20
0.2375027165354331
11
0.5960222834645669
21
0.2375916929133858
0
LINE
8
BLACK
6
CONTINUOUS
10
0.5960222834645669
20
0.2375916929133858
11
0.5959558267716535
21
0.2376726377952756
0
LINE
8
BLACK
6
CONTINUOUS
10
0.5959558267716535
20
0.2376726377952756
11
0.5959259842519685
21
0.2377446062992126
0
LINE
8
BLACK
6
CONTINUOUS
10
0.5959259842519685
20
0.2377446062992126
11
0.5957699212598425
21
0.2379925984251968
0
LINE
8
BLACK
6
CONTINUOUS
10
0.5957699212598425
20
0.2379925984251968
11
0.593895157480315
21
0.241742125984252
0
LINE
8
BLACK
6
CONTINUOUS
10
0.593895157480315
20
0.241742125984252
11
0.5936882677165354
21
0.2422827559055118
0
LINE
8
BLACK
6
CONTINUOUS
10
0.5936882677165354
20
0.2422827559055118
11
0.5936807480314961
21
0.2423885826771653
0
LINE
8
BLACK
6
CONTINUOUS
10
0.5936807480314961
20
0.2423885826771653
11
0.593640157480315
21
0.2424865748031496
0
LINE
8
BLACK
6
CONTINUOUS
10
0.593640157480315
20
0.2424865748031496
11
0.5935834251968504
21
0.2430626377952756
0
LINE
8
BLACK
6
CONTINUOUS
10
0.5935834251968504
20
0.2430626377952756
11
0.5935834251968504
21
0.258060748031496
0
LINE
8
BLACK
6
CONTINUOUS
10
0.5935834251968504
20
0.258060748031496
11
0.593640157480315
21
0.258636811023622
0
LINE
8
BLACK
6
CONTINUOUS
10
0.593640157480315
20
0.258636811023622
11
0.5940810629921259
21
0.2597012204724409
0
LINE
8
BLACK
6
CONTINUOUS
10
0.5940810629921259
20
0.2597012204724409
11
0.5948957086614173
21
0.2605158661417323
0
LINE
8
BLACK
6
CONTINUOUS
10
0.5948957086614173
20
0.2605158661417323
11
0.5959601181102362
21
0.2609567716535433
0
LINE
8
BLACK
6
CONTINUOUS
10
0.5959601181102362
20
0.2609567716535433
11
0.5965361811023622
21
0.2610135039370079
0
LINE
8
BLACK
6
CONTINUOUS
10
0.5965361811023622
20
0.2610135039370079
11
0.6359062598425197
21
0.2610135039370079
0
LINE
8
BLACK
6
CONTINUOUS
10
0.6359062598425197
20
0.2610135039370079
11
0.6364823228346457
21
0.2609567716535433
0
LINE
8
BLACK
6
CONTINUOUS
10
0.599488937007874
20
0.2437596850393701
11
0.6008376771653543
21
0.2410622047244095
0
LINE
8
BLACK
6
CONTINUOUS
10
0.6008376771653543
20
0.2410622047244095
11
0.6020348031496063
21
0.2398650787401575
0
LINE
8
BLACK
6
CONTINUOUS
10
0.6020348031496063
20
0.2398650787401575
11
0.6047322834645669
21
0.2385163385826772
0
LINE
8
BLACK
6
CONTINUOUS
10
0.6047322834645669
20
0.2385163385826772
11
0.6089624803149606
21
0.2385163385826772
0
LINE
8
BLACK
6
CONTINUOUS
10
0.6089624803149606
20
0.2385163385826772
11
0.6116599606299212
21
0.2398650787401575
0
LINE
8
BLACK
6
CONTINUOUS
10
0.6116599606299212
20
0.2398650787401575
11
0.6128570866141733
21
0.2410622047244095
0
LINE
8
BLACK
6
CONTINUOUS
10
0.6128570866141733
20
0.2410622047244095
11
0.6142058267716536
21
0.2437596850393701
0
LINE
8
BLACK
6
CONTINUOUS
10
0.6142058267716536
20
0.2437596850393701
11
0.6142058267716536
21
0.2551079921259842
0
LINE
8
BLACK
6
CONTINUOUS
10
0.6142058267716536
20
0.2551079921259842
11
0.599488937007874
21
0.2551079921259842
0
LINE
8
BLACK
6
CONTINUOUS
10
0.599488937007874
20
0.2551079921259842
11
0.599488937007874
21
0.2437596850393701
0
LINE
8
BLACK
6
CONTINUOUS
10
0.452755905511811
20
0.3531496062992126
11
0.4585932677165354
21
0.3525746850393701
0
LINE
8
BLACK
6
CONTINUOUS
10
0.4585932677165354
20
0.3525746850393701
11
0.4642062598425197
21
0.350871968503937
0
LINE
8
BLACK
6
CONTINUOUS
10
0.4642062598425197
20
0.350871968503937
11
0.4693792519685039
21
0.348106968503937
0
LINE
8
BLACK
6
CONTINUOUS
10
0.4693792519685039
20
0.348106968503937
11
0.4739134251968504
21
0.3443858661417323
0
LINE
8
BLACK
6
CONTINUOUS
10
0.4739134251968504
20
0.3443858661417323
11
0.4776345275590551
21
0.3398516929133858
0
LINE
8
BLACK
6
CONTINUOUS
10
0.4776345275590551
20
0.3398516929133858
11
0.4803995275590551
21
0.3346787007874016
0
LINE
8
BLACK
6
CONTINUOUS
10
0.4803995275590551
20
0.3346787007874016
11
0.4821022440944882
21
0.3290657086614173
0
LINE
8
BLACK
6
CONTINUOUS
10
0.4821022440944882
20
0.3290657086614173
11
0.4826771653543307
21
0.3232283464566929
0
LINE
8
BLACK
6
CONTINUOUS
10
0.4826771653543307
20
0.3232283464566929
11
0.4826771653543307
21
0.2681102362204724
0
LINE
8
BLACK
6
CONTINUOUS
10
0.4826771653543307
20
0.2681102362204724
11
0.4821022440944882
21
0.262272874015748
0
LINE
8
BLACK
6
CONTINUOUS
10
0.4821022440944882
20
0.262272874015748
11
0.4803995275590551
21
0.2566598818897638
0
LINE
8
BLACK
6
CONTINUOUS
10
0.4803995275590551
20
0.2566598818897638
11
0.4776345275590551
21
0.2514868897637795
0
LINE
8
BLACK
6
CONTINUOUS
10
0.4776345275590551
20
0.2514868897637795
11
0.4739134251968504
21
0.2469527165354331
0
LINE
8
BLACK
6
CONTINUOUS
10
0.4739134251968504
20
0.2469527165354331
11
0.4693792519685039
21
0.2432316141732283
0
LINE
8
BLACK
6
CONTINUOUS
10
0.4693792519685039
20
0.2432316141732283
11
0.4642062598425197
21
0.2404666141732283
0
LINE
8
BLACK
6
CONTINUOUS
10
0.4642062598425197
20
0.2404666141732283
11
0.4585932677165354
21
0.2387638976377953
0
LINE
8
BLACK
6
CONTINUOUS
10
0.4585932677165354
20
0.2387638976377953
11
0.452755905511811
21
0.2381889763779527
0
LINE
8
BLACK
6
CONTINUOUS
10
0.452755905511811
20
0.2381889763779527
11
0.4291338582677166
21
0.2381889763779527
0
LINE
8
BLACK
6
CONTINUOUS
10
0.4291338582677166
20
0.2381889763779527
11
0.4232964960629921
21
0.2387638976377953
0
LINE
8
BLACK
6
CONTINUOUS
10
0.4232964960629921
20
0.2387638976377953
11
0.4176835039370079
21
0.2404666141732283
0
LINE
8
BLACK
6
CONTINUOUS
10
0.4176835039370079
20
0.2404666141732283
11
0.4125105118110236
21
0.2432316141732283
0
LINE
8
BLACK
6
CONTINUOUS
10
0.4125105118110236
20
0.2432316141732283
11
0.4079763385826772
21
0.2469527165354331
0
LINE
8
BLACK
6
CONTINUOUS
10
0.4079763385826772
20
0.2469527165354331
11
0.4042552362204724
21
0.2514868897637795
0
LINE
8
BLACK
6
CONTINUOUS
10
0.4042552362204724
20
0.2514868897637795
11
0.4014902362204724
21
0.2566598818897638
0
LINE
8
BLACK
6
CONTINUOUS
10
0.4014902362204724
20
0.2566598818897638
11
0.3997875196850393
21
0.262272874015748
0
LINE
8
BLACK
6
CONTINUOUS
10
0.3997875196850393
20
0.262272874015748
11
0.3992125984251969
21
0.2681102362204724
0
LINE
8
BLACK
6
CONTINUOUS
10
0.3992125984251969
20
0.2681102362204724
11
0.3992125984251969
21
0.3232283464566929
0
LINE
8
BLACK
6
CONTINUOUS
10
0.3992125984251969
20
0.3232283464566929
11
0.3997875196850393
21
0.3290657086614173
0
LINE
8
BLACK
6
CONTINUOUS
10
0.3997875196850393
20
0.3290657086614173
11
0.4014902362204724
21
0.3346787007874016
0
LINE
8
BLACK
6
CONTINUOUS
10
0.4014902362204724
20
0.3346787007874016
11
0.4042552362204724
21
0.3398516929133858
0
LINE
8
BLACK
6
CONTINUOUS
10
0.4042552362204724
20
0.3398516929133858
11
0.4079763385826772
21
0.3443858661417323
0
LINE
8
BLACK
6
CONTINUOUS
10
0.4079763385826772
20
0.3443858661417323
11
0.4125105118110236
21
0.348106968503937
0
LINE
8
BLACK
6
CONTINUOUS
10
0.4125105118110236
20
0.348106968503937
11
0.4176835039370079
21
0.350871968503937
0
LINE
8
BLACK
6
CONTINUOUS
10
0.4176835039370079
20
0.350871968503937
11
0.4232964960629921
21
0.3525746850393701
0
LINE
8
BLACK
6
CONTINUOUS
10
0.4232964960629921
20
0.3525746850393701
11
0.4291338582677166
21
0.3531496062992126
0
LINE
8
BLACK
6
CONTINUOUS
10
0.4291338582677166
20
0.3531496062992126
11
0.452755905511811
21
0.3531496062992126
0
LINE
8
BLACK
6
CONTINUOUS
10
0.4291338582677166
20
0.3484251968503937
11
0.426294842519685
21
0.3484251968503937
0
LINE
8
BLACK
6
CONTINUOUS
10
0.426294842519685
20
0.3484251968503937
11
0.4207592125984252
21
0.3471617322834646
0
LINE
8
BLACK
6
CONTINUOUS
10
0.4207592125984252
20
0.3471617322834646
11
0.4156435039370079
21
0.3446981496062992
0
LINE
8
BLACK
6
CONTINUOUS
10
0.4156435039370079
20
0.3446981496062992
11
0.4112042519685039
21
0.3411579527559055
0
LINE
8
BLACK
6
CONTINUOUS
10
0.4112042519685039
20
0.3411579527559055
11
0.4076640551181102
21
0.3367187007874016
0
LINE
8
BLACK
6
CONTINUOUS
10
0.4076640551181102
20
0.3367187007874016
11
0.4052004724409449
21
0.3316029921259843
0
LINE
8
BLACK
6
CONTINUOUS
10
0.4052004724409449
20
0.3316029921259843
11
0.4039370078740158
21
0.3260673622047244
0
LINE
8
BLACK
6
CONTINUOUS
10
0.4039370078740158
20
0.3260673622047244
11
0.4039370078740158
21
0.3232283464566929
0
LINE
8
BLACK
6
CONTINUOUS
10
0.4039370078740158
20
0.3232283464566929
11
0.4039370078740158
21
0.2681102362204724
0
LINE
8
BLACK
6
CONTINUOUS
10
0.4039370078740158
20
0.2681102362204724
11
0.4039370078740158
21
0.2652712204724409
0
LINE
8
BLACK
6
CONTINUOUS
10
0.4039370078740158
20
0.2652712204724409
11
0.4052004724409449
21
0.2597355905511811
0
LINE
8
BLACK
6
CONTINUOUS
10
0.4052004724409449
20
0.2597355905511811
11
0.4076640551181102
21
0.2546198818897638
0
LINE
8
BLACK
6
CONTINUOUS
10
0.4076640551181102
20
0.2546198818897638
11
0.4112042519685039
21
0.2501806299212598
0
LINE
8
BLACK
6
CONTINUOUS
10
0.4112042519685039
20
0.2501806299212598
11
0.4156435039370079
21
0.2466404330708661
0
LINE
8
BLACK
6
CONTINUOUS
10
0.4156435039370079
20
0.2466404330708661
11
0.4207592125984252
21
0.2441768503937008
0
LINE
8
BLACK
6
CONTINUOUS
10
0.4207592125984252
20
0.2441768503937008
11
0.426294842519685
21
0.2429133858267717
0
LINE
8
BLACK
6
CONTINUOUS
10
0.426294842519685
20
0.2429133858267717
11
0.4291338582677166
21
0.2429133858267717
0
LINE
8
BLACK
6
CONTINUOUS
10
0.4291338582677166
20
0.2429133858267717
11
0.452755905511811
21
0.2429133858267717
0
LINE
8
BLACK
6
CONTINUOUS
10
0.452755905511811
20
0.2429133858267717
11
0.4555949212598425
21
0.2429133858267717
0
LINE
8
BLACK
6
CONTINUOUS
10
0.4555949212598425
20
0.2429133858267717
11
0.4611305511811024
21
0.2441768503937008
0
LINE
8
BLACK
6
CONTINUOUS
10
0.4611305511811024
20
0.2441768503937008
11
0.4662462598425197
21
0.2466404330708661
0
LINE
8
BLACK
6
CONTINUOUS
10
0.4662462598425197
20
0.2466404330708661
11
0.4706855118110236
21
0.2501806299212598
0
LINE
8
BLACK
6
CONTINUOUS
10
0.4706855118110236
20
0.2501806299212598
11
0.4742257086614173
21
0.2546198818897638
0
LINE
8
BLACK
6
CONTINUOUS
10
0.4742257086614173
20
0.2546198818897638
11
0.4766892913385827
21
0.2597355905511811
0
LINE
8
BLACK
6
CONTINUOUS
10
0.4766892913385827
20
0.2597355905511811
11
0.4779527559055118
21
0.2652712204724409
0
LINE
8
BLACK
6
CONTINUOUS
10
0.4779527559055118
20
0.2652712204724409
11
0.4779527559055118
21
0.2681102362204724
0
LINE
8
BLACK
6
CONTINUOUS
10
0.4779527559055118
20
0.2681102362204724
11
0.4779527559055118
21
0.3232283464566929
0
LINE
8
BLACK
6
CONTINUOUS
10
0.4779527559055118
20
0.3232283464566929
11
0.4779527559055118
21
0.3260673622047244
0
LINE
8
BLACK
6
CONTINUOUS
10
0.4779527559055118
20
0.3260673622047244
11
0.4766892913385827
21
0.3316029921259843
0
LINE
8
BLACK
6
CONTINUOUS
10
0.4766892913385827
20
0.3316029921259843
11
0.4742257086614173
21
0.3367187007874016
0
LINE
8
BLACK
6
CONTINUOUS
10
0.4742257086614173
20
0.3367187007874016
11
0.4706855118110236
21
0.3411579527559055
0
LINE
8
BLACK
6
CONTINUOUS
10
0.4706855118110236
20
0.3411579527559055
11
0.4662462598425197
21
0.3446981496062992
0
LINE
8
BLACK
6
CONTINUOUS
10
0.4662462598425197
20
0.3446981496062992
11
0.4611305511811024
21
0.3471617322834646
0
LINE
8
BLACK
6
CONTINUOUS
10
0.4611305511811024
20
0.3471617322834646
11
0.4555949212598425
21
0.3484251968503937
0
LINE
8
BLACK
6
CONTINUOUS
10
0.4555949212598425
20
0.3484251968503937
11
0.452755905511811
21
0.3484251968503937
0
LINE
8
BLACK
6
CONTINUOUS
10
0.452755905511811
20
0.3484251968503937
11
0.4291338582677166
21
0.3484251968503937
0
LINE
8
BLACK
6
CONTINUOUS
10
0.3915467322834645
20
0.2765646062992126
11
0.3923614173228346
21
0.2757499606299212
0
LINE
8
BLACK
6
CONTINUOUS
10
0.3923614173228346
20
0.2757499606299212
11
0.392617874015748
21
0.2751307480314961
0
LINE
8
BLACK
6
CONTINUOUS
10
0.392617874015748
20
0.2751307480314961
11
0.3928022834645669
21
0.2746855511811024
0
LINE
8
BLACK
6
CONTINUOUS
10
0.3928022834645669
20
0.2746855511811024
11
0.3928590157480315
21
0.2741094881889763
0
LINE
8
BLACK
6
CONTINUOUS
10
0.3928590157480315
20
0.2741094881889763
11
0.3928590157480315
21
0.2497375590551181
0
LINE
8
BLACK
6
CONTINUOUS
10
0.3928590157480315
20
0.2497375590551181
11
0.3928022834645669
21
0.2491614960629921
0
LINE
8
BLACK
6
CONTINUOUS
10
0.3928022834645669
20
0.2491614960629921
11
0.3923613779527559
21
0.2480970866141732
0
LINE
8
BLACK
6
CONTINUOUS
10
0.3923613779527559
20
0.2480970866141732
11
0.3915467322834645
21
0.2472824409448819
0
LINE
8
BLACK
6
CONTINUOUS
10
0.3915467322834645
20
0.2472824409448819
11
0.3904823228346457
21
0.2468415354330709
0
LINE
8
BLACK
6
CONTINUOUS
10
0.3904823228346457
20
0.2468415354330709
11
0.3893301968503937
21
0.2468415354330709
0
LINE
8
BLACK
6
CONTINUOUS
10
0.3893301968503937
20
0.2468415354330709
11
0.3882657874015748
21
0.2472824409448819
0
LINE
8
BLACK
6
CONTINUOUS
10
0.3882657874015748
20
0.2472824409448819
11
0.3874511417322835
21
0.2480970866141732
0
LINE
8
BLACK
6
CONTINUOUS
10
0.3874511417322835
20
0.2480970866141732
11
0.3870102362204724
21
0.2491614960629921
0
LINE
8
BLACK
6
CONTINUOUS
10
0.3870102362204724
20
0.2491614960629921
11
0.3869535039370079
21
0.2497375590551181
0
LINE
8
BLACK
6
CONTINUOUS
10
0.3869535039370079
20
0.2497375590551181
11
0.3869535039370079
21
0.2669809448818898
0
LINE
8
BLACK
6
CONTINUOUS
10
0.3869535039370079
20
0.2669809448818898
11
0.369496968503937
21
0.2495244094488189
0
LINE
8
BLACK
6
CONTINUOUS
10
0.369496968503937
20
0.2495244094488189
11
0.3690495275590551
21
0.2491572047244094
0
LINE
8
BLACK
6
CONTINUOUS
10
0.3690495275590551
20
0.2491572047244094
11
0.3689514566929134
21
0.2491166141732283
0
LINE
8
BLACK
6
CONTINUOUS
10
0.3689514566929134
20
0.2491166141732283
11
0.3688713385826772
21
0.2490470866141732
0
LINE
8
BLACK
6
CONTINUOUS
10
0.3688713385826772
20
0.2490470866141732
11
0.3683427952755906
21
0.2488111023622047
0
LINE
8
BLACK
6
CONTINUOUS
10
0.3683427952755906
20
0.2488111023622047
11
0.3627185039370079
21
0.2469363385826772
0
LINE
8
BLACK
6
CONTINUOUS
10
0.3627185039370079
20
0.2469363385826772
11
0.3624329133858268
21
0.2468714173228346
0
LINE
8
BLACK
6
CONTINUOUS
10
0.3624329133858268
20
0.2468714173228346
11
0.3623608267716535
21
0.2468415354330709
0
LINE
8
BLACK
6
CONTINUOUS
10
0.3623608267716535
20
0.2468415354330709
11
0.3622562992125984
21
0.2468312598425197
0
LINE
8
BLACK
6
CONTINUOUS
10
0.3622562992125984
20
0.2468312598425197
11
0.3621540551181102
21
0.2468079921259843
0
LINE
8
BLACK
6
CONTINUOUS
10
0.3621540551181102
20
0.2468079921259843
11
0.3620762992125984
21
0.2468135433070866
0
LINE
8
BLACK
6
CONTINUOUS
10
0.3620762992125984
20
0.2468135433070866
11
0.3617847637795276
21
0.2467848031496063
0
LINE
8
BLACK
6
CONTINUOUS
10
0.3617847637795276
20
0.2467848031496063
11
0.3580352362204725
21
0.2467848031496063
0
LINE
8
BLACK
6
CONTINUOUS
10
0.3580352362204725
20
0.2467848031496063
11
0.3574591732283465
21
0.2468415354330709
0
LINE
8
BLACK
6
CONTINUOUS
10
0.3574591732283465
20
0.2468415354330709
11
0.3573611811023622
21
0.246882125984252
0
LINE
8
BLACK
6
CONTINUOUS
10
0.3573611811023622
20
0.246882125984252
11
0.3572553149606299
21
0.2468896456692913
0
LINE
8
BLACK
6
CONTINUOUS
10
0.3572553149606299
20
0.2468896456692913
11
0.3567147244094488
21
0.2470965354330709
0
LINE
8
BLACK
6
CONTINUOUS
10
0.3567147244094488
20
0.2470965354330709
11
0.3529651968503937
21
0.2489712992125984
0
LINE
8
BLACK
6
CONTINUOUS
10
0.3529651968503937
20
0.2489712992125984
11
0.3527171653543307
21
0.2491274015748031
0
LINE
8
BLACK
6
CONTINUOUS
10
0.3527171653543307
20
0.2491274015748031
11
0.3526452362204724
21
0.2491572047244094
0
LINE
8
BLACK
6
CONTINUOUS
10
0.3526452362204724
20
0.2491572047244094
11
0.3525642519685039
21
0.2492237007874016
0
LINE
8
BLACK
6
CONTINUOUS
10
0.3525642519685039
20
0.2492237007874016
11
0.3524753149606299
21
0.2492796456692913
0
LINE
8
BLACK
6
CONTINUOUS
10
0.3524753149606299
20
0.2492796456692913
11
0.3524241338582677
21
0.2493386614173228
0
LINE
8
BLACK
6
CONTINUOUS
10
0.3524241338582677
20
0.2493386614173228
11
0.3521977952755905
21
0.2495244094488189
0
LINE
8
BLACK
6
CONTINUOUS
10
0.3521977952755905
20
0.2495244094488189
11
0.350323031496063
21
0.2513991732283464
0
LINE
8
BLACK
6
CONTINUOUS
10
0.350323031496063
20
0.2513991732283464
11
0.3501372440944882
21
0.2516255511811024
0
LINE
8
BLACK
6
CONTINUOUS
10
0.3501372440944882
20
0.2516255511811024
11
0.3500782677165354
21
0.2516766929133858
0
LINE
8
BLACK
6
CONTINUOUS
10
0.3500782677165354
20
0.2516766929133858
11
0.3500222834645669
21
0.2517656692913386
0
LINE
8
BLACK
6
CONTINUOUS
10
0.3500222834645669
20
0.2517656692913386
11
0.3499558267716535
21
0.2518466141732283
0
LINE
8
BLACK
6
CONTINUOUS
10
0.3499558267716535
20
0.2518466141732283
11
0.3499259842519685
21
0.2519185826771653
0
LINE
8
BLACK
6
CONTINUOUS
10
0.3499259842519685
20
0.2519185826771653
11
0.3497699212598425
21
0.2521665748031496
0
LINE
8
BLACK
6
CONTINUOUS
10
0.3497699212598425
20
0.2521665748031496
11
0.347895157480315
21
0.2559161023622047
0
LINE
8
BLACK
6
CONTINUOUS
10
0.347895157480315
20
0.2559161023622047
11
0.3476882677165354
21
0.2564567322834646
0
LINE
8
BLACK
6
CONTINUOUS
10
0.3476882677165354
20
0.2564567322834646
11
0.3476807480314961
21
0.2565625590551181
0
LINE
8
BLACK
6
CONTINUOUS
10
0.3476807480314961
20
0.2565625590551181
11
0.347640157480315
21
0.2566605511811024
0
LINE
8
BLACK
6
CONTINUOUS
10
0.347640157480315
20
0.2566605511811024
11
0.3475834251968504
21
0.2572366141732284
0
LINE
8
BLACK
6
CONTINUOUS
10
0.3475834251968504
20
0.2572366141732284
11
0.3475834251968504
21
0.2666104330708661
0
LINE
8
BLACK
6
CONTINUOUS
10
0.3475834251968504
20
0.2666104330708661
11
0.347640157480315
21
0.2671864960629921
0
LINE
8
BLACK
6
CONTINUOUS
10
0.347640157480315
20
0.2671864960629921
11
0.3476807480314961
21
0.2672845275590551
0
LINE
8
BLACK
6
CONTINUOUS
10
0.3476807480314961
20
0.2672845275590551
11
0.3476882677165354
21
0.2673903149606299
0
LINE
8
BLACK
6
CONTINUOUS
10
0.3476882677165354
20
0.2673903149606299
11
0.347895157480315
21
0.2679309448818897
0
LINE
8
BLACK
6
CONTINUOUS
10
0.347895157480315
20
0.2679309448818897
11
0.3497699212598425
21
0.2716804724409449
0
LINE
8
BLACK
6
CONTINUOUS
10
0.3497699212598425
20
0.2716804724409449
11
0.3499259842519685
21
0.2719285039370078
0
LINE
8
BLACK
6
CONTINUOUS
10
0.3499259842519685
20
0.2719285039370078
11
0.3499558267716535
21
0.2720004330708661
0
LINE
8
BLACK
6
CONTINUOUS
10
0.3499558267716535
20
0.2720004330708661
11
0.3500222834645669
21
0.2720814173228346
0
LINE
8
BLACK
6
CONTINUOUS
10
0.3500222834645669
20
0.2720814173228346
11
0.3500782677165354
21
0.2721703543307086
0
LINE
8
BLACK
6
CONTINUOUS
10
0.3500782677165354
20
0.2721703543307086
11
0.3501372440944882
21
0.2722215354330709
0
LINE
8
BLACK
6
CONTINUOUS
10
0.3501372440944882
20
0.2722215354330709
11
0.350323031496063
21
0.272447874015748
0
LINE
8
BLACK
6
CONTINUOUS
10
0.350323031496063
20
0.272447874015748
11
0.3521977952755905
21
0.2743226377952756
0
LINE
8
BLACK
6
CONTINUOUS
10
0.3521977952755905
20
0.2743226377952756
11
0.3526452362204724
21
0.274689842519685
0
LINE
8
BLACK
6
CONTINUOUS
10
0.3526452362204724
20
0.274689842519685
11
0.3537096456692913
21
0.2751307480314961
0
LINE
8
BLACK
6
CONTINUOUS
10
0.3537096456692913
20
0.2751307480314961
11
0.3548617322834646
21
0.2751307480314961
0
LINE
8
BLACK
6
CONTINUOUS
10
0.3548617322834646
20
0.2751307480314961
11
0.3559261417322834
21
0.274689842519685
0
LINE
8
BLACK
6
CONTINUOUS
10
0.3559261417322834
20
0.274689842519685
11
0.3567408267716535
21
0.2738751574803149
0
LINE
8
BLACK
6
CONTINUOUS
10
0.3567408267716535
20
0.2738751574803149
11
0.3571817322834646
21
0.2728107480314961
0
LINE
8
BLACK
6
CONTINUOUS
10
0.3571817322834646
20
0.2728107480314961
11
0.3571817322834646
21
0.2716586614173228
0
LINE
8
BLACK
6
CONTINUOUS
10
0.3571817322834646
20
0.2716586614173228
11
0.3567408267716535
21
0.270594251968504
0
LINE
8
BLACK
6
CONTINUOUS
10
0.3567408267716535
20
0.270594251968504
11
0.3563736220472441
21
0.270146811023622
0
LINE
8
BLACK
6
CONTINUOUS
10
0.3563736220472441
20
0.270146811023622
11
0.3548376771653543
21
0.2686108661417323
0
LINE
8
BLACK
6
CONTINUOUS
10
0.3548376771653543
20
0.2686108661417323
11
0.353488937007874
21
0.2659133858267717
0
LINE
8
BLACK
6
CONTINUOUS
10
0.353488937007874
20
0.2659133858267717
11
0.353488937007874
21
0.2579336614173228
0
LINE
8
BLACK
6
CONTINUOUS
10
0.353488937007874
20
0.2579336614173228
11
0.3548376771653543
21
0.2552361811023622
0
LINE
8
BLACK
6
CONTINUOUS
10
0.3548376771653543
20
0.2552361811023622
11
0.3560348031496063
21
0.2540390551181103
0
LINE
8
BLACK
6
CONTINUOUS
10
0.3560348031496063
20
0.2540390551181103
11
0.3587322834645669
21
0.2526903149606299
0
LINE
8
BLACK
6
CONTINUOUS
10
0.3587322834645669
20
0.2526903149606299
11
0.3613056299212598
21
0.2526903149606299
0
LINE
8
BLACK
6
CONTINUOUS
10
0.3613056299212598
20
0.2526903149606299
11
0.3658140157480315
21
0.2541931496062992
0
LINE
8
BLACK
6
CONTINUOUS
10
0.3658140157480315
20
0.2541931496062992
11
0.3878183464566929
21
0.2761974015748032
0
LINE
8
BLACK
6
CONTINUOUS
10
0.3878183464566929
20
0.2761974015748032
11
0.3882657874015748
21
0.2765646456692913
0
LINE
8
BLACK
6
CONTINUOUS
10
0.3882657874015748
20
0.2765646456692913
11
0.3890184251968504
21
0.2768764173228346
0
LINE
8
BLACK
6
CONTINUOUS
10
0.3890184251968504
20
0.2768764173228346
11
0.3893301968503937
21
0.2770055118110236
0
LINE
8
BLACK
6
CONTINUOUS
10
0.3893301968503937
20
0.2770055118110236
11
0.3904823228346457
21
0.2770055118110236
0
LINE
8
BLACK
6
CONTINUOUS
10
0.3904823228346457
20
0.2770055118110236
11
0.3915467322834645
21
0.2765646062992126
0
LINE
8
BLACK
6
CONTINUOUS
10
0.6375467322834646
20
0.2942616535433071
11
0.6383613779527559
21
0.2934470078740157
0
LINE
8
BLACK
6
CONTINUOUS
10
0.6383613779527559
20
0.2934470078740157
11
0.6388022834645669
21
0.2923825984251969
0
LINE
8
BLACK
6
CONTINUOUS
10
0.6388022834645669
20
0.2923825984251969
11
0.6388590157480315
21
0.2918065354330708
0
LINE
8
BLACK
6
CONTINUOUS
10
0.6388590157480315
20
0.2918065354330708
11
0.6388590157480315
21
0.2880570078740157
0
LINE
8
BLACK
6
CONTINUOUS
10
0.6388590157480315
20
0.2880570078740157
11
0.6388302755905512
21
0.2877654330708662
0
LINE
8
BLACK
6
CONTINUOUS
10
0.6388302755905512
20
0.2877654330708662
11
0.6388358267716535
21
0.2876876771653543
0
LINE
8
BLACK
6
CONTINUOUS
10
0.6388358267716535
20
0.2876876771653543
11
0.6388125590551181
21
0.2875854330708661
0
LINE
8
BLACK
6
CONTINUOUS
10
0.6388125590551181
20
0.2875854330708661
11
0.6388022834645669
21
0.2874809448818897
0
LINE
8
BLACK
6
CONTINUOUS
10
0.6388022834645669
20
0.2874809448818897
11
0.6387724015748031
21
0.2874088976377953
0
LINE
8
BLACK
6
CONTINUOUS
10
0.6387724015748031
20
0.2874088976377953
11
0.6387074803149606
21
0.2871232283464567
0
LINE
8
BLACK
6
CONTINUOUS
10
0.6387074803149606
20
0.2871232283464567
11
0.6368327165354331
21
0.2814989763779527
0
LINE
8
BLACK
6
CONTINUOUS
10
0.6368327165354331
20
0.2814989763779527
11
0.6365967322834646
21
0.2809703937007874
0
LINE
8
BLACK
6
CONTINUOUS
10
0.6365967322834646
20
0.2809703937007874
11
0.6365272440944881
21
0.2808903149606299
0
LINE
8
BLACK
6
CONTINUOUS
10
0.6365272440944881
20
0.2808903149606299
11
0.636486653543307
21
0.2807922440944882
0
LINE
8
BLACK
6
CONTINUOUS
10
0.636486653543307
20
0.2807922440944882
11
0.6361194094488188
21
0.2803448031496063
0
LINE
8
BLACK
6
CONTINUOUS
10
0.6361194094488188
20
0.2803448031496063
11
0.632369842519685
21
0.2765952755905512
0
LINE
8
BLACK
6
CONTINUOUS
10
0.632369842519685
20
0.2765952755905512
11
0.6319223622047244
21
0.276228031496063
0
LINE
8
BLACK
6
CONTINUOUS
10
0.6319223622047244
20
0.276228031496063
11
0.6318242913385826
21
0.2761874409448819
0
LINE
8
BLACK
6
CONTINUOUS
10
0.6318242913385826
20
0.2761874409448819
11
0.6317442125984252
21
0.2761179527559055
0
LINE
8
BLACK
6
CONTINUOUS
10
0.6317442125984252
20
0.2761179527559055
11
0.6312156692913385
21
0.275881968503937
0
LINE
8
BLACK
6
CONTINUOUS
10
0.6312156692913385
20
0.275881968503937
11
0.6255913779527559
21
0.2740072047244094
0
LINE
8
BLACK
6
CONTINUOUS
10
0.6255913779527559
20
0.2740072047244094
11
0.6253057874015748
21
0.2739422834645669
0
LINE
8
BLACK
6
CONTINUOUS
10
0.6253057874015748
20
0.2739422834645669
11
0.6252337007874016
21
0.2739124015748031
0
LINE
8
BLACK
6
CONTINUOUS
10
0.6252337007874016
20
0.2739124015748031
11
0.6251291732283465
21
0.273902125984252
0
LINE
8
BLACK
6
CONTINUOUS
10
0.6251291732283465
20
0.273902125984252
11
0.6250269291338583
21
0.2738788582677165
0
LINE
8
BLACK
6
CONTINUOUS
10
0.6250269291338583
20
0.2738788582677165
11
0.6249491732283464
21
0.2738844094488189
0
LINE
8
BLACK
6
CONTINUOUS
10
0.6249491732283464
20
0.2738844094488189
11
0.6246576377952756
21
0.2738556692913386
0
LINE
8
BLACK
6
CONTINUOUS
10
0.6246576377952756
20
0.2738556692913386
11
0.5965361811023622
21
0.2738556692913386
0
LINE
8
BLACK
6
CONTINUOUS
10
0.5965361811023622
20
0.2738556692913386
11
0.5959601181102362
21
0.2739124015748031
0
LINE
8
BLACK
6
CONTINUOUS
10
0.5959601181102362
20
0.2739124015748031
11
0.5948957086614173
21
0.2743533070866142
0
LINE
8
BLACK
6
CONTINUOUS
10
0.5948957086614173
20
0.2743533070866142
11
0.5940810629921259
21
0.2751679527559055
0
LINE
8
BLACK
6
CONTINUOUS
10
0.5940810629921259
20
0.2751679527559055
11
0.593640157480315
21
0.2762323622047244
0
LINE
8
BLACK
6
CONTINUOUS
10
0.593640157480315
20
0.2762323622047244
11
0.593640157480315
21
0.2773844881889764
0
LINE
8
BLACK
6
CONTINUOUS
10
0.593640157480315
20
0.2773844881889764
11
0.5940810629921259
21
0.2784488976377953
0
LINE
8
BLACK
6
CONTINUOUS
10
0.5940810629921259
20
0.2784488976377953
11
0.5948957086614173
21
0.2792635433070866
0
LINE
8
BLACK
6
CONTINUOUS
10
0.5948957086614173
20
0.2792635433070866
11
0.5959601181102362
21
0.2797044488188976
0
LINE
8
BLACK
6
CONTINUOUS
10
0.5959601181102362
20
0.2797044488188976
11
0.5965361811023622
21
0.2797611811023622
0
LINE
8
BLACK
6
CONTINUOUS
10
0.5965361811023622
20
0.2797611811023622
11
0.6241785039370079
21
0.2797611811023622
0
LINE
8
BLACK
6
CONTINUOUS
10
0.6241785039370079
20
0.2797611811023622
11
0.6286868897637795
21
0.2812640157480315
0
LINE
8
BLACK
6
CONTINUOUS
10
0.6286868897637795
20
0.2812640157480315
11
0.6314507086614173
21
0.2840277952755905
0
LINE
8
BLACK
6
CONTINUOUS
10
0.6314507086614173
20
0.2840277952755905
11
0.6329535039370079
21
0.2885361417322835
0
LINE
8
BLACK
6
CONTINUOUS
10
0.6329535039370079
20
0.2885361417322835
11
0.6329535039370079
21
0.2918065354330708
0
LINE
8
BLACK
6
CONTINUOUS
10
0.6329535039370079
20
0.2918065354330708
11
0.6330102362204725
21
0.2923825984251969
0
LINE
8
BLACK
6
CONTINUOUS
10
0.6330102362204725
20
0.2923825984251969
11
0.6334511417322835
21
0.2934470078740157
0
LINE
8
BLACK
6
CONTINUOUS
10
0.6334511417322835
20
0.2934470078740157
11
0.6342657874015748
21
0.2942616535433071
0
LINE
8
BLACK
6
CONTINUOUS
10
0.6342657874015748
20
0.2942616535433071
11
0.6353301968503937
21
0.2947025590551181
0
LINE
8
BLACK
6
CONTINUOUS
10
0.6353301968503937
20
0.2947025590551181
11
0.6364823228346457
21
0.2947025590551181
0
LINE
8
BLACK
6
CONTINUOUS
10
0.6364823228346457
20
0.2947025590551181
11
0.6375467322834646
21
0.2942616535433071
0
LINE
8
BLACK
6
CONTINUOUS
10
0.3904823228346457
20
0.312626062992126
11
0.3915467322834645
21
0.3121851574803149
0
LINE
8
BLACK
6
CONTINUOUS
10
0.3915467322834645
20
0.3121851574803149
11
0.3923613779527559
21
0.3113705118110236
0
LINE
8
BLACK
6
CONTINUOUS
10
0.3923613779527559
20
0.3113705118110236
11
0.3928022834645669
21
0.3103061023622047
0
LINE
8
BLACK
6
CONTINUOUS
10
0.3928022834645669
20
0.3103061023622047
11
0.3928022834645669
21
0.3091539763779527
0
LINE
8
BLACK
6
CONTINUOUS
10
0.3928022834645669
20
0.3091539763779527
11
0.3923613779527559
21
0.3080895669291339
0
LINE
8
BLACK
6
CONTINUOUS
10
0.3923613779527559
20
0.3080895669291339
11
0.3915467322834645
21
0.3072749212598425
0
LINE
8
BLACK
6
CONTINUOUS
10
0.3915467322834645
20
0.3072749212598425
11
0.3904823228346457
21
0.3068340157480315
0
LINE
8
BLACK
6
CONTINUOUS
10
0.3904823228346457
20
0.3068340157480315
11
0.3899062598425197
21
0.3067772834645669
0
LINE
8
BLACK
6
CONTINUOUS
10
0.3899062598425197
20
0.3067772834645669
11
0.3741113385826771
21
0.3067772834645669
0
LINE
8
BLACK
6
CONTINUOUS
10
0.3741113385826771
20
0.3067772834645669
11
0.3741113385826771
21
0.2947319291338583
0
LINE
8
BLACK
6
CONTINUOUS
10
0.3741113385826771
20
0.2947319291338583
11
0.3740546062992126
21
0.2941558661417323
0
LINE
8
BLACK
6
CONTINUOUS
10
0.3740546062992126
20
0.2941558661417323
11
0.3740140157480315
21
0.2940579133858268
0
LINE
8
BLACK
6
CONTINUOUS
10
0.3740140157480315
20
0.2940579133858268
11
0.3740064960629921
21
0.2939520078740158
0
LINE
8
BLACK
6
CONTINUOUS
10
0.3740064960629921
20
0.2939520078740158
11
0.3737996062992126
21
0.2934114173228347
0
LINE
8
BLACK
6
CONTINUOUS
10
0.3737996062992126
20
0.2934114173228347
11
0.3719248425196851
21
0.2896618897637795
0
LINE
8
BLACK
6
CONTINUOUS
10
0.3719248425196851
20
0.2896618897637795
11
0.3717687401574803
21
0.2894138976377953
0
LINE
8
BLACK
6
CONTINUOUS
10
0.3717687401574803
20
0.2894138976377953
11
0.371738937007874
21
0.2893419291338583
0
LINE
8
BLACK
6
CONTINUOUS
10
0.371738937007874
20
0.2893419291338583
11
0.3716724409448819
21
0.2892609842519685
0
LINE
8
BLACK
6
CONTINUOUS
10
0.3716724409448819
20
0.2892609842519685
11
0.3716164960629921
21
0.2891720078740158
0
LINE
8
BLACK
6
CONTINUOUS
10
0.3716164960629921
20
0.2891720078740158
11
0.3715574803149606
21
0.2891208661417323
0
LINE
8
BLACK
6
CONTINUOUS
10
0.3715574803149606
20
0.2891208661417323
11
0.3713717322834645
21
0.2888944881889764
0
LINE
8
BLACK
6
CONTINUOUS
10
0.3713717322834645
20
0.2888944881889764
11
0.369496968503937
21
0.2870197244094488
0
LINE
8
BLACK
6
CONTINUOUS
10
0.369496968503937
20
0.2870197244094488
11
0.3692705905511811
21
0.2868339763779528
0
LINE
8
BLACK
6
CONTINUOUS
10
0.3692705905511811
20
0.2868339763779528
11
0.3692194488188976
21
0.2867749606299212
0
LINE
8
BLACK
6
CONTINUOUS
10
0.3692194488188976
20
0.2867749606299212
11
0.3691304724409449
21
0.2867190157480315
0
LINE
8
BLACK
6
CONTINUOUS
10
0.3691304724409449
20
0.2867190157480315
11
0.3690495275590551
21
0.2866525196850394
0
LINE
8
BLACK
6
CONTINUOUS
10
0.3690495275590551
20
0.2866525196850394
11
0.3689775590551181
21
0.2866227165354331
0
LINE
8
BLACK
6
CONTINUOUS
10
0.3689775590551181
20
0.2866227165354331
11
0.3687295669291338
21
0.2864666141732283
0
LINE
8
BLACK
6
CONTINUOUS
10
0.3687295669291338
20
0.2864666141732283
11
0.3649800393700787
21
0.2845918503937008
0
LINE
8
BLACK
6
CONTINUOUS
10
0.3649800393700787
20
0.2845918503937008
11
0.3644394094488189
21
0.2843849606299212
0
LINE
8
BLACK
6
CONTINUOUS
10
0.3644394094488189
20
0.2843849606299212
11
0.3643335826771654
21
0.2843774803149606
0
LINE
8
BLACK
6
CONTINUOUS
10
0.3643335826771654
20
0.2843774803149606
11
0.3642355905511811
21
0.2843368503937008
0
LINE
8
BLACK
6
CONTINUOUS
10
0.3642355905511811
20
0.2843368503937008
11
0.3636595275590551
21
0.2842801181102362
0
LINE
8
BLACK
6
CONTINUOUS
10
0.3636595275590551
20
0.2842801181102362
11
0.3580352362204725
21
0.2842801181102362
0
LINE
8
BLACK
6
CONTINUOUS
10
0.3580352362204725
20
0.2842801181102362
11
0.3574591732283465
21
0.2843368503937008
0
LINE
8
BLACK
6
CONTINUOUS
10
0.3574591732283465
20
0.2843368503937008
11
0.3573611811023622
21
0.2843774409448819
0
LINE
8
BLACK
6
CONTINUOUS
10
0.3573611811023622
20
0.2843774409448819
11
0.3572553149606299
21
0.2843849606299212
0
LINE
8
BLACK
6
CONTINUOUS
10
0.3572553149606299
20
0.2843849606299212
11
0.3567147244094488
21
0.2845918503937008
0
LINE
8
BLACK
6
CONTINUOUS
10
0.3567147244094488
20
0.2845918503937008
11
0.3529651968503937
21
0.2864666141732283
0
LINE
8
BLACK
6
CONTINUOUS
10
0.3529651968503937
20
0.2864666141732283
11
0.3527171653543307
21
0.2866227165354331
0
LINE
8
BLACK
6
CONTINUOUS
10
0.3527171653543307
20
0.2866227165354331
11
0.3526452362204724
21
0.2866525196850394
0
LINE
8
BLACK
6
CONTINUOUS
10
0.3526452362204724
20
0.2866525196850394
11
0.3525642519685039
21
0.2867190157480315
0
LINE
8
BLACK
6
CONTINUOUS
10
0.3525642519685039
20
0.2867190157480315
11
0.3524753149606299
21
0.2867749606299212
0
LINE
8
BLACK
6
CONTINUOUS
10
0.3524753149606299
20
0.2867749606299212
11
0.3524241338582677
21
0.2868339763779528
0
LINE
8
BLACK
6
CONTINUOUS
10
0.3524241338582677
20
0.2868339763779528
11
0.3521977952755905
21
0.2870197244094488
0
LINE
8
BLACK
6
CONTINUOUS
10
0.3521977952755905
20
0.2870197244094488
11
0.350323031496063
21
0.2888944881889764
0
LINE
8
BLACK
6
CONTINUOUS
10
0.350323031496063
20
0.2888944881889764
11
0.3501372440944882
21
0.2891208661417323
0
LINE
8
BLACK
6
CONTINUOUS
10
0.3501372440944882
20
0.2891208661417323
11
0.3500782677165354
21
0.2891720078740158
0
LINE
8
BLACK
6
CONTINUOUS
10
0.3500782677165354
20
0.2891720078740158
11
0.3500222834645669
21
0.2892609842519685
0
LINE
8
BLACK
6
CONTINUOUS
10
0.3500222834645669
20
0.2892609842519685
11
0.3499558267716535
21
0.2893419291338583
0
LINE
8
BLACK
6
CONTINUOUS
10
0.3499558267716535
20
0.2893419291338583
11
0.3499259842519685
21
0.2894138976377953
0
LINE
8
BLACK
6
CONTINUOUS
10
0.3499259842519685
20
0.2894138976377953
11
0.3497699212598425
21
0.2896618897637795
0
LINE
8
BLACK
6
CONTINUOUS
10
0.3497699212598425
20
0.2896618897637795
11
0.347895157480315
21
0.2934114173228347
0
LINE
8
BLACK
6
CONTINUOUS
10
0.347895157480315
20
0.2934114173228347
11
0.3476882677165354
21
0.2939520472440945
0
LINE
8
BLACK
6
CONTINUOUS
10
0.3476882677165354
20
0.2939520472440945
11
0.3476807480314961
21
0.294057874015748
0
LINE
8
BLACK
6
CONTINUOUS
10
0.3476807480314961
20
0.294057874015748
11
0.347640157480315
21
0.2941558661417323
0
LINE
8
BLACK
6
CONTINUOUS
10
0.347640157480315
20
0.2941558661417323
11
0.3475834251968504
21
0.2947319291338583
0
LINE
8
BLACK
6
CONTINUOUS
10
0.3475834251968504
20
0.2947319291338583
11
0.3475834251968504
21
0.3097300393700788
0
LINE
8
BLACK
6
CONTINUOUS
10
0.3475834251968504
20
0.3097300393700788
11
0.347640157480315
21
0.3103061023622047
0
LINE
8
BLACK
6
CONTINUOUS
10
0.347640157480315
20
0.3103061023622047
11
0.348081062992126
21
0.3113705118110236
0
LINE
8
BLACK
6
CONTINUOUS
10
0.348081062992126
20
0.3113705118110236
11
0.3488957086614173
21
0.3121851574803149
0
LINE
8
BLACK
6
CONTINUOUS
10
0.3488957086614173
20
0.3121851574803149
11
0.3499601181102362
21
0.312626062992126
0
LINE
8
BLACK
6
CONTINUOUS
10
0.3499601181102362
20
0.312626062992126
11
0.3505361811023622
21
0.3126827952755906
0
LINE
8
BLACK
6
CONTINUOUS
10
0.3505361811023622
20
0.3126827952755906
11
0.3899062598425197
21
0.3126827952755906
0
LINE
8
BLACK
6
CONTINUOUS
10
0.3899062598425197
20
0.3126827952755906
11
0.3904823228346457
21
0.312626062992126
0
LINE
8
BLACK
6
CONTINUOUS
10
0.353488937007874
20
0.2954289763779527
11
0.3548376771653543
21
0.2927314960629921
0
LINE
8
BLACK
6
CONTINUOUS
10
0.3548376771653543
20
0.2927314960629921
11
0.3560348031496063
21
0.2915343700787402
0
LINE
8
BLACK
6
CONTINUOUS
10
0.3560348031496063
20
0.2915343700787402
11
0.3587322834645669
21
0.2901856299212598
0
LINE
8
BLACK
6
CONTINUOUS
10
0.3587322834645669
20
0.2901856299212598
11
0.3629624803149606
21
0.2901856299212598
0
LINE
8
BLACK
6
CONTINUOUS
10
0.3629624803149606
20
0.2901856299212598
11
0.3656599606299212
21
0.2915343700787402
0
LINE
8
BLACK
6
CONTINUOUS
10
0.3656599606299212
20
0.2915343700787402
11
0.3668570866141732
21
0.2927314960629921
0
LINE
8
BLACK
6
CONTINUOUS
10
0.3668570866141732
20
0.2927314960629921
11
0.3682058267716535
21
0.2954289763779527
0
LINE
8
BLACK
6
CONTINUOUS
10
0.3682058267716535
20
0.2954289763779527
11
0.3682058267716535
21
0.3067772834645669
0
LINE
8
BLACK
6
CONTINUOUS
10
0.3682058267716535
20
0.3067772834645669
11
0.353488937007874
21
0.3067772834645669
0
LINE
8
BLACK
6
CONTINUOUS
10
0.353488937007874
20
0.3067772834645669
11
0.353488937007874
21
0.2954289763779527
0
LINE
8
BLACK
6
CONTINUOUS
10
0.6032661811023622
20
0.3313162598425197
11
0.6045446062992126
21
0.3300378346456693
0
LINE
8
BLACK
6
CONTINUOUS
10
0.6045446062992126
20
0.3300378346456693
11
0.6047244094488189
21
0.3291338582677165
0
LINE
8
BLACK
6
CONTINUOUS
10
0.6047244094488189
20
0.3291338582677165
11
0.6047244094488189
21
0.305511811023622
0
LINE
8
BLACK
6
CONTINUOUS
10
0.6047244094488189
20
0.305511811023622
11
0.6045446062992126
21
0.3046078346456693
0
LINE
8
BLACK
6
CONTINUOUS
10
0.6045446062992126
20
0.3046078346456693
11
0.6032661811023622
21
0.3033294094488189
0
LINE
8
BLACK
6
CONTINUOUS
10
0.6032661811023622
20
0.3033294094488189
11
0.6014582283464567
21
0.3033294094488189
0
LINE
8
BLACK
6
CONTINUOUS
10
0.6014582283464567
20
0.3033294094488189
11
0.6006918897637795
21
0.3038414960629921
0
LINE
8
BLACK
6
CONTINUOUS
10
0.6006918897637795
20
0.3038414960629921
11
0.5888808661417323
21
0.3156525196850394
0
LINE
8
BLACK
6
CONTINUOUS
10
0.5888808661417323
20
0.3156525196850394
11
0.5883687795275591
21
0.3164188582677165
0
LINE
8
BLACK
6
CONTINUOUS
10
0.5883687795275591
20
0.3164188582677165
11
0.5883687795275591
21
0.318226811023622
0
LINE
8
BLACK
6
CONTINUOUS
10
0.5883687795275591
20
0.318226811023622
11
0.5888808661417323
21
0.3189931496062992
0
LINE
8
BLACK
6
CONTINUOUS
10
0.5888808661417323
20
0.3189931496062992
11
0.6006918897637795
21
0.3308041732283464
0
LINE
8
BLACK
6
CONTINUOUS
10
0.6006918897637795
20
0.3308041732283464
11
0.6014582283464567
21
0.3313162598425197
0
LINE
8
BLACK
6
CONTINUOUS
10
0.6014582283464567
20
0.3313162598425197
11
0.6032661811023622
21
0.3313162598425197
0
LINE
8
BLACK
6
CONTINUOUS
10
0.593891811023622
20
0.3173228346456693
11
0.6
21
0.3112146456692914
0
LINE
8
BLACK
6
CONTINUOUS
10
0.6
20
0.3112146456692914
11
0.6
21
0.3234310236220472
0
LINE
8
BLACK
6
CONTINUOUS
10
0.6
20
0.3234310236220472
11
0.593891811023622
21
0.3173228346456693
0
LINE
8
BLACK
6
CONTINUOUS
10
0.3915467322834645
20
0.3459309448818897
11
0.3923613779527559
21
0.3451162992125984
0
LINE
8
BLACK
6
CONTINUOUS
10
0.3923613779527559
20
0.3451162992125984
11
0.3928022834645669
21
0.3440518897637795
0
LINE
8
BLACK
6
CONTINUOUS
10
0.3928022834645669
20
0.3440518897637795
11
0.3928590157480315
21
0.3434758267716536
0
LINE
8
BLACK
6
CONTINUOUS
10
0.3928590157480315
20
0.3434758267716536
11
0.3928590157480315
21
0.3397262992125984
0
LINE
8
BLACK
6
CONTINUOUS
10
0.3928590157480315
20
0.3397262992125984
11
0.3928302755905512
21
0.3394347244094488
0
LINE
8
BLACK
6
CONTINUOUS
10
0.3928302755905512
20
0.3394347244094488
11
0.3928358267716535
21
0.339356968503937
0
LINE
8
BLACK
6
CONTINUOUS
10
0.3928358267716535
20
0.339356968503937
11
0.3928125590551181
21
0.3392547244094488
0
LINE
8
BLACK
6
CONTINUOUS
10
0.3928125590551181
20
0.3392547244094488
11
0.3928022834645669
21
0.3391502362204724
0
LINE
8
BLACK
6
CONTINUOUS
10
0.3928022834645669
20
0.3391502362204724
11
0.3927724015748031
21
0.3390781889763779
0
LINE
8
BLACK
6
CONTINUOUS
10
0.3927724015748031
20
0.3390781889763779
11
0.3927074803149606
21
0.3387925196850394
0
LINE
8
BLACK
6
CONTINUOUS
10
0.3927074803149606
20
0.3387925196850394
11
0.3908327165354331
21
0.3331682677165354
0
LINE
8
BLACK
6
CONTINUOUS
10
0.3908327165354331
20
0.3331682677165354
11
0.3905967322834645
21
0.3326396850393701
0
LINE
8
BLACK
6
CONTINUOUS
10
0.3905967322834645
20
0.3326396850393701
11
0.3905272440944882
21
0.3325596062992126
0
LINE
8
BLACK
6
CONTINUOUS
10
0.3905272440944882
20
0.3325596062992126
11
0.3904866535433071
21
0.3324615354330708
0
LINE
8
BLACK
6
CONTINUOUS
10
0.3904866535433071
20
0.3324615354330708
11
0.3901194094488189
21
0.332014094488189
0
LINE
8
BLACK
6
CONTINUOUS
10
0.3901194094488189
20
0.332014094488189
11
0.386369842519685
21
0.3282645669291339
0
LINE
8
BLACK
6
CONTINUOUS
10
0.386369842519685
20
0.3282645669291339
11
0.3859223622047244
21
0.3278973228346457
0
LINE
8
BLACK
6
CONTINUOUS
10
0.3859223622047244
20
0.3278973228346457
11
0.3858242913385826
21
0.3278567322834646
0
LINE
8
BLACK
6
CONTINUOUS
10
0.3858242913385826
20
0.3278567322834646
11
0.3857442125984252
21
0.3277872440944882
0
LINE
8
BLACK
6
CONTINUOUS
10
0.3857442125984252
20
0.3277872440944882
11
0.3852156692913385
21
0.3275512598425197
0
LINE
8
BLACK
6
CONTINUOUS
10
0.3852156692913385
20
0.3275512598425197
11
0.3795913779527559
21
0.3256764960629921
0
LINE
8
BLACK
6
CONTINUOUS
10
0.3795913779527559
20
0.3256764960629921
11
0.3793057874015748
21
0.3256115748031496
0
LINE
8
BLACK
6
CONTINUOUS
10
0.3793057874015748
20
0.3256115748031496
11
0.3792337007874015
21
0.3255816929133858
0
LINE
8
BLACK
6
CONTINUOUS
10
0.3792337007874015
20
0.3255816929133858
11
0.3791291732283464
21
0.3255714173228346
0
LINE
8
BLACK
6
CONTINUOUS
10
0.3791291732283464
20
0.3255714173228346
11
0.3790269291338583
21
0.3255481496062992
0
LINE
8
BLACK
6
CONTINUOUS
10
0.3790269291338583
20
0.3255481496062992
11
0.3789491732283464
21
0.3255537007874016
0
LINE
8
BLACK
6
CONTINUOUS
10
0.3789491732283464
20
0.3255537007874016
11
0.3786576377952756
21
0.3255249606299213
0
LINE
8
BLACK
6
CONTINUOUS
10
0.3786576377952756
20
0.3255249606299213
11
0.3505361811023622
21
0.3255249606299213
0
LINE
8
BLACK
6
CONTINUOUS
10
0.3505361811023622
20
0.3255249606299213
11
0.3499601181102362
21
0.3255816929133858
0
LINE
8
BLACK
6
CONTINUOUS
10
0.3499601181102362
20
0.3255816929133858
11
0.3488957086614173
21
0.3260225984251968
0
LINE
8
BLACK
6
CONTINUOUS
10
0.3488957086614173
20
0.3260225984251968
11
0.348081062992126
21
0.3268372440944882
0
LINE
8
BLACK
6
CONTINUOUS
10
0.348081062992126
20
0.3268372440944882
11
0.347640157480315
21
0.3279016535433071
0
LINE
8
BLACK
6
CONTINUOUS
10
0.347640157480315
20
0.3279016535433071
11
0.347640157480315
21
0.329053779527559
0
LINE
8
BLACK
6
CONTINUOUS
10
0.347640157480315
20
0.329053779527559
11
0.348081062992126
21
0.330118188976378
0
LINE
8
BLACK
6
CONTINUOUS
10
0.348081062992126
20
0.330118188976378
11
0.3488957086614173
21
0.3309328346456693
0
LINE
8
BLACK
6
CONTINUOUS
10
0.3488957086614173
20
0.3309328346456693
11
0.3499601181102362
21
0.3313737401574803
0
LINE
8
BLACK
6
CONTINUOUS
10
0.3499601181102362
20
0.3313737401574803
11
0.3505361811023622
21
0.3314304724409449
0
LINE
8
BLACK
6
CONTINUOUS
10
0.3505361811023622
20
0.3314304724409449
11
0.3781785039370079
21
0.3314304724409449
0
LINE
8
BLACK
6
CONTINUOUS
10
0.3781785039370079
20
0.3314304724409449
11
0.3826868897637795
21
0.3329333070866142
0
LINE
8
BLACK
6
CONTINUOUS
10
0.3826868897637795
20
0.3329333070866142
11
0.3854507086614173
21
0.3356970866141732
0
LINE
8
BLACK
6
CONTINUOUS
10
0.3854507086614173
20
0.3356970866141732
11
0.3869535039370079
21
0.3402054330708661
0
LINE
8
BLACK
6
CONTINUOUS
10
0.3869535039370079
20
0.3402054330708661
11
0.3869535039370079
21
0.3434758267716536
0
LINE
8
BLACK
6
CONTINUOUS
10
0.3869535039370079
20
0.3434758267716536
11
0.3870102362204724
21
0.3440518897637795
0
LINE
8
BLACK
6
CONTINUOUS
10
0.3870102362204724
20
0.3440518897637795
11
0.3874511417322835
21
0.3451162992125984
0
LINE
8
BLACK
6
CONTINUOUS
10
0.3874511417322835
20
0.3451162992125984
11
0.3882657874015748
21
0.3459309448818897
0
LINE
8
BLACK
6
CONTINUOUS
10
0.3882657874015748
20
0.3459309448818897
11
0.3893301968503937
21
0.3463718503937008
0
LINE
8
BLACK
6
CONTINUOUS
10
0.3893301968503937
20
0.3463718503937008
11
0.3904823228346457
21
0.3463718503937008
0
LINE
8
BLACK
6
CONTINUOUS
10
0.3904823228346457
20
0.3463718503937008
11
0.3915467322834645
21
0.3459309448818897
0
LINE
8
BLACK
6
CONTINUOUS
10
0.1853527952755905
20
0.4641902755905511
11
0.1866312204724409
21
0.4629118503937008
0
LINE
8
BLACK
6
CONTINUOUS
10
0.1866312204724409
20
0.4629118503937008
11
0.1868110236220472
21
0.462007874015748
0
LINE
8
BLACK
6
CONTINUOUS
10
0.1868110236220472
20
0.462007874015748
11
0.1868110236220472
21
0.3911417322834645
0
LINE
8
BLACK
6
CONTINUOUS
10
0.1868110236220472
20
0.3911417322834645
11
0.1866312204724409
21
0.3902377559055118
0
LINE
8
BLACK
6
CONTINUOUS
10
0.1866312204724409
20
0.3902377559055118
11
0.1853527952755905
21
0.3889593307086614
0
LINE
8
BLACK
6
CONTINUOUS
10
0.1853527952755905
20
0.3889593307086614
11
0.183544842519685
21
0.3889593307086614
0
LINE
8
BLACK
6
CONTINUOUS
10
0.183544842519685
20
0.3889593307086614
11
0.1822664173228346
21
0.3902377559055118
0
LINE
8
BLACK
6
CONTINUOUS
10
0.1822664173228346
20
0.3902377559055118
11
0.1820866141732284
21
0.3911417322834645
0
LINE
8
BLACK
6
CONTINUOUS
10
0.1820866141732284
20
0.3911417322834645
11
0.1820866141732284
21
0.4596456692913386
0
LINE
8
BLACK
6
CONTINUOUS
10
0.1820866141732284
20
0.4596456692913386
11
0.1273622047244095
21
0.4596456692913386
0
LINE
8
BLACK
6
CONTINUOUS
10
0.1273622047244095
20
0.4596456692913386
11
0.1264582283464567
21
0.4598254724409448
0
LINE
8
BLACK
6
CONTINUOUS
10
0.1264582283464567
20
0.4598254724409448
11
0.1251798031496063
21
0.4611038976377952
0
LINE
8
BLACK
6
CONTINUOUS
10
0.1251798031496063
20
0.4611038976377952
11
0.1251798031496063
21
0.4629118503937008
0
LINE
8
BLACK
6
CONTINUOUS
10
0.1251798031496063
20
0.4629118503937008
11
0.1264582283464567
21
0.4641902755905511
0
LINE
8
BLACK
6
CONTINUOUS
10
0.1264582283464567
20
0.4641902755905511
11
0.1273622047244095
21
0.4643700787401575
0
LINE
8
BLACK
6
CONTINUOUS
10
0.1273622047244095
20
0.4643700787401575
11
0.1844488188976378
21
0.4643700787401575
0
LINE
8
BLACK
6
CONTINUOUS
10
0.1844488188976378
20
0.4643700787401575
11
0.1853527952755905
21
0.4641902755905511
0
LINE
8
BLACK
6
CONTINUOUS
10
0.3223175590551181
20
0.4663913385826772
11
0.3226068503937008
21
0.4663913385826772
0
LINE
8
BLACK
6
CONTINUOUS
10
0.3226068503937008
20
0.4663913385826772
11
0.3228769291338582
21
0.4662794881889764
0
LINE
8
BLACK
6
CONTINUOUS
10
0.3228769291338582
20
0.4662794881889764
11
0.3231635826771653
21
0.4662221259842519
0
LINE
8
BLACK
6
CONTINUOUS
10
0.3231635826771653
20
0.4662221259842519
11
0.323403937007874
21
0.4660611811023622
0
LINE
8
BLACK
6
CONTINUOUS
10
0.323403937007874
20
0.4660611811023622
11
0.3236712598425197
21
0.4659504330708661
0
LINE
8
BLACK
6
CONTINUOUS
10
0.3236712598425197
20
0.4659504330708661
11
0.3238779527559055
21
0.4657437401574803
0
LINE
8
BLACK
6
CONTINUOUS
10
0.3238779527559055
20
0.4657437401574803
11
0.3241208661417323
21
0.465581062992126
0
LINE
8
BLACK
6
CONTINUOUS
10
0.3241208661417323
20
0.465581062992126
11
0.3244838582677165
21
0.4651378346456693
0
LINE
8
BLACK
6
CONTINUOUS
10
0.3244838582677165
20
0.4651378346456693
11
0.324485905511811
21
0.4651357874015748
0
LINE
8
BLACK
6
CONTINUOUS
10
0.324485905511811
20
0.4651357874015748
11
0.3244862598425197
21
0.4651349212598425
0
LINE
8
BLACK
6
CONTINUOUS
10
0.3244862598425197
20
0.4651349212598425
11
0.3244876377952756
21
0.4651332283464567
0
LINE
8
BLACK
6
CONTINUOUS
10
0.3244876377952756
20
0.4651332283464567
11
0.3280749606299213
21
0.4597522047244094
0
LINE
8
BLACK
6
CONTINUOUS
10
0.3280749606299213
20
0.4597522047244094
11
0.331278937007874
21
0.4565482283464567
0
LINE
8
BLACK
6
CONTINUOUS
10
0.331278937007874
20
0.4565482283464567
11
0.3345998818897638
21
0.4548877559055118
0
LINE
8
BLACK
6
CONTINUOUS
10
0.3345998818897638
20
0.4548877559055118
11
0.3350897637795275
21
0.4545794094488189
0
LINE
8
BLACK
6
CONTINUOUS
10
0.3350897637795275
20
0.4545794094488189
11
0.3358446062992126
21
0.4537090157480315
0
LINE
8
BLACK
6
CONTINUOUS
10
0.3358446062992126
20
0.4537090157480315
11
0.336208937007874
21
0.452616062992126
0
LINE
8
BLACK
6
CONTINUOUS
10
0.336208937007874
20
0.452616062992126
11
0.3361272834645669
21
0.4514668503937008
0
LINE
8
BLACK
6
CONTINUOUS
10
0.3361272834645669
20
0.4514668503937008
11
0.3356120078740157
21
0.4504363385826772
0
LINE
8
BLACK
6
CONTINUOUS
10
0.3356120078740157
20
0.4504363385826772
11
0.3347416535433071
21
0.4496814960629921
0
LINE
8
BLACK
6
CONTINUOUS
10
0.3347416535433071
20
0.4496814960629921
11
0.3336486614173228
21
0.4493171653543307
0
LINE
8
BLACK
6
CONTINUOUS
10
0.3336486614173228
20
0.4493171653543307
11
0.3324994488188976
21
0.4493988188976378
0
LINE
8
BLACK
6
CONTINUOUS
10
0.3324994488188976
20
0.4493988188976378
11
0.3319588582677165
21
0.4496057086614173
0
LINE
8
BLACK
6
CONTINUOUS
10
0.3319588582677165
20
0.4496057086614173
11
0.3282093307086614
21
0.4514804724409449
0
LINE
8
BLACK
6
CONTINUOUS
10
0.3282093307086614
20
0.4514804724409449
11
0.3279614960629921
21
0.4516364960629921
0
LINE
8
BLACK
6
CONTINUOUS
10
0.3279614960629921
20
0.4516364960629921
11
0.3278893700787401
21
0.4516663385826771
0
LINE
8
BLACK
6
CONTINUOUS
10
0.3278893700787401
20
0.4516663385826771
11
0.3278081889763779
21
0.4517329527559055
0
LINE
8
BLACK
6
CONTINUOUS
10
0.3278081889763779
20
0.4517329527559055
11
0.3277194488188976
21
0.4517888188976378
0
LINE
8
BLACK
6
CONTINUOUS
10
0.3277194488188976
20
0.4517888188976378
11
0.3276683070866142
21
0.4518477559055118
0
LINE
8
BLACK
6
CONTINUOUS
10
0.3276683070866142
20
0.4518477559055118
11
0.3274419291338583
21
0.4520335826771654
0
LINE
8
BLACK
6
CONTINUOUS
10
0.3274419291338583
20
0.4520335826771654
11
0.3249835433070866
21
0.454491968503937
0
LINE
8
BLACK
6
CONTINUOUS
10
0.3249835433070866
20
0.454491968503937
11
0.3249835433070866
21
0.4270779921259842
0
LINE
8
BLACK
6
CONTINUOUS
10
0.3249835433070866
20
0.4270779921259842
11
0.3332793700787401
21
0.4270779921259842
0
LINE
8
BLACK
6
CONTINUOUS
10
0.3332793700787401
20
0.4270779921259842
11
0.3338554330708661
21
0.4270212598425197
0
LINE
8
BLACK
6
CONTINUOUS
10
0.3338554330708661
20
0.4270212598425197
11
0.334919842519685
21
0.4265803543307087
0
LINE
8
BLACK
6
CONTINUOUS
10
0.334919842519685
20
0.4265803543307087
11
0.3357344881889764
21
0.4257657086614173
0
LINE
8
BLACK
6
CONTINUOUS
10
0.3357344881889764
20
0.4257657086614173
11
0.3361753937007874
21
0.4247012992125984
0
LINE
8
BLACK
6
CONTINUOUS
10
0.3361753937007874
20
0.4247012992125984
11
0.3361753937007874
21
0.4235491732283465
0
LINE
8
BLACK
6
CONTINUOUS
10
0.3361753937007874
20
0.4235491732283465
11
0.3357344881889764
21
0.4224847637795275
0
LINE
8
BLACK
6
CONTINUOUS
10
0.3357344881889764
20
0.4224847637795275
11
0.334919842519685
21
0.4216701181102362
0
LINE
8
BLACK
6
CONTINUOUS
10
0.334919842519685
20
0.4216701181102362
11
0.3338554330708661
21
0.4212292125984252
0
LINE
8
BLACK
6
CONTINUOUS
10
0.3338554330708661
20
0.4212292125984252
11
0.3332793700787401
21
0.4211724803149606
0
LINE
8
BLACK
6
CONTINUOUS
10
0.3332793700787401
20
0.4211724803149606
11
0.3107822047244094
21
0.4211724803149606
0
LINE
8
BLACK
6
CONTINUOUS
10
0.3107822047244094
20
0.4211724803149606
11
0.3102061417322834
21
0.4212292125984252
0
LINE
8
BLACK
6
CONTINUOUS
10
0.3102061417322834
20
0.4212292125984252
11
0.3091417322834646
21
0.4216701181102362
0
LINE
8
BLACK
6
CONTINUOUS
10
0.3091417322834646
20
0.4216701181102362
11
0.3083270866141732
21
0.4224847637795275
0
LINE
8
BLACK
6
CONTINUOUS
10
0.3083270866141732
20
0.4224847637795275
11
0.3078861811023622
21
0.4235491732283465
0
LINE
8
BLACK
6
CONTINUOUS
10
0.3078861811023622
20
0.4235491732283465
11
0.3078861811023622
21
0.4247012992125984
0
LINE
8
BLACK
6
CONTINUOUS
10
0.3078861811023622
20
0.4247012992125984
11
0.3083270866141732
21
0.4257657086614173
0
LINE
8
BLACK
6
CONTINUOUS
10
0.3083270866141732
20
0.4257657086614173
11
0.3091417322834646
21
0.4265803543307087
0
LINE
8
BLACK
6
CONTINUOUS
10
0.3091417322834646
20
0.4265803543307087
11
0.3102061417322834
21
0.4270212598425197
0
LINE
8
BLACK
6
CONTINUOUS
10
0.3102061417322834
20
0.4270212598425197
11
0.3107822047244094
21
0.4270779921259842
0
LINE
8
BLACK
6
CONTINUOUS
10
0.3107822047244094
20
0.4270779921259842
11
0.319078031496063
21
0.4270779921259842
0
LINE
8
BLACK
6
CONTINUOUS
10
0.319078031496063
20
0.4270779921259842
11
0.319078031496063
21
0.4634953149606299
0
LINE
8
BLACK
6
CONTINUOUS
10
0.319078031496063
20
0.4634953149606299
11
0.3190782283464567
21
0.4634974015748031
0
LINE
8
BLACK
6
CONTINUOUS
10
0.3190782283464567
20
0.4634974015748031
11
0.319078031496063
21
0.4634984251968504
0
LINE
8
BLACK
6
CONTINUOUS
10
0.319078031496063
20
0.4634984251968504
11
0.3190786220472441
21
0.4635014566929134
0
LINE
8
BLACK
6
CONTINUOUS
10
0.3190786220472441
20
0.4635014566929134
11
0.3191347637795275
21
0.4640713779527559
0
LINE
8
BLACK
6
CONTINUOUS
10
0.3191347637795275
20
0.4640713779527559
11
0.3192466141732284
21
0.4643414960629921
0
LINE
8
BLACK
6
CONTINUOUS
10
0.3192466141732284
20
0.4643414960629921
11
0.3193039763779528
21
0.4646281102362205
0
LINE
8
BLACK
6
CONTINUOUS
10
0.3193039763779528
20
0.4646281102362205
11
0.3194649212598425
21
0.4648685039370078
0
LINE
8
BLACK
6
CONTINUOUS
10
0.3194649212598425
20
0.4648685039370078
11
0.3195756692913386
21
0.4651357874015748
0
LINE
8
BLACK
6
CONTINUOUS
10
0.3195756692913386
20
0.4651357874015748
11
0.3197823622047244
21
0.4653425196850394
0
LINE
8
BLACK
6
CONTINUOUS
10
0.3197823622047244
20
0.4653425196850394
11
0.3199450393700787
21
0.4655853937007874
0
LINE
8
BLACK
6
CONTINUOUS
10
0.3199450393700787
20
0.4655853937007874
11
0.3201857480314961
21
0.465745905511811
0
LINE
8
BLACK
6
CONTINUOUS
10
0.3201857480314961
20
0.465745905511811
11
0.3203903149606299
21
0.4659504330708661
0
LINE
8
BLACK
6
CONTINUOUS
10
0.3203903149606299
20
0.4659504330708661
11
0.3206603937007874
21
0.4660623228346457
0
LINE
8
BLACK
6
CONTINUOUS
10
0.3206603937007874
20
0.4660623228346457
11
0.3209036614173228
21
0.4662244881889764
0
LINE
8
BLACK
6
CONTINUOUS
10
0.3209036614173228
20
0.4662244881889764
11
0.3211874409448819
21
0.4662806299212598
0
LINE
8
BLACK
6
CONTINUOUS
10
0.3211874409448819
20
0.4662806299212598
11
0.3214547244094488
21
0.4663913385826772
0
LINE
8
BLACK
6
CONTINUOUS
10
0.3214547244094488
20
0.4663913385826772
11
0.321747125984252
21
0.4663913385826772
0
LINE
8
BLACK
6
CONTINUOUS
10
0.321747125984252
20
0.4663913385826772
11
0.3220338976377953
21
0.4664480708661417
0
LINE
8
BLACK
6
CONTINUOUS
10
0.3220338976377953
20
0.4664480708661417
11
0.3223175590551181
21
0.4663913385826772
0
LINE
8
BLACK
6
CONTINUOUS
10
0.3619769291338583
20
0.4663913385826772
11
0.3620749212598425
21
0.4663507480314961
0
LINE
8
BLACK
6
CONTINUOUS
10
0.3620749212598425
20
0.4663507480314961
11
0.3621807480314961
21
0.4663432283464567
0
LINE
8
BLACK
6
CONTINUOUS
10
0.3621807480314961
20
0.4663432283464567
11
0.3627213779527559
21
0.4661363385826772
0
LINE
8
BLACK
6
CONTINUOUS
10
0.3627213779527559
20
0.4661363385826772
11
0.366470905511811
21
0.4642615748031496
0
LINE
8
BLACK
6
CONTINUOUS
10
0.366470905511811
20
0.4642615748031496
11
0.3667188976377952
21
0.4641055118110236
0
LINE
8
BLACK
6
CONTINUOUS
10
0.3667188976377952
20
0.4641055118110236
11
0.3667908661417323
21
0.4640756692913386
0
LINE
8
BLACK
6
CONTINUOUS
10
0.3667908661417323
20
0.4640756692913386
11
0.366871811023622
21
0.4640092125984252
0
LINE
8
BLACK
6
CONTINUOUS
10
0.366871811023622
20
0.4640092125984252
11
0.3669607874015748
21
0.4639532283464567
0
LINE
8
BLACK
6
CONTINUOUS
10
0.3669607874015748
20
0.4639532283464567
11
0.3670119291338583
21
0.4638942519685039
0
LINE
8
BLACK
6
CONTINUOUS
10
0.3670119291338583
20
0.4638942519685039
11
0.3672383070866141
21
0.4637084645669291
0
LINE
8
BLACK
6
CONTINUOUS
10
0.3672383070866141
20
0.4637084645669291
11
0.3691130708661417
21
0.4618337007874015
0
LINE
8
BLACK
6
CONTINUOUS
10
0.3691130708661417
20
0.4618337007874015
11
0.3692988188976378
21
0.4616073622047244
0
LINE
8
BLACK
6
CONTINUOUS
10
0.3692988188976378
20
0.4616073622047244
11
0.3693578346456693
21
0.4615561811023622
0
LINE
8
BLACK
6
CONTINUOUS
10
0.3693578346456693
20
0.4615561811023622
11
0.369413779527559
21
0.4614672440944882
0
LINE
8
BLACK
6
CONTINUOUS
10
0.369413779527559
20
0.4614672440944882
11
0.3694802755905512
21
0.4613862598425197
0
LINE
8
BLACK
6
CONTINUOUS
10
0.3694802755905512
20
0.4613862598425197
11
0.3695100787401575
21
0.4613143307086614
0
LINE
8
BLACK
6
CONTINUOUS
10
0.3695100787401575
20
0.4613143307086614
11
0.3696661811023622
21
0.4610662992125984
0
LINE
8
BLACK
6
CONTINUOUS
10
0.3696661811023622
20
0.4610662992125984
11
0.3715409448818898
21
0.4573167716535433
0
LINE
8
BLACK
6
CONTINUOUS
10
0.3715409448818898
20
0.4573167716535433
11
0.3715570472440945
21
0.4572746850393701
0
LINE
8
BLACK
6
CONTINUOUS
10
0.3715570472440945
20
0.4572746850393701
11
0.3715697637795276
21
0.4572575196850394
0
LINE
8
BLACK
6
CONTINUOUS
10
0.3715697637795276
20
0.4572575196850394
11
0.371656062992126
21
0.4570159448818897
0
LINE
8
BLACK
6
CONTINUOUS
10
0.371656062992126
20
0.4570159448818897
11
0.3717478346456693
21
0.4567761811023622
0
LINE
8
BLACK
6
CONTINUOUS
10
0.3717478346456693
20
0.4567761811023622
11
0.3717493307086614
21
0.4567549212598425
0
LINE
8
BLACK
6
CONTINUOUS
10
0.3717493307086614
20
0.4567549212598425
11
0.3717645275590551
21
0.4567124015748031
0
LINE
8
BLACK
6
CONTINUOUS
10
0.3717645275590551
20
0.4567124015748031
11
0.3736392913385826
21
0.4492133464566929
0
LINE
8
BLACK
6
CONTINUOUS
10
0.3736392913385826
20
0.4492133464566929
11
0.3736540551181102
21
0.4491135039370079
0
LINE
8
BLACK
6
CONTINUOUS
10
0.3736540551181102
20
0.4491135039370079
11
0.3736707086614173
21
0.4490732677165354
0
LINE
8
BLACK
6
CONTINUOUS
10
0.3736707086614173
20
0.4490732677165354
11
0.3736920472440945
21
0.4488562598425197
0
LINE
8
BLACK
6
CONTINUOUS
10
0.3736920472440945
20
0.4488562598425197
11
0.373723937007874
21
0.4486407480314961
0
LINE
8
BLACK
6
CONTINUOUS
10
0.373723937007874
20
0.4486407480314961
11
0.3737175196850394
21
0.4485977559055118
0
LINE
8
BLACK
6
CONTINUOUS
10
0.3737175196850394
20
0.4485977559055118
11
0.3737274409448819
21
0.4484972047244095
0
LINE
8
BLACK
6
CONTINUOUS
10
0.3737274409448819
20
0.4484972047244095
11
0.3737274409448819
21
0.4391233858267716
0
LINE
8
BLACK
6
CONTINUOUS
10
0.3737274409448819
20
0.4391233858267716
11
0.3737175196850394
21
0.439022874015748
0
LINE
8
BLACK
6
CONTINUOUS
10
0.3737175196850394
20
0.439022874015748
11
0.373723937007874
21
0.438979842519685
0
LINE
8
BLACK
6
CONTINUOUS
10
0.373723937007874
20
0.438979842519685
11
0.3736920472440945
21
0.4387643700787401
0
LINE
8
BLACK
6
CONTINUOUS
10
0.3736920472440945
20
0.4387643700787401
11
0.3736707086614173
21
0.4385473228346456
0
LINE
8
BLACK
6
CONTINUOUS
10
0.3736707086614173
20
0.4385473228346456
11
0.3736540551181102
21
0.438507125984252
0
LINE
8
BLACK
6
CONTINUOUS
10
0.3736540551181102
20
0.438507125984252
11
0.3736392913385826
21
0.4384072440944882
0
LINE
8
BLACK
6
CONTINUOUS
10
0.3736392913385826
20
0.4384072440944882
11
0.3717645275590551
21
0.4309081889763779
0
LINE
8
BLACK
6
CONTINUOUS
10
0.3717645275590551
20
0.4309081889763779
11
0.3717493307086614
21
0.4308657086614173
0
LINE
8
BLACK
6
CONTINUOUS
10
0.3717493307086614
20
0.4308657086614173
11
0.3717478346456693
21
0.4308444094488189
0
LINE
8
BLACK
6
CONTINUOUS
10
0.3717478346456693
20
0.4308444094488189
11
0.371656062992126
21
0.43060468503937
0
LINE
8
BLACK
6
CONTINUOUS
10
0.371656062992126
20
0.43060468503937
11
0.3715697637795276
21
0.4303630708661417
0
LINE
8
BLACK
6
CONTINUOUS
10
0.3715697637795276
20
0.4303630708661417
11
0.3715570472440945
21
0.4303459448818898
0
LINE
8
BLACK
6
CONTINUOUS
10
0.3715570472440945
20
0.4303459448818898
11
0.3715409448818898
21
0.4303038188976378
0
LINE
8
BLACK
6
CONTINUOUS
10
0.3715409448818898
20
0.4303038188976378
11
0.3696661811023622
21
0.4265542913385827
0
LINE
8
BLACK
6
CONTINUOUS
10
0.3696661811023622
20
0.4265542913385827
11
0.3695101181102362
21
0.4263064173228346
0
LINE
8
BLACK
6
CONTINUOUS
10
0.3695101181102362
20
0.4263064173228346
11
0.3694803149606299
21
0.4262343700787402
0
LINE
8
BLACK
6
CONTINUOUS
10
0.3694803149606299
20
0.4262343700787402
11
0.369413779527559
21
0.4261533464566929
0
LINE
8
BLACK
6
CONTINUOUS
10
0.369413779527559
20
0.4261533464566929
11
0.3693578346456693
21
0.4260644094488189
0
LINE
8
BLACK
6
CONTINUOUS
10
0.3693578346456693
20
0.4260644094488189
11
0.3692988188976378
21
0.4260132677165354
0
LINE
8
BLACK
6
CONTINUOUS
10
0.3692988188976378
20
0.4260132677165354
11
0.3691130708661417
21
0.4257868897637795
0
LINE
8
BLACK
6
CONTINUOUS
10
0.3691130708661417
20
0.4257868897637795
11
0.3672383464566929
21
0.423912125984252
0
LINE
8
BLACK
6
CONTINUOUS
10
0.3672383464566929
20
0.423912125984252
11
0.367011968503937
21
0.4237263779527559
0
LINE
8
BLACK
6
CONTINUOUS
10
0.367011968503937
20
0.4237263779527559
11
0.3669607874015748
21
0.4236673228346456
0
LINE
8
BLACK
6
CONTINUOUS
10
0.3669607874015748
20
0.4236673228346456
11
0.366871811023622
21
0.4236113385826771
0
LINE
8
BLACK
6
CONTINUOUS
10
0.366871811023622
20
0.4236113385826771
11
0.3667908661417323
21
0.4235448818897637
0
LINE
8
BLACK
6
CONTINUOUS
10
0.3667908661417323
20
0.4235448818897637
11
0.3667188976377952
21
0.4235150787401575
0
LINE
8
BLACK
6
CONTINUOUS
10
0.3667188976377952
20
0.4235150787401575
11
0.366470905511811
21
0.4233589763779527
0
LINE
8
BLACK
6
CONTINUOUS
10
0.366470905511811
20
0.4233589763779527
11
0.3627213779527559
21
0.4214842125984252
0
LINE
8
BLACK
6
CONTINUOUS
10
0.3627213779527559
20
0.4214842125984252
11
0.3621807480314961
21
0.4212773228346456
0
LINE
8
BLACK
6
CONTINUOUS
10
0.3621807480314961
20
0.4212773228346456
11
0.3620749212598425
21
0.421269842519685
0
LINE
8
BLACK
6
CONTINUOUS
10
0.3620749212598425
20
0.421269842519685
11
0.3619769291338583
21
0.4212292125984252
0
LINE
8
BLACK
6
CONTINUOUS
10
0.3619769291338583
20
0.4212292125984252
11
0.3614008661417323
21
0.4211724803149606
0
LINE
8
BLACK
6
CONTINUOUS
10
0.3614008661417323
20
0.4211724803149606
11
0.3576513385826772
21
0.4211724803149606
0
LINE
8
BLACK
6
CONTINUOUS
10
0.3576513385826772
20
0.4211724803149606
11
0.3570752755905512
21
0.4212292125984252
0
LINE
8
BLACK
6
CONTINUOUS
10
0.3570752755905512
20
0.4212292125984252
11
0.3569772834645669
21
0.4212698031496063
0
LINE
8
BLACK
6
CONTINUOUS
10
0.3569772834645669
20
0.4212698031496063
11
0.3568714173228346
21
0.4212773228346456
0
LINE
8
BLACK
6
CONTINUOUS
10
0.3568714173228346
20
0.4212773228346456
11
0.3563308267716535
21
0.4214842125984252
0
LINE
8
BLACK
6
CONTINUOUS
10
0.3563308267716535
20
0.4214842125984252
11
0.3525812992125984
21
0.4233589763779527
0
LINE
8
BLACK
6
CONTINUOUS
10
0.3525812992125984
20
0.4233589763779527
11
0.3523332677165354
21
0.4235150787401575
0
LINE
8
BLACK
6
CONTINUOUS
10
0.3523332677165354
20
0.4235150787401575
11
0.3522613385826772
21
0.4235448818897637
0
LINE
8
BLACK
6
CONTINUOUS
10
0.3522613385826772
20
0.4235448818897637
11
0.3521803543307087
21
0.4236113385826771
0
LINE
8
BLACK
6
CONTINUOUS
10
0.3521803543307087
20
0.4236113385826771
11
0.3520914173228346
21
0.4236673228346456
0
LINE
8
BLACK
6
CONTINUOUS
10
0.3520914173228346
20
0.4236673228346456
11
0.3520401968503937
21
0.4237263779527559
0
LINE
8
BLACK
6
CONTINUOUS
10
0.3520401968503937
20
0.4237263779527559
11
0.3518138582677166
21
0.423912125984252
0
LINE
8
BLACK
6
CONTINUOUS
10
0.3518138582677166
20
0.423912125984252
11
0.349939094488189
21
0.4257869291338582
0
LINE
8
BLACK
6
CONTINUOUS
10
0.349939094488189
20
0.4257869291338582
11
0.3497533464566929
21
0.4260132677165354
0
LINE
8
BLACK
6
CONTINUOUS
10
0.3497533464566929
20
0.4260132677165354
11
0.3496943700787402
21
0.4260644094488189
0
LINE
8
BLACK
6
CONTINUOUS
10
0.3496943700787402
20
0.4260644094488189
11
0.3496383858267716
21
0.4261533464566929
0
LINE
8
BLACK
6
CONTINUOUS
10
0.3496383858267716
20
0.4261533464566929
11
0.3495718897637795
21
0.4262343700787402
0
LINE
8
BLACK
6
CONTINUOUS
10
0.3495718897637795
20
0.4262343700787402
11
0.3495420472440945
21
0.4263064173228346
0
LINE
8
BLACK
6
CONTINUOUS
10
0.3495420472440945
20
0.4263064173228346
11
0.3493860236220472
21
0.4265542913385827
0
LINE
8
BLACK
6
CONTINUOUS
10
0.3493860236220472
20
0.4265542913385827
11
0.3475112598425197
21
0.4303038188976378
0
LINE
8
BLACK
6
CONTINUOUS
10
0.3475112598425197
20
0.4303038188976378
11
0.3474951181102362
21
0.4303459448818898
0
LINE
8
BLACK
6
CONTINUOUS
10
0.3474951181102362
20
0.4303459448818898
11
0.3474824409448819
21
0.4303630708661417
0
LINE
8
BLACK
6
CONTINUOUS
10
0.3474824409448819
20
0.4303630708661417
11
0.3473959842519685
21
0.4306050393700787
0
LINE
8
BLACK
6
CONTINUOUS
10
0.3473959842519685
20
0.4306050393700787
11
0.3473043700787402
21
0.4308444488188976
0
LINE
8
BLACK
6
CONTINUOUS
10
0.3473043700787402
20
0.4308444488188976
11
0.3473028346456693
21
0.4308657086614173
0
LINE
8
BLACK
6
CONTINUOUS
10
0.3473028346456693
20
0.4308657086614173
11
0.3472876771653543
21
0.4309081889763779
0
LINE
8
BLACK
6
CONTINUOUS
10
0.3472876771653543
20
0.4309081889763779
11
0.3454129133858267
21
0.4384072440944882
0
LINE
8
BLACK
6
CONTINUOUS
10
0.3454129133858267
20
0.4384072440944882
11
0.3453981102362205
21
0.438507125984252
0
LINE
8
BLACK
6
CONTINUOUS
10
0.3453981102362205
20
0.438507125984252
11
0.3453814960629921
21
0.4385473228346456
0
LINE
8
BLACK
6
CONTINUOUS
10
0.3453814960629921
20
0.4385473228346456
11
0.3453601181102362
21
0.4387643700787401
0
LINE
8
BLACK
6
CONTINUOUS
10
0.3453601181102362
20
0.4387643700787401
11
0.3453282677165354
21
0.438979842519685
0
LINE
8
BLACK
6
CONTINUOUS
10
0.3453282677165354
20
0.438979842519685
11
0.3453346456692913
21
0.439022874015748
0
LINE
8
BLACK
6
CONTINUOUS
10
0.3453346456692913
20
0.439022874015748
11
0.3453247637795275
21
0.4391233858267716
0
LINE
8
BLACK
6
CONTINUOUS
10
0.3453247637795275
20
0.4391233858267716
11
0.3453247637795275
21
0.4484972047244095
0
LINE
8
BLACK
6
CONTINUOUS
10
0.3453247637795275
20
0.4484972047244095
11
0.3453346456692913
21
0.4485977559055118
0
LINE
8
BLACK
6
CONTINUOUS
10
0.3453346456692913
20
0.4485977559055118
11
0.3453282677165354
21
0.4486407480314961
0
LINE
8
BLACK
6
CONTINUOUS
10
0.3453282677165354
20
0.4486407480314961
11
0.3453601181102362
21
0.4488562598425197
0
LINE
8
BLACK
6
CONTINUOUS
10
0.3453601181102362
20
0.4488562598425197
11
0.3453814960629921
21
0.4490732677165354
0
LINE
8
BLACK
6
CONTINUOUS
10
0.3453814960629921
20
0.4490732677165354
11
0.3453981102362205
21
0.4491135039370079
0
LINE
8
BLACK
6
CONTINUOUS
10
0.3453981102362205
20
0.4491135039370079
11
0.3454129133858267
21
0.4492133464566929
0
LINE
8
BLACK
6
CONTINUOUS
10
0.3454129133858267
20
0.4492133464566929
11
0.3472876771653543
21
0.4567124015748031
0
LINE
8
BLACK
6
CONTINUOUS
10
0.3472876771653543
20
0.4567124015748031
11
0.3473028346456693
21
0.4567549212598425
0
LINE
8
BLACK
6
CONTINUOUS
10
0.3473028346456693
20
0.4567549212598425
11
0.3473043700787402
21
0.4567761417322835
0
LINE
8
BLACK
6
CONTINUOUS
10
0.3473043700787402
20
0.4567761417322835
11
0.3473959842519685
21
0.4570155905511811
0
LINE
8
BLACK
6
CONTINUOUS
10
0.3473959842519685
20
0.4570155905511811
11
0.3474824409448819
21
0.4572575196850394
0
LINE
8
BLACK
6
CONTINUOUS
10
0.3474824409448819
20
0.4572575196850394
11
0.3474951181102362
21
0.4572746850393701
0
LINE
8
BLACK
6
CONTINUOUS
10
0.3474951181102362
20
0.4572746850393701
11
0.3475112598425197
21
0.4573167716535433
0
LINE
8
BLACK
6
CONTINUOUS
10
0.3475112598425197
20
0.4573167716535433
11
0.3493860236220472
21
0.4610662992125984
0
LINE
8
BLACK
6
CONTINUOUS
10
0.3493860236220472
20
0.4610662992125984
11
0.3495420866141732
21
0.4613143307086614
0
LINE
8
BLACK
6
CONTINUOUS
10
0.3495420866141732
20
0.4613143307086614
11
0.3495719291338583
21
0.4613862598425197
0
LINE
8
BLACK
6
CONTINUOUS
10
0.3495719291338583
20
0.4613862598425197
11
0.3496383858267716
21
0.4614672440944882
0
LINE
8
BLACK
6
CONTINUOUS
10
0.3496383858267716
20
0.4614672440944882
11
0.3496943700787402
21
0.4615561811023622
0
LINE
8
BLACK
6
CONTINUOUS
10
0.3496943700787402
20
0.4615561811023622
11
0.3497533464566929
21
0.4616073622047244
0
LINE
8
BLACK
6
CONTINUOUS
10
0.3497533464566929
20
0.4616073622047244
11
0.3499391338582677
21
0.4618337007874015
0
LINE
8
BLACK
6
CONTINUOUS
10
0.3499391338582677
20
0.4618337007874015
11
0.3518138976377952
21
0.4637084645669291
0
LINE
8
BLACK
6
CONTINUOUS
10
0.3518138976377952
20
0.4637084645669291
11
0.3520402362204724
21
0.4638942519685039
0
LINE
8
BLACK
6
CONTINUOUS
10
0.3520402362204724
20
0.4638942519685039
11
0.3520914173228346
21
0.4639532283464567
0
LINE
8
BLACK
6
CONTINUOUS
10
0.3520914173228346
20
0.4639532283464567
11
0.3521803543307087
21
0.4640092125984252
0
LINE
8
BLACK
6
CONTINUOUS
10
0.3521803543307087
20
0.4640092125984252
11
0.3522613385826772
21
0.4640756692913386
0
LINE
8
BLACK
6
CONTINUOUS
10
0.3522613385826772
20
0.4640756692913386
11
0.3523332677165354
21
0.4641055118110236
0
LINE
8
BLACK
6
CONTINUOUS
10
0.3523332677165354
20
0.4641055118110236
11
0.3525812992125984
21
0.4642615748031496
0
LINE
8
BLACK
6
CONTINUOUS
10
0.3525812992125984
20
0.4642615748031496
11
0.3563308267716535
21
0.4661363385826772
0
LINE
8
BLACK
6
CONTINUOUS
10
0.3563308267716535
20
0.4661363385826772
11
0.3568714173228346
21
0.4663432283464567
0
LINE
8
BLACK
6
CONTINUOUS
10
0.3568714173228346
20
0.4663432283464567
11
0.3569772834645669
21
0.4663507874015748
0
LINE
8
BLACK
6
CONTINUOUS
10
0.3569772834645669
20
0.4663507874015748
11
0.3570752755905512
21
0.4663913385826772
0
LINE
8
BLACK
6
CONTINUOUS
10
0.3570752755905512
20
0.4663913385826772
11
0.3576513385826772
21
0.4664480708661417
0
LINE
8
BLACK
6
CONTINUOUS
10
0.3576513385826772
20
0.4664480708661417
11
0.3614008661417323
21
0.4664480708661417
0
LINE
8
BLACK
6
CONTINUOUS
10
0.3614008661417323
20
0.4664480708661417
11
0.3619769291338583
21
0.4663913385826772
0
LINE
8
BLACK
6
CONTINUOUS
10
0.355650905511811
20
0.4591938188976378
11
0.354453779527559
21
0.4579966929133858
0
LINE
8
BLACK
6
CONTINUOUS
10
0.354453779527559
20
0.4579966929133858
11
0.3529382677165354
21
0.4549657086614173
0
LINE
8
BLACK
6
CONTINUOUS
10
0.3529382677165354
20
0.4549657086614173
11
0.3512302755905512
21
0.4481336614173228
0
LINE
8
BLACK
6
CONTINUOUS
10
0.3512302755905512
20
0.4481336614173228
11
0.3512302755905512
21
0.4394869291338583
0
LINE
8
BLACK
6
CONTINUOUS
10
0.3512302755905512
20
0.4394869291338583
11
0.3529382677165354
21
0.4326548818897638
0
LINE
8
BLACK
6
CONTINUOUS
10
0.3529382677165354
20
0.4326548818897638
11
0.354453779527559
21
0.4296238976377953
0
LINE
8
BLACK
6
CONTINUOUS
10
0.354453779527559
20
0.4296238976377953
11
0.355650905511811
21
0.4284267322834646
0
LINE
8
BLACK
6
CONTINUOUS
10
0.355650905511811
20
0.4284267322834646
11
0.3583483858267716
21
0.4270779921259842
0
LINE
8
BLACK
6
CONTINUOUS
10
0.3583483858267716
20
0.4270779921259842
11
0.3607038188976378
21
0.4270779921259842
0
LINE
8
BLACK
6
CONTINUOUS
10
0.3607038188976378
20
0.4270779921259842
11
0.3634012598425197
21
0.4284267322834646
0
LINE
8
BLACK
6
CONTINUOUS
10
0.3634012598425197
20
0.4284267322834646
11
0.3645983858267716
21
0.4296238976377953
0
LINE
8
BLACK
6
CONTINUOUS
10
0.3645983858267716
20
0.4296238976377953
11
0.3661138976377953
21
0.4326548818897638
0
LINE
8
BLACK
6
CONTINUOUS
10
0.3661138976377953
20
0.4326548818897638
11
0.3678219291338582
21
0.4394869291338583
0
LINE
8
BLACK
6
CONTINUOUS
10
0.3678219291338582
20
0.4394869291338583
11
0.3678219291338582
21
0.4481336614173228
0
LINE
8
BLACK
6
CONTINUOUS
10
0.3678219291338582
20
0.4481336614173228
11
0.3661138976377953
21
0.4549657086614173
0
LINE
8
BLACK
6
CONTINUOUS
10
0.3661138976377953
20
0.4549657086614173
11
0.3645984251968504
21
0.4579966929133858
0
LINE
8
BLACK
6
CONTINUOUS
10
0.3645984251968504
20
0.4579966929133858
11
0.3634012992125984
21
0.4591938188976378
0
LINE
8
BLACK
6
CONTINUOUS
10
0.3634012992125984
20
0.4591938188976378
11
0.3607038188976378
21
0.4605425590551181
0
LINE
8
BLACK
6
CONTINUOUS
10
0.3607038188976378
20
0.4605425590551181
11
0.3583483858267716
21
0.4605425590551181
0
LINE
8
BLACK
6
CONTINUOUS
10
0.3583483858267716
20
0.4605425590551181
11
0.355650905511811
21
0.4591938188976378
0
LINE
8
BLACK
6
CONTINUOUS
10
0.3973129527559055
20
0.4664193700787401
11
0.3973907086614173
21
0.4664248818897638
0
LINE
8
BLACK
6
CONTINUOUS
10
0.3973907086614173
20
0.4664248818897638
11
0.3974929527559055
21
0.4664016535433071
0
LINE
8
BLACK
6
CONTINUOUS
10
0.3974929527559055
20
0.4664016535433071
11
0.3975974803149606
21
0.4663913385826772
0
LINE
8
BLACK
6
CONTINUOUS
10
0.3975974803149606
20
0.4663913385826772
11
0.3976695669291339
21
0.4663614960629921
0
LINE
8
BLACK
6
CONTINUOUS
10
0.3976695669291339
20
0.4663614960629921
11
0.397955157480315
21
0.4662965354330709
0
LINE
8
BLACK
6
CONTINUOUS
10
0.397955157480315
20
0.4662965354330709
11
0.4035794488188976
21
0.4644217716535433
0
LINE
8
BLACK
6
CONTINUOUS
10
0.4035794488188976
20
0.4644217716535433
11
0.4041079921259843
21
0.4641857874015748
0
LINE
8
BLACK
6
CONTINUOUS
10
0.4041079921259843
20
0.4641857874015748
11
0.4041881102362205
21
0.4641162992125984
0
LINE
8
BLACK
6
CONTINUOUS
10
0.4041881102362205
20
0.4641162992125984
11
0.4042861811023622
21
0.4640756692913386
0
LINE
8
BLACK
6
CONTINUOUS
10
0.4042861811023622
20
0.4640756692913386
11
0.4047336220472441
21
0.4637084645669291
0
LINE
8
BLACK
6
CONTINUOUS
10
0.4047336220472441
20
0.4637084645669291
11
0.4084831496062992
21
0.459958937007874
0
LINE
8
BLACK
6
CONTINUOUS
10
0.4084831496062992
20
0.459958937007874
11
0.4086689763779527
21
0.4597325590551181
0
LINE
8
BLACK
6
CONTINUOUS
10
0.4086689763779527
20
0.4597325590551181
11
0.4087279133858268
21
0.4596814173228346
0
LINE
8
BLACK
6
CONTINUOUS
10
0.4087279133858268
20
0.4596814173228346
11
0.4087837795275591
21
0.4595926771653543
0
LINE
8
BLACK
6
CONTINUOUS
10
0.4087837795275591
20
0.4595926771653543
11
0.4088503937007874
21
0.4595114960629921
0
LINE
8
BLACK
6
CONTINUOUS
10
0.4088503937007874
20
0.4595114960629921
11
0.4088802362204724
21
0.4594393700787401
0
LINE
8
BLACK
6
CONTINUOUS
10
0.4088802362204724
20
0.4594393700787401
11
0.4090362598425197
21
0.4591915354330708
0
LINE
8
BLACK
6
CONTINUOUS
10
0.4090362598425197
20
0.4591915354330708
11
0.4109110236220472
21
0.4554420078740157
0
LINE
8
BLACK
6
CONTINUOUS
10
0.4109110236220472
20
0.4554420078740157
11
0.410927125984252
21
0.4553999212598425
0
LINE
8
BLACK
6
CONTINUOUS
10
0.410927125984252
20
0.4553999212598425
11
0.410939842519685
21
0.4553827559055118
0
LINE
8
BLACK
6
CONTINUOUS
10
0.410939842519685
20
0.4553827559055118
11
0.411025905511811
21
0.4551418503937008
0
LINE
8
BLACK
6
CONTINUOUS
10
0.411025905511811
20
0.4551418503937008
11
0.4111179133858268
21
0.4549014173228346
0
LINE
8
BLACK
6
CONTINUOUS
10
0.4111179133858268
20
0.4549014173228346
11
0.4111194094488189
21
0.454880157480315
0
LINE
8
BLACK
6
CONTINUOUS
10
0.4111194094488189
20
0.454880157480315
11
0.4111346062992126
21
0.4548376377952756
0
LINE
8
BLACK
6
CONTINUOUS
10
0.4111346062992126
20
0.4548376377952756
11
0.4130093700787402
21
0.4473385826771654
0
LINE
8
BLACK
6
CONTINUOUS
10
0.4130093700787402
20
0.4473385826771654
11
0.4130241338582677
21
0.4472387401574803
0
LINE
8
BLACK
6
CONTINUOUS
10
0.4130241338582677
20
0.4472387401574803
11
0.4130407874015748
21
0.4471985039370079
0
LINE
8
BLACK
6
CONTINUOUS
10
0.4130407874015748
20
0.4471985039370079
11
0.413062125984252
21
0.4469814960629921
0
LINE
8
BLACK
6
CONTINUOUS
10
0.413062125984252
20
0.4469814960629921
11
0.4130940157480315
21
0.4467659842519685
0
LINE
8
BLACK
6
CONTINUOUS
10
0.4130940157480315
20
0.4467659842519685
11
0.4130875984251968
21
0.4467229921259843
0
LINE
8
BLACK
6
CONTINUOUS
10
0.4130875984251968
20
0.4467229921259843
11
0.4130975196850394
21
0.4466224409448819
0
LINE
8
BLACK
6
CONTINUOUS
10
0.4130975196850394
20
0.4466224409448819
11
0.4130975196850394
21
0.4409981496062992
0
LINE
8
BLACK
6
CONTINUOUS
10
0.4130975196850394
20
0.4409981496062992
11
0.4130875984251968
21
0.4408976377952756
0
LINE
8
BLACK
6
CONTINUOUS
10
0.4130875984251968
20
0.4408976377952756
11
0.4130940157480315
21
0.4408546062992126
0
LINE
8
BLACK
6
CONTINUOUS
10
0.4130940157480315
20
0.4408546062992126
11
0.413062125984252
21
0.4406391338582677
0
LINE
8
BLACK
6
CONTINUOUS
10
0.413062125984252
20
0.4406391338582677
11
0.4130407874015748
21
0.4404220866141732
0
LINE
8
BLACK
6
CONTINUOUS
10
0.4130407874015748
20
0.4404220866141732
11
0.4130241338582677
21
0.4403818897637795
0
LINE
8
BLACK
6
CONTINUOUS
10
0.4130241338582677
20
0.4403818897637795
11
0.4130093700787402
21
0.4402820078740157
0
LINE
8
BLACK
6
CONTINUOUS
10
0.4130093700787402
20
0.4402820078740157
11
0.4111346062992126
21
0.4327829527559055
0
LINE
8
BLACK
6
CONTINUOUS
10
0.4111346062992126
20
0.4327829527559055
11
0.4111194094488189
21
0.4327404724409449
0
LINE
8
BLACK
6
CONTINUOUS
10
0.4111194094488189
20
0.4327404724409449
11
0.4111179133858268
21
0.4327191732283465
0
LINE
8
BLACK
6
CONTINUOUS
10
0.4111179133858268
20
0.4327191732283465
11
0.4110261417322835
21
0.4324794488188976
0
LINE
8
BLACK
6
CONTINUOUS
10
0.4110261417322835
20
0.4324794488188976
11
0.410939842519685
21
0.4322378346456693
0
LINE
8
BLACK
6
CONTINUOUS
10
0.410939842519685
20
0.4322378346456693
11
0.410927125984252
21
0.4322207086614173
0
LINE
8
BLACK
6
CONTINUOUS
10
0.410927125984252
20
0.4322207086614173
11
0.4109110236220472
21
0.4321785826771654
0
LINE
8
BLACK
6
CONTINUOUS
10
0.4109110236220472
20
0.4321785826771654
11
0.4090362598425197
21
0.4284290551181102
0
LINE
8
BLACK
6
CONTINUOUS
10
0.4090362598425197
20
0.4284290551181102
11
0.4088801968503937
21
0.4281811811023622
0
LINE
8
BLACK
6
CONTINUOUS
10
0.4088801968503937
20
0.4281811811023622
11
0.4088503937007874
21
0.4281091338582677
0
LINE
8
BLACK
6
CONTINUOUS
10
0.4088503937007874
20
0.4281091338582677
11
0.4087838582677165
21
0.4280281102362204
0
LINE
8
BLACK
6
CONTINUOUS
10
0.4087838582677165
20
0.4280281102362204
11
0.4087279133858268
21
0.4279391732283465
0
LINE
8
BLACK
6
CONTINUOUS
10
0.4087279133858268
20
0.4279391732283465
11
0.4086688976377953
21
0.427888031496063
0
LINE
8
BLACK
6
CONTINUOUS
10
0.4086688976377953
20
0.427888031496063
11
0.4084831889763779
21
0.4276616929133858
0
LINE
8
BLACK
6
CONTINUOUS
10
0.4084831889763779
20
0.4276616929133858
11
0.4047336220472441
21
0.4239120866141732
0
LINE
8
BLACK
6
CONTINUOUS
10
0.4047336220472441
20
0.4239120866141732
11
0.4042861811023622
21
0.4235448818897637
0
LINE
8
BLACK
6
CONTINUOUS
10
0.4042861811023622
20
0.4235448818897637
11
0.4041881102362205
21
0.4235042913385827
0
LINE
8
BLACK
6
CONTINUOUS
10
0.4041881102362205
20
0.4235042913385827
11
0.4041079921259843
21
0.4234347637795275
0
LINE
8
BLACK
6
CONTINUOUS
10
0.4041079921259843
20
0.4234347637795275
11
0.4035794488188976
21
0.423198779527559
0
LINE
8
BLACK
6
CONTINUOUS
10
0.4035794488188976
20
0.423198779527559
11
0.397955157480315
21
0.4213240157480315
0
LINE
8
BLACK
6
CONTINUOUS
10
0.397955157480315
20
0.4213240157480315
11
0.3976695669291339
21
0.421259094488189
0
LINE
8
BLACK
6
CONTINUOUS
10
0.3976695669291339
20
0.421259094488189
11
0.3975974803149606
21
0.4212292125984252
0
LINE
8
BLACK
6
CONTINUOUS
10
0.3975974803149606
20
0.4212292125984252
11
0.3974929527559055
21
0.421218937007874
0
LINE
8
BLACK
6
CONTINUOUS
10
0.3974929527559055
20
0.421218937007874
11
0.3973907086614173
21
0.4211956692913386
0
LINE
8
BLACK
6
CONTINUOUS
10
0.3973907086614173
20
0.4211956692913386
11
0.3973129527559055
21
0.421201220472441
0
LINE
8
BLACK
6
CONTINUOUS
10
0.3973129527559055
20
0.421201220472441
11
0.3970214173228346
21
0.4211724803149606
0
LINE
8
BLACK
6
CONTINUOUS
10
0.3970214173228346
20
0.4211724803149606
11
0.3932718897637795
21
0.4211724803149606
0
LINE
8
BLACK
6
CONTINUOUS
10
0.3932718897637795
20
0.4211724803149606
11
0.3929802755905512
21
0.421201220472441
0
LINE
8
BLACK
6
CONTINUOUS
10
0.3929802755905512
20
0.421201220472441
11
0.3929025590551181
21
0.4211956692913386
0
LINE
8
BLACK
6
CONTINUOUS
10
0.3929025590551181
20
0.4211956692913386
11
0.3928002755905512
21
0.421218937007874
0
LINE
8
BLACK
6
CONTINUOUS
10
0.3928002755905512
20
0.421218937007874
11
0.3926958267716535
21
0.4212292125984252
0
LINE
8
BLACK
6
CONTINUOUS
10
0.3926958267716535
20
0.4212292125984252
11
0.3926237401574803
21
0.421259094488189
0
LINE
8
BLACK
6
CONTINUOUS
10
0.3926237401574803
20
0.421259094488189
11
0.3923381102362204
21
0.4213240157480315
0
LINE
8
BLACK
6
CONTINUOUS
10
0.3923381102362204
20
0.4213240157480315
11
0.3867138582677165
21
0.423198779527559
0
LINE
8
BLACK
6
CONTINUOUS
10
0.3867138582677165
20
0.423198779527559
11
0.3861852755905512
21
0.4234347637795275
0
LINE
8
BLACK
6
CONTINUOUS
10
0.3861852755905512
20
0.4234347637795275
11
0.3861050787401575
21
0.4235043307086614
0
LINE
8
BLACK
6
CONTINUOUS
10
0.3861050787401575
20
0.4235043307086614
11
0.386007125984252
21
0.4235448818897637
0
LINE
8
BLACK
6
CONTINUOUS
10
0.386007125984252
20
0.4235448818897637
11
0.3855596456692914
21
0.423912125984252
0
LINE
8
BLACK
6
CONTINUOUS
10
0.3855596456692914
20
0.423912125984252
11
0.3836848818897638
21
0.4257869291338582
0
LINE
8
BLACK
6
CONTINUOUS
10
0.3836848818897638
20
0.4257869291338582
11
0.3833176771653543
21
0.4262343700787402
0
LINE
8
BLACK
6
CONTINUOUS
10
0.3833176771653543
20
0.4262343700787402
11
0.382876811023622
21
0.4272987795275591
0
LINE
8
BLACK
6
CONTINUOUS
10
0.382876811023622
20
0.4272987795275591
11
0.382876811023622
21
0.4284508661417323
0
LINE
8
BLACK
6
CONTINUOUS
10
0.382876811023622
20
0.4284508661417323
11
0.3833177165354331
21
0.4295152755905512
0
LINE
8
BLACK
6
CONTINUOUS
10
0.3833177165354331
20
0.4295152755905512
11
0.3841324015748032
21
0.4303299606299212
0
LINE
8
BLACK
6
CONTINUOUS
10
0.3841324015748032
20
0.4303299606299212
11
0.385196811023622
21
0.4307708267716535
0
LINE
8
BLACK
6
CONTINUOUS
10
0.385196811023622
20
0.4307708267716535
11
0.3863488976377953
21
0.4307708267716535
0
LINE
8
BLACK
6
CONTINUOUS
10
0.3863488976377953
20
0.4307708267716535
11
0.3874133070866141
21
0.4303299212598425
0
LINE
8
BLACK
6
CONTINUOUS
10
0.3874133070866141
20
0.4303299212598425
11
0.3878607874015748
21
0.4299626771653543
0
LINE
8
BLACK
6
CONTINUOUS
10
0.3878607874015748
20
0.4299626771653543
11
0.3892426377952756
21
0.4285807874015748
0
LINE
8
BLACK
6
CONTINUOUS
10
0.3892426377952756
20
0.4285807874015748
11
0.3937510236220472
21
0.4270779921259842
0
LINE
8
BLACK
6
CONTINUOUS
10
0.3937510236220472
20
0.4270779921259842
11
0.3965422834645669
21
0.4270779921259842
0
LINE
8
BLACK
6
CONTINUOUS
10
0.3965422834645669
20
0.4270779921259842
11
0.4010506692913386
21
0.4285808267716535
0
LINE
8
BLACK
6
CONTINUOUS
10
0.4010506692913386
20
0.4285808267716535
11
0.4039684645669291
21
0.4314986614173228
0
LINE
8
BLACK
6
CONTINUOUS
10
0.4039684645669291
20
0.4314986614173228
11
0.4054839763779527
21
0.4345296456692913
0
LINE
8
BLACK
6
CONTINUOUS
10
0.4054839763779527
20
0.4345296456692913
11
0.4071920078740157
21
0.4413616929133858
0
LINE
8
BLACK
6
CONTINUOUS
10
0.4071920078740157
20
0.4413616929133858
11
0.4071920078740157
21
0.4462588976377952
0
LINE
8
BLACK
6
CONTINUOUS
10
0.4071920078740157
20
0.4462588976377952
11
0.4054839763779527
21
0.4530909448818898
0
LINE
8
BLACK
6
CONTINUOUS
10
0.4054839763779527
20
0.4530909448818898
11
0.4039685039370078
21
0.4561219291338582
0
LINE
8
BLACK
6
CONTINUOUS
10
0.4039685039370078
20
0.4561219291338582
11
0.4010506692913386
21
0.4590397637795275
0
LINE
8
BLACK
6
CONTINUOUS
10
0.4010506692913386
20
0.4590397637795275
11
0.3965422834645669
21
0.4605425590551181
0
LINE
8
BLACK
6
CONTINUOUS
10
0.3965422834645669
20
0.4605425590551181
11
0.3937510236220472
21
0.4605425590551181
0
LINE
8
BLACK
6
CONTINUOUS
10
0.3937510236220472
20
0.4605425590551181
11
0.3892426377952756
21
0.4590397637795275
0
LINE
8
BLACK
6
CONTINUOUS
10
0.3892426377952756
20
0.4590397637795275
11
0.3878607480314961
21
0.457657874015748
0
LINE
8
BLACK
6
CONTINUOUS
10
0.3878607480314961
20
0.457657874015748
11
0.3874133070866141
21
0.4572906692913385
0
LINE
8
BLACK
6
CONTINUOUS
10
0.3874133070866141
20
0.4572906692913385
11
0.3863488582677165
21
0.4568497637795276
0
LINE
8
BLACK
6
CONTINUOUS
10
0.3863488582677165
20
0.4568497637795276
11
0.385196811023622
21
0.4568497637795276
0
LINE
8
BLACK
6
CONTINUOUS
10
0.385196811023622
20
0.4568497637795276
11
0.3841323622047244
21
0.4572906692913385
0
LINE
8
BLACK
6
CONTINUOUS
10
0.3841323622047244
20
0.4572906692913385
11
0.3833177165354331
21
0.4581053149606299
0
LINE
8
BLACK
6
CONTINUOUS
10
0.3833177165354331
20
0.4581053149606299
11
0.382876811023622
21
0.4591697637795276
0
LINE
8
BLACK
6
CONTINUOUS
10
0.382876811023622
20
0.4591697637795276
11
0.382876811023622
21
0.460321811023622
0
LINE
8
BLACK
6
CONTINUOUS
10
0.382876811023622
20
0.460321811023622
11
0.3833177165354331
21
0.4613862598425197
0
LINE
8
BLACK
6
CONTINUOUS
10
0.3833177165354331
20
0.4613862598425197
11
0.3836849212598425
21
0.4618337007874015
0
LINE
8
BLACK
6
CONTINUOUS
10
0.3836849212598425
20
0.4618337007874015
11
0.38555968503937
21
0.4637084645669291
0
LINE
8
BLACK
6
CONTINUOUS
10
0.38555968503937
20
0.4637084645669291
11
0.386007125984252
21
0.4640756692913386
0
LINE
8
BLACK
6
CONTINUOUS
10
0.386007125984252
20
0.4640756692913386
11
0.3861050787401575
21
0.4641162598425197
0
LINE
8
BLACK
6
CONTINUOUS
10
0.3861050787401575
20
0.4641162598425197
11
0.3861852755905512
21
0.4641857874015748
0
LINE
8
BLACK
6
CONTINUOUS
10
0.3861852755905512
20
0.4641857874015748
11
0.3867138582677165
21
0.4644217716535433
0
LINE
8
BLACK
6
CONTINUOUS
10
0.3867138582677165
20
0.4644217716535433
11
0.3923381102362204
21
0.4662965354330709
0
LINE
8
BLACK
6
CONTINUOUS
10
0.3923381102362204
20
0.4662965354330709
11
0.3926237401574803
21
0.4663614960629921
0
LINE
8
BLACK
6
CONTINUOUS
10
0.3926237401574803
20
0.4663614960629921
11
0.3926958267716535
21
0.4663913385826772
0
LINE
8
BLACK
6
CONTINUOUS
10
0.3926958267716535
20
0.4663913385826772
11
0.3928002755905512
21
0.4664016535433071
0
LINE
8
BLACK
6
CONTINUOUS
10
0.3928002755905512
20
0.4664016535433071
11
0.3929025590551181
21
0.4664248818897638
0
LINE
8
BLACK
6
CONTINUOUS
10
0.3929025590551181
20
0.4664248818897638
11
0.3929802755905512
21
0.4664193700787401
0
LINE
8
BLACK
6
CONTINUOUS
10
0.3929802755905512
20
0.4664193700787401
11
0.3932718897637795
21
0.4664480708661417
0
LINE
8
BLACK
6
CONTINUOUS
10
0.3932718897637795
20
0.4664480708661417
11
0.3970214173228346
21
0.4664480708661417
0
LINE
8
BLACK
6
CONTINUOUS
10
0.3970214173228346
20
0.4664480708661417
11
0.3973129527559055
21
0.4664193700787401
0
LINE
8
BLACK
6
CONTINUOUS
10
0.4482161417322835
20
0.4663913385826772
11
0.4492805511811023
21
0.4659504330708661
0
LINE
8
BLACK
6
CONTINUOUS
10
0.4492805511811023
20
0.4659504330708661
11
0.4500951968503937
21
0.4651357874015748
0
LINE
8
BLACK
6
CONTINUOUS
10
0.4500951968503937
20
0.4651357874015748
11
0.4505361023622047
21
0.4640713779527559
0
LINE
8
BLACK
6
CONTINUOUS
10
0.4505361023622047
20
0.4640713779527559
11
0.4505928346456693
21
0.4634953149606299
0
LINE
8
BLACK
6
CONTINUOUS
10
0.4505928346456693
20
0.4634953149606299
11
0.4505928346456693
21
0.4241252362204724
0
LINE
8
BLACK
6
CONTINUOUS
10
0.4505928346456693
20
0.4241252362204724
11
0.4505361023622047
21
0.4235491732283465
0
LINE
8
BLACK
6
CONTINUOUS
10
0.4505361023622047
20
0.4235491732283465
11
0.4500951968503937
21
0.4224847637795275
0
LINE
8
BLACK
6
CONTINUOUS
10
0.4500951968503937
20
0.4224847637795275
11
0.4492805511811023
21
0.4216701181102362
0
LINE
8
BLACK
6
CONTINUOUS
10
0.4492805511811023
20
0.4216701181102362
11
0.4482161417322835
21
0.4212292125984252
0
LINE
8
BLACK
6
CONTINUOUS
10
0.4482161417322835
20
0.4212292125984252
11
0.4476400787401575
21
0.4211724803149606
0
LINE
8
BLACK
6
CONTINUOUS
10
0.4476400787401575
20
0.4211724803149606
11
0.4382662598425197
21
0.4211724803149606
0
LINE
8
BLACK
6
CONTINUOUS
10
0.4382662598425197
20
0.4211724803149606
11
0.4379746456692913
21
0.421201220472441
0
LINE
8
BLACK
6
CONTINUOUS
10
0.4379746456692913
20
0.421201220472441
11
0.4378969291338582
21
0.4211956692913386
0
LINE
8
BLACK
6
CONTINUOUS
10
0.4378969291338582
20
0.4211956692913386
11
0.4377946456692913
21
0.421218937007874
0
LINE
8
BLACK
6
CONTINUOUS
10
0.4377946456692913
20
0.421218937007874
11
0.4376901968503937
21
0.4212292125984252
0
LINE
8
BLACK
6
CONTINUOUS
10
0.4376901968503937
20
0.4212292125984252
11
0.4376181102362204
21
0.421259094488189
0
LINE
8
BLACK
6
CONTINUOUS
10
0.4376181102362204
20
0.421259094488189
11
0.4373324803149606
21
0.4213240157480315
0
LINE
8
BLACK
6
CONTINUOUS
10
0.4373324803149606
20
0.4213240157480315
11
0.4317082283464567
21
0.423198779527559
0
LINE
8
BLACK
6
CONTINUOUS
10
0.4317082283464567
20
0.423198779527559
11
0.4311796456692913
21
0.4234347637795275
0
LINE
8
BLACK
6
CONTINUOUS
10
0.4311796456692913
20
0.4234347637795275
11
0.4310995275590551
21
0.4235042519685039
0
LINE
8
BLACK
6
CONTINUOUS
10
0.4310995275590551
20
0.4235042519685039
11
0.4310014960629921
21
0.423544842519685
0
LINE
8
BLACK
6
CONTINUOUS
10
0.4310014960629921
20
0.423544842519685
11
0.4305540551181102
21
0.4239120866141732
0
LINE
8
BLACK
6
CONTINUOUS
10
0.4305540551181102
20
0.4239120866141732
11
0.4268045275590551
21
0.4276616535433071
0
LINE
8
BLACK
6
CONTINUOUS
10
0.4268045275590551
20
0.4276616535433071
11
0.4266187401574803
21
0.427888031496063
0
LINE
8
BLACK
6
CONTINUOUS
10
0.4266187401574803
20
0.427888031496063
11
0.4265597637795275
21
0.4279391732283465
0
LINE
8
BLACK
6
CONTINUOUS
10
0.4265597637795275
20
0.4279391732283465
11
0.426503779527559
21
0.4280281102362204
0
LINE
8
BLACK
6
CONTINUOUS
10
0.426503779527559
20
0.4280281102362204
11
0.4264372834645669
21
0.4281091338582677
0
LINE
8
BLACK
6
CONTINUOUS
10
0.4264372834645669
20
0.4281091338582677
11
0.4264074409448819
21
0.4281811811023622
0
LINE
8
BLACK
6
CONTINUOUS
10
0.4264074409448819
20
0.4281811811023622
11
0.4262514173228346
21
0.4284290551181102
0
LINE
8
BLACK
6
CONTINUOUS
10
0.4262514173228346
20
0.4284290551181102
11
0.4243766535433071
21
0.4321785826771654
0
LINE
8
BLACK
6
CONTINUOUS
10
0.4243766535433071
20
0.4321785826771654
11
0.4243605118110236
21
0.4322207086614173
0
LINE
8
BLACK
6
CONTINUOUS
10
0.4243605118110236
20
0.4322207086614173
11
0.4243478346456693
21
0.4322378346456693
0
LINE
8
BLACK
6
CONTINUOUS
10
0.4243478346456693
20
0.4322378346456693
11
0.4242613779527559
21
0.4324798031496063
0
LINE
8
BLACK
6
CONTINUOUS
10
0.4242613779527559
20
0.4324798031496063
11
0.4241697637795275
21
0.4327192125984252
0
LINE
8
BLACK
6
CONTINUOUS
10
0.4241697637795275
20
0.4327192125984252
11
0.4241682283464567
21
0.4327404724409449
0
LINE
8
BLACK
6
CONTINUOUS
10
0.4241682283464567
20
0.4327404724409449
11
0.4241530708661417
21
0.4327829527559055
0
LINE
8
BLACK
6
CONTINUOUS
10
0.4241530708661417
20
0.4327829527559055
11
0.4222783070866142
21
0.4402820078740157
0
LINE
8
BLACK
6
CONTINUOUS
10
0.4222783070866142
20
0.4402820078740157
11
0.4222635039370078
21
0.4403818897637795
0
LINE
8
BLACK
6
CONTINUOUS
10
0.4222635039370078
20
0.4403818897637795
11
0.4222468897637795
21
0.4404220866141732
0
LINE
8
BLACK
6
CONTINUOUS
10
0.4222468897637795
20
0.4404220866141732
11
0.4222255118110236
21
0.4406391338582677
0
LINE
8
BLACK
6
CONTINUOUS
10
0.4222255118110236
20
0.4406391338582677
11
0.4221936614173228
21
0.4408546062992126
0
LINE
8
BLACK
6
CONTINUOUS
10
0.4221936614173228
20
0.4408546062992126
11
0.4222000393700787
21
0.4408976377952756
0
LINE
8
BLACK
6
CONTINUOUS
10
0.4222000393700787
20
0.4408976377952756
11
0.422190157480315
21
0.4409981496062992
0
LINE
8
BLACK
6
CONTINUOUS
10
0.422190157480315
20
0.4409981496062992
11
0.422190157480315
21
0.4466224409448819
0
LINE
8
BLACK
6
CONTINUOUS
10
0.422190157480315
20
0.4466224409448819
11
0.4222000393700787
21
0.4467229921259843
0
LINE
8
BLACK
6
CONTINUOUS
10
0.4222000393700787
20
0.4467229921259843
11
0.4221936614173228
21
0.4467659842519685
0
LINE
8
BLACK
6
CONTINUOUS
10
0.4221936614173228
20
0.4467659842519685
11
0.4222255118110236
21
0.4469814960629921
0
LINE
8
BLACK
6
CONTINUOUS
10
0.4222255118110236
20
0.4469814960629921
11
0.4222468897637795
21
0.4471985039370079
0
LINE
8
BLACK
6
CONTINUOUS
10
0.4222468897637795
20
0.4471985039370079
11
0.4222635039370078
21
0.4472387401574803
0
LINE
8
BLACK
6
CONTINUOUS
10
0.4222635039370078
20
0.4472387401574803
11
0.4222783070866142
21
0.4473385826771654
0
LINE
8
BLACK
6
CONTINUOUS
10
0.4222783070866142
20
0.4473385826771654
11
0.4241530708661417
21
0.4548376377952756
0
LINE
8
BLACK
6
CONTINUOUS
10
0.4241530708661417
20
0.4548376377952756
11
0.4241682283464567
21
0.454880157480315
0
LINE
8
BLACK
6
CONTINUOUS
10
0.4241682283464567
20
0.454880157480315
11
0.4241697637795275
21
0.4549013779527559
0
LINE
8
BLACK
6
CONTINUOUS
10
0.4241697637795275
20
0.4549013779527559
11
0.4242617716535433
21
0.4551418503937008
0
LINE
8
BLACK
6
CONTINUOUS
10
0.4242617716535433
20
0.4551418503937008
11
0.4243478346456693
21
0.4553827559055118
0
LINE
8
BLACK
6
CONTINUOUS
10
0.4243478346456693
20
0.4553827559055118
11
0.4243605118110236
21
0.4553999212598425
0
LINE
8
BLACK
6
CONTINUOUS
10
0.4243605118110236
20
0.4553999212598425
11
0.4243766535433071
21
0.4554420078740157
0
LINE
8
BLACK
6
CONTINUOUS
10
0.4243766535433071
20
0.4554420078740157
11
0.4262514173228346
21
0.4591915354330708
0
LINE
8
BLACK
6
CONTINUOUS
10
0.4262514173228346
20
0.4591915354330708
11
0.4264074803149606
21
0.4594395669291338
0
LINE
8
BLACK
6
CONTINUOUS
10
0.4264074803149606
20
0.4594395669291338
11
0.4264373228346456
21
0.4595114960629921
0
LINE
8
BLACK
6
CONTINUOUS
10
0.4264373228346456
20
0.4595114960629921
11
0.426503779527559
21
0.4595924803149606
0
LINE
8
BLACK
6
CONTINUOUS
10
0.426503779527559
20
0.4595924803149606
11
0.4265597637795275
21
0.4596814173228346
0
LINE
8
BLACK
6
CONTINUOUS
10
0.4265597637795275
20
0.4596814173228346
11
0.4266187401574803
21
0.4597325984251968
0
LINE
8
BLACK
6
CONTINUOUS
10
0.4266187401574803
20
0.4597325984251968
11
0.4268045275590551
21
0.459958937007874
0
LINE
8
BLACK
6
CONTINUOUS
10
0.4268045275590551
20
0.459958937007874
11
0.4305540551181102
21
0.4637084645669291
0
LINE
8
BLACK
6
CONTINUOUS
10
0.4305540551181102
20
0.4637084645669291
11
0.4310014960629921
21
0.4640757086614173
0
LINE
8
BLACK
6
CONTINUOUS
10
0.4310014960629921
20
0.4640757086614173
11
0.4310995275590551
21
0.4641163385826771
0
LINE
8
BLACK
6
CONTINUOUS
10
0.4310995275590551
20
0.4641163385826771
11
0.4311796456692913
21
0.4641857874015748
0
LINE
8
BLACK
6
CONTINUOUS
10
0.4311796456692913
20
0.4641857874015748
11
0.4317082283464567
21
0.4644217716535433
0
LINE
8
BLACK
6
CONTINUOUS
10
0.4317082283464567
20
0.4644217716535433
11
0.4373324803149606
21
0.4662965354330709
0
LINE
8
BLACK
6
CONTINUOUS
10
0.4373324803149606
20
0.4662965354330709
11
0.4376181102362204
21
0.4663614960629921
0
LINE
8
BLACK
6
CONTINUOUS
10
0.4376181102362204
20
0.4663614960629921
11
0.4376901968503937
21
0.4663913385826772
0
LINE
8
BLACK
6
CONTINUOUS
10
0.4376901968503937
20
0.4663913385826772
11
0.4377946456692913
21
0.4664016535433071
0
LINE
8
BLACK
6
CONTINUOUS
10
0.4377946456692913
20
0.4664016535433071
11
0.4378969291338582
21
0.4664248818897638
0
LINE
8
BLACK
6
CONTINUOUS
10
0.4378969291338582
20
0.4664248818897638
11
0.4379746456692913
21
0.4664193700787401
0
LINE
8
BLACK
6
CONTINUOUS
10
0.4379746456692913
20
0.4664193700787401
11
0.4382662598425197
21
0.4664480708661417
0
LINE
8
BLACK
6
CONTINUOUS
10
0.4382662598425197
20
0.4664480708661417
11
0.4476400787401575
21
0.4664480708661417
0
LINE
8
BLACK
6
CONTINUOUS
10
0.4476400787401575
20
0.4664480708661417
11
0.4482161417322835
21
0.4663913385826772
0
LINE
8
BLACK
6
CONTINUOUS
10
0.4342370078740158
20
0.4590397637795275
11
0.4313191732283465
21
0.4561219291338582
0
LINE
8
BLACK
6
CONTINUOUS
10
0.4313191732283465
20
0.4561219291338582
11
0.4298036614173228
21
0.4530909448818898
0
LINE
8
BLACK
6
CONTINUOUS
10
0.4298036614173228
20
0.4530909448818898
11
0.4280956692913386
21
0.4462588976377952
0
LINE
8
BLACK
6
CONTINUOUS
10
0.4280956692913386
20
0.4462588976377952
11
0.4280956692913386
21
0.4413616929133858
0
LINE
8
BLACK
6
CONTINUOUS
10
0.4280956692913386
20
0.4413616929133858
11
0.4298036614173228
21
0.4345296456692913
0
LINE
8
BLACK
6
CONTINUOUS
10
0.4298036614173228
20
0.4345296456692913
11
0.4313191732283465
21
0.4314986614173228
0
LINE
8
BLACK
6
CONTINUOUS
10
0.4313191732283465
20
0.4314986614173228
11
0.4342370078740158
21
0.4285807874015748
0
LINE
8
BLACK
6
CONTINUOUS
10
0.4342370078740158
20
0.4285807874015748
11
0.4387453937007874
21
0.4270779921259842
0
LINE
8
BLACK
6
CONTINUOUS
10
0.4387453937007874
20
0.4270779921259842
11
0.4446873228346457
21
0.4270779921259842
0
LINE
8
BLACK
6
CONTINUOUS
10
0.4446873228346457
20
0.4270779921259842
11
0.4446873228346457
21
0.4605425590551181
0
LINE
8
BLACK
6
CONTINUOUS
10
0.4446873228346457
20
0.4605425590551181
11
0.4387453937007874
21
0.4605425590551181
0
LINE
8
BLACK
6
CONTINUOUS
10
0.4387453937007874
20
0.4605425590551181
11
0.4342370078740158
21
0.4590397637795275
0
LINE
8
BLACK
6
CONTINUOUS
10
0.5097988976377953
20
0.4664193700787401
11
0.509876653543307
21
0.4664248818897638
0
LINE
8
BLACK
6
CONTINUOUS
10
0.509876653543307
20
0.4664248818897638
11
0.5099788976377952
21
0.4664016535433071
0
LINE
8
BLACK
6
CONTINUOUS
10
0.5099788976377952
20
0.4664016535433071
11
0.5100834251968503
21
0.4663913385826772
0
LINE
8
BLACK
6
CONTINUOUS
10
0.5100834251968503
20
0.4663913385826772
11
0.5101555118110236
21
0.4663614960629921
0
LINE
8
BLACK
6
CONTINUOUS
10
0.5101555118110236
20
0.4663614960629921
11
0.5104411023622047
21
0.4662965354330709
0
LINE
8
BLACK
6
CONTINUOUS
10
0.5104411023622047
20
0.4662965354330709
11
0.5160653937007874
21
0.4644217716535433
0
LINE
8
BLACK
6
CONTINUOUS
10
0.5160653937007874
20
0.4644217716535433
11
0.516593937007874
21
0.4641857874015748
0
LINE
8
BLACK
6
CONTINUOUS
10
0.516593937007874
20
0.4641857874015748
11
0.5166740551181103
21
0.4641162992125984
0
LINE
8
BLACK
6
CONTINUOUS
10
0.5166740551181103
20
0.4641162992125984
11
0.5167721259842519
21
0.4640756692913386
0
LINE
8
BLACK
6
CONTINUOUS
10
0.5167721259842519
20
0.4640756692913386
11
0.5172195669291338
21
0.4637084645669291
0
LINE
8
BLACK
6
CONTINUOUS
10
0.5172195669291338
20
0.4637084645669291
11
0.520969094488189
21
0.459958937007874
0
LINE
8
BLACK
6
CONTINUOUS
10
0.520969094488189
20
0.459958937007874
11
0.5211549212598425
21
0.4597325590551181
0
LINE
8
BLACK
6
CONTINUOUS
10
0.5211549212598425
20
0.4597325590551181
11
0.5212138582677165
21
0.4596814173228346
0
LINE
8
BLACK
6
CONTINUOUS
10
0.5212138582677165
20
0.4596814173228346
11
0.5212697244094489
21
0.4595926771653543
0
LINE
8
BLACK
6
CONTINUOUS
10
0.5212697244094489
20
0.4595926771653543
11
0.5213363385826771
21
0.4595114960629921
0
LINE
8
BLACK
6
CONTINUOUS
10
0.5213363385826771
20
0.4595114960629921
11
0.5213661811023622
21
0.4594393700787401
0
LINE
8
BLACK
6
CONTINUOUS
10
0.5213661811023622
20
0.4594393700787401
11
0.5215222047244095
21
0.4591915354330708
0
LINE
8
BLACK
6
CONTINUOUS
10
0.5215222047244095
20
0.4591915354330708
11
0.523396968503937
21
0.4554420078740157
0
LINE
8
BLACK
6
CONTINUOUS
10
0.523396968503937
20
0.4554420078740157
11
0.5234130708661417
21
0.4553999212598425
0
LINE
8
BLACK
6
CONTINUOUS
10
0.5234130708661417
20
0.4553999212598425
11
0.5234257874015747
21
0.4553827559055118
0
LINE
8
BLACK
6
CONTINUOUS
10
0.5234257874015747
20
0.4553827559055118
11
0.5235118503937007
21
0.4551418503937008
0
LINE
8
BLACK
6
CONTINUOUS
10
0.5235118503937007
20
0.4551418503937008
11
0.5236038582677165
21
0.4549014173228346
0
LINE
8
BLACK
6
CONTINUOUS
10
0.5236038582677165
20
0.4549014173228346
11
0.5236053543307086
21
0.454880157480315
0
LINE
8
BLACK
6
CONTINUOUS
10
0.5236053543307086
20
0.454880157480315
11
0.5236205511811024
21
0.4548376377952756
0
LINE
8
BLACK
6
CONTINUOUS
10
0.5236205511811024
20
0.4548376377952756
11
0.52549531496063
21
0.4473385826771654
0
LINE
8
BLACK
6
CONTINUOUS
10
0.52549531496063
20
0.4473385826771654
11
0.5255100787401574
21
0.4472387401574803
0
LINE
8
BLACK
6
CONTINUOUS
10
0.5255100787401574
20
0.4472387401574803
11
0.5255267322834646
21
0.4471985039370079
0
LINE
8
BLACK
6
CONTINUOUS
10
0.5255267322834646
20
0.4471985039370079
11
0.5255480708661417
21
0.4469814960629921
0
LINE
8
BLACK
6
CONTINUOUS
10
0.5255480708661417
20
0.4469814960629921
11
0.5255799606299213
21
0.4467659842519685
0
LINE
8
BLACK
6
CONTINUOUS
10
0.5255799606299213
20
0.4467659842519685
11
0.5255735433070866
21
0.4467229921259843
0
LINE
8
BLACK
6
CONTINUOUS
10
0.5255735433070866
20
0.4467229921259843
11
0.5255834645669292
21
0.4466224409448819
0
LINE
8
BLACK
6
CONTINUOUS
10
0.5255834645669292
20
0.4466224409448819
11
0.5255834645669292
21
0.4409981496062992
0
LINE
8
BLACK
6
CONTINUOUS
10
0.5255834645669292
20
0.4409981496062992
11
0.5255735433070866
21
0.4408976377952756
0
LINE
8
BLACK
6
CONTINUOUS
10
0.5255735433070866
20
0.4408976377952756
11
0.5255799606299213
21
0.4408546062992126
0
LINE
8
BLACK
6
CONTINUOUS
10
0.5255799606299213
20
0.4408546062992126
11
0.5255480708661417
21
0.4406391338582677
0
LINE
8
BLACK
6
CONTINUOUS
10
0.5255480708661417
20
0.4406391338582677
11
0.5255267322834646
21
0.4404220866141732
0
LINE
8
BLACK
6
CONTINUOUS
10
0.5255267322834646
20
0.4404220866141732
11
0.5255100787401574
21
0.4403818897637795
0
LINE
8
BLACK
6
CONTINUOUS
10
0.5255100787401574
20
0.4403818897637795
11
0.52549531496063
21
0.4402820078740157
0
LINE
8
BLACK
6
CONTINUOUS
10
0.52549531496063
20
0.4402820078740157
11
0.5236205511811024
21
0.4327829527559055
0
LINE
8
BLACK
6
CONTINUOUS
10
0.5236205511811024
20
0.4327829527559055
11
0.5236053543307086
21
0.4327404724409449
0
LINE
8
BLACK
6
CONTINUOUS
10
0.5236053543307086
20
0.4327404724409449
11
0.5236038582677165
21
0.4327191732283465
0
LINE
8
BLACK
6
CONTINUOUS
10
0.5236038582677165
20
0.4327191732283465
11
0.5235120866141733
21
0.4324794488188976
0
LINE
8
BLACK
6
CONTINUOUS
10
0.5235120866141733
20
0.4324794488188976
11
0.5234257874015747
21
0.4322378346456693
0
LINE
8
BLACK
6
CONTINUOUS
10
0.5234257874015747
20
0.4322378346456693
11
0.5234130708661417
21
0.4322207086614173
0
LINE
8
BLACK
6
CONTINUOUS
10
0.5234130708661417
20
0.4322207086614173
11
0.523396968503937
21
0.4321785826771654
0
LINE
8
BLACK
6
CONTINUOUS
10
0.523396968503937
20
0.4321785826771654
11
0.5215222047244095
21
0.4284290551181102
0
LINE
8
BLACK
6
CONTINUOUS
10
0.5215222047244095
20
0.4284290551181102
11
0.5213661417322835
21
0.4281811811023622
0
LINE
8
BLACK
6
CONTINUOUS
10
0.5213661417322835
20
0.4281811811023622
11
0.5213363385826771
21
0.4281091338582677
0
LINE
8
BLACK
6
CONTINUOUS
10
0.5213363385826771
20
0.4281091338582677
11
0.5212698031496062
21
0.4280281102362204
0
LINE
8
BLACK
6
CONTINUOUS
10
0.5212698031496062
20
0.4280281102362204
11
0.5212138582677165
21
0.4279391732283465
0
LINE
8
BLACK
6
CONTINUOUS
10
0.5212138582677165
20
0.4279391732283465
11
0.521154842519685
21
0.427888031496063
0
LINE
8
BLACK
6
CONTINUOUS
10
0.521154842519685
20
0.427888031496063
11
0.5209691338582677
21
0.4276616929133858
0
LINE
8
BLACK
6
CONTINUOUS
10
0.5209691338582677
20
0.4276616929133858
11
0.5172195669291338
21
0.4239120866141732
0
LINE
8
BLACK
6
CONTINUOUS
10
0.5172195669291338
20
0.4239120866141732
11
0.5167721259842519
21
0.4235448818897637
0
LINE
8
BLACK
6
CONTINUOUS
10
0.5167721259842519
20
0.4235448818897637
11
0.5166740551181103
21
0.4235042913385827
0
LINE
8
BLACK
6
CONTINUOUS
10
0.5166740551181103
20
0.4235042913385827
11
0.516593937007874
21
0.4234347637795275
0
LINE
8
BLACK
6
CONTINUOUS
10
0.516593937007874
20
0.4234347637795275
11
0.5160653937007874
21
0.423198779527559
0
LINE
8
BLACK
6
CONTINUOUS
10
0.5160653937007874
20
0.423198779527559
11
0.5104411023622047
21
0.4213240157480315
0
LINE
8
BLACK
6
CONTINUOUS
10
0.5104411023622047
20
0.4213240157480315
11
0.5101555118110236
21
0.421259094488189
0
LINE
8
BLACK
6
CONTINUOUS
10
0.5101555118110236
20
0.421259094488189
11
0.5100834251968503
21
0.4212292125984252
0
LINE
8
BLACK
6
CONTINUOUS
10
0.5100834251968503
20
0.4212292125984252
11
0.5099788976377952
21
0.421218937007874
0
LINE
8
BLACK
6
CONTINUOUS
10
0.5099788976377952
20
0.421218937007874
11
0.509876653543307
21
0.4211956692913386
0
LINE
8
BLACK
6
CONTINUOUS
10
0.509876653543307
20
0.4211956692913386
11
0.5097988976377953
21
0.421201220472441
0
LINE
8
BLACK
6
CONTINUOUS
10
0.5097988976377953
20
0.421201220472441
11
0.5095073622047244
21
0.4211724803149606
0
LINE
8
BLACK
6
CONTINUOUS
10
0.5095073622047244
20
0.4211724803149606
11
0.5057578346456693
21
0.4211724803149606
0
LINE
8
BLACK
6
CONTINUOUS
10
0.5057578346456693
20
0.4211724803149606
11
0.5054662204724409
21
0.421201220472441
0
LINE
8
BLACK
6
CONTINUOUS
10
0.5054662204724409
20
0.421201220472441
11
0.5053885039370078
21
0.4211956692913386
0
LINE
8
BLACK
6
CONTINUOUS
10
0.5053885039370078
20
0.4211956692913386
11
0.505286220472441
21
0.421218937007874
0
LINE
8
BLACK
6
CONTINUOUS
10
0.505286220472441
20
0.421218937007874
11
0.5051817716535433
21
0.4212292125984252
0
LINE
8
BLACK
6
CONTINUOUS
10
0.5051817716535433
20
0.4212292125984252
11
0.50510968503937
21
0.421259094488189
0
LINE
8
BLACK
6
CONTINUOUS
10
0.50510968503937
20
0.421259094488189
11
0.5048240551181102
21
0.4213240157480315
0
LINE
8
BLACK
6
CONTINUOUS
10
0.5048240551181102
20
0.4213240157480315
11
0.4991998031496063
21
0.423198779527559
0
LINE
8
BLACK
6
CONTINUOUS
10
0.4991998031496063
20
0.423198779527559
11
0.4986712204724409
21
0.4234347637795275
0
LINE
8
BLACK
6
CONTINUOUS
10
0.4986712204724409
20
0.4234347637795275
11
0.4985910236220472
21
0.4235043307086614
0
LINE
8
BLACK
6
CONTINUOUS
10
0.4985910236220472
20
0.4235043307086614
11
0.4984930708661417
21
0.4235448818897637
0
LINE
8
BLACK
6
CONTINUOUS
10
0.4984930708661417
20
0.4235448818897637
11
0.4980455905511811
21
0.423912125984252
0
LINE
8
BLACK
6
CONTINUOUS
10
0.4980455905511811
20
0.423912125984252
11
0.4961708267716535
21
0.4257869291338582
0
LINE
8
BLACK
6
CONTINUOUS
10
0.4961708267716535
20
0.4257869291338582
11
0.4958036220472441
21
0.4262343700787402
0
LINE
8
BLACK
6
CONTINUOUS
10
0.4958036220472441
20
0.4262343700787402
11
0.4953627559055118
21
0.4272987795275591
0
LINE
8
BLACK
6
CONTINUOUS
10
0.4953627559055118
20
0.4272987795275591
11
0.4953627559055118
21
0.4284508661417323
0
LINE
8
BLACK
6
CONTINUOUS
10
0.4953627559055118
20
0.4284508661417323
11
0.4958036614173228
21
0.4295152755905512
0
LINE
8
BLACK
6
CONTINUOUS
10
0.4958036614173228
20
0.4295152755905512
11
0.4966183464566929
21
0.4303299606299212
0
LINE
8
BLACK
6
CONTINUOUS
10
0.4966183464566929
20
0.4303299606299212
11
0.4976827559055118
21
0.4307708267716535
0
LINE
8
BLACK
6
CONTINUOUS
10
0.4976827559055118
20
0.4307708267716535
11
0.498834842519685
21
0.4307708267716535
0
LINE
8
BLACK
6
CONTINUOUS
10
0.498834842519685
20
0.4307708267716535
11
0.4998992519685039
21
0.4303299212598425
0
LINE
8
BLACK
6
CONTINUOUS
10
0.4998992519685039
20
0.4303299212598425
11
0.5003467322834646
21
0.4299626771653543
0
LINE
8
BLACK
6
CONTINUOUS
10
0.5003467322834646
20
0.4299626771653543
11
0.5017285826771654
21
0.4285807874015748
0
LINE
8
BLACK
6
CONTINUOUS
10
0.5017285826771654
20
0.4285807874015748
11
0.506236968503937
21
0.4270779921259842
0
LINE
8
BLACK
6
CONTINUOUS
10
0.506236968503937
20
0.4270779921259842
11
0.5090282283464567
21
0.4270779921259842
0
LINE
8
BLACK
6
CONTINUOUS
10
0.5090282283464567
20
0.4270779921259842
11
0.5135366141732284
21
0.4285808267716535
0
LINE
8
BLACK
6
CONTINUOUS
10
0.5135366141732284
20
0.4285808267716535
11
0.5164544094488189
21
0.4314986614173228
0
LINE
8
BLACK
6
CONTINUOUS
10
0.5164544094488189
20
0.4314986614173228
11
0.5179699212598425
21
0.4345296456692913
0
LINE
8
BLACK
6
CONTINUOUS
10
0.5179699212598425
20
0.4345296456692913
11
0.5196779527559054
21
0.4413616929133858
0
LINE
8
BLACK
6
CONTINUOUS
10
0.5196779527559054
20
0.4413616929133858
11
0.5196779527559054
21
0.4462588976377952
0
LINE
8
BLACK
6
CONTINUOUS
10
0.5196779527559054
20
0.4462588976377952
11
0.5179699212598425
21
0.4530909448818898
0
LINE
8
BLACK
6
CONTINUOUS
10
0.5179699212598425
20
0.4530909448818898
11
0.5164544488188976
21
0.4561219291338582
0
LINE
8
BLACK
6
CONTINUOUS
10
0.5164544488188976
20
0.4561219291338582
11
0.5135366141732284
21
0.4590397637795275
0
LINE
8
BLACK
6
CONTINUOUS
10
0.5135366141732284
20
0.4590397637795275
11
0.5090282283464567
21
0.4605425590551181
0
LINE
8
BLACK
6
CONTINUOUS
10
0.5090282283464567
20
0.4605425590551181
11
0.506236968503937
21
0.4605425590551181
0
LINE
8
BLACK
6
CONTINUOUS
10
0.506236968503937
20
0.4605425590551181
11
0.5017285826771654
21
0.4590397637795275
0
LINE
8
BLACK
6
CONTINUOUS
10
0.5017285826771654
20
0.4590397637795275
11
0.5003466929133858
21
0.457657874015748
0
LINE
8
BLACK
6
CONTINUOUS
10
0.5003466929133858
20
0.457657874015748
11
0.4998992519685039
21
0.4572906692913385
0
LINE
8
BLACK
6
CONTINUOUS
10
0.4998992519685039
20
0.4572906692913385
11
0.4988348031496063
21
0.4568497637795276
0
LINE
8
BLACK
6
CONTINUOUS
10
0.4988348031496063
20
0.4568497637795276
11
0.4976827559055118
21
0.4568497637795276
0
LINE
8
BLACK
6
CONTINUOUS
10
0.4976827559055118
20
0.4568497637795276
11
0.4966183070866141
21
0.4572906692913385
0
LINE
8
BLACK
6
CONTINUOUS
10
0.4966183070866141
20
0.4572906692913385
11
0.4958036614173228
21
0.4581053149606299
0
LINE
8
BLACK
6
CONTINUOUS
10
0.4958036614173228
20
0.4581053149606299
11
0.4953627559055118
21
0.4591697637795276
0
LINE
8
BLACK
6
CONTINUOUS
10
0.4953627559055118
20
0.4591697637795276
11
0.4953627559055118
21
0.460321811023622
0
LINE
8
BLACK
6
CONTINUOUS
10
0.4953627559055118
20
0.460321811023622
11
0.4958036614173228
21
0.4613862598425197
0
LINE
8
BLACK
6
CONTINUOUS
10
0.4958036614173228
20
0.4613862598425197
11
0.4961708661417323
21
0.4618337007874015
0
LINE
8
BLACK
6
CONTINUOUS
10
0.4961708661417323
20
0.4618337007874015
11
0.4980456299212598
21
0.4637084645669291
0
LINE
8
BLACK
6
CONTINUOUS
10
0.4980456299212598
20
0.4637084645669291
11
0.4984930708661417
21
0.4640756692913386
0
LINE
8
BLACK
6
CONTINUOUS
10
0.4984930708661417
20
0.4640756692913386
11
0.4985910236220472
21
0.4641162598425197
0
LINE
8
BLACK
6
CONTINUOUS
10
0.4985910236220472
20
0.4641162598425197
11
0.4986712204724409
21
0.4641857874015748
0
LINE
8
BLACK
6
CONTINUOUS
10
0.4986712204724409
20
0.4641857874015748
11
0.4991998031496063
21
0.4644217716535433
0
LINE
8
BLACK
6
CONTINUOUS
10
0.4991998031496063
20
0.4644217716535433
11
0.5048240551181102
21
0.4662965354330709
0
LINE
8
BLACK
6
CONTINUOUS
10
0.5048240551181102
20
0.4662965354330709
11
0.50510968503937
21
0.4663614960629921
0
LINE
8
BLACK
6
CONTINUOUS
10
0.50510968503937
20
0.4663614960629921
11
0.5051817716535433
21
0.4663913385826772
0
LINE
8
BLACK
6
CONTINUOUS
10
0.5051817716535433
20
0.4663913385826772
11
0.505286220472441
21
0.4664016535433071
0
LINE
8
BLACK
6
CONTINUOUS
10
0.505286220472441
20
0.4664016535433071
11
0.5053885039370078
21
0.4664248818897638
0
LINE
8
BLACK
6
CONTINUOUS
10
0.5053885039370078
20
0.4664248818897638
11
0.5054662204724409
21
0.4664193700787401
0
LINE
8
BLACK
6
CONTINUOUS
10
0.5054662204724409
20
0.4664193700787401
11
0.5057578346456693
21
0.4664480708661417
0
LINE
8
BLACK
6
CONTINUOUS
10
0.5057578346456693
20
0.4664480708661417
11
0.5095073622047244
21
0.4664480708661417
0
LINE
8
BLACK
6
CONTINUOUS
10
0.5095073622047244
20
0.4664480708661417
11
0.5097988976377953
21
0.4664193700787401
0
LINE
8
BLACK
6
CONTINUOUS
10
0.5550777952755905
20
0.4663913385826772
11
0.5551757874015748
21
0.4663507480314961
0
LINE
8
BLACK
6
CONTINUOUS
10
0.5551757874015748
20
0.4663507480314961
11
0.5552816141732283
21
0.4663432283464567
0
LINE
8
BLACK
6
CONTINUOUS
10
0.5552816141732283
20
0.4663432283464567
11
0.5558222440944882
21
0.4661363385826772
0
LINE
8
BLACK
6
CONTINUOUS
10
0.5558222440944882
20
0.4661363385826772
11
0.5595717716535433
21
0.4642615748031496
0
LINE
8
BLACK
6
CONTINUOUS
10
0.5595717716535433
20
0.4642615748031496
11
0.5598197637795276
21
0.4641055118110236
0
LINE
8
BLACK
6
CONTINUOUS
10
0.5598197637795276
20
0.4641055118110236
11
0.5598917322834646
21
0.4640756692913386
0
LINE
8
BLACK
6
CONTINUOUS
10
0.5598917322834646
20
0.4640756692913386
11
0.5599726771653544
21
0.4640092125984252
0
LINE
8
BLACK
6
CONTINUOUS
10
0.5599726771653544
20
0.4640092125984252
11
0.5600616535433071
21
0.4639532283464567
0
LINE
8
BLACK
6
CONTINUOUS
10
0.5600616535433071
20
0.4639532283464567
11
0.5601127952755905
21
0.4638942519685039
0
LINE
8
BLACK
6
CONTINUOUS
10
0.5601127952755905
20
0.4638942519685039
11
0.5603391732283465
21
0.4637084645669291
0
LINE
8
BLACK
6
CONTINUOUS
10
0.5603391732283465
20
0.4637084645669291
11
0.562213937007874
21
0.4618337007874015
0
LINE
8
BLACK
6
CONTINUOUS
10
0.562213937007874
20
0.4618337007874015
11
0.5625811417322835
21
0.4613862598425197
0
LINE
8
BLACK
6
CONTINUOUS
10
0.5625811417322835
20
0.4613862598425197
11
0.5630220472440944
21
0.4603218503937008
0
LINE
8
BLACK
6
CONTINUOUS
10
0.5630220472440944
20
0.4603218503937008
11
0.5630220472440944
21
0.4591697637795276
0
LINE
8
BLACK
6
CONTINUOUS
10
0.5630220472440944
20
0.4591697637795276
11
0.5625811417322835
21
0.4581053543307086
0
LINE
8
BLACK
6
CONTINUOUS
10
0.5625811417322835
20
0.4581053543307086
11
0.5617664566929134
21
0.4572906692913385
0
LINE
8
BLACK
6
CONTINUOUS
10
0.5617664566929134
20
0.4572906692913385
11
0.5607020472440944
21
0.4568497637795276
0
LINE
8
BLACK
6
CONTINUOUS
10
0.5607020472440944
20
0.4568497637795276
11
0.5595499606299212
21
0.4568497637795276
0
LINE
8
BLACK
6
CONTINUOUS
10
0.5595499606299212
20
0.4568497637795276
11
0.5584855511811023
21
0.4572906692913385
0
LINE
8
BLACK
6
CONTINUOUS
10
0.5584855511811023
20
0.4572906692913385
11
0.5580381102362204
21
0.457657874015748
0
LINE
8
BLACK
6
CONTINUOUS
10
0.5580381102362204
20
0.457657874015748
11
0.5565021653543307
21
0.4591938188976378
0
LINE
8
BLACK
6
CONTINUOUS
10
0.5565021653543307
20
0.4591938188976378
11
0.5538046850393701
21
0.4605425590551181
0
LINE
8
BLACK
6
CONTINUOUS
10
0.5538046850393701
20
0.4605425590551181
11
0.5458249606299213
21
0.4605425590551181
0
LINE
8
BLACK
6
CONTINUOUS
10
0.5458249606299213
20
0.4605425590551181
11
0.5431274803149606
21
0.4591938188976378
0
LINE
8
BLACK
6
CONTINUOUS
10
0.5431274803149606
20
0.4591938188976378
11
0.5419303543307087
21
0.4579966929133858
0
LINE
8
BLACK
6
CONTINUOUS
10
0.5419303543307087
20
0.4579966929133858
11
0.5405816141732284
21
0.4552992125984252
0
LINE
8
BLACK
6
CONTINUOUS
10
0.5405816141732284
20
0.4552992125984252
11
0.5405816141732284
21
0.452725905511811
0
LINE
8
BLACK
6
CONTINUOUS
10
0.5405816141732284
20
0.452725905511811
11
0.5420844094488189
21
0.4482174803149606
0
LINE
8
BLACK
6
CONTINUOUS
10
0.5420844094488189
20
0.4482174803149606
11
0.5640887007874016
21
0.4262131496062992
0
LINE
8
BLACK
6
CONTINUOUS
10
0.5640887007874016
20
0.4262131496062992
11
0.5644559448818898
21
0.4257657086614173
0
LINE
8
BLACK
6
CONTINUOUS
10
0.5644559448818898
20
0.4257657086614173
11
0.564896811023622
21
0.4247012598425197
0
LINE
8
BLACK
6
CONTINUOUS
10
0.564896811023622
20
0.4247012598425197
11
0.564896811023622
21
0.4235491732283465
0
LINE
8
BLACK
6
CONTINUOUS
10
0.564896811023622
20
0.4235491732283465
11
0.564455905511811
21
0.4224847637795275
0
LINE
8
BLACK
6
CONTINUOUS
10
0.564455905511811
20
0.4224847637795275
11
0.5636412598425197
21
0.4216700787401575
0
LINE
8
BLACK
6
CONTINUOUS
10
0.5636412598425197
20
0.4216700787401575
11
0.5628885826771653
21
0.4213583464566929
0
LINE
8
BLACK
6
CONTINUOUS
10
0.5628885826771653
20
0.4213583464566929
11
0.5625768503937008
21
0.4212292125984252
0
LINE
8
BLACK
6
CONTINUOUS
10
0.5625768503937008
20
0.4212292125984252
11
0.5620007874015748
21
0.4211724803149606
0
LINE
8
BLACK
6
CONTINUOUS
10
0.5620007874015748
20
0.4211724803149606
11
0.5376288582677166
21
0.4211724803149606
0
LINE
8
BLACK
6
CONTINUOUS
10
0.5376288582677166
20
0.4211724803149606
11
0.5370527952755906
21
0.4212292125984252
0
LINE
8
BLACK
6
CONTINUOUS
10
0.5370527952755906
20
0.4212292125984252
11
0.5359883858267717
21
0.4216701181102362
0
LINE
8
BLACK
6
CONTINUOUS
10
0.5359883858267717
20
0.4216701181102362
11
0.5351737401574803
21
0.4224847637795275
0
LINE
8
BLACK
6
CONTINUOUS
10
0.5351737401574803
20
0.4224847637795275
11
0.5347328346456692
21
0.4235491732283465
0
LINE
8
BLACK
6
CONTINUOUS
10
0.5347328346456692
20
0.4235491732283465
11
0.5347328346456692
21
0.4247012992125984
0
LINE
8
BLACK
6
CONTINUOUS
10
0.5347328346456692
20
0.4247012992125984
11
0.5351737401574803
21
0.4257657086614173
0
LINE
8
BLACK
6
CONTINUOUS
10
0.5351737401574803
20
0.4257657086614173
11
0.5359883858267717
21
0.4265803543307087
0
LINE
8
BLACK
6
CONTINUOUS
10
0.5359883858267717
20
0.4265803543307087
11
0.5370527952755906
21
0.4270212598425197
0
LINE
8
BLACK
6
CONTINUOUS
10
0.5370527952755906
20
0.4270212598425197
11
0.5376288582677166
21
0.4270779921259842
0
LINE
8
BLACK
6
CONTINUOUS
10
0.5376288582677166
20
0.4270779921259842
11
0.5548722047244095
21
0.4270779921259842
0
LINE
8
BLACK
6
CONTINUOUS
10
0.5548722047244095
20
0.4270779921259842
11
0.5374157086614173
21
0.4445345275590551
0
LINE
8
BLACK
6
CONTINUOUS
10
0.5374157086614173
20
0.4445345275590551
11
0.5370485039370079
21
0.444981968503937
0
LINE
8
BLACK
6
CONTINUOUS
10
0.5370485039370079
20
0.444981968503937
11
0.537007874015748
21
0.4450800393700787
0
LINE
8
BLACK
6
CONTINUOUS
10
0.537007874015748
20
0.4450800393700787
11
0.5369383858267717
21
0.445160157480315
0
LINE
8
BLACK
6
CONTINUOUS
10
0.5369383858267717
20
0.445160157480315
11
0.5367024015748031
21
0.4456887007874016
0
LINE
8
BLACK
6
CONTINUOUS
10
0.5367024015748031
20
0.4456887007874016
11
0.5348276377952755
21
0.4513129921259842
0
LINE
8
BLACK
6
CONTINUOUS
10
0.5348276377952755
20
0.4513129921259842
11
0.5347626771653543
21
0.4515985826771653
0
LINE
8
BLACK
6
CONTINUOUS
10
0.5347626771653543
20
0.4515985826771653
11
0.5347328346456692
21
0.4516706692913386
0
LINE
8
BLACK
6
CONTINUOUS
10
0.5347328346456692
20
0.4516706692913386
11
0.5347225196850394
21
0.4517751968503937
0
LINE
8
BLACK
6
CONTINUOUS
10
0.5347225196850394
20
0.4517751968503937
11
0.5346992913385826
21
0.4518774409448819
0
LINE
8
BLACK
6
CONTINUOUS
10
0.5346992913385826
20
0.4518774409448819
11
0.5347048031496063
21
0.4519551968503937
0
LINE
8
BLACK
6
CONTINUOUS
10
0.5347048031496063
20
0.4519551968503937
11
0.5346761023622048
21
0.4522467322834646
0
LINE
8
BLACK
6
CONTINUOUS
10
0.5346761023622048
20
0.4522467322834646
11
0.5346761023622048
21
0.4559962598425197
0
LINE
8
BLACK
6
CONTINUOUS
10
0.5346761023622048
20
0.4559962598425197
11
0.5347328346456692
21
0.4565723228346457
0
LINE
8
BLACK
6
CONTINUOUS
10
0.5347328346456692
20
0.4565723228346457
11
0.5347734251968503
21
0.4566703543307086
0
LINE
8
BLACK
6
CONTINUOUS
10
0.5347734251968503
20
0.4566703543307086
11
0.5347809448818898
21
0.4567761417322835
0
LINE
8
BLACK
6
CONTINUOUS
10
0.5347809448818898
20
0.4567761417322835
11
0.5349878346456692
21
0.4573167716535433
0
LINE
8
BLACK
6
CONTINUOUS
10
0.5349878346456692
20
0.4573167716535433
11
0.5368625984251968
21
0.4610662992125984
0
LINE
8
BLACK
6
CONTINUOUS
10
0.5368625984251968
20
0.4610662992125984
11
0.5370186614173228
21
0.4613143307086614
0
LINE
8
BLACK
6
CONTINUOUS
10
0.5370186614173228
20
0.4613143307086614
11
0.5370485039370079
21
0.4613862598425197
0
LINE
8
BLACK
6
CONTINUOUS
10
0.5370485039370079
20
0.4613862598425197
11
0.5371149606299213
21
0.4614672440944882
0
LINE
8
BLACK
6
CONTINUOUS
10
0.5371149606299213
20
0.4614672440944882
11
0.5371709448818898
21
0.4615561811023622
0
LINE
8
BLACK
6
CONTINUOUS
10
0.5371709448818898
20
0.4615561811023622
11
0.5372299212598425
21
0.4616073622047244
0
LINE
8
BLACK
6
CONTINUOUS
10
0.5372299212598425
20
0.4616073622047244
11
0.5374157086614173
21
0.4618337007874015
0
LINE
8
BLACK
6
CONTINUOUS
10
0.5374157086614173
20
0.4618337007874015
11
0.5392904724409449
21
0.4637084645669291
0
LINE
8
BLACK
6
CONTINUOUS
10
0.5392904724409449
20
0.4637084645669291
11
0.539516811023622
21
0.4638942519685039
0
LINE
8
BLACK
6
CONTINUOUS
10
0.539516811023622
20
0.4638942519685039
11
0.5395679921259843
21
0.4639532283464567
0
LINE
8
BLACK
6
CONTINUOUS
10
0.5395679921259843
20
0.4639532283464567
11
0.5396569291338582
21
0.4640092125984252
0
LINE
8
BLACK
6
CONTINUOUS
10
0.5396569291338582
20
0.4640092125984252
11
0.5397379133858268
21
0.4640756692913386
0
LINE
8
BLACK
6
CONTINUOUS
10
0.5397379133858268
20
0.4640756692913386
11
0.539809842519685
21
0.4641055118110236
0
LINE
8
BLACK
6
CONTINUOUS
10
0.539809842519685
20
0.4641055118110236
11
0.540057874015748
21
0.4642615748031496
0
LINE
8
BLACK
6
CONTINUOUS
10
0.540057874015748
20
0.4642615748031496
11
0.5438074015748031
21
0.4661363385826772
0
LINE
8
BLACK
6
CONTINUOUS
10
0.5438074015748031
20
0.4661363385826772
11
0.5443479921259843
21
0.4663432283464567
0
LINE
8
BLACK
6
CONTINUOUS
10
0.5443479921259843
20
0.4663432283464567
11
0.5444538582677165
21
0.4663507874015748
0
LINE
8
BLACK
6
CONTINUOUS
10
0.5444538582677165
20
0.4663507874015748
11
0.5445518503937008
21
0.4663913385826772
0
LINE
8
BLACK
6
CONTINUOUS
10
0.5445518503937008
20
0.4663913385826772
11
0.5451279133858268
21
0.4664480708661417
0
LINE
8
BLACK
6
CONTINUOUS
10
0.5451279133858268
20
0.4664480708661417
11
0.5545017322834646
21
0.4664480708661417
0
LINE
8
BLACK
6
CONTINUOUS
10
0.5545017322834646
20
0.4664480708661417
11
0.5550777952755905
21
0.4663913385826772
0
LINE
8
BLACK
6
CONTINUOUS
10
0.2869797244094488
20
0.4663581496062992
11
0.287190157480315
21
0.4663431889763779
0
LINE
8
BLACK
6
CONTINUOUS
10
0.287190157480315
20
0.4663431889763779
11
0.2875212598425197
21
0.4661776377952756
0
LINE
8
BLACK
6
CONTINUOUS
10
0.2875212598425197
20
0.4661776377952756
11
0.2878725196850394
21
0.4660605511811023
0
LINE
8
BLACK
6
CONTINUOUS
10
0.2878725196850394
20
0.4660605511811023
11
0.2880318503937008
21
0.4659223622047244
0
LINE
8
BLACK
6
CONTINUOUS
10
0.2880318503937008
20
0.4659223622047244
11
0.2882205905511811
21
0.4658279921259842
0
LINE
8
BLACK
6
CONTINUOUS
10
0.2882205905511811
20
0.4658279921259842
11
0.2884632283464567
21
0.4655482677165354
0
LINE
8
BLACK
6
CONTINUOUS
10
0.2884632283464567
20
0.4655482677165354
11
0.2887429133858267
21
0.4653056692913386
0
LINE
8
BLACK
6
CONTINUOUS
10
0.2887429133858267
20
0.4653056692913386
11
0.2888372047244094
21
0.4651170472440945
0
LINE
8
BLACK
6
CONTINUOUS
10
0.2888372047244094
20
0.4651170472440945
11
0.2889754724409449
21
0.4649576377952756
0
LINE
8
BLACK
6
CONTINUOUS
10
0.2889754724409449
20
0.4649576377952756
11
0.2892114566929134
21
0.4644290551181102
0
LINE
8
BLACK
6
CONTINUOUS
10
0.2892114566929134
20
0.4644290551181102
11
0.3023348031496063
21
0.4250589763779528
0
LINE
8
BLACK
6
CONTINUOUS
10
0.3023348031496063
20
0.4250589763779528
11
0.3024631496062992
21
0.4244945669291338
0
LINE
8
BLACK
6
CONTINUOUS
10
0.3024631496062992
20
0.4244945669291338
11
0.3023814566929134
21
0.4233453543307086
0
LINE
8
BLACK
6
CONTINUOUS
10
0.3023814566929134
20
0.4233453543307086
11
0.3018662598425197
21
0.4223148818897638
0
LINE
8
BLACK
6
CONTINUOUS
10
0.3018662598425197
20
0.4223148818897638
11
0.3009958661417323
21
0.42156
0
LINE
8
BLACK
6
CONTINUOUS
10
0.3009958661417323
20
0.42156
11
0.299902874015748
21
0.4211956692913386
0
LINE
8
BLACK
6
CONTINUOUS
10
0.299902874015748
20
0.4211956692913386
11
0.2987536614173228
21
0.4212773622047244
0
LINE
8
BLACK
6
CONTINUOUS
10
0.2987536614173228
20
0.4212773622047244
11
0.2977232283464567
21
0.4217925984251968
0
LINE
8
BLACK
6
CONTINUOUS
10
0.2977232283464567
20
0.4217925984251968
11
0.2969683464566929
21
0.4226629527559055
0
LINE
8
BLACK
6
CONTINUOUS
10
0.2969683464566929
20
0.4226629527559055
11
0.2967323622047244
21
0.4231914960629921
0
LINE
8
BLACK
6
CONTINUOUS
10
0.2967323622047244
20
0.4231914960629921
11
0.2936558267716535
21
0.4324211023622047
0
LINE
8
BLACK
6
CONTINUOUS
10
0.2936558267716535
20
0.4324211023622047
11
0.2791646456692913
21
0.4324211023622047
0
LINE
8
BLACK
6
CONTINUOUS
10
0.2791646456692913
20
0.4324211023622047
11
0.2760881102362205
21
0.4231914960629921
0
LINE
8
BLACK
6
CONTINUOUS
10
0.2760881102362205
20
0.4231914960629921
11
0.275852125984252
21
0.4226629133858268
0
LINE
8
BLACK
6
CONTINUOUS
10
0.275852125984252
20
0.4226629133858268
11
0.2750972440944882
21
0.4217925590551181
0
LINE
8
BLACK
6
CONTINUOUS
10
0.2750972440944882
20
0.4217925590551181
11
0.274066811023622
21
0.4212773622047244
0
LINE
8
BLACK
6
CONTINUOUS
10
0.274066811023622
20
0.4212773622047244
11
0.2729175984251969
21
0.4211956692913386
0
LINE
8
BLACK
6
CONTINUOUS
10
0.2729175984251969
20
0.4211956692913386
11
0.2718245669291339
21
0.42156
0
LINE
8
BLACK
6
CONTINUOUS
10
0.2718245669291339
20
0.42156
11
0.2709542125984252
21
0.4223148818897638
0
LINE
8
BLACK
6
CONTINUOUS
10
0.2709542125984252
20
0.4223148818897638
11
0.2704390157480315
21
0.4233453149606299
0
LINE
8
BLACK
6
CONTINUOUS
10
0.2704390157480315
20
0.4233453149606299
11
0.2703573228346456
21
0.4244945275590551
0
LINE
8
BLACK
6
CONTINUOUS
10
0.2703573228346456
20
0.4244945275590551
11
0.2704856692913386
21
0.4250589763779528
0
LINE
8
BLACK
6
CONTINUOUS
10
0.2704856692913386
20
0.4250589763779528
11
0.2836090157480315
21
0.4644290551181102
0
LINE
8
BLACK
6
CONTINUOUS
10
0.2836090157480315
20
0.4644290551181102
11
0.283845
21
0.4649575984251968
0
LINE
8
BLACK
6
CONTINUOUS
10
0.283845
20
0.4649575984251968
11
0.2839831889763779
21
0.465116968503937
0
LINE
8
BLACK
6
CONTINUOUS
10
0.2839831889763779
20
0.465116968503937
11
0.2840775590551181
21
0.4653056692913386
0
LINE
8
BLACK
6
CONTINUOUS
10
0.2840775590551181
20
0.4653056692913386
11
0.2843574015748032
21
0.4655484251968504
0
LINE
8
BLACK
6
CONTINUOUS
10
0.2843574015748032
20
0.4655484251968504
11
0.2845998818897638
21
0.4658279527559055
0
LINE
8
BLACK
6
CONTINUOUS
10
0.2845998818897638
20
0.4658279527559055
11
0.2847884251968504
21
0.4659222440944882
0
LINE
8
BLACK
6
CONTINUOUS
10
0.2847884251968504
20
0.4659222440944882
11
0.2849479133858268
21
0.4660605511811023
0
LINE
8
BLACK
6
CONTINUOUS
10
0.2849479133858268
20
0.4660605511811023
11
0.2852992913385827
21
0.4661776771653543
0
LINE
8
BLACK
6
CONTINUOUS
10
0.2852992913385827
20
0.4661776771653543
11
0.2856303149606299
21
0.4663431889763779
0
LINE
8
BLACK
6
CONTINUOUS
10
0.2856303149606299
20
0.4663431889763779
11
0.2858407086614173
21
0.4663581496062992
0
LINE
8
BLACK
6
CONTINUOUS
10
0.2858407086614173
20
0.4663581496062992
11
0.2860409448818897
21
0.4664248818897638
0
LINE
8
BLACK
6
CONTINUOUS
10
0.2860409448818897
20
0.4664248818897638
11
0.2864102362204725
21
0.4663986614173228
0
LINE
8
BLACK
6
CONTINUOUS
10
0.2864102362204725
20
0.4663986614173228
11
0.2867795275590551
21
0.4664248818897638
0
LINE
8
BLACK
6
CONTINUOUS
10
0.2867795275590551
20
0.4664248818897638
11
0.2869797244094488
21
0.4663581496062992
0
LINE
8
BLACK
6
CONTINUOUS
10
0.2811331496062992
20
0.4383266141732283
11
0.2916873228346457
21
0.4383266141732283
0
LINE
8
BLACK
6
CONTINUOUS
10
0.2916873228346457
20
0.4383266141732283
11
0.2864102362204725
21
0.4541579133858268
0
LINE
8
BLACK
6
CONTINUOUS
10
0.2864102362204725
20
0.4541579133858268
11
0.2811331496062992
21
0.4383266141732283
0
LINE
8
BLACK
6
CONTINUOUS
10
0.4744562992125984
20
0.4663581496062992
11
0.4746667322834646
21
0.4663431889763779
0
LINE
8
BLACK
6
CONTINUOUS
10
0.4746667322834646
20
0.4663431889763779
11
0.4749978346456693
21
0.4661776377952756
0
LINE
8
BLACK
6
CONTINUOUS
10
0.4749978346456693
20
0.4661776377952756
11
0.475349094488189
21
0.4660605511811023
0
LINE
8
BLACK
6
CONTINUOUS
10
0.475349094488189
20
0.4660605511811023
11
0.4755084251968504
21
0.4659223622047244
0
LINE
8
BLACK
6
CONTINUOUS
10
0.4755084251968504
20
0.4659223622047244
11
0.4756971653543307
21
0.4658279921259842
0
LINE
8
BLACK
6
CONTINUOUS
10
0.4756971653543307
20
0.4658279921259842
11
0.4759398031496063
21
0.4655482677165354
0
LINE
8
BLACK
6
CONTINUOUS
10
0.4759398031496063
20
0.4655482677165354
11
0.4762194881889764
21
0.4653056692913386
0
LINE
8
BLACK
6
CONTINUOUS
10
0.4762194881889764
20
0.4653056692913386
11
0.476313779527559
21
0.4651170472440945
0
LINE
8
BLACK
6
CONTINUOUS
10
0.476313779527559
20
0.4651170472440945
11
0.4764520472440945
21
0.4649576377952756
0
LINE
8
BLACK
6
CONTINUOUS
10
0.4764520472440945
20
0.4649576377952756
11
0.476688031496063
21
0.4644290551181102
0
LINE
8
BLACK
6
CONTINUOUS
10
0.476688031496063
20
0.4644290551181102
11
0.4898113779527559
21
0.4250589763779528
0
LINE
8
BLACK
6
CONTINUOUS
10
0.4898113779527559
20
0.4250589763779528
11
0.4899397244094488
21
0.4244945669291338
0
LINE
8
BLACK
6
CONTINUOUS
10
0.4899397244094488
20
0.4244945669291338
11
0.489858031496063
21
0.4233453543307086
0
LINE
8
BLACK
6
CONTINUOUS
10
0.489858031496063
20
0.4233453543307086
11
0.4893428346456693
21
0.4223148818897638
0
LINE
8
BLACK
6
CONTINUOUS
10
0.4893428346456693
20
0.4223148818897638
11
0.4884724409448819
21
0.42156
0
LINE
8
BLACK
6
CONTINUOUS
10
0.4884724409448819
20
0.42156
11
0.4873794488188976
21
0.4211956692913386
0
LINE
8
BLACK
6
CONTINUOUS
10
0.4873794488188976
20
0.4211956692913386
11
0.4862302362204725
21
0.4212773622047244
0
LINE
8
BLACK
6
CONTINUOUS
10
0.4862302362204725
20
0.4212773622047244
11
0.4851998031496063
21
0.4217925984251968
0
LINE
8
BLACK
6
CONTINUOUS
10
0.4851998031496063
20
0.4217925984251968
11
0.4844449212598425
21
0.4226629527559055
0
LINE
8
BLACK
6
CONTINUOUS
10
0.4844449212598425
20
0.4226629527559055
11
0.484208937007874
21
0.4231914960629921
0
LINE
8
BLACK
6
CONTINUOUS
10
0.484208937007874
20
0.4231914960629921
11
0.4811324015748031
21
0.4324211023622047
0
LINE
8
BLACK
6
CONTINUOUS
10
0.4811324015748031
20
0.4324211023622047
11
0.4666412204724409
21
0.4324211023622047
0
LINE
8
BLACK
6
CONTINUOUS
10
0.4666412204724409
20
0.4324211023622047
11
0.4635646850393701
21
0.4231914960629921
0
LINE
8
BLACK
6
CONTINUOUS
10
0.4635646850393701
20
0.4231914960629921
11
0.4633287007874016
21
0.4226629133858268
0
LINE
8
BLACK
6
CONTINUOUS
10
0.4633287007874016
20
0.4226629133858268
11
0.4625738188976378
21
0.4217925590551181
0
LINE
8
BLACK
6
CONTINUOUS
10
0.4625738188976378
20
0.4217925590551181
11
0.4615433858267716
21
0.4212773622047244
0
LINE
8
BLACK
6
CONTINUOUS
10
0.4615433858267716
20
0.4212773622047244
11
0.4603941732283465
21
0.4211956692913386
0
LINE
8
BLACK
6
CONTINUOUS
10
0.4603941732283465
20
0.4211956692913386
11
0.4593011417322835
21
0.42156
0
LINE
8
BLACK
6
CONTINUOUS
10
0.4593011417322835
20
0.42156
11
0.4584307874015748
21
0.4223148818897638
0
LINE
8
BLACK
6
CONTINUOUS
10
0.4584307874015748
20
0.4223148818897638
11
0.4579155905511811
21
0.4233453149606299
0
LINE
8
BLACK
6
CONTINUOUS
10
0.4579155905511811
20
0.4233453149606299
11
0.4578338976377953
21
0.4244945275590551
0
LINE
8
BLACK
6
CONTINUOUS
10
0.4578338976377953
20
0.4244945275590551
11
0.4579622440944882
21
0.4250589763779528
0
LINE
8
BLACK
6
CONTINUOUS
10
0.4579622440944882
20
0.4250589763779528
11
0.4710855905511811
21
0.4644290551181102
0
LINE
8
BLACK
6
CONTINUOUS
10
0.4710855905511811
20
0.4644290551181102
11
0.4713215748031496
21
0.4649575984251968
0
LINE
8
BLACK
6
CONTINUOUS
10
0.4713215748031496
20
0.4649575984251968
11
0.4714597637795275
21
0.465116968503937
0
LINE
8
BLACK
6
CONTINUOUS
10
0.4714597637795275
20
0.465116968503937
11
0.4715541338582677
21
0.4653056692913386
0
LINE
8
BLACK
6
CONTINUOUS
10
0.4715541338582677
20
0.4653056692913386
11
0.4718339763779528
21
0.4655484251968504
0
LINE
8
BLACK
6
CONTINUOUS
10
0.4718339763779528
20
0.4655484251968504
11
0.4720764566929134
21
0.4658279527559055
0
LINE
8
BLACK
6
CONTINUOUS
10
0.4720764566929134
20
0.4658279527559055
11
0.472265
21
0.4659222440944882
0
LINE
8
BLACK
6
CONTINUOUS
10
0.472265
20
0.4659222440944882
11
0.4724244881889764
21
0.4660605511811023
0
LINE
8
BLACK
6
CONTINUOUS
10
0.4724244881889764
20
0.4660605511811023
11
0.4727758661417323
21
0.4661776771653543
0
LINE
8
BLACK
6
CONTINUOUS
10
0.4727758661417323
20
0.4661776771653543
11
0.4731068897637795
21
0.4663431889763779
0
LINE
8
BLACK
6
CONTINUOUS
10
0.4731068897637795
20
0.4663431889763779
11
0.4733172834645669
21
0.4663581496062992
0
LINE
8
BLACK
6
CONTINUOUS
10
0.4733172834645669
20
0.4663581496062992
11
0.4735175196850394
21
0.4664248818897638
0
LINE
8
BLACK
6
CONTINUOUS
10
0.4735175196850394
20
0.4664248818897638
11
0.473886811023622
21
0.4663986614173228
0
LINE
8
BLACK
6
CONTINUOUS
10
0.473886811023622
20
0.4663986614173228
11
0.4742561023622047
21
0.4664248818897638
0
LINE
8
BLACK
6
CONTINUOUS
10
0.4742561023622047
20
0.4664248818897638
11
0.4744562992125984
21
0.4663581496062992
0
LINE
8
BLACK
6
CONTINUOUS
10
0.4686097244094488
20
0.4383266141732283
11
0.4791638976377953
21
0.4383266141732283
0
LINE
8
BLACK
6
CONTINUOUS
10
0.4791638976377953
20
0.4383266141732283
11
0.473886811023622
21
0.4541579133858268
0
LINE
8
BLACK
6
CONTINUOUS
10
0.473886811023622
20
0.4541579133858268
11
0.4686097244094488
21
0.4383266141732283
0
LINE
8
BLACK
6
CONTINUOUS
10
0.5786393700787401
20
0.4659504330708661
11
0.5794540157480315
21
0.4651357874015748
0
LINE
8
BLACK
6
CONTINUOUS
10
0.5794540157480315
20
0.4651357874015748
11
0.5798949212598425
21
0.4640713779527559
0
LINE
8
BLACK
6
CONTINUOUS
10
0.5798949212598425
20
0.4640713779527559
11
0.579951653543307
21
0.4634953149606299
0
LINE
8
BLACK
6
CONTINUOUS
10
0.579951653543307
20
0.4634953149606299
11
0.579951653543307
21
0.4241252362204724
0
LINE
8
BLACK
6
CONTINUOUS
10
0.579951653543307
20
0.4241252362204724
11
0.5798949212598425
21
0.4235491732283465
0
LINE
8
BLACK
6
CONTINUOUS
10
0.5798949212598425
20
0.4235491732283465
11
0.5794540157480315
21
0.4224847637795275
0
LINE
8
BLACK
6
CONTINUOUS
10
0.5794540157480315
20
0.4224847637795275
11
0.5786393700787401
21
0.4216701181102362
0
LINE
8
BLACK
6
CONTINUOUS
10
0.5786393700787401
20
0.4216701181102362
11
0.5775749606299212
21
0.4212292125984252
0
LINE
8
BLACK
6
CONTINUOUS
10
0.5775749606299212
20
0.4212292125984252
11
0.5764228346456692
21
0.4212292125984252
0
LINE
8
BLACK
6
CONTINUOUS
10
0.5764228346456692
20
0.4212292125984252
11
0.5753584251968504
21
0.4216701181102362
0
LINE
8
BLACK
6
CONTINUOUS
10
0.5753584251968504
20
0.4216701181102362
11
0.5745437795275591
21
0.4224847637795275
0
LINE
8
BLACK
6
CONTINUOUS
10
0.5745437795275591
20
0.4224847637795275
11
0.574102874015748
21
0.4235491732283465
0
LINE
8
BLACK
6
CONTINUOUS
10
0.574102874015748
20
0.4235491732283465
11
0.5740461417322834
21
0.4241252362204724
0
LINE
8
BLACK
6
CONTINUOUS
10
0.5740461417322834
20
0.4241252362204724
11
0.5740461417322834
21
0.4634953149606299
0
LINE
8
BLACK
6
CONTINUOUS
10
0.5740461417322834
20
0.4634953149606299
11
0.574102874015748
21
0.4640713779527559
0
LINE
8
BLACK
6
CONTINUOUS
10
0.574102874015748
20
0.4640713779527559
11
0.5745437795275591
21
0.4651357874015748
0
LINE
8
BLACK
6
CONTINUOUS
10
0.5745437795275591
20
0.4651357874015748
11
0.5753584251968504
21
0.4659504330708661
0
LINE
8
BLACK
6
CONTINUOUS
10
0.5753584251968504
20
0.4659504330708661
11
0.5764228346456692
21
0.4663913385826772
0
LINE
8
BLACK
6
CONTINUOUS
10
0.5764228346456692
20
0.4663913385826772
11
0.5775749606299212
21
0.4663913385826772
0
LINE
8
BLACK
6
CONTINUOUS
10
0.5775749606299212
20
0.4663913385826772
11
0.5786393700787401
21
0.4659504330708661
0
LINE
8
BLACK
6
CONTINUOUS
10
0.6113207480314961
20
0.4663913385826772
11
0.612385157480315
21
0.4659504330708661
0
LINE
8
BLACK
6
CONTINUOUS
10
0.612385157480315
20
0.4659504330708661
11
0.6131998031496063
21
0.4651357874015748
0
LINE
8
BLACK
6
CONTINUOUS
10
0.6131998031496063
20
0.4651357874015748
11
0.6136407086614173
21
0.4640713779527559
0
LINE
8
BLACK
6
CONTINUOUS
10
0.6136407086614173
20
0.4640713779527559
11
0.6136974409448819
21
0.4634953149606299
0
LINE
8
BLACK
6
CONTINUOUS
10
0.6136974409448819
20
0.4634953149606299
11
0.6136974409448819
21
0.4241252362204724
0
LINE
8
BLACK
6
CONTINUOUS
10
0.6136974409448819
20
0.4241252362204724
11
0.6136407086614173
21
0.4235491732283465
0
LINE
8
BLACK
6
CONTINUOUS
10
0.6136407086614173
20
0.4235491732283465
11
0.6131998031496063
21
0.4224847637795275
0
LINE
8
BLACK
6
CONTINUOUS
10
0.6131998031496063
20
0.4224847637795275
11
0.612385157480315
21
0.4216701181102362
0
LINE
8
BLACK
6
CONTINUOUS
10
0.612385157480315
20
0.4216701181102362
11
0.6113207480314961
21
0.4212292125984252
0
LINE
8
BLACK
6
CONTINUOUS
10
0.6113207480314961
20
0.4212292125984252
11
0.6101686220472441
21
0.4212292125984252
0
LINE
8
BLACK
6
CONTINUOUS
10
0.6101686220472441
20
0.4212292125984252
11
0.6091042125984252
21
0.4216701181102362
0
LINE
8
BLACK
6
CONTINUOUS
10
0.6091042125984252
20
0.4216701181102362
11
0.6082895669291338
21
0.4224847637795275
0
LINE
8
BLACK
6
CONTINUOUS
10
0.6082895669291338
20
0.4224847637795275
11
0.6078486614173229
21
0.4235491732283465
0
LINE
8
BLACK
6
CONTINUOUS
10
0.6078486614173229
20
0.4235491732283465
11
0.6077919291338583
21
0.4241252362204724
0
LINE
8
BLACK
6
CONTINUOUS
10
0.6077919291338583
20
0.4241252362204724
11
0.6077919291338583
21
0.4417949212598425
0
LINE
8
BLACK
6
CONTINUOUS
10
0.6077919291338583
20
0.4417949212598425
11
0.5976213385826772
21
0.4417949212598425
0
LINE
8
BLACK
6
CONTINUOUS
10
0.5976213385826772
20
0.4417949212598425
11
0.5970452755905512
21
0.4418516535433071
0
LINE
8
BLACK
6
CONTINUOUS
10
0.5970452755905512
20
0.4418516535433071
11
0.5959808661417323
21
0.4422925590551181
0
LINE
8
BLACK
6
CONTINUOUS
10
0.5959808661417323
20
0.4422925590551181
11
0.5951662204724409
21
0.4431072047244095
0
LINE
8
BLACK
6
CONTINUOUS
10
0.5951662204724409
20
0.4431072047244095
11
0.5947253149606299
21
0.4441716141732283
0
LINE
8
BLACK
6
CONTINUOUS
10
0.5947253149606299
20
0.4441716141732283
11
0.5947253149606299
21
0.4453237401574803
0
LINE
8
BLACK
6
CONTINUOUS
10
0.5947253149606299
20
0.4453237401574803
11
0.5951662204724409
21
0.4463881496062992
0
LINE
8
BLACK
6
CONTINUOUS
10
0.5951662204724409
20
0.4463881496062992
11
0.5959808661417323
21
0.4472027952755905
0
LINE
8
BLACK
6
CONTINUOUS
10
0.5959808661417323
20
0.4472027952755905
11
0.5970452755905512
21
0.4476437007874016
0
LINE
8
BLACK
6
CONTINUOUS
10
0.5970452755905512
20
0.4476437007874016
11
0.5976213385826772
21
0.4477004330708662
0
LINE
8
BLACK
6
CONTINUOUS
10
0.5976213385826772
20
0.4477004330708662
11
0.6077919291338583
21
0.4477004330708662
0
LINE
8
BLACK
6
CONTINUOUS
10
0.6077919291338583
20
0.4477004330708662
11
0.6077919291338583
21
0.4605425590551181
0
LINE
8
BLACK
6
CONTINUOUS
10
0.6077919291338583
20
0.4605425590551181
11
0.5919970472440945
21
0.4605425590551181
0
LINE
8
BLACK
6
CONTINUOUS
10
0.5919970472440945
20
0.4605425590551181
11
0.5914209842519685
21
0.4605992913385827
0
LINE
8
BLACK
6
CONTINUOUS
10
0.5914209842519685
20
0.4605992913385827
11
0.5903565748031496
21
0.4610401968503937
0
LINE
8
BLACK
6
CONTINUOUS
10
0.5903565748031496
20
0.4610401968503937
11
0.5895419291338583
21
0.461854842519685
0
LINE
8
BLACK
6
CONTINUOUS
10
0.5895419291338583
20
0.461854842519685
11
0.5891010236220472
21
0.4629192519685039
0
LINE
8
BLACK
6
CONTINUOUS
10
0.5891010236220472
20
0.4629192519685039
11
0.5891010236220472
21
0.4640713779527559
0
LINE
8
BLACK
6
CONTINUOUS
10
0.5891010236220472
20
0.4640713779527559
11
0.5895419291338583
21
0.4651357874015748
0
LINE
8
BLACK
6
CONTINUOUS
10
0.5895419291338583
20
0.4651357874015748
11
0.5903565748031496
21
0.4659504330708661
0
LINE
8
BLACK
6
CONTINUOUS
10
0.5903565748031496
20
0.4659504330708661
11
0.5914209842519685
21
0.4663913385826772
0
LINE
8
BLACK
6
CONTINUOUS
10
0.5914209842519685
20
0.4663913385826772
11
0.5919970472440945
21
0.4664480708661417
0
LINE
8
BLACK
6
CONTINUOUS
10
0.5919970472440945
20
0.4664480708661417
11
0.6107446850393701
21
0.4664480708661417
0
LINE
8
BLACK
6
CONTINUOUS
10
0.6107446850393701
20
0.4664480708661417
11
0.6113207480314961
21
0.4663913385826772
0
LINE
8
BLACK
6
CONTINUOUS
10
0.6469412992125985
20
0.4663913385826772
11
0.6480057086614173
21
0.4659504330708661
0
LINE
8
BLACK
6
CONTINUOUS
10
0.6480057086614173
20
0.4659504330708661
11
0.6488203543307086
21
0.4651357874015748
0
LINE
8
BLACK
6
CONTINUOUS
10
0.6488203543307086
20
0.4651357874015748
11
0.6492612598425197
21
0.4640713779527559
0
LINE
8
BLACK
6
CONTINUOUS
10
0.6492612598425197
20
0.4640713779527559
11
0.6492612598425197
21
0.4629192519685039
0
LINE
8
BLACK
6
CONTINUOUS
10
0.6492612598425197
20
0.4629192519685039
11
0.6488203543307086
21
0.461854842519685
0
LINE
8
BLACK
6
CONTINUOUS
10
0.6488203543307086
20
0.461854842519685
11
0.6480057086614173
21
0.4610401968503937
0
LINE
8
BLACK
6
CONTINUOUS
10
0.6480057086614173
20
0.4610401968503937
11
0.6469412992125985
21
0.4605992913385827
0
LINE
8
BLACK
6
CONTINUOUS
10
0.6469412992125985
20
0.4605992913385827
11
0.6463652362204724
21
0.4605425590551181
0
LINE
8
BLACK
6
CONTINUOUS
10
0.6463652362204724
20
0.4605425590551181
11
0.6380694094488188
21
0.4605425590551181
0
LINE
8
BLACK
6
CONTINUOUS
10
0.6380694094488188
20
0.4605425590551181
11
0.6380694094488188
21
0.4241252362204724
0
LINE
8
BLACK
6
CONTINUOUS
10
0.6380694094488188
20
0.4241252362204724
11
0.6380126771653544
21
0.4235491732283465
0
LINE
8
BLACK
6
CONTINUOUS
10
0.6380126771653544
20
0.4235491732283465
11
0.6375717716535433
21
0.4224847637795275
0
LINE
8
BLACK
6
CONTINUOUS
10
0.6375717716535433
20
0.4224847637795275
11
0.6367571259842519
21
0.4216701181102362
0
LINE
8
BLACK
6
CONTINUOUS
10
0.6367571259842519
20
0.4216701181102362
11
0.635692716535433
21
0.4212292125984252
0
LINE
8
BLACK
6
CONTINUOUS
10
0.635692716535433
20
0.4212292125984252
11
0.6345405905511811
21
0.4212292125984252
0
LINE
8
BLACK
6
CONTINUOUS
10
0.6345405905511811
20
0.4212292125984252
11
0.6334761811023621
21
0.4216701181102362
0
LINE
8
BLACK
6
CONTINUOUS
10
0.6334761811023621
20
0.4216701181102362
11
0.6326615354330708
21
0.4224847637795275
0
LINE
8
BLACK
6
CONTINUOUS
10
0.6326615354330708
20
0.4224847637795275
11
0.6322206299212598
21
0.4235491732283465
0
LINE
8
BLACK
6
CONTINUOUS
10
0.6322206299212598
20
0.4235491732283465
11
0.6321638976377952
21
0.4241252362204724
0
LINE
8
BLACK
6
CONTINUOUS
10
0.6321638976377952
20
0.4241252362204724
11
0.6321638976377952
21
0.4605425590551181
0
LINE
8
BLACK
6
CONTINUOUS
10
0.6321638976377952
20
0.4605425590551181
11
0.6238680708661417
21
0.4605425590551181
0
LINE
8
BLACK
6
CONTINUOUS
10
0.6238680708661417
20
0.4605425590551181
11
0.6232920078740157
21
0.4605992913385827
0
LINE
8
BLACK
6
CONTINUOUS
10
0.6232920078740157
20
0.4605992913385827
11
0.6222275984251968
21
0.4610401968503937
0
LINE
8
BLACK
6
CONTINUOUS
10
0.6222275984251968
20
0.4610401968503937
11
0.6214129527559055
21
0.461854842519685
0
LINE
8
BLACK
6
CONTINUOUS
10
0.6214129527559055
20
0.461854842519685
11
0.6209720472440945
21
0.4629192519685039
0
LINE
8
BLACK
6
CONTINUOUS
10
0.6209720472440945
20
0.4629192519685039
11
0.6209720472440945
21
0.4640713779527559
0
LINE
8
BLACK
6
CONTINUOUS
10
0.6209720472440945
20
0.4640713779527559
11
0.6214129527559055
21
0.4651357874015748
0
LINE
8
BLACK
6
CONTINUOUS
10
0.6214129527559055
20
0.4651357874015748
11
0.6222275984251968
21
0.4659504330708661
0
LINE
8
BLACK
6
CONTINUOUS
10
0.6222275984251968
20
0.4659504330708661
11
0.6232920078740157
21
0.4663913385826772
0
LINE
8
BLACK
6
CONTINUOUS
10
0.6232920078740157
20
0.4663913385826772
11
0.6238680708661417
21
0.4664480708661417
0
LINE
8
BLACK
6
CONTINUOUS
10
0.6238680708661417
20
0.4664480708661417
11
0.6463652362204724
21
0.4664480708661417
0
LINE
8
BLACK
6
CONTINUOUS
10
0.6463652362204724
20
0.4664480708661417
11
0.6469412992125985
21
0.4663913385826772
  0
ENDSEC
  0
EOF
