  0
SECTION
  2
HEADER
  9
$ANGBASE
  50
0.0
  9
$ANGDIR
  70
1
  9
$MEASUREMENT
  70
0
  0
ENDSEC
  0
SECTION
  2
TABLES
  0
TABLE
  2
LTYPE
  70
4
  0
LTYPE
  5
40F
  2
CONTINUOUS
  70
0
  3
Solid line
  72
65
  73
0
  40
0.0
  0
LTYPE
  5
410
  2
DASHDOT
 70
0
  3
Dash Dot ____ _ ____ _
 72
65
 73
4
 40
2.0
 49
1.25
 49
-0.25
 49
0.25
 49
-0.25
  0
LTYPE
  5
411
  2
DASHED
 70
0
  3
Dashed __ __ __ __ __
 72
65
 73
2
 40
0.75
 49
0.5
 49
-0.25
  0
LTYPE
  5
43B
  2
DOTTED
 70
0
  3
Dotted .  .  .  .
 72
65
 73
2
 40
0.2
 49
0.0
 49
-0.2
  0
ENDTAB
  0
TABLE
  2
STYLE
  70
4
  0
STYLE
  2
KICAD
  70
0
  40
0
  41
1
  42
1
  50
0
  71
0
  3
isocp.shx
  0
STYLE
  2
KICADB
  70
0
  40
0
  41
1
  42
1
  50
0
  71
0
  3
isocp.shx
  0
STYLE
  2
KICADI
  70
0
  40
0
  41
1
  42
1
  50
15
  71
0
  3
isocp.shx
  0
STYLE
  2
KICADBI
  70
0
  40
0
  41
1
  42
1
  50
15
  71
0
  3
isocp.shx
  0
ENDTAB
  0
TABLE
  2
LAYER
  70
1
  0
LAYER
  2
BLACK
  70
0
  62
7
  6
CONTINUOUS
  0
ENDTAB
  0
ENDSEC
  0
SECTION
  2
ENTITIES
0
LINE
8
BLACK
6
CONTINUOUS
10
0.4147912992125984
20
0.5700714566929134
11
0.4165926771653543
21
0.5679925590551181
0
LINE
8
BLACK
6
CONTINUOUS
10
0.4165926771653543
20
0.5679925590551181
11
0.4168528346456693
21
0.5672816929133858
0
LINE
8
BLACK
6
CONTINUOUS
10
0.4168528346456693
20
0.5672816929133858
11
0.4177402755905512
21
0.5641143307086613
0
LINE
8
BLACK
6
CONTINUOUS
10
0.4177402755905512
20
0.5641143307086613
11
0.4220328346456693
21
0.5542319291338582
0
LINE
8
BLACK
6
CONTINUOUS
10
0.4220328346456693
20
0.5542319291338582
11
0.4220327952755906
21
0.5542319291338582
0
LINE
8
BLACK
6
CONTINUOUS
10
0.4220327952755906
20
0.5542319291338582
11
0.427631062992126
21
0.5450259448818897
0
LINE
8
BLACK
6
CONTINUOUS
10
0.427631062992126
20
0.5450259448818897
11
0.4344307874015748
21
0.5366679527559055
0
LINE
8
BLACK
6
CONTINUOUS
10
0.4344307874015748
20
0.5366679527559055
11
0.4423055118110236
21
0.5293134251968504
0
LINE
8
BLACK
6
CONTINUOUS
10
0.4423055118110236
20
0.5293134251968504
11
0.4511076771653543
21
0.5231001968503937
0
LINE
8
BLACK
6
CONTINUOUS
10
0.4511076771653543
20
0.5231001968503937
11
0.4511079133858268
21
0.5231000393700788
0
LINE
8
BLACK
6
CONTINUOUS
10
0.4511079133858268
20
0.5231000393700788
11
0.4511079921259842
21
0.5231
0
LINE
8
BLACK
6
CONTINUOUS
10
0.4511079921259842
20
0.5231
11
0.4606746456692913
21
0.5181429527559055
0
LINE
8
BLACK
6
CONTINUOUS
10
0.4606746456692913
20
0.5181429527559055
11
0.4606747637795275
21
0.5181429133858267
0
LINE
8
BLACK
6
CONTINUOUS
10
0.4606747637795275
20
0.5181429133858267
11
0.4708269291338583
21
0.5145348031496063
0
LINE
8
BLACK
6
CONTINUOUS
10
0.4708269291338583
20
0.5145348031496063
11
0.4708275590551181
21
0.5145346062992125
0
LINE
8
BLACK
6
CONTINUOUS
10
0.4708275590551181
20
0.5145346062992125
11
0.478317125984252
21
0.5129783070866142
0
LINE
8
BLACK
6
CONTINUOUS
10
0.478317125984252
20
0.5129783070866142
11
0.4813763779527559
21
0.5123425984251968
0
LINE
8
BLACK
6
CONTINUOUS
10
0.4813763779527559
20
0.5123425984251968
11
0.4813764173228346
21
0.5123425590551181
0
LINE
8
BLACK
6
CONTINUOUS
10
0.4813764173228346
20
0.5123425590551181
11
0.4820646062992126
21
0.5122955118110236
0
LINE
8
BLACK
6
CONTINUOUS
10
0.4820646062992126
20
0.5122955118110236
11
0.4921259842519685
21
0.511607283464567
0
LINE
8
BLACK
6
CONTINUOUS
10
0.4921259842519685
20
0.511607283464567
11
0.5028755118110236
21
0.5123425590551181
0
LINE
8
BLACK
6
CONTINUOUS
10
0.5028755118110236
20
0.5123425590551181
11
0.5076228346456693
21
0.513329094488189
0
LINE
8
BLACK
6
CONTINUOUS
10
0.5076228346456693
20
0.513329094488189
11
0.5134243700787402
21
0.5145346062992125
0
LINE
8
BLACK
6
CONTINUOUS
10
0.5134243700787402
20
0.5145346062992125
11
0.5134246062992126
21
0.5145347244094488
0
LINE
8
BLACK
6
CONTINUOUS
10
0.5134246062992126
20
0.5145347244094488
11
0.5134248031496063
21
0.5145347244094488
0
LINE
8
BLACK
6
CONTINUOUS
10
0.5134248031496063
20
0.5145347244094488
11
0.5235773228346456
21
0.5181429527559055
0
LINE
8
BLACK
6
CONTINUOUS
10
0.5235773228346456
20
0.5181429527559055
11
0.5331439763779527
21
0.5231
0
LINE
8
BLACK
6
CONTINUOUS
10
0.5331439763779527
20
0.5231
11
0.5419465354330708
21
0.5293135039370078
0
LINE
8
BLACK
6
CONTINUOUS
10
0.5419465354330708
20
0.5293135039370078
11
0.5498210236220472
21
0.5366677952755905
0
LINE
8
BLACK
6
CONTINUOUS
10
0.5498210236220472
20
0.5366677952755905
11
0.5566207874015748
21
0.5450257874015748
0
LINE
8
BLACK
6
CONTINUOUS
10
0.5566207874015748
20
0.5450257874015748
11
0.562219094488189
21
0.5542318503937008
0
LINE
8
BLACK
6
CONTINUOUS
10
0.562219094488189
20
0.5542318503937008
11
0.562449842519685
21
0.554763031496063
0
LINE
8
BLACK
6
CONTINUOUS
10
0.562449842519685
20
0.554763031496063
11
0.5665116535433071
21
0.5641143307086613
0
LINE
8
BLACK
6
CONTINUOUS
10
0.5665116535433071
20
0.5641143307086613
11
0.5665117322834645
21
0.5641144881889764
0
LINE
8
BLACK
6
CONTINUOUS
10
0.5665117322834645
20
0.5641144881889764
11
0.5673991338582677
21
0.5672817322834646
0
LINE
8
BLACK
6
CONTINUOUS
10
0.5673991338582677
20
0.5672817322834646
11
0.5688574803149606
21
0.5696140551181103
0
LINE
8
BLACK
6
CONTINUOUS
10
0.5688574803149606
20
0.5696140551181103
11
0.5713452755905511
21
0.5707877559055118
0
LINE
8
BLACK
6
CONTINUOUS
10
0.5713452755905511
20
0.5707877559055118
11
0.5720999999999999
21
0.5708464566929133
0
LINE
8
BLACK
6
CONTINUOUS
10
0.5720999999999999
20
0.5708464566929133
11
0.8058527559055118
21
0.5708464566929133
0
LINE
8
BLACK
6
CONTINUOUS
10
0.8058527559055118
20
0.5708464566929133
11
0.8084920866141732
21
0.5700714566929134
0
LINE
8
BLACK
6
CONTINUOUS
10
0.8084920866141732
20
0.5700714566929134
11
0.8102934645669291
21
0.5679925590551181
0
LINE
8
BLACK
6
CONTINUOUS
10
0.8102934645669291
20
0.5679925590551181
11
0.8105536220472441
21
0.5672816929133858
0
LINE
8
BLACK
6
CONTINUOUS
10
0.8105536220472441
20
0.5672816929133858
11
0.8114410629921259
21
0.5641143307086613
0
LINE
8
BLACK
6
CONTINUOUS
10
0.8114410629921259
20
0.5641143307086613
11
0.8157336220472441
21
0.5542319291338582
0
LINE
8
BLACK
6
CONTINUOUS
10
0.8157336220472441
20
0.5542319291338582
11
0.8157335826771653
21
0.5542319291338582
0
LINE
8
BLACK
6
CONTINUOUS
10
0.8157335826771653
20
0.5542319291338582
11
0.8213318503937008
21
0.5450259448818897
0
LINE
8
BLACK
6
CONTINUOUS
10
0.8213318503937008
20
0.5450259448818897
11
0.8281315748031496
21
0.5366679527559055
0
LINE
8
BLACK
6
CONTINUOUS
10
0.8281315748031496
20
0.5366679527559055
11
0.8360062992125984
21
0.5293134251968504
0
LINE
8
BLACK
6
CONTINUOUS
10
0.8360062992125984
20
0.5293134251968504
11
0.8448084645669292
21
0.5231001968503937
0
LINE
8
BLACK
6
CONTINUOUS
10
0.8448084645669292
20
0.5231001968503937
11
0.8448087007874016
21
0.5231000393700788
0
LINE
8
BLACK
6
CONTINUOUS
10
0.8448087007874016
20
0.5231000393700788
11
0.8448087795275591
21
0.5231
0
LINE
8
BLACK
6
CONTINUOUS
10
0.8448087795275591
20
0.5231
11
0.8543754330708662
21
0.5181429527559055
0
LINE
8
BLACK
6
CONTINUOUS
10
0.8543754330708662
20
0.5181429527559055
11
0.8543755511811023
21
0.5181429133858267
0
LINE
8
BLACK
6
CONTINUOUS
10
0.8543755511811023
20
0.5181429133858267
11
0.864527716535433
21
0.5145348031496063
0
LINE
8
BLACK
6
CONTINUOUS
10
0.864527716535433
20
0.5145348031496063
11
0.8645283464566929
21
0.5145346062992125
0
LINE
8
BLACK
6
CONTINUOUS
10
0.8645283464566929
20
0.5145346062992125
11
0.8720179133858268
21
0.5129783070866142
0
LINE
8
BLACK
6
CONTINUOUS
10
0.8720179133858268
20
0.5129783070866142
11
0.8750771653543307
21
0.5123425984251968
0
LINE
8
BLACK
6
CONTINUOUS
10
0.8750771653543307
20
0.5123425984251968
11
0.8750772047244094
21
0.5123425590551181
0
LINE
8
BLACK
6
CONTINUOUS
10
0.8750772047244094
20
0.5123425590551181
11
0.8757653937007874
21
0.5122955118110236
0
LINE
8
BLACK
6
CONTINUOUS
10
0.8757653937007874
20
0.5122955118110236
11
0.8858267716535433
21
0.511607283464567
0
LINE
8
BLACK
6
CONTINUOUS
10
0.8858267716535433
20
0.511607283464567
11
0.8965762992125984
21
0.5123425590551181
0
LINE
8
BLACK
6
CONTINUOUS
10
0.8965762992125984
20
0.5123425590551181
11
0.901323622047244
21
0.513329094488189
0
LINE
8
BLACK
6
CONTINUOUS
10
0.901323622047244
20
0.513329094488189
11
0.907125157480315
21
0.5145346062992125
0
LINE
8
BLACK
6
CONTINUOUS
10
0.907125157480315
20
0.5145346062992125
11
0.9071253937007874
21
0.5145347244094488
0
LINE
8
BLACK
6
CONTINUOUS
10
0.9071253937007874
20
0.5145347244094488
11
0.907125590551181
21
0.5145347244094488
0
LINE
8
BLACK
6
CONTINUOUS
10
0.907125590551181
20
0.5145347244094488
11
0.9172781102362204
21
0.5181429527559055
0
LINE
8
BLACK
6
CONTINUOUS
10
0.9172781102362204
20
0.5181429527559055
11
0.9268447637795275
21
0.5231
0
LINE
8
BLACK
6
CONTINUOUS
10
0.9268447637795275
20
0.5231
11
0.9356473228346457
21
0.5293135039370078
0
LINE
8
BLACK
6
CONTINUOUS
10
0.9356473228346457
20
0.5293135039370078
11
0.943521811023622
21
0.5366677952755905
0
LINE
8
BLACK
6
CONTINUOUS
10
0.943521811023622
20
0.5366677952755905
11
0.9503215748031496
21
0.5450257874015748
0
LINE
8
BLACK
6
CONTINUOUS
10
0.9503215748031496
20
0.5450257874015748
11
0.9554941732283464
21
0.5535318503937008
0
LINE
8
BLACK
6
CONTINUOUS
10
0.9554941732283464
20
0.5535318503937008
11
0.9575276771653544
21
0.5553842519685039
0
LINE
8
BLACK
6
CONTINUOUS
10
0.9575276771653544
20
0.5553842519685039
11
0.9602398818897637
21
0.5558432283464567
0
LINE
8
BLACK
6
CONTINUOUS
10
0.9602398818897637
20
0.5558432283464567
11
0.9627696850393701
21
0.554763031496063
0
LINE
8
BLACK
6
CONTINUOUS
10
0.9627696850393701
20
0.554763031496063
11
0.9643138976377953
21
0.5524865748031496
0
LINE
8
BLACK
6
CONTINUOUS
10
0.9643138976377953
20
0.5524865748031496
11
0.9645472440944882
21
0.5509952755905512
0
LINE
8
BLACK
6
CONTINUOUS
10
0.9645472440944882
20
0.5509952755905512
11
0.9645472440944882
21
0.4649606299212598
0
LINE
8
BLACK
6
CONTINUOUS
10
0.9645472440944882
20
0.4649606299212598
11
0.9706692913385827
21
0.4649606299212598
0
LINE
8
BLACK
6
CONTINUOUS
10
0.9706692913385827
20
0.4649606299212598
11
0.9706692913385827
21
0.4255905511811023
0
LINE
8
BLACK
6
CONTINUOUS
10
0.9706692913385827
20
0.4255905511811023
11
0.9645472440944882
21
0.4255905511811023
0
LINE
8
BLACK
6
CONTINUOUS
10
0.9645472440944882
20
0.4255905511811023
11
0.9645472440944882
21
0.3816732283464567
0
LINE
8
BLACK
6
CONTINUOUS
10
0.9645472440944882
20
0.3816732283464567
11
0.9637722440944881
21
0.3790338976377953
0
LINE
8
BLACK
6
CONTINUOUS
10
0.9637722440944881
20
0.3790338976377953
11
0.9616933464566929
21
0.3772325196850393
0
LINE
8
BLACK
6
CONTINUOUS
10
0.9616933464566929
20
0.3772325196850393
11
0.9596653543307087
21
0.3767913385826772
0
LINE
8
BLACK
6
CONTINUOUS
10
0.9596653543307087
20
0.3767913385826772
11
0.8700843700787402
21
0.3767913385826772
0
LINE
8
BLACK
6
CONTINUOUS
10
0.8700843700787402
20
0.3767913385826772
11
0.8700833464566929
21
0.3767912598425197
0
LINE
8
BLACK
6
CONTINUOUS
10
0.8700833464566929
20
0.3767912598425197
11
0.8690949606299212
21
0.3766766535433071
0
LINE
8
BLACK
6
CONTINUOUS
10
0.8690949606299212
20
0.3766766535433071
11
0.8690948031496063
21
0.3766765748031496
0
LINE
8
BLACK
6
CONTINUOUS
10
0.8690948031496063
20
0.3766765748031496
11
0.8650486220472441
21
0.3748900393700788
0
LINE
8
BLACK
6
CONTINUOUS
10
0.8650486220472441
20
0.3748900393700788
11
0.8619210236220473
21
0.3717624409448819
0
LINE
8
BLACK
6
CONTINUOUS
10
0.8619210236220473
20
0.3717624409448819
11
0.8601344488188977
21
0.3677162992125984
0
LINE
8
BLACK
6
CONTINUOUS
10
0.8601344488188977
20
0.3677162992125984
11
0.8601344488188977
21
0.367716220472441
0
LINE
8
BLACK
6
CONTINUOUS
10
0.8601344488188977
20
0.367716220472441
11
0.8600196850393701
21
0.3667271259842519
0
LINE
8
BLACK
6
CONTINUOUS
10
0.8600196850393701
20
0.3667271259842519
11
0.8600196850393701
21
0.3411246456692913
0
LINE
8
BLACK
6
CONTINUOUS
10
0.8600196850393701
20
0.3411246456692913
11
0.85924468503937
21
0.3384853149606299
0
LINE
8
BLACK
6
CONTINUOUS
10
0.85924468503937
20
0.3384853149606299
11
0.8585898031496063
21
0.3376726377952756
0
LINE
8
BLACK
6
CONTINUOUS
10
0.8585898031496063
20
0.3376726377952756
11
0.8465793700787402
21
0.3256621653543307
0
LINE
8
BLACK
6
CONTINUOUS
10
0.8465793700787402
20
0.3256621653543307
11
0.8441650787401574
21
0.3243438582677165
0
LINE
8
BLACK
6
CONTINUOUS
10
0.8441650787401574
20
0.3243438582677165
11
0.8431273622047244
21
0.3242322834645669
0
LINE
8
BLACK
6
CONTINUOUS
10
0.8431273622047244
20
0.3242322834645669
11
0.8104601968503937
21
0.3242322834645669
0
LINE
8
BLACK
6
CONTINUOUS
10
0.8104601968503937
20
0.3242322834645669
11
0.8074076771653543
21
0.3234143700787401
0
LINE
8
BLACK
6
CONTINUOUS
10
0.8074076771653543
20
0.3234143700787401
11
0.8061442125984252
21
0.323248031496063
0
LINE
8
BLACK
6
CONTINUOUS
10
0.8061442125984252
20
0.323248031496063
11
0.7942716535433071
21
0.323248031496063
0
LINE
8
BLACK
6
CONTINUOUS
10
0.7942716535433071
20
0.323248031496063
11
0.7916323228346457
21
0.324023031496063
0
LINE
8
BLACK
6
CONTINUOUS
10
0.7916323228346457
20
0.324023031496063
11
0.7898309448818898
21
0.3261019291338583
0
LINE
8
BLACK
6
CONTINUOUS
10
0.7898309448818898
20
0.3261019291338583
11
0.7893897637795275
21
0.3281299212598425
0
LINE
8
BLACK
6
CONTINUOUS
10
0.7893897637795275
20
0.3281299212598425
11
0.7893897637795275
21
0.3550583464566929
0
LINE
8
BLACK
6
CONTINUOUS
10
0.7893897637795275
20
0.3550583464566929
11
0.7901647637795275
21
0.3576976771653543
0
LINE
8
BLACK
6
CONTINUOUS
10
0.7901647637795275
20
0.3576976771653543
11
0.7908194488188977
21
0.3585101968503937
0
LINE
8
BLACK
6
CONTINUOUS
10
0.7908194488188977
20
0.3585101968503937
11
0.7930753543307086
21
0.360766062992126
0
LINE
8
BLACK
6
CONTINUOUS
10
0.7930753543307086
20
0.360766062992126
11
0.7960935039370078
21
0.365283031496063
0
LINE
8
BLACK
6
CONTINUOUS
10
0.7960935039370078
20
0.365283031496063
11
0.7981724409448818
21
0.3703020472440945
0
LINE
8
BLACK
6
CONTINUOUS
10
0.7981724409448818
20
0.3703020472440945
11
0.7990606692913386
21
0.3747674015748031
0
LINE
8
BLACK
6
CONTINUOUS
10
0.7990606692913386
20
0.3747674015748031
11
0.7992322834645669
21
0.3756301181102362
0
LINE
8
BLACK
6
CONTINUOUS
10
0.7992322834645669
20
0.3756301181102362
11
0.7992322834645669
21
0.3810628346456693
0
LINE
8
BLACK
6
CONTINUOUS
10
0.7992322834645669
20
0.3810628346456693
11
0.7981724803149606
21
0.3863906692913386
0
LINE
8
BLACK
6
CONTINUOUS
10
0.7981724803149606
20
0.3863906692913386
11
0.7981724409448818
21
0.3863907086614173
0
LINE
8
BLACK
6
CONTINUOUS
10
0.7981724409448818
20
0.3863907086614173
11
0.7981724409448818
21
0.3863908661417323
0
LINE
8
BLACK
6
CONTINUOUS
10
0.7981724409448818
20
0.3863908661417323
11
0.7973075590551181
21
0.3884788976377953
0
LINE
8
BLACK
6
CONTINUOUS
10
0.7973075590551181
20
0.3884788976377953
11
0.7960936220472441
21
0.3914096456692913
0
LINE
8
BLACK
6
CONTINUOUS
10
0.7960936220472441
20
0.3914096456692913
11
0.7960933070866142
21
0.3914101968503937
0
LINE
8
BLACK
6
CONTINUOUS
10
0.7960933070866142
20
0.3914101968503937
11
0.7951253543307086
21
0.3928588188976378
0
LINE
8
BLACK
6
CONTINUOUS
10
0.7951253543307086
20
0.3928588188976378
11
0.7943033464566929
21
0.3954838976377953
0
LINE
8
BLACK
6
CONTINUOUS
10
0.7943033464566929
20
0.3954838976377953
11
0.7950310236220473
21
0.3981366535433071
0
LINE
8
BLACK
6
CONTINUOUS
10
0.7950310236220473
20
0.3981366535433071
11
0.7959432677165355
21
0.399134094488189
0
LINE
8
BLACK
6
CONTINUOUS
10
0.7959432677165355
20
0.399134094488189
11
0.7959164566929133
21
0.399160905511811
0
LINE
8
BLACK
6
CONTINUOUS
10
0.7959164566929133
20
0.399160905511811
11
0.7961629133858268
21
0.3994074409448819
0
LINE
8
BLACK
6
CONTINUOUS
10
0.7961629133858268
20
0.3994074409448819
11
0.7961632283464567
21
0.3994076377952756
0
LINE
8
BLACK
6
CONTINUOUS
10
0.7961632283464567
20
0.3994076377952756
11
0.7995588976377953
21
0.4039436614173229
0
LINE
8
BLACK
6
CONTINUOUS
10
0.7995588976377953
20
0.4039436614173229
11
0.8015390157480314
21
0.4092526377952756
0
LINE
8
BLACK
6
CONTINUOUS
10
0.8015390157480314
20
0.4092526377952756
11
0.8017913385826771
21
0.4115994881889763
0
LINE
8
BLACK
6
CONTINUOUS
10
0.8017913385826771
20
0.4115994881889763
11
0.8017912992125984
21
0.4311170078740157
0
LINE
8
BLACK
6
CONTINUOUS
10
0.8017912992125984
20
0.4311170078740157
11
0.8015390157480314
21
0.4334638976377952
0
LINE
8
BLACK
6
CONTINUOUS
10
0.8015390157480314
20
0.4334638976377952
11
0.8013921653543307
21
0.4338575984251968
0
LINE
8
BLACK
6
CONTINUOUS
10
0.8013921653543307
20
0.4338575984251968
11
0.7995589370078739
21
0.4387727952755905
0
LINE
8
BLACK
6
CONTINUOUS
10
0.7995589370078739
20
0.4387727952755905
11
0.799558779527559
21
0.4387730708661417
0
LINE
8
BLACK
6
CONTINUOUS
10
0.799558779527559
20
0.4387730708661417
11
0.7961632677165354
21
0.4433088582677165
0
LINE
8
BLACK
6
CONTINUOUS
10
0.7961632677165354
20
0.4433088582677165
11
0.7961631496062992
21
0.4433089763779527
0
LINE
8
BLACK
6
CONTINUOUS
10
0.7961631496062992
20
0.4433089763779527
11
0.7916273622047244
21
0.4467044881889763
0
LINE
8
BLACK
6
CONTINUOUS
10
0.7916273622047244
20
0.4467044881889763
11
0.7916270866141732
21
0.4467046456692914
0
LINE
8
BLACK
6
CONTINUOUS
10
0.7916270866141732
20
0.4467046456692914
11
0.7863183464566929
21
0.4486846456692913
0
LINE
8
BLACK
6
CONTINUOUS
10
0.7863183464566929
20
0.4486846456692913
11
0.7863183070866142
21
0.4486846850393701
0
LINE
8
BLACK
6
CONTINUOUS
10
0.7863183070866142
20
0.4486846850393701
11
0.7863182283464567
21
0.4486846850393701
0
LINE
8
BLACK
6
CONTINUOUS
10
0.7863182283464567
20
0.4486846850393701
11
0.7839713779527558
21
0.4489370078740157
0
LINE
8
BLACK
6
CONTINUOUS
10
0.7839713779527558
20
0.4489370078740157
11
0.7839709842519685
21
0.4489370078740157
0
LINE
8
BLACK
6
CONTINUOUS
10
0.7839709842519685
20
0.4489370078740157
11
0.7585483858267716
21
0.4489370078740157
0
LINE
8
BLACK
6
CONTINUOUS
10
0.7585483858267716
20
0.4489370078740157
11
0.7585481496062992
21
0.448936968503937
0
LINE
8
BLACK
6
CONTINUOUS
10
0.7585481496062992
20
0.448936968503937
11
0.7562014173228346
21
0.4486847244094488
0
LINE
8
BLACK
6
CONTINUOUS
10
0.7562014173228346
20
0.4486847244094488
11
0.7508925590551181
21
0.4467046456692914
0
LINE
8
BLACK
6
CONTINUOUS
10
0.7508925590551181
20
0.4467046456692914
11
0.7508922834645669
21
0.4467044881889763
0
LINE
8
BLACK
6
CONTINUOUS
10
0.7508922834645669
20
0.4467044881889763
11
0.7463564960629921
21
0.4433089763779527
0
LINE
8
BLACK
6
CONTINUOUS
10
0.7463564960629921
20
0.4433089763779527
11
0.7463563779527559
21
0.4433088582677165
0
LINE
8
BLACK
6
CONTINUOUS
10
0.7463563779527559
20
0.4433088582677165
11
0.7429608661417323
21
0.4387730708661417
0
LINE
8
BLACK
6
CONTINUOUS
10
0.7429608661417323
20
0.4387730708661417
11
0.742960748031496
21
0.4387728346456693
0
LINE
8
BLACK
6
CONTINUOUS
10
0.742960748031496
20
0.4387728346456693
11
0.7418522047244094
21
0.4358007086614173
0
LINE
8
BLACK
6
CONTINUOUS
10
0.7418522047244094
20
0.4358007086614173
11
0.7402037007874016
21
0.4335986220472441
0
LINE
8
BLACK
6
CONTINUOUS
10
0.7402037007874016
20
0.4335986220472441
11
0.7376263385826771
21
0.4326373228346457
0
LINE
8
BLACK
6
CONTINUOUS
10
0.7376263385826771
20
0.4326373228346457
11
0.7349384645669291
21
0.4332220472440945
0
LINE
8
BLACK
6
CONTINUOUS
10
0.7349384645669291
20
0.4332220472440945
11
0.7329933858267716
21
0.4351671653543307
0
LINE
8
BLACK
6
CONTINUOUS
10
0.7329933858267716
20
0.4351671653543307
11
0.7327040157480315
21
0.4358007874015748
0
LINE
8
BLACK
6
CONTINUOUS
10
0.7327040157480315
20
0.4358007874015748
11
0.7314487401574803
21
0.4391664173228346
0
LINE
8
BLACK
6
CONTINUOUS
10
0.7314487401574803
20
0.4391664173228346
11
0.7314485433070866
21
0.4391667716535433
0
LINE
8
BLACK
6
CONTINUOUS
10
0.7314485433070866
20
0.4391667716535433
11
0.7280530314960629
21
0.4437025590551181
0
LINE
8
BLACK
6
CONTINUOUS
10
0.7280530314960629
20
0.4437025590551181
11
0.7280529133858268
21
0.4437026771653543
0
LINE
8
BLACK
6
CONTINUOUS
10
0.7280529133858268
20
0.4437026771653543
11
0.723517125984252
21
0.4470981889763779
0
LINE
8
BLACK
6
CONTINUOUS
10
0.723517125984252
20
0.4470981889763779
11
0.7235168503937007
21
0.4470983464566929
0
LINE
8
BLACK
6
CONTINUOUS
10
0.7235168503937007
20
0.4470983464566929
11
0.7182079527559055
21
0.4490784251968504
0
LINE
8
BLACK
6
CONTINUOUS
10
0.7182079527559055
20
0.4490784251968504
11
0.7182079921259842
21
0.4490784251968504
0
LINE
8
BLACK
6
CONTINUOUS
10
0.7182079921259842
20
0.4490784251968504
11
0.7158615354330709
21
0.4493306692913386
0
LINE
8
BLACK
6
CONTINUOUS
10
0.7158615354330709
20
0.4493306692913386
11
0.7158614566929133
21
0.4493307086614173
0
LINE
8
BLACK
6
CONTINUOUS
10
0.7158614566929133
20
0.4493307086614173
11
0.7158611417322834
21
0.4493307086614173
0
LINE
8
BLACK
6
CONTINUOUS
10
0.7158611417322834
20
0.4493307086614173
11
0.7158608267716535
21
0.4493307086614173
0
LINE
8
BLACK
6
CONTINUOUS
10
0.7158608267716535
20
0.4493307086614173
11
0.706936062992126
21
0.4493307086614173
0
LINE
8
BLACK
6
CONTINUOUS
10
0.706936062992126
20
0.4493307086614173
11
0.705776968503937
21
0.4496710629921259
0
LINE
8
BLACK
6
CONTINUOUS
10
0.705776968503937
20
0.4496710629921259
11
0.7045964173228346
21
0.449927874015748
0
LINE
8
BLACK
6
CONTINUOUS
10
0.7045964173228346
20
0.449927874015748
11
0.704398937007874
21
0.4500757086614173
0
LINE
8
BLACK
6
CONTINUOUS
10
0.704398937007874
20
0.4500757086614173
11
0.7042967322834646
21
0.4501057086614173
0
LINE
8
BLACK
6
CONTINUOUS
10
0.7042967322834646
20
0.4501057086614173
11
0.7034840551181102
21
0.4507605905511811
0
LINE
8
BLACK
6
CONTINUOUS
10
0.7034840551181102
20
0.4507605905511811
11
0.7034446456692913
21
0.4508
0
LINE
8
BLACK
6
CONTINUOUS
10
0.7034446456692913
20
0.4508
11
0.7021263385826771
21
0.4532142913385827
0
LINE
8
BLACK
6
CONTINUOUS
10
0.7021263385826771
20
0.4532142913385827
11
0.7023225590551181
21
0.4559580708661417
0
LINE
8
BLACK
6
CONTINUOUS
10
0.7023225590551181
20
0.4559580708661417
11
0.703971062992126
21
0.458160157480315
0
LINE
8
BLACK
6
CONTINUOUS
10
0.703971062992126
20
0.458160157480315
11
0.7065483858267716
21
0.4591214566929134
0
LINE
8
BLACK
6
CONTINUOUS
10
0.7065483858267716
20
0.4591214566929134
11
0.7068966535433071
21
0.4591338976377953
0
LINE
8
BLACK
6
CONTINUOUS
10
0.7068966535433071
20
0.4591338976377953
11
0.7158610629921259
21
0.4591338976377953
0
LINE
8
BLACK
6
CONTINUOUS
10
0.7158610629921259
20
0.4591338976377953
11
0.7158611023622047
21
0.4591338976377953
0
LINE
8
BLACK
6
CONTINUOUS
10
0.7158611023622047
20
0.4591338976377953
11
0.7182079921259842
21
0.4593861811023622
0
LINE
8
BLACK
6
CONTINUOUS
10
0.7182079921259842
20
0.4593861811023622
11
0.723516968503937
21
0.4613662992125984
0
LINE
8
BLACK
6
CONTINUOUS
10
0.723516968503937
20
0.4613662992125984
11
0.7277801968503936
21
0.4645577952755905
0
LINE
8
BLACK
6
CONTINUOUS
10
0.7277801968503936
20
0.4645577952755905
11
0.7303575196850394
21
0.4655190551181102
0
LINE
8
BLACK
6
CONTINUOUS
10
0.7303575196850394
20
0.4655190551181102
11
0.7307058267716535
21
0.4655314960629921
0
LINE
8
BLACK
6
CONTINUOUS
10
0.7307058267716535
20
0.4655314960629921
11
0.7431777165354331
21
0.4655314960629921
0
LINE
8
BLACK
6
CONTINUOUS
10
0.7431777165354331
20
0.4655314960629921
11
0.7458170472440945
21
0.4647564960629921
0
LINE
8
BLACK
6
CONTINUOUS
10
0.7458170472440945
20
0.4647564960629921
11
0.7461033464566929
21
0.4645577559055118
0
LINE
8
BLACK
6
CONTINUOUS
10
0.7461033464566929
20
0.4645577559055118
11
0.7463564173228346
21
0.4643683070866141
0
LINE
8
BLACK
6
CONTINUOUS
10
0.7463564173228346
20
0.4643683070866141
11
0.7463564566929134
21
0.4643682677165354
0
LINE
8
BLACK
6
CONTINUOUS
10
0.7463564566929134
20
0.4643682677165354
11
0.7486305118110236
21
0.462665905511811
0
LINE
8
BLACK
6
CONTINUOUS
10
0.7486305118110236
20
0.462665905511811
11
0.7508924803149606
21
0.4609725984251968
0
LINE
8
BLACK
6
CONTINUOUS
10
0.7508924803149606
20
0.4609725984251968
11
0.7508925590551181
21
0.4609725590551181
0
LINE
8
BLACK
6
CONTINUOUS
10
0.7508925590551181
20
0.4609725590551181
11
0.7509562204724409
21
0.4609488188976378
0
LINE
8
BLACK
6
CONTINUOUS
10
0.7509562204724409
20
0.4609488188976378
11
0.7562014566929134
21
0.4589924803149606
0
LINE
8
BLACK
6
CONTINUOUS
10
0.7562014566929134
20
0.4589924803149606
11
0.7585483070866141
21
0.4587401574803149
0
LINE
8
BLACK
6
CONTINUOUS
10
0.7585483070866141
20
0.4587401574803149
11
0.7839713385826772
21
0.4587401968503937
0
LINE
8
BLACK
6
CONTINUOUS
10
0.7839713385826772
20
0.4587401968503937
11
0.7863182283464567
21
0.4589924803149606
0
LINE
8
BLACK
6
CONTINUOUS
10
0.7863182283464567
20
0.4589924803149606
11
0.7916272047244094
21
0.4609725984251968
0
LINE
8
BLACK
6
CONTINUOUS
10
0.7916272047244094
20
0.4609725984251968
11
0.7961632283464567
21
0.4643682677165354
0
LINE
8
BLACK
6
CONTINUOUS
10
0.7961632283464567
20
0.4643682677165354
11
0.7995588976377953
21
0.4689042913385827
0
LINE
8
BLACK
6
CONTINUOUS
10
0.7995588976377953
20
0.4689042913385827
11
0.8015390157480314
21
0.4742132677165354
0
LINE
8
BLACK
6
CONTINUOUS
10
0.8015390157480314
20
0.4742132677165354
11
0.8017913385826771
21
0.4765601181102362
0
LINE
8
BLACK
6
CONTINUOUS
10
0.8017913385826771
20
0.4765601181102362
11
0.8017912992125984
21
0.4960776377952756
0
LINE
8
BLACK
6
CONTINUOUS
10
0.8017912992125984
20
0.4960776377952756
11
0.8015390157480314
21
0.4984245275590551
0
LINE
8
BLACK
6
CONTINUOUS
10
0.8015390157480314
20
0.4984245275590551
11
0.7995588976377953
21
0.5037335039370079
0
LINE
8
BLACK
6
CONTINUOUS
10
0.7995588976377953
20
0.5037335039370079
11
0.7995588582677166
21
0.5037335433070866
0
LINE
8
BLACK
6
CONTINUOUS
10
0.7995588582677166
20
0.5037335433070866
11
0.799558779527559
21
0.5037337007874015
0
LINE
8
BLACK
6
CONTINUOUS
10
0.799558779527559
20
0.5037337007874015
11
0.7961632677165354
21
0.5082694881889763
0
LINE
8
BLACK
6
CONTINUOUS
10
0.7961632677165354
20
0.5082694881889763
11
0.7961631496062992
21
0.5082696062992126
0
LINE
8
BLACK
6
CONTINUOUS
10
0.7961631496062992
20
0.5082696062992126
11
0.7916273622047244
21
0.5116651181102362
0
LINE
8
BLACK
6
CONTINUOUS
10
0.7916273622047244
20
0.5116651181102362
11
0.7916270866141732
21
0.5116652755905512
0
LINE
8
BLACK
6
CONTINUOUS
10
0.7916270866141732
20
0.5116652755905512
11
0.7863183464566929
21
0.5136452755905512
0
LINE
8
BLACK
6
CONTINUOUS
10
0.7863183464566929
20
0.5136452755905512
11
0.7863183070866142
21
0.5136453149606299
0
LINE
8
BLACK
6
CONTINUOUS
10
0.7863183070866142
20
0.5136453149606299
11
0.7863182283464567
21
0.5136453149606299
0
LINE
8
BLACK
6
CONTINUOUS
10
0.7863182283464567
20
0.5136453149606299
11
0.7839713779527558
21
0.5138976377952755
0
LINE
8
BLACK
6
CONTINUOUS
10
0.7839713779527558
20
0.5138976377952755
11
0.7839709842519685
21
0.5138976377952755
0
LINE
8
BLACK
6
CONTINUOUS
10
0.7839709842519685
20
0.5138976377952755
11
0.7585483858267716
21
0.5138976377952755
0
LINE
8
BLACK
6
CONTINUOUS
10
0.7585483858267716
20
0.5138976377952755
11
0.7585481496062992
21
0.5138975984251969
0
LINE
8
BLACK
6
CONTINUOUS
10
0.7585481496062992
20
0.5138975984251969
11
0.7562014173228346
21
0.5136453543307087
0
LINE
8
BLACK
6
CONTINUOUS
10
0.7562014173228346
20
0.5136453543307087
11
0.7508925590551181
21
0.5116652755905512
0
LINE
8
BLACK
6
CONTINUOUS
10
0.7508925590551181
20
0.5116652755905512
11
0.7508922834645669
21
0.5116651181102362
0
LINE
8
BLACK
6
CONTINUOUS
10
0.7508922834645669
20
0.5116651181102362
11
0.7463564960629921
21
0.5082696062992126
0
LINE
8
BLACK
6
CONTINUOUS
10
0.7463564960629921
20
0.5082696062992126
11
0.745329094488189
21
0.5068971653543307
0
LINE
8
BLACK
6
CONTINUOUS
10
0.745329094488189
20
0.5068971653543307
11
0.745185157480315
21
0.5067894488188976
0
LINE
8
BLACK
6
CONTINUOUS
10
0.745185157480315
20
0.5067894488188976
11
0.7451104724409449
21
0.5066258661417322
0
LINE
8
BLACK
6
CONTINUOUS
10
0.7451104724409449
20
0.5066258661417322
11
0.7440942125984252
21
0.5059727952755906
0
LINE
8
BLACK
6
CONTINUOUS
10
0.7440942125984252
20
0.5059727952755906
11
0.743126968503937
21
0.5052487007874016
0
LINE
8
BLACK
6
CONTINUOUS
10
0.743126968503937
20
0.5052487007874016
11
0.7429053149606299
21
0.5052087401574803
0
LINE
8
BLACK
6
CONTINUOUS
10
0.7429053149606299
20
0.5052087401574803
11
0.7427963779527559
21
0.5051387007874015
0
LINE
8
BLACK
6
CONTINUOUS
10
0.7427963779527559
20
0.5051387007874015
11
0.7414209842519685
21
0.5049409448818898
0
LINE
8
BLACK
6
CONTINUOUS
10
0.7414209842519685
20
0.5049409448818898
11
0.7332831889763779
21
0.5049409448818898
0
LINE
8
BLACK
6
CONTINUOUS
10
0.7332831889763779
20
0.5049409448818898
11
0.7306438582677165
21
0.5057159448818898
0
LINE
8
BLACK
6
CONTINUOUS
10
0.7306438582677165
20
0.5057159448818898
11
0.7293750787401575
21
0.5068971653543307
0
LINE
8
BLACK
6
CONTINUOUS
10
0.7293750787401575
20
0.5068971653543307
11
0.7288184645669291
21
0.5076406692913386
0
LINE
8
BLACK
6
CONTINUOUS
10
0.7288184645669291
20
0.5076406692913386
11
0.7280529921259843
21
0.5086632283464567
0
LINE
8
BLACK
6
CONTINUOUS
10
0.7280529921259843
20
0.5086632283464567
11
0.7280529133858268
21
0.5086632677165355
0
LINE
8
BLACK
6
CONTINUOUS
10
0.7280529133858268
20
0.5086632677165355
11
0.7280529133858268
21
0.5086633070866141
0
LINE
8
BLACK
6
CONTINUOUS
10
0.7280529133858268
20
0.5086633070866141
11
0.723517125984252
21
0.5120588188976378
0
LINE
8
BLACK
6
CONTINUOUS
10
0.723517125984252
20
0.5120588188976378
11
0.7235168503937007
21
0.5120589763779527
0
LINE
8
BLACK
6
CONTINUOUS
10
0.7235168503937007
20
0.5120589763779527
11
0.7182081102362204
21
0.5140389763779527
0
LINE
8
BLACK
6
CONTINUOUS
10
0.7182081102362204
20
0.5140389763779527
11
0.7182080708661417
21
0.5140390157480315
0
LINE
8
BLACK
6
CONTINUOUS
10
0.7182080708661417
20
0.5140390157480315
11
0.7182079921259842
21
0.5140390157480315
0
LINE
8
BLACK
6
CONTINUOUS
10
0.7182079921259842
20
0.5140390157480315
11
0.7158611417322834
21
0.5142913385826772
0
LINE
8
BLACK
6
CONTINUOUS
10
0.7158611417322834
20
0.5142913385826772
11
0.715860748031496
21
0.5142913385826772
0
LINE
8
BLACK
6
CONTINUOUS
10
0.715860748031496
20
0.5142913385826772
11
0.6904381496062992
21
0.5142913385826772
0
LINE
8
BLACK
6
CONTINUOUS
10
0.6904381496062992
20
0.5142913385826772
11
0.6904379133858267
21
0.5142912992125984
0
LINE
8
BLACK
6
CONTINUOUS
10
0.6904379133858267
20
0.5142912992125984
11
0.6880911811023622
21
0.5140390551181102
0
LINE
8
BLACK
6
CONTINUOUS
10
0.6880911811023622
20
0.5140390551181102
11
0.6827823228346457
21
0.5120589763779527
0
LINE
8
BLACK
6
CONTINUOUS
10
0.6827823228346457
20
0.5120589763779527
11
0.6827820472440945
21
0.5120588188976378
0
LINE
8
BLACK
6
CONTINUOUS
10
0.6827820472440945
20
0.5120588188976378
11
0.6782462598425196
21
0.5086633070866141
0
LINE
8
BLACK
6
CONTINUOUS
10
0.6782462598425196
20
0.5086633070866141
11
0.6769241338582677
21
0.5068971653543307
0
LINE
8
BLACK
6
CONTINUOUS
10
0.6769241338582677
20
0.5068971653543307
11
0.6747220078740157
21
0.5052487401574803
0
LINE
8
BLACK
6
CONTINUOUS
10
0.6747220078740157
20
0.5052487401574803
11
0.6730160236220473
21
0.5049409448818898
0
LINE
8
BLACK
6
CONTINUOUS
10
0.6730160236220473
20
0.5049409448818898
11
0.6500998818897638
21
0.5049409448818898
0
LINE
8
BLACK
6
CONTINUOUS
10
0.6500998818897638
20
0.5049409448818898
11
0.6450882283464566
21
0.5035981102362205
0
LINE
8
BLACK
6
CONTINUOUS
10
0.6450882283464566
20
0.5035981102362205
11
0.6405950787401574
21
0.501003937007874
0
LINE
8
BLACK
6
CONTINUOUS
10
0.6405950787401574
20
0.501003937007874
11
0.6405949606299213
21
0.5010038582677165
0
LINE
8
BLACK
6
CONTINUOUS
10
0.6405949606299213
20
0.5010038582677165
11
0.556870157480315
21
0.4172790551181103
0
LINE
8
BLACK
6
CONTINUOUS
10
0.556870157480315
20
0.4172790551181103
11
0.5568700787401575
21
0.417278937007874
0
LINE
8
BLACK
6
CONTINUOUS
10
0.5568700787401575
20
0.417278937007874
11
0.5542759055118111
21
0.4127857874015748
0
LINE
8
BLACK
6
CONTINUOUS
10
0.5542759055118111
20
0.4127857874015748
11
0.5529330708661417
21
0.4077741338582677
0
LINE
8
BLACK
6
CONTINUOUS
10
0.5529330708661417
20
0.4077741338582677
11
0.5529330708661417
21
0.376117125984252
0
LINE
8
BLACK
6
CONTINUOUS
10
0.5529330708661417
20
0.376117125984252
11
0.5521580708661418
21
0.3734777952755906
0
LINE
8
BLACK
6
CONTINUOUS
10
0.5521580708661418
20
0.3734777952755906
11
0.5500791732283464
21
0.3716764173228346
0
LINE
8
BLACK
6
CONTINUOUS
10
0.5500791732283464
20
0.3716764173228346
11
0.5473564173228347
21
0.3712849212598425
0
LINE
8
BLACK
6
CONTINUOUS
10
0.5473564173228347
20
0.3712849212598425
11
0.5448542125984251
21
0.3724276377952756
0
LINE
8
BLACK
6
CONTINUOUS
10
0.5448542125984251
20
0.3724276377952756
11
0.5433670472440945
21
0.3747417322834646
0
LINE
8
BLACK
6
CONTINUOUS
10
0.5433670472440945
20
0.3747417322834646
11
0.543318188976378
21
0.3749206692913385
0
LINE
8
BLACK
6
CONTINUOUS
10
0.543318188976378
20
0.3749206692913385
11
0.5432425590551181
21
0.3752198031496063
0
LINE
8
BLACK
6
CONTINUOUS
10
0.5432425590551181
20
0.3752198031496063
11
0.5432424803149606
21
0.37522
0
LINE
8
BLACK
6
CONTINUOUS
10
0.5432424803149606
20
0.37522
11
0.5432424803149606
21
0.3752200787401574
0
LINE
8
BLACK
6
CONTINUOUS
10
0.5432424803149606
20
0.3752200787401574
11
0.5411560629921259
21
0.3805108267716535
0
LINE
8
BLACK
6
CONTINUOUS
10
0.5411560629921259
20
0.3805108267716535
11
0.5411560236220472
21
0.3805108661417323
0
LINE
8
BLACK
6
CONTINUOUS
10
0.5411560236220472
20
0.3805108661417323
11
0.5411560236220472
21
0.380510905511811
0
LINE
8
BLACK
6
CONTINUOUS
10
0.5411560236220472
20
0.380510905511811
11
0.5377196062992126
21
0.3850424803149606
0
LINE
8
BLACK
6
CONTINUOUS
10
0.5377196062992126
20
0.3850424803149606
11
0.533188031496063
21
0.3884788976377953
0
LINE
8
BLACK
6
CONTINUOUS
10
0.533188031496063
20
0.3884788976377953
11
0.5278971653543307
21
0.3905653543307087
0
LINE
8
BLACK
6
CONTINUOUS
10
0.5278971653543307
20
0.3905653543307087
11
0.5261906299212599
21
0.3907702755905512
0
LINE
8
BLACK
6
CONTINUOUS
10
0.5261906299212599
20
0.3907702755905512
11
0.5245725984251969
21
0.3909645669291338
0
LINE
8
BLACK
6
CONTINUOUS
10
0.5245725984251969
20
0.3909645669291338
11
0.5016478740157481
21
0.3909645669291338
0
LINE
8
BLACK
6
CONTINUOUS
10
0.5016478740157481
20
0.3909645669291338
11
0.500151220472441
21
0.390784842519685
0
LINE
8
BLACK
6
CONTINUOUS
10
0.500151220472441
20
0.390784842519685
11
0.4983232677165354
21
0.3905653543307087
0
LINE
8
BLACK
6
CONTINUOUS
10
0.4983232677165354
20
0.3905653543307087
11
0.4930324015748032
21
0.3884788976377953
0
LINE
8
BLACK
6
CONTINUOUS
10
0.4930324015748032
20
0.3884788976377953
11
0.4885010236220472
21
0.3850425984251968
0
LINE
8
BLACK
6
CONTINUOUS
10
0.4885010236220472
20
0.3850425984251968
11
0.488500905511811
21
0.3850424803149606
0
LINE
8
BLACK
6
CONTINUOUS
10
0.488500905511811
20
0.3850424803149606
11
0.4885008661417323
21
0.3850424409448819
0
LINE
8
BLACK
6
CONTINUOUS
10
0.4885008661417323
20
0.3850424409448819
11
0.4881125984251968
21
0.3845304724409448
0
LINE
8
BLACK
6
CONTINUOUS
10
0.4881125984251968
20
0.3845304724409448
11
0.4859003543307087
21
0.3828957086614173
0
LINE
8
BLACK
6
CONTINUOUS
10
0.4859003543307087
20
0.3828957086614173
11
0.4842227559055118
21
0.3825984251968504
0
LINE
8
BLACK
6
CONTINUOUS
10
0.4842227559055118
20
0.3825984251968504
11
0.4739482283464567
21
0.3825984251968504
0
LINE
8
BLACK
6
CONTINUOUS
10
0.4739482283464567
20
0.3825984251968504
11
0.4713088976377953
21
0.3833734251968504
0
LINE
8
BLACK
6
CONTINUOUS
10
0.4713088976377953
20
0.3833734251968504
11
0.4700583070866142
21
0.3845305118110236
0
LINE
8
BLACK
6
CONTINUOUS
10
0.4700583070866142
20
0.3845305118110236
11
0.4685402362204724
21
0.3865324015748031
0
LINE
8
BLACK
6
CONTINUOUS
10
0.4685402362204724
20
0.3865324015748031
11
0.463793031496063
21
0.3901323228346457
0
LINE
8
BLACK
6
CONTINUOUS
10
0.463793031496063
20
0.3901323228346457
11
0.4582504330708662
21
0.392318031496063
0
LINE
8
BLACK
6
CONTINUOUS
10
0.4582504330708662
20
0.392318031496063
11
0.4564537795275591
21
0.392533779527559
0
LINE
8
BLACK
6
CONTINUOUS
10
0.4564537795275591
20
0.392533779527559
11
0.4547677952755905
21
0.3927362204724409
0
LINE
8
BLACK
6
CONTINUOUS
10
0.4547677952755905
20
0.3927362204724409
11
0.4139723622047244
21
0.3927362204724409
0
LINE
8
BLACK
6
CONTINUOUS
10
0.4139723622047244
20
0.3927362204724409
11
0.412435157480315
21
0.3925516535433071
0
LINE
8
BLACK
6
CONTINUOUS
10
0.412435157480315
20
0.3925516535433071
11
0.4104896850393701
21
0.392318031496063
0
LINE
8
BLACK
6
CONTINUOUS
10
0.4104896850393701
20
0.392318031496063
11
0.4049470866141732
21
0.3901323228346457
0
LINE
8
BLACK
6
CONTINUOUS
10
0.4049470866141732
20
0.3901323228346457
11
0.4001998818897638
21
0.3865324015748031
0
LINE
8
BLACK
6
CONTINUOUS
10
0.4001998818897638
20
0.3865324015748031
11
0.398833031496063
21
0.384729842519685
0
LINE
8
BLACK
6
CONTINUOUS
10
0.398833031496063
20
0.384729842519685
11
0.3966207480314961
21
0.3830950787401575
0
LINE
8
BLACK
6
CONTINUOUS
10
0.3966207480314961
20
0.3830950787401575
11
0.3949431102362205
21
0.3827977559055118
0
LINE
8
BLACK
6
CONTINUOUS
10
0.3949431102362205
20
0.3827977559055118
11
0.3745966141732283
21
0.3827977559055118
0
LINE
8
BLACK
6
CONTINUOUS
10
0.3745966141732283
20
0.3827977559055118
11
0.3729842125984252
21
0.3830717322834646
0
LINE
8
BLACK
6
CONTINUOUS
10
0.3729842125984252
20
0.3830717322834646
11
0.36801968503937
21
0.384808937007874
0
LINE
8
BLACK
6
CONTINUOUS
10
0.36801968503937
20
0.384808937007874
11
0.3668216535433071
21
0.3849212598425197
0
LINE
8
BLACK
6
CONTINUOUS
10
0.3668216535433071
20
0.3849212598425197
11
0.3668214960629921
21
0.3849212598425197
0
LINE
8
BLACK
6
CONTINUOUS
10
0.3668214960629921
20
0.3849212598425197
11
0.3468005511811024
21
0.3849212598425197
0
LINE
8
BLACK
6
CONTINUOUS
10
0.3468005511811024
20
0.3849212598425197
11
0.3468003937007874
21
0.3849212598425197
0
LINE
8
BLACK
6
CONTINUOUS
10
0.3468003937007874
20
0.3849212598425197
11
0.3456023622047244
21
0.384808937007874
0
LINE
8
BLACK
6
CONTINUOUS
10
0.3456023622047244
20
0.384808937007874
11
0.3456022834645669
21
0.384808937007874
0
LINE
8
BLACK
6
CONTINUOUS
10
0.3456022834645669
20
0.384808937007874
11
0.3405558661417323
21
0.3830430708661417
0
LINE
8
BLACK
6
CONTINUOUS
10
0.3405558661417323
20
0.3830430708661417
11
0.3405557874015748
21
0.383043031496063
0
LINE
8
BLACK
6
CONTINUOUS
10
0.3405557874015748
20
0.383043031496063
11
0.336253937007874
21
0.3798681102362205
0
LINE
8
BLACK
6
CONTINUOUS
10
0.336253937007874
20
0.3798681102362205
11
0.3330790157480315
21
0.3755662598425197
0
LINE
8
BLACK
6
CONTINUOUS
10
0.3330790157480315
20
0.3755662598425197
11
0.3330789763779528
21
0.3755661811023622
0
LINE
8
BLACK
6
CONTINUOUS
10
0.3330789763779528
20
0.3755661811023622
11
0.3319653937007874
21
0.3723836614173228
0
LINE
8
BLACK
6
CONTINUOUS
10
0.3319653937007874
20
0.3723836614173228
11
0.3303622047244094
21
0.3701483858267716
0
LINE
8
BLACK
6
CONTINUOUS
10
0.3303622047244094
20
0.3701483858267716
11
0.327805
21
0.3691347244094488
0
LINE
8
BLACK
6
CONTINUOUS
10
0.327805
20
0.3691347244094488
11
0.3273574803149606
21
0.3691141732283464
0
LINE
8
BLACK
6
CONTINUOUS
10
0.3273574803149606
20
0.3691141732283464
11
0.3143004330708661
21
0.3691141732283464
0
LINE
8
BLACK
6
CONTINUOUS
10
0.3143004330708661
20
0.3691141732283464
11
0.3116611023622047
21
0.3698891732283465
0
LINE
8
BLACK
6
CONTINUOUS
10
0.3116611023622047
20
0.3698891732283465
11
0.3113748031496063
21
0.3700879133858268
0
LINE
8
BLACK
6
CONTINUOUS
10
0.3113748031496063
20
0.3700879133858268
11
0.307768937007874
21
0.3727872440944882
0
LINE
8
BLACK
6
CONTINUOUS
10
0.307768937007874
20
0.3727872440944882
11
0.3077688188976378
21
0.3727873228346457
0
LINE
8
BLACK
6
CONTINUOUS
10
0.3077688188976378
20
0.3727873228346457
11
0.3024599212598425
21
0.3747674015748031
0
LINE
8
BLACK
6
CONTINUOUS
10
0.3024599212598425
20
0.3747674015748031
11
0.3024599606299213
21
0.3747674015748031
0
LINE
8
BLACK
6
CONTINUOUS
10
0.3024599606299213
20
0.3747674015748031
11
0.3001135039370079
21
0.3750196456692914
0
LINE
8
BLACK
6
CONTINUOUS
10
0.3001135039370079
20
0.3750196456692914
11
0.3001134251968504
21
0.3750196850393701
0
LINE
8
BLACK
6
CONTINUOUS
10
0.3001134251968504
20
0.3750196850393701
11
0.3001131102362204
21
0.3750196850393701
0
LINE
8
BLACK
6
CONTINUOUS
10
0.3001131102362204
20
0.3750196850393701
11
0.3001127952755905
21
0.3750196850393701
0
LINE
8
BLACK
6
CONTINUOUS
10
0.3001127952755905
20
0.3750196850393701
11
0.2924955511811024
21
0.3750196850393701
0
LINE
8
BLACK
6
CONTINUOUS
10
0.2924955511811024
20
0.3750196850393701
11
0.2913364566929134
21
0.3753600393700787
0
LINE
8
BLACK
6
CONTINUOUS
10
0.2913364566929134
20
0.3753600393700787
11
0.290155905511811
21
0.3756168503937008
0
LINE
8
BLACK
6
CONTINUOUS
10
0.290155905511811
20
0.3756168503937008
11
0.2899584251968504
21
0.37576468503937
0
LINE
8
BLACK
6
CONTINUOUS
10
0.2899584251968504
20
0.37576468503937
11
0.2898562204724409
21
0.3757946850393701
0
LINE
8
BLACK
6
CONTINUOUS
10
0.2898562204724409
20
0.3757946850393701
11
0.2890435433070866
21
0.3764495669291338
0
LINE
8
BLACK
6
CONTINUOUS
10
0.2890435433070866
20
0.3764495669291338
11
0.2890041338582677
21
0.3764889763779528
0
LINE
8
BLACK
6
CONTINUOUS
10
0.2890041338582677
20
0.3764889763779528
11
0.2876858267716536
21
0.3789032677165354
0
LINE
8
BLACK
6
CONTINUOUS
10
0.2876858267716536
20
0.3789032677165354
11
0.2878820472440945
21
0.3816470472440945
0
LINE
8
BLACK
6
CONTINUOUS
10
0.2878820472440945
20
0.3816470472440945
11
0.2895305511811024
21
0.3838491338582677
0
LINE
8
BLACK
6
CONTINUOUS
10
0.2895305511811024
20
0.3838491338582677
11
0.292107874015748
21
0.3848104330708662
0
LINE
8
BLACK
6
CONTINUOUS
10
0.292107874015748
20
0.3848104330708662
11
0.2924561417322835
21
0.384822874015748
0
LINE
8
BLACK
6
CONTINUOUS
10
0.2924561417322835
20
0.384822874015748
11
0.300113031496063
21
0.384822874015748
0
LINE
8
BLACK
6
CONTINUOUS
10
0.300113031496063
20
0.384822874015748
11
0.3001130708661418
21
0.384822874015748
0
LINE
8
BLACK
6
CONTINUOUS
10
0.3001130708661418
20
0.384822874015748
11
0.3024599606299213
21
0.385075157480315
0
LINE
8
BLACK
6
CONTINUOUS
10
0.3024599606299213
20
0.385075157480315
11
0.307768937007874
21
0.3870552755905512
0
LINE
8
BLACK
6
CONTINUOUS
10
0.307768937007874
20
0.3870552755905512
11
0.3123049606299212
21
0.3904509448818897
0
LINE
8
BLACK
6
CONTINUOUS
10
0.3123049606299212
20
0.3904509448818897
11
0.3157006299212599
21
0.394986968503937
0
LINE
8
BLACK
6
CONTINUOUS
10
0.3157006299212599
20
0.394986968503937
11
0.317680748031496
21
0.4002959448818897
0
LINE
8
BLACK
6
CONTINUOUS
10
0.317680748031496
20
0.4002959448818897
11
0.3179330708661417
21
0.4026427952755905
0
LINE
8
BLACK
6
CONTINUOUS
10
0.3179330708661417
20
0.4026427952755905
11
0.317933031496063
21
0.4221603149606299
0
LINE
8
BLACK
6
CONTINUOUS
10
0.317933031496063
20
0.4221603149606299
11
0.317680748031496
21
0.4245072047244094
0
LINE
8
BLACK
6
CONTINUOUS
10
0.317680748031496
20
0.4245072047244094
11
0.3167892913385827
21
0.4268972834645669
0
LINE
8
BLACK
6
CONTINUOUS
10
0.3167892913385827
20
0.4268972834645669
11
0.3157006692913386
21
0.4298161023622047
0
LINE
8
BLACK
6
CONTINUOUS
10
0.3157006692913386
20
0.4298161023622047
11
0.3157005118110236
21
0.4298163779527559
0
LINE
8
BLACK
6
CONTINUOUS
10
0.3157005118110236
20
0.4298163779527559
11
0.312305
21
0.4343521653543307
0
LINE
8
BLACK
6
CONTINUOUS
10
0.312305
20
0.4343521653543307
11
0.3123048818897638
21
0.4343522834645669
0
LINE
8
BLACK
6
CONTINUOUS
10
0.3123048818897638
20
0.4343522834645669
11
0.307769094488189
21
0.4377477952755905
0
LINE
8
BLACK
6
CONTINUOUS
10
0.307769094488189
20
0.4377477952755905
11
0.3077688188976378
21
0.4377479527559055
0
LINE
8
BLACK
6
CONTINUOUS
10
0.3077688188976378
20
0.4377479527559055
11
0.3024600787401575
21
0.4397279527559055
0
LINE
8
BLACK
6
CONTINUOUS
10
0.3024600787401575
20
0.4397279527559055
11
0.3024600393700788
21
0.4397279921259842
0
LINE
8
BLACK
6
CONTINUOUS
10
0.3024600393700788
20
0.4397279921259842
11
0.3024599606299213
21
0.4397279921259842
0
LINE
8
BLACK
6
CONTINUOUS
10
0.3024599606299213
20
0.4397279921259842
11
0.3001131102362204
21
0.4399803149606299
0
LINE
8
BLACK
6
CONTINUOUS
10
0.3001131102362204
20
0.4399803149606299
11
0.3001127165354331
21
0.4399803149606299
0
LINE
8
BLACK
6
CONTINUOUS
10
0.3001127165354331
20
0.4399803149606299
11
0.2746901181102362
21
0.4399803149606299
0
LINE
8
BLACK
6
CONTINUOUS
10
0.2746901181102362
20
0.4399803149606299
11
0.2746898818897638
21
0.4399802755905512
0
LINE
8
BLACK
6
CONTINUOUS
10
0.2746898818897638
20
0.4399802755905512
11
0.2723431496062992
21
0.439728031496063
0
LINE
8
BLACK
6
CONTINUOUS
10
0.2723431496062992
20
0.439728031496063
11
0.2670342913385827
21
0.4377479527559055
0
LINE
8
BLACK
6
CONTINUOUS
10
0.2670342913385827
20
0.4377479527559055
11
0.2670340157480315
21
0.4377477952755905
0
LINE
8
BLACK
6
CONTINUOUS
10
0.2670340157480315
20
0.4377477952755905
11
0.2624983070866141
21
0.4343523228346456
0
LINE
8
BLACK
6
CONTINUOUS
10
0.2624983070866141
20
0.4343523228346456
11
0.2624980708661417
21
0.4343520866141732
0
LINE
8
BLACK
6
CONTINUOUS
10
0.2624980708661417
20
0.4343520866141732
11
0.2608076771653543
21
0.4320940157480315
0
LINE
8
BLACK
6
CONTINUOUS
10
0.2608076771653543
20
0.4320940157480315
11
0.2606637401574803
21
0.4319862992125984
0
LINE
8
BLACK
6
CONTINUOUS
10
0.2606637401574803
20
0.4319862992125984
11
0.2605890551181103
21
0.4318227165354331
0
LINE
8
BLACK
6
CONTINUOUS
10
0.2605890551181103
20
0.4318227165354331
11
0.2595725984251969
21
0.4311695275590551
0
LINE
8
BLACK
6
CONTINUOUS
10
0.2595725984251969
20
0.4311695275590551
11
0.2586055511811023
21
0.4304455905511811
0
LINE
8
BLACK
6
CONTINUOUS
10
0.2586055511811023
20
0.4304455905511811
11
0.2583839763779527
21
0.4304056299212599
0
LINE
8
BLACK
6
CONTINUOUS
10
0.2583839763779527
20
0.4304056299212599
11
0.2582749606299213
21
0.4303355511811023
0
LINE
8
BLACK
6
CONTINUOUS
10
0.2582749606299213
20
0.4303355511811023
11
0.2568995669291338
21
0.4301377952755905
0
LINE
8
BLACK
6
CONTINUOUS
10
0.2568995669291338
20
0.4301377952755905
11
0.2564159448818897
21
0.4301377952755905
0
LINE
8
BLACK
6
CONTINUOUS
10
0.2564159448818897
20
0.4301377952755905
11
0.2537766141732283
21
0.4309127952755906
0
LINE
8
BLACK
6
CONTINUOUS
10
0.2537766141732283
20
0.4309127952755906
11
0.252963937007874
21
0.4315676771653543
0
LINE
8
BLACK
6
CONTINUOUS
10
0.252963937007874
20
0.4315676771653543
11
0.2493826377952756
21
0.4351489763779527
0
LINE
8
BLACK
6
CONTINUOUS
10
0.2493826377952756
20
0.4351489763779527
11
0.2480643307086614
21
0.4375632677165354
0
LINE
8
BLACK
6
CONTINUOUS
10
0.2480643307086614
20
0.4375632677165354
11
0.2479527559055118
21
0.4386009842519685
0
LINE
8
BLACK
6
CONTINUOUS
10
0.2479527559055118
20
0.4386009842519685
11
0.2479527559055118
21
0.4420280708661417
0
LINE
8
BLACK
6
CONTINUOUS
10
0.2479527559055118
20
0.4420280708661417
11
0.2487277559055118
21
0.4446674015748032
0
LINE
8
BLACK
6
CONTINUOUS
10
0.2487277559055118
20
0.4446674015748032
11
0.2508066535433071
21
0.446468779527559
0
LINE
8
BLACK
6
CONTINUOUS
10
0.2508066535433071
20
0.446468779527559
11
0.2510424015748031
21
0.446569094488189
0
LINE
8
BLACK
6
CONTINUOUS
10
0.2510424015748031
20
0.446569094488189
11
0.2554382677165354
21
0.4483025590551181
0
LINE
8
BLACK
6
CONTINUOUS
10
0.2554382677165354
20
0.4483025590551181
11
0.2599160236220472
21
0.4516981496062992
0
LINE
8
BLACK
6
CONTINUOUS
10
0.2599160236220472
20
0.4516981496062992
11
0.2633116141732283
21
0.456175905511811
0
LINE
8
BLACK
6
CONTINUOUS
10
0.2633116141732283
20
0.456175905511811
11
0.265373188976378
21
0.4614037007874016
0
LINE
8
BLACK
6
CONTINUOUS
10
0.265373188976378
20
0.4614037007874016
11
0.2657677165354331
21
0.4646888976377953
0
LINE
8
BLACK
6
CONTINUOUS
10
0.2657677165354331
20
0.4646888976377953
11
0.2657677165354331
21
0.4880670078740157
0
LINE
8
BLACK
6
CONTINUOUS
10
0.2657677165354331
20
0.4880670078740157
11
0.265373188976378
21
0.4913522047244094
0
LINE
8
BLACK
6
CONTINUOUS
10
0.265373188976378
20
0.4913522047244094
11
0.2633116141732283
21
0.49658
0
LINE
8
BLACK
6
CONTINUOUS
10
0.2633116141732283
20
0.49658
11
0.2619128346456693
21
0.4984245669291338
0
LINE
8
BLACK
6
CONTINUOUS
10
0.2619128346456693
20
0.4984245669291338
11
0.2599160236220472
21
0.5010577952755906
0
LINE
8
BLACK
6
CONTINUOUS
10
0.2599160236220472
20
0.5010577952755906
11
0.2554383464566929
21
0.5044533070866142
0
LINE
8
BLACK
6
CONTINUOUS
10
0.2554383464566929
20
0.5044533070866142
11
0.2554382677165354
21
0.5044533464566929
0
LINE
8
BLACK
6
CONTINUOUS
10
0.2554382677165354
20
0.5044533464566929
11
0.2502104724409449
21
0.5065149212598425
0
LINE
8
BLACK
6
CONTINUOUS
10
0.2502104724409449
20
0.5065149212598425
11
0.2502104330708662
21
0.5065149606299213
0
LINE
8
BLACK
6
CONTINUOUS
10
0.2502104330708662
20
0.5065149606299213
11
0.2502103543307087
21
0.5065149606299213
0
LINE
8
BLACK
6
CONTINUOUS
10
0.2502103543307087
20
0.5065149606299213
11
0.2469252755905512
21
0.5069094488188977
0
LINE
8
BLACK
6
CONTINUOUS
10
0.2469252755905512
20
0.5069094488188977
11
0.2264999212598425
21
0.5069094488188977
0
LINE
8
BLACK
6
CONTINUOUS
10
0.2264999212598425
20
0.5069094488188977
11
0.2232148031496063
21
0.5065149606299213
0
LINE
8
BLACK
6
CONTINUOUS
10
0.2232148031496063
20
0.5065149606299213
11
0.2232147637795276
21
0.5065149606299213
0
LINE
8
BLACK
6
CONTINUOUS
10
0.2232147637795276
20
0.5065149606299213
11
0.2179868110236221
21
0.5044533070866142
0
LINE
8
BLACK
6
CONTINUOUS
10
0.2179868110236221
20
0.5044533070866142
11
0.2135091338582677
21
0.5010577952755906
0
LINE
8
BLACK
6
CONTINUOUS
10
0.2135091338582677
20
0.5010577952755906
11
0.2101136220472441
21
0.4965801181102362
0
LINE
8
BLACK
6
CONTINUOUS
10
0.2101136220472441
20
0.4965801181102362
11
0.208051968503937
21
0.4913521653543307
0
LINE
8
BLACK
6
CONTINUOUS
10
0.208051968503937
20
0.4913521653543307
11
0.208051968503937
21
0.4913521259842519
0
LINE
8
BLACK
6
CONTINUOUS
10
0.208051968503937
20
0.4913521259842519
11
0.2076574803149606
21
0.4880670472440945
0
LINE
8
BLACK
6
CONTINUOUS
10
0.2076574803149606
20
0.4880670472440945
11
0.2076574803149606
21
0.4646888976377953
0
LINE
8
BLACK
6
CONTINUOUS
10
0.2076574803149606
20
0.4646888976377953
11
0.208051968503937
21
0.4614038188976378
0
LINE
8
BLACK
6
CONTINUOUS
10
0.208051968503937
20
0.4614038188976378
11
0.208051968503937
21
0.4614037795275591
0
LINE
8
BLACK
6
CONTINUOUS
10
0.208051968503937
20
0.4614037795275591
11
0.2101136220472441
21
0.4561758267716535
0
LINE
8
BLACK
6
CONTINUOUS
10
0.2101136220472441
20
0.4561758267716535
11
0.2114883464566929
21
0.4543629921259842
0
LINE
8
BLACK
6
CONTINUOUS
10
0.2114883464566929
20
0.4543629921259842
11
0.2124656299212598
21
0.4517916929133858
0
LINE
8
BLACK
6
CONTINUOUS
10
0.2124656299212598
20
0.4517916929133858
11
0.2124803149606299
21
0.4514131889763779
0
LINE
8
BLACK
6
CONTINUOUS
10
0.2124803149606299
20
0.4514131889763779
11
0.2124803149606299
21
0.4268972834645669
0
LINE
8
BLACK
6
CONTINUOUS
10
0.2124803149606299
20
0.4268972834645669
11
0.2125534251968504
21
0.4266244881889764
0
LINE
8
BLACK
6
CONTINUOUS
10
0.2125534251968504
20
0.4266244881889764
11
0.2133463779527559
21
0.4236650393700787
0
LINE
8
BLACK
6
CONTINUOUS
10
0.2133463779527559
20
0.4236650393700787
11
0.2133466535433071
21
0.4236641338582677
0
LINE
8
BLACK
6
CONTINUOUS
10
0.2133466535433071
20
0.4236641338582677
11
0.2133467716535433
21
0.4236637007874016
0
LINE
8
BLACK
6
CONTINUOUS
10
0.2133467716535433
20
0.4236637007874016
11
0.2136890157480315
21
0.4223863385826772
0
LINE
8
BLACK
6
CONTINUOUS
10
0.2136890157480315
20
0.4223863385826772
11
0.2160240551181102
21
0.418341968503937
0
LINE
8
BLACK
6
CONTINUOUS
10
0.2160240551181102
20
0.418341968503937
11
0.2160241338582677
21
0.4183418897637795
0
LINE
8
BLACK
6
CONTINUOUS
10
0.2160241338582677
20
0.4183418897637795
11
0.2352644094488189
21
0.3991016141732283
0
LINE
8
BLACK
6
CONTINUOUS
10
0.2352644094488189
20
0.3991016141732283
11
0.2356822047244095
21
0.3983364173228346
0
LINE
8
BLACK
6
CONTINUOUS
10
0.2356822047244095
20
0.3983364173228346
11
0.2362531102362205
21
0.3976775984251968
0
LINE
8
BLACK
6
CONTINUOUS
10
0.2362531102362205
20
0.3976775984251968
11
0.2363285433070866
21
0.3971527559055118
0
LINE
8
BLACK
6
CONTINUOUS
10
0.2363285433070866
20
0.3971527559055118
11
0.2365827165354331
21
0.3966873228346456
0
LINE
8
BLACK
6
CONTINUOUS
10
0.2365827165354331
20
0.3966873228346456
11
0.2365205118110236
21
0.3958177952755905
0
LINE
8
BLACK
6
CONTINUOUS
10
0.2365205118110236
20
0.3958177952755905
11
0.2366446062992126
21
0.394954842519685
0
LINE
8
BLACK
6
CONTINUOUS
10
0.2366446062992126
20
0.394954842519685
11
0.2364242913385827
21
0.3944725196850394
0
LINE
8
BLACK
6
CONTINUOUS
10
0.2364242913385827
20
0.3944725196850394
11
0.2363864960629921
21
0.3939435433070866
0
LINE
8
BLACK
6
CONTINUOUS
10
0.2363864960629921
20
0.3939435433070866
11
0.2358640157480315
21
0.3932456692913386
0
LINE
8
BLACK
6
CONTINUOUS
10
0.2358640157480315
20
0.3932456692913386
11
0.2355018897637795
21
0.3924526377952756
0
LINE
8
BLACK
6
CONTINUOUS
10
0.2355018897637795
20
0.3924526377952756
11
0.2350557480314961
21
0.3921659448818898
0
LINE
8
BLACK
6
CONTINUOUS
10
0.2350557480314961
20
0.3921659448818898
11
0.2347379921259843
21
0.3917414566929134
0
LINE
8
BLACK
6
CONTINUOUS
10
0.2347379921259843
20
0.3917414566929134
11
0.2339212204724409
21
0.3914368503937008
0
LINE
8
BLACK
6
CONTINUOUS
10
0.2339212204724409
20
0.3914368503937008
11
0.2331877952755906
21
0.3909654724409449
0
LINE
8
BLACK
6
CONTINUOUS
10
0.2331877952755906
20
0.3909654724409449
11
0.232324842519685
21
0.3908414173228346
0
LINE
8
BLACK
6
CONTINUOUS
10
0.232324842519685
20
0.3908414173228346
11
0.2321606692913386
21
0.390780157480315
0
LINE
8
BLACK
6
CONTINUOUS
10
0.2321606692913386
20
0.390780157480315
11
0.2318124015748032
21
0.3907677165354331
0
LINE
8
BLACK
6
CONTINUOUS
10
0.2318124015748032
20
0.3907677165354331
11
0.2269883464566929
21
0.3907677165354331
0
LINE
8
BLACK
6
CONTINUOUS
10
0.2269883464566929
20
0.3907677165354331
11
0.2253759448818898
21
0.3910416929133858
0
LINE
8
BLACK
6
CONTINUOUS
10
0.2253759448818898
20
0.3910416929133858
11
0.2208543700787401
21
0.3926238582677165
0
LINE
8
BLACK
6
CONTINUOUS
10
0.2208543700787401
20
0.3926238582677165
11
0.2208542913385827
21
0.3926238976377953
0
LINE
8
BLACK
6
CONTINUOUS
10
0.2208542913385827
20
0.3926238976377953
11
0.2196562992125984
21
0.3927362204724409
0
LINE
8
BLACK
6
CONTINUOUS
10
0.2196562992125984
20
0.3927362204724409
11
0.2196561417322835
21
0.3927362204724409
0
LINE
8
BLACK
6
CONTINUOUS
10
0.2196561417322835
20
0.3927362204724409
11
0.1602651181102362
21
0.3927362204724409
0
LINE
8
BLACK
6
CONTINUOUS
10
0.1602651181102362
20
0.3927362204724409
11
0.1602649606299213
21
0.3927362204724409
0
LINE
8
BLACK
6
CONTINUOUS
10
0.1602649606299213
20
0.3927362204724409
11
0.1590669291338583
21
0.3926238976377953
0
LINE
8
BLACK
6
CONTINUOUS
10
0.1590669291338583
20
0.3926238976377953
11
0.1590668503937008
21
0.3926238582677165
0
LINE
8
BLACK
6
CONTINUOUS
10
0.1590668503937008
20
0.3926238582677165
11
0.1545453149606299
21
0.3910416929133858
0
LINE
8
BLACK
6
CONTINUOUS
10
0.1545453149606299
20
0.3910416929133858
11
0.1529329133858268
21
0.3907677165354331
0
LINE
8
BLACK
6
CONTINUOUS
10
0.1529329133858268
20
0.3907677165354331
11
0.1417165354330709
21
0.3907677165354331
0
LINE
8
BLACK
6
CONTINUOUS
10
0.1417165354330709
20
0.3907677165354331
11
0.1390772047244095
21
0.391542716535433
0
LINE
8
BLACK
6
CONTINUOUS
10
0.1390772047244095
20
0.391542716535433
11
0.1390042913385827
21
0.3915904724409449
0
LINE
8
BLACK
6
CONTINUOUS
10
0.1390042913385827
20
0.3915904724409449
11
0.1360951181102362
21
0.3935343307086614
0
LINE
8
BLACK
6
CONTINUOUS
10
0.1360951181102362
20
0.3935343307086614
11
0.1360946456692913
21
0.3935346062992126
0
LINE
8
BLACK
6
CONTINUOUS
10
0.1360946456692913
20
0.3935346062992126
11
0.131076062992126
21
0.3956133464566929
0
LINE
8
BLACK
6
CONTINUOUS
10
0.131076062992126
20
0.3956133464566929
11
0.1310756692913386
21
0.3956134645669291
0
LINE
8
BLACK
6
CONTINUOUS
10
0.1310756692913386
20
0.3956134645669291
11
0.1257478346456693
21
0.3966732283464567
0
LINE
8
BLACK
6
CONTINUOUS
10
0.1257478346456693
20
0.3966732283464567
11
0.1257477559055118
21
0.3966732283464567
0
LINE
8
BLACK
6
CONTINUOUS
10
0.1257477559055118
20
0.3966732283464567
11
0.1203152362204724
21
0.3966732283464567
0
LINE
8
BLACK
6
CONTINUOUS
10
0.1203152362204724
20
0.3966732283464567
11
0.120315157480315
21
0.3966732283464567
0
LINE
8
BLACK
6
CONTINUOUS
10
0.120315157480315
20
0.3966732283464567
11
0.1149872834645669
21
0.3956134645669291
0
LINE
8
BLACK
6
CONTINUOUS
10
0.1149872834645669
20
0.3956134645669291
11
0.1149868897637795
21
0.3956133464566929
0
LINE
8
BLACK
6
CONTINUOUS
10
0.1149868897637795
20
0.3956133464566929
11
0.1099683070866142
21
0.3935346062992126
0
LINE
8
BLACK
6
CONTINUOUS
10
0.1099683070866142
20
0.3935346062992126
11
0.1099677952755905
21
0.3935343307086614
0
LINE
8
BLACK
6
CONTINUOUS
10
0.1099677952755905
20
0.3935343307086614
11
0.1054511023622047
21
0.3905163385826771
0
LINE
8
BLACK
6
CONTINUOUS
10
0.1054511023622047
20
0.3905163385826771
11
0.1054509448818898
21
0.3905162204724409
0
LINE
8
BLACK
6
CONTINUOUS
10
0.1054509448818898
20
0.3905162204724409
11
0.1016097637795276
21
0.3866750393700787
0
LINE
8
BLACK
6
CONTINUOUS
10
0.1016097637795276
20
0.3866750393700787
11
0.1016096456692913
21
0.3866748818897638
0
LINE
8
BLACK
6
CONTINUOUS
10
0.1016096456692913
20
0.3866748818897638
11
0.0985916535433071
21
0.3821581889763779
0
LINE
8
BLACK
6
CONTINUOUS
10
0.0985916535433071
20
0.3821581889763779
11
0.0985913779527559
21
0.3821576771653543
0
LINE
8
BLACK
6
CONTINUOUS
10
0.0985913779527559
20
0.3821576771653543
11
0.0965126377952756
21
0.3771390944881889
0
LINE
8
BLACK
6
CONTINUOUS
10
0.0965126377952756
20
0.3771390944881889
11
0.0965125196850394
21
0.3771387007874016
0
LINE
8
BLACK
6
CONTINUOUS
10
0.0965125196850394
20
0.3771387007874016
11
0.0954527559055118
21
0.3718108661417323
0
LINE
8
BLACK
6
CONTINUOUS
10
0.0954527559055118
20
0.3718108661417323
11
0.0954527559055118
21
0.3718107480314961
0
LINE
8
BLACK
6
CONTINUOUS
10
0.0954527559055118
20
0.3718107480314961
11
0.0954527559055118
21
0.3663782283464567
0
LINE
8
BLACK
6
CONTINUOUS
10
0.0954527559055118
20
0.3663782283464567
11
0.0954527559055118
21
0.3663781496062992
0
LINE
8
BLACK
6
CONTINUOUS
10
0.0954527559055118
20
0.3663781496062992
11
0.0954527165354331
21
0.3663781496062992
0
LINE
8
BLACK
6
CONTINUOUS
10
0.0954527165354331
20
0.3663781496062992
11
0.0965125196850394
21
0.3610503149606299
0
LINE
8
BLACK
6
CONTINUOUS
10
0.0965125196850394
20
0.3610503149606299
11
0.0965126377952756
21
0.3610499212598425
0
LINE
8
BLACK
6
CONTINUOUS
10
0.0965126377952756
20
0.3610499212598425
11
0.0985913779527559
21
0.3560313385826772
0
LINE
8
BLACK
6
CONTINUOUS
10
0.0985913779527559
20
0.3560313385826772
11
0.0985916535433071
21
0.3560308267716535
0
LINE
8
BLACK
6
CONTINUOUS
10
0.0985916535433071
20
0.3560308267716535
11
0.1016096456692913
21
0.3515141338582677
0
LINE
8
BLACK
6
CONTINUOUS
10
0.1016096456692913
20
0.3515141338582677
11
0.1016097637795276
21
0.3515139763779527
0
LINE
8
BLACK
6
CONTINUOUS
10
0.1016097637795276
20
0.3515139763779527
11
0.1054509448818898
21
0.3476727952755905
0
LINE
8
BLACK
6
CONTINUOUS
10
0.1054509448818898
20
0.3476727952755905
11
0.1054511023622047
21
0.3476726771653543
0
LINE
8
BLACK
6
CONTINUOUS
10
0.1054511023622047
20
0.3476726771653543
11
0.1099677952755905
21
0.3446546850393701
0
LINE
8
BLACK
6
CONTINUOUS
10
0.1099677952755905
20
0.3446546850393701
11
0.1099683070866142
21
0.3446544094488189
0
LINE
8
BLACK
6
CONTINUOUS
10
0.1099683070866142
20
0.3446544094488189
11
0.1149868897637795
21
0.3425756692913386
0
LINE
8
BLACK
6
CONTINUOUS
10
0.1149868897637795
20
0.3425756692913386
11
0.1149870866141732
21
0.3425755905511811
0
LINE
8
BLACK
6
CONTINUOUS
10
0.1149870866141732
20
0.3425755905511811
11
0.1149872440944882
21
0.3425755905511811
0
LINE
8
BLACK
6
CONTINUOUS
10
0.1149872440944882
20
0.3425755905511811
11
0.1149872834645669
21
0.3425755511811023
0
LINE
8
BLACK
6
CONTINUOUS
10
0.1149872834645669
20
0.3425755511811023
11
0.1203151181102362
21
0.341515748031496
0
LINE
8
BLACK
6
CONTINUOUS
10
0.1203151181102362
20
0.341515748031496
11
0.1203152362204724
21
0.341515748031496
0
LINE
8
BLACK
6
CONTINUOUS
10
0.1203152362204724
20
0.341515748031496
11
0.1257478346456693
21
0.341515748031496
0
LINE
8
BLACK
6
CONTINUOUS
10
0.1257478346456693
20
0.341515748031496
11
0.129810157480315
21
0.3423238188976378
0
LINE
8
BLACK
6
CONTINUOUS
10
0.129810157480315
20
0.3423238188976378
11
0.131075905511811
21
0.3425755905511811
0
LINE
8
BLACK
6
CONTINUOUS
10
0.131075905511811
20
0.3425755905511811
11
0.1360949212598425
21
0.3446545275590551
0
LINE
8
BLACK
6
CONTINUOUS
10
0.1360949212598425
20
0.3446545275590551
11
0.1390042913385827
21
0.3465985039370079
0
LINE
8
BLACK
6
CONTINUOUS
10
0.1390042913385827
20
0.3465985039370079
11
0.1397147637795275
21
0.3468209842519685
0
LINE
8
BLACK
6
CONTINUOUS
10
0.1397147637795275
20
0.3468209842519685
11
0.1403411417322835
21
0.3472235039370078
0
LINE
8
BLACK
6
CONTINUOUS
10
0.1403411417322835
20
0.3472235039370078
11
0.14156
21
0.347398779527559
0
LINE
8
BLACK
6
CONTINUOUS
10
0.14156
20
0.347398779527559
11
0.1416293700787402
21
0.3474204724409449
0
LINE
8
BLACK
6
CONTINUOUS
10
0.1416293700787402
20
0.3474204724409449
11
0.1417165354330709
21
0.3474212598425197
0
LINE
8
BLACK
6
CONTINUOUS
10
0.1417165354330709
20
0.3474212598425197
11
0.1470105118110236
21
0.3474212598425197
0
LINE
8
BLACK
6
CONTINUOUS
10
0.1470105118110236
20
0.3474212598425197
11
0.149649842519685
21
0.3466462598425197
0
LINE
8
BLACK
6
CONTINUOUS
10
0.149649842519685
20
0.3466462598425197
11
0.1514512204724409
21
0.3445673622047244
0
LINE
8
BLACK
6
CONTINUOUS
10
0.1514512204724409
20
0.3445673622047244
11
0.1518427165354331
21
0.3418446062992126
0
LINE
8
BLACK
6
CONTINUOUS
10
0.1518427165354331
20
0.3418446062992126
11
0.1507
21
0.3393424015748032
0
LINE
8
BLACK
6
CONTINUOUS
10
0.1507
20
0.3393424015748032
11
0.1499095275590551
21
0.3386114566929134
0
LINE
8
BLACK
6
CONTINUOUS
10
0.1499095275590551
20
0.3386114566929134
11
0.1497185039370079
21
0.3384705118110236
0
LINE
8
BLACK
6
CONTINUOUS
10
0.1497185039370079
20
0.3384705118110236
11
0.1465435826771654
21
0.3341686220472441
0
LINE
8
BLACK
6
CONTINUOUS
10
0.1465435826771654
20
0.3341686220472441
11
0.1465435433070866
21
0.3341685433070866
0
LINE
8
BLACK
6
CONTINUOUS
10
0.1465435433070866
20
0.3341685433070866
11
0.1447776771653543
21
0.3291221259842519
0
LINE
8
BLACK
6
CONTINUOUS
10
0.1447776771653543
20
0.3291221259842519
11
0.1447776771653543
21
0.3291220472440945
0
LINE
8
BLACK
6
CONTINUOUS
10
0.1447776771653543
20
0.3291220472440945
11
0.1446653543307087
21
0.3279240157480315
0
LINE
8
BLACK
6
CONTINUOUS
10
0.1446653543307087
20
0.3279240157480315
11
0.1446653543307087
21
0.3118398031496063
0
LINE
8
BLACK
6
CONTINUOUS
10
0.1446653543307087
20
0.3118398031496063
11
0.1447776771653543
21
0.3106417716535433
0
LINE
8
BLACK
6
CONTINUOUS
10
0.1447776771653543
20
0.3106417716535433
11
0.1447776771653543
21
0.3106416929133858
0
LINE
8
BLACK
6
CONTINUOUS
10
0.1447776771653543
20
0.3106416929133858
11
0.1464622047244094
21
0.3058277559055118
0
LINE
8
BLACK
6
CONTINUOUS
10
0.1464622047244094
20
0.3058277559055118
11
0.1465435826771654
21
0.3055951968503937
0
LINE
8
BLACK
6
CONTINUOUS
10
0.1465435826771654
20
0.3055951968503937
11
0.1497185039370079
21
0.3012933070866142
0
LINE
8
BLACK
6
CONTINUOUS
10
0.1497185039370079
20
0.3012933070866142
11
0.1517299212598425
21
0.2998088188976378
0
LINE
8
BLACK
6
CONTINUOUS
10
0.1517299212598425
20
0.2998088188976378
11
0.1525500393700787
21
0.2992035433070866
0
LINE
8
BLACK
6
CONTINUOUS
10
0.1525500393700787
20
0.2992035433070866
11
0.153198031496063
21
0.2983500787401575
0
LINE
8
BLACK
6
CONTINUOUS
10
0.153198031496063
20
0.2983500787401575
11
0.1539508267716535
21
0.2975874803149606
0
LINE
8
BLACK
6
CONTINUOUS
10
0.1539508267716535
20
0.2975874803149606
11
0.1540175984251969
21
0.2972706692913386
0
LINE
8
BLACK
6
CONTINUOUS
10
0.1540175984251969
20
0.2972706692913386
11
0.1542134645669291
21
0.2970126771653543
0
LINE
8
BLACK
6
CONTINUOUS
10
0.1542134645669291
20
0.2970126771653543
11
0.1542971653543307
21
0.2959442125984252
0
LINE
8
BLACK
6
CONTINUOUS
10
0.1542971653543307
20
0.2959442125984252
11
0.1545181496062992
21
0.2948958661417323
0
LINE
8
BLACK
6
CONTINUOUS
10
0.1545181496062992
20
0.2948958661417323
11
0.154403031496063
21
0.2945932677165354
0
LINE
8
BLACK
6
CONTINUOUS
10
0.154403031496063
20
0.2945932677165354
11
0.1544283464566929
21
0.2942703149606299
0
LINE
8
BLACK
6
CONTINUOUS
10
0.1544283464566929
20
0.2942703149606299
11
0.1539211811023622
21
0.2933263779527559
0
LINE
8
BLACK
6
CONTINUOUS
10
0.1539211811023622
20
0.2933263779527559
11
0.1535402362204724
21
0.2923247637795275
0
LINE
8
BLACK
6
CONTINUOUS
10
0.1535402362204724
20
0.2923247637795275
11
0.1532055905511811
21
0.2919944881889764
0
LINE
8
BLACK
6
CONTINUOUS
10
0.1532055905511811
20
0.2919944881889764
11
0.1531264566929134
21
0.2918471259842519
0
LINE
8
BLACK
6
CONTINUOUS
10
0.1531264566929134
20
0.2918471259842519
11
0.1525513385826772
21
0.2913486220472441
0
LINE
8
BLACK
6
CONTINUOUS
10
0.1525513385826772
20
0.2913486220472441
11
0.1525246850393701
21
0.291328937007874
0
LINE
8
BLACK
6
CONTINUOUS
10
0.1525246850393701
20
0.291328937007874
11
0.1499411811023622
21
0.2903842913385827
0
LINE
8
BLACK
6
CONTINUOUS
10
0.1499411811023622
20
0.2903842913385827
11
0.1496244094488189
21
0.2903740157480315
0
LINE
8
BLACK
6
CONTINUOUS
10
0.1496244094488189
20
0.2903740157480315
11
0.1463196456692913
21
0.2903740157480315
0
LINE
8
BLACK
6
CONTINUOUS
10
0.1463196456692913
20
0.2903740157480315
11
0.1436803149606299
21
0.2911490157480315
0
LINE
8
BLACK
6
CONTINUOUS
10
0.1436803149606299
20
0.2911490157480315
11
0.1428676377952756
21
0.2918038976377953
0
LINE
8
BLACK
6
CONTINUOUS
10
0.1428676377952756
20
0.2918038976377953
11
0.1425805118110236
21
0.2920910236220473
0
LINE
8
BLACK
6
CONTINUOUS
10
0.1425805118110236
20
0.2920910236220473
11
0.1425803543307086
21
0.2920911417322835
0
LINE
8
BLACK
6
CONTINUOUS
10
0.1425803543307086
20
0.2920911417322835
11
0.1380636614173228
21
0.2951091338582677
0
LINE
8
BLACK
6
CONTINUOUS
10
0.1380636614173228
20
0.2951091338582677
11
0.1380631496062992
21
0.2951094094488189
0
LINE
8
BLACK
6
CONTINUOUS
10
0.1380631496062992
20
0.2951094094488189
11
0.1330445669291339
21
0.2971881496062992
0
LINE
8
BLACK
6
CONTINUOUS
10
0.1330445669291339
20
0.2971881496062992
11
0.1330441732283464
21
0.2971882677165354
0
LINE
8
BLACK
6
CONTINUOUS
10
0.1330441732283464
20
0.2971882677165354
11
0.1277163385826772
21
0.298248031496063
0
LINE
8
BLACK
6
CONTINUOUS
10
0.1277163385826772
20
0.298248031496063
11
0.1277162598425197
21
0.298248031496063
0
LINE
8
BLACK
6
CONTINUOUS
10
0.1277162598425197
20
0.298248031496063
11
0.1222837401574803
21
0.298248031496063
0
LINE
8
BLACK
6
CONTINUOUS
10
0.1222837401574803
20
0.298248031496063
11
0.1222836614173228
21
0.298248031496063
0
LINE
8
BLACK
6
CONTINUOUS
10
0.1222836614173228
20
0.298248031496063
11
0.1169557874015748
21
0.2971882677165354
0
LINE
8
BLACK
6
CONTINUOUS
10
0.1169557874015748
20
0.2971882677165354
11
0.1169553937007874
21
0.2971881496062992
0
LINE
8
BLACK
6
CONTINUOUS
10
0.1169553937007874
20
0.2971881496062992
11
0.111936811023622
21
0.2951094094488189
0
LINE
8
BLACK
6
CONTINUOUS
10
0.111936811023622
20
0.2951094094488189
11
0.1119362992125984
21
0.2951091338582677
0
LINE
8
BLACK
6
CONTINUOUS
10
0.1119362992125984
20
0.2951091338582677
11
0.1074196062992126
21
0.2920911417322835
0
LINE
8
BLACK
6
CONTINUOUS
10
0.1074196062992126
20
0.2920911417322835
11
0.1074194488188976
21
0.2920910236220473
0
LINE
8
BLACK
6
CONTINUOUS
10
0.1074194488188976
20
0.2920910236220473
11
0.1035782677165354
21
0.2882498425196851
0
LINE
8
BLACK
6
CONTINUOUS
10
0.1035782677165354
20
0.2882498425196851
11
0.1035781496062992
21
0.2882496850393701
0
LINE
8
BLACK
6
CONTINUOUS
10
0.1035781496062992
20
0.2882496850393701
11
0.100560157480315
21
0.2837329921259842
0
LINE
8
BLACK
6
CONTINUOUS
10
0.100560157480315
20
0.2837329921259842
11
0.1005598818897638
21
0.2837324803149606
0
LINE
8
BLACK
6
CONTINUOUS
10
0.1005598818897638
20
0.2837324803149606
11
0.0984811417322835
21
0.2787138976377952
0
LINE
8
BLACK
6
CONTINUOUS
10
0.0984811417322835
20
0.2787138976377952
11
0.0984810236220472
21
0.2787135039370079
0
LINE
8
BLACK
6
CONTINUOUS
10
0.0984810236220472
20
0.2787135039370079
11
0.0974212598425197
21
0.2733856692913386
0
LINE
8
BLACK
6
CONTINUOUS
10
0.0974212598425197
20
0.2733856692913386
11
0.0974212598425197
21
0.2733855511811024
0
LINE
8
BLACK
6
CONTINUOUS
10
0.0974212598425197
20
0.2733855511811024
11
0.0974212598425197
21
0.267953031496063
0
LINE
8
BLACK
6
CONTINUOUS
10
0.0974212598425197
20
0.267953031496063
11
0.0974212598425197
21
0.2679529527559055
0
LINE
8
BLACK
6
CONTINUOUS
10
0.0974212598425197
20
0.2679529527559055
11
0.0974212204724409
21
0.2679529527559055
0
LINE
8
BLACK
6
CONTINUOUS
10
0.0974212204724409
20
0.2679529527559055
11
0.0984810236220472
21
0.2626251181102362
0
LINE
8
BLACK
6
CONTINUOUS
10
0.0984810236220472
20
0.2626251181102362
11
0.0984811417322835
21
0.2626247244094488
0
LINE
8
BLACK
6
CONTINUOUS
10
0.0984811417322835
20
0.2626247244094488
11
0.1005598818897638
21
0.2576061417322835
0
LINE
8
BLACK
6
CONTINUOUS
10
0.1005598818897638
20
0.2576061417322835
11
0.100560157480315
21
0.2576056299212598
0
LINE
8
BLACK
6
CONTINUOUS
10
0.100560157480315
20
0.2576056299212598
11
0.1035781496062992
21
0.253088937007874
0
LINE
8
BLACK
6
CONTINUOUS
10
0.1035781496062992
20
0.253088937007874
11
0.1035782677165354
21
0.253088779527559
0
LINE
8
BLACK
6
CONTINUOUS
10
0.1035782677165354
20
0.253088779527559
11
0.1074194488188976
21
0.2492475984251968
0
LINE
8
BLACK
6
CONTINUOUS
10
0.1074194488188976
20
0.2492475984251968
11
0.1074196062992126
21
0.2492474803149606
0
LINE
8
BLACK
6
CONTINUOUS
10
0.1074196062992126
20
0.2492474803149606
11
0.1119362992125984
21
0.2462294881889764
0
LINE
8
BLACK
6
CONTINUOUS
10
0.1119362992125984
20
0.2462294881889764
11
0.111936811023622
21
0.2462292125984252
0
LINE
8
BLACK
6
CONTINUOUS
10
0.111936811023622
20
0.2462292125984252
11
0.1169553937007874
21
0.2441504724409449
0
LINE
8
BLACK
6
CONTINUOUS
10
0.1169553937007874
20
0.2441504724409449
11
0.1169555905511811
21
0.2441503937007874
0
LINE
8
BLACK
6
CONTINUOUS
10
0.1169555905511811
20
0.2441503937007874
11
0.1169557480314961
21
0.2441503937007874
0
LINE
8
BLACK
6
CONTINUOUS
10
0.1169557480314961
20
0.2441503937007874
11
0.1169557874015748
21
0.2441503543307087
0
LINE
8
BLACK
6
CONTINUOUS
10
0.1169557874015748
20
0.2441503543307087
11
0.1222836220472441
21
0.2430905511811023
0
LINE
8
BLACK
6
CONTINUOUS
10
0.1222836220472441
20
0.2430905511811023
11
0.1222837401574803
21
0.2430905511811023
0
LINE
8
BLACK
6
CONTINUOUS
10
0.1222837401574803
20
0.2430905511811023
11
0.1277163385826772
21
0.2430905511811023
0
LINE
8
BLACK
6
CONTINUOUS
10
0.1277163385826772
20
0.2430905511811023
11
0.1313008267716535
21
0.2438035826771653
0
LINE
8
BLACK
6
CONTINUOUS
10
0.1313008267716535
20
0.2438035826771653
11
0.1330444094488189
21
0.2441503937007874
0
LINE
8
BLACK
6
CONTINUOUS
10
0.1330444094488189
20
0.2441503937007874
11
0.1380634251968504
21
0.2462293307086614
0
LINE
8
BLACK
6
CONTINUOUS
10
0.1380634251968504
20
0.2462293307086614
11
0.1425803937007874
21
0.2492474803149606
0
LINE
8
BLACK
6
CONTINUOUS
10
0.1425803937007874
20
0.2492474803149606
11
0.1427226771653543
21
0.2493897637795275
0
LINE
8
BLACK
6
CONTINUOUS
10
0.1427226771653543
20
0.2493897637795275
11
0.1428676377952756
21
0.2495346850393701
0
LINE
8
BLACK
6
CONTINUOUS
10
0.1428676377952756
20
0.2495346850393701
11
0.1439277559055118
21
0.2501135826771653
0
LINE
8
BLACK
6
CONTINUOUS
10
0.1439277559055118
20
0.2501135826771653
11
0.1449442519685039
21
0.250766811023622
0
LINE
8
BLACK
6
CONTINUOUS
10
0.1449442519685039
20
0.250766811023622
11
0.1451883464566929
21
0.2508019291338582
0
LINE
8
BLACK
6
CONTINUOUS
10
0.1451883464566929
20
0.2508019291338582
11
0.1452819291338583
21
0.2508529921259842
0
LINE
8
BLACK
6
CONTINUOUS
10
0.1452819291338583
20
0.2508529921259842
11
0.1463196456692913
21
0.2509645669291338
0
LINE
8
BLACK
6
CONTINUOUS
10
0.1463196456692913
20
0.2509645669291338
11
0.1496244094488189
21
0.2509645669291338
0
LINE
8
BLACK
6
CONTINUOUS
10
0.1496244094488189
20
0.2509645669291338
11
0.1522637401574803
21
0.2501895669291339
0
LINE
8
BLACK
6
CONTINUOUS
10
0.1522637401574803
20
0.2501895669291339
11
0.1525233464566929
21
0.2500106299212598
0
LINE
8
BLACK
6
CONTINUOUS
10
0.1525233464566929
20
0.2500106299212598
11
0.1540201968503937
21
0.248905905511811
0
LINE
8
BLACK
6
CONTINUOUS
10
0.1540201968503937
20
0.248905905511811
11
0.1540202755905512
21
0.2489058661417323
0
LINE
8
BLACK
6
CONTINUOUS
10
0.1540202755905512
20
0.2489058661417323
11
0.1540203937007874
21
0.2489057874015748
0
LINE
8
BLACK
6
CONTINUOUS
10
0.1540203937007874
20
0.2489057874015748
11
0.1552750393700787
21
0.2484667716535433
0
LINE
8
BLACK
6
CONTINUOUS
10
0.1552750393700787
20
0.2484667716535433
11
0.1590668897637795
21
0.2471399212598425
0
LINE
8
BLACK
6
CONTINUOUS
10
0.1590668897637795
20
0.2471399212598425
11
0.1602649606299213
21
0.2470275590551181
0
LINE
8
BLACK
6
CONTINUOUS
10
0.1602649606299213
20
0.2470275590551181
11
0.1602651181102362
21
0.2470275590551181
0
LINE
8
BLACK
6
CONTINUOUS
10
0.1602651181102362
20
0.2470275590551181
11
0.2196562992125984
21
0.2470275590551181
0
LINE
8
BLACK
6
CONTINUOUS
10
0.2196562992125984
20
0.2470275590551181
11
0.2208542913385827
21
0.2471399212598425
0
LINE
8
BLACK
6
CONTINUOUS
10
0.2208542913385827
20
0.2471399212598425
11
0.2208543700787401
21
0.2471399212598425
0
LINE
8
BLACK
6
CONTINUOUS
10
0.2208543700787401
20
0.2471399212598425
11
0.2233775590551181
21
0.248022874015748
0
LINE
8
BLACK
6
CONTINUOUS
10
0.2233775590551181
20
0.248022874015748
11
0.2259008661417323
21
0.2489057874015748
0
LINE
8
BLACK
6
CONTINUOUS
10
0.2259008661417323
20
0.2489057874015748
11
0.2302027559055118
21
0.2520807086614173
0
LINE
8
BLACK
6
CONTINUOUS
10
0.2302027559055118
20
0.2520807086614173
11
0.2319146456692913
21
0.2544002755905512
0
LINE
8
BLACK
6
CONTINUOUS
10
0.2319146456692913
20
0.2544002755905512
11
0.2341053937007874
21
0.2560636614173228
0
LINE
8
BLACK
6
CONTINUOUS
10
0.2341053937007874
20
0.2560636614173228
11
0.2368477559055118
21
0.2562785826771654
0
LINE
8
BLACK
6
CONTINUOUS
10
0.2368477559055118
20
0.2562785826771654
11
0.2392709842519685
21
0.2549767716535433
0
LINE
8
BLACK
6
CONTINUOUS
10
0.2392709842519685
20
0.2549767716535433
11
0.2399017322834646
21
0.2542135039370079
0
LINE
8
BLACK
6
CONTINUOUS
10
0.2399017322834646
20
0.2542135039370079
11
0.2399955511811024
21
0.2540730708661417
0
LINE
8
BLACK
6
CONTINUOUS
10
0.2399955511811024
20
0.2540730708661417
11
0.2438367716535433
21
0.2502318503937008
0
LINE
8
BLACK
6
CONTINUOUS
10
0.2438367716535433
20
0.2502318503937008
11
0.2438369291338583
21
0.2502317322834646
0
LINE
8
BLACK
6
CONTINUOUS
10
0.2438369291338583
20
0.2502317322834646
11
0.2483536220472441
21
0.2472137401574803
0
LINE
8
BLACK
6
CONTINUOUS
10
0.2483536220472441
20
0.2472137401574803
11
0.2483541338582677
21
0.2472134645669291
0
LINE
8
BLACK
6
CONTINUOUS
10
0.2483541338582677
20
0.2472134645669291
11
0.2533727165354331
21
0.2451347244094488
0
LINE
8
BLACK
6
CONTINUOUS
10
0.2533727165354331
20
0.2451347244094488
11
0.2533729133858268
21
0.2451346456692913
0
LINE
8
BLACK
6
CONTINUOUS
10
0.2533729133858268
20
0.2451346456692913
11
0.2533730708661417
21
0.2451346456692913
0
LINE
8
BLACK
6
CONTINUOUS
10
0.2533730708661417
20
0.2451346456692913
11
0.2533731102362204
21
0.2451346062992126
0
LINE
8
BLACK
6
CONTINUOUS
10
0.2533731102362204
20
0.2451346062992126
11
0.2587009448818898
21
0.2440748031496063
0
LINE
8
BLACK
6
CONTINUOUS
10
0.2587009448818898
20
0.2440748031496063
11
0.258701062992126
21
0.2440748031496063
0
LINE
8
BLACK
6
CONTINUOUS
10
0.258701062992126
20
0.2440748031496063
11
0.2641336614173228
21
0.2440748031496063
0
LINE
8
BLACK
6
CONTINUOUS
10
0.2641336614173228
20
0.2440748031496063
11
0.268490905511811
21
0.2449415354330709
0
LINE
8
BLACK
6
CONTINUOUS
10
0.268490905511811
20
0.2449415354330709
11
0.2694617322834645
21
0.2451346456692913
0
LINE
8
BLACK
6
CONTINUOUS
10
0.2694617322834645
20
0.2451346456692913
11
0.2744807480314961
21
0.2472135826771653
0
LINE
8
BLACK
6
CONTINUOUS
10
0.2744807480314961
20
0.2472135826771653
11
0.278997716535433
21
0.2502317322834646
0
LINE
8
BLACK
6
CONTINUOUS
10
0.278997716535433
20
0.2502317322834646
11
0.2828391338582677
21
0.2540731496062992
0
LINE
8
BLACK
6
CONTINUOUS
10
0.2828391338582677
20
0.2540731496062992
11
0.2858572834645669
21
0.2585901181102362
0
LINE
8
BLACK
6
CONTINUOUS
10
0.2858572834645669
20
0.2585901181102362
11
0.2879362204724409
21
0.2636091338582677
0
LINE
8
BLACK
6
CONTINUOUS
10
0.2879362204724409
20
0.2636091338582677
11
0.288996062992126
21
0.2689372834645669
0
LINE
8
BLACK
6
CONTINUOUS
10
0.288996062992126
20
0.2689372834645669
11
0.288996062992126
21
0.2743698031496063
0
LINE
8
BLACK
6
CONTINUOUS
10
0.288996062992126
20
0.2743698031496063
11
0.288996062992126
21
0.2743699212598425
0
LINE
8
BLACK
6
CONTINUOUS
10
0.288996062992126
20
0.2743699212598425
11
0.2879362598425197
21
0.2796977559055118
0
LINE
8
BLACK
6
CONTINUOUS
10
0.2879362598425197
20
0.2796977559055118
11
0.2879362204724409
21
0.2796977952755905
0
LINE
8
BLACK
6
CONTINUOUS
10
0.2879362204724409
20
0.2796977952755905
11
0.2879362204724409
21
0.2796979527559055
0
LINE
8
BLACK
6
CONTINUOUS
10
0.2879362204724409
20
0.2796979527559055
11
0.2862650787401575
21
0.2837324803149606
0
LINE
8
BLACK
6
CONTINUOUS
10
0.2862650787401575
20
0.2837324803149606
11
0.2858574015748032
21
0.2847167322834646
0
LINE
8
BLACK
6
CONTINUOUS
10
0.2858574015748032
20
0.2847167322834646
11
0.2858571259842519
21
0.2847172440944882
0
LINE
8
BLACK
6
CONTINUOUS
10
0.2858571259842519
20
0.2847172440944882
11
0.2828391338582677
21
0.289233937007874
0
LINE
8
BLACK
6
CONTINUOUS
10
0.2828391338582677
20
0.289233937007874
11
0.2828390157480315
21
0.289234094488189
0
LINE
8
BLACK
6
CONTINUOUS
10
0.2828390157480315
20
0.289234094488189
11
0.2821582283464567
21
0.2899148818897638
0
LINE
8
BLACK
6
CONTINUOUS
10
0.2821582283464567
20
0.2899148818897638
11
0.2808399212598425
21
0.2923291732283465
0
LINE
8
BLACK
6
CONTINUOUS
10
0.2808399212598425
20
0.2923291732283465
11
0.2807283464566929
21
0.2933668897637795
0
LINE
8
BLACK
6
CONTINUOUS
10
0.2807283464566929
20
0.2933668897637795
11
0.2807283464566929
21
0.3077122834645669
0
LINE
8
BLACK
6
CONTINUOUS
10
0.2807283464566929
20
0.3077122834645669
11
0.2807094094488189
21
0.3077829133858268
0
LINE
8
BLACK
6
CONTINUOUS
10
0.2807094094488189
20
0.3077829133858268
11
0.2793855118110236
21
0.3127238582677165
0
LINE
8
BLACK
6
CONTINUOUS
10
0.2793855118110236
20
0.3127238582677165
11
0.2791929921259843
21
0.3130573228346457
0
LINE
8
BLACK
6
CONTINUOUS
10
0.2791929921259843
20
0.3130573228346457
11
0.2790278346456693
21
0.3136320866141732
0
LINE
8
BLACK
6
CONTINUOUS
10
0.2790278346456693
20
0.3136320866141732
11
0.2790324409448819
21
0.3144337401574803
0
LINE
8
BLACK
6
CONTINUOUS
10
0.2790324409448819
20
0.3144337401574803
11
0.2788435039370079
21
0.3152127559055118
0
LINE
8
BLACK
6
CONTINUOUS
10
0.2788435039370079
20
0.3152127559055118
11
0.2790402362204724
21
0.3157812598425197
0
LINE
8
BLACK
6
CONTINUOUS
10
0.2790402362204724
20
0.3157812598425197
11
0.2790437401574803
21
0.3163828346456693
0
LINE
8
BLACK
6
CONTINUOUS
10
0.2790437401574803
20
0.3163828346456693
11
0.2794809842519685
21
0.3170546850393701
0
LINE
8
BLACK
6
CONTINUOUS
10
0.2794809842519685
20
0.3170546850393701
11
0.2797432283464567
21
0.3178122440944882
0
LINE
8
BLACK
6
CONTINUOUS
10
0.2797432283464567
20
0.3178122440944882
11
0.2802161417322835
21
0.3181841732283465
0
LINE
8
BLACK
6
CONTINUOUS
10
0.2802161417322835
20
0.3181841732283465
11
0.2805442913385827
21
0.3186882677165354
0
LINE
8
BLACK
6
CONTINUOUS
10
0.2805442913385827
20
0.3186882677165354
11
0.2812753543307087
21
0.3190170472440945
0
LINE
8
BLACK
6
CONTINUOUS
10
0.2812753543307087
20
0.3190170472440945
11
0.2819055511811023
21
0.3195125984251969
0
LINE
8
BLACK
6
CONTINUOUS
10
0.2819055511811023
20
0.3195125984251969
11
0.2827309842519685
21
0.3196716929133858
0
LINE
8
BLACK
6
CONTINUOUS
10
0.2827309842519685
20
0.3196716929133858
11
0.283053031496063
21
0.3198164960629921
0
LINE
8
BLACK
6
CONTINUOUS
10
0.283053031496063
20
0.3198164960629921
11
0.2832946850393701
21
0.3197803543307087
0
LINE
8
BLACK
6
CONTINUOUS
10
0.2832946850393701
20
0.3197803543307087
11
0.2837196850393701
21
0.3198622440944882
0
LINE
8
BLACK
6
CONTINUOUS
10
0.2837196850393701
20
0.3198622440944882
11
0.3001130708661418
21
0.3198622440944882
0
LINE
8
BLACK
6
CONTINUOUS
10
0.3001130708661418
20
0.3198622440944882
11
0.3024599606299213
21
0.3201145275590551
0
LINE
8
BLACK
6
CONTINUOUS
10
0.3024599606299213
20
0.3201145275590551
11
0.3068792125984252
21
0.3217628346456693
0
LINE
8
BLACK
6
CONTINUOUS
10
0.3068792125984252
20
0.3217628346456693
11
0.3088307480314961
21
0.3228895669291338
0
LINE
8
BLACK
6
CONTINUOUS
10
0.3088307480314961
20
0.3228895669291338
11
0.3107735039370079
21
0.3243438582677165
0
LINE
8
BLACK
6
CONTINUOUS
10
0.3107735039370079
20
0.3243438582677165
11
0.3113748031496063
21
0.3247939763779528
0
LINE
8
BLACK
6
CONTINUOUS
10
0.3113748031496063
20
0.3247939763779528
11
0.3139521653543307
21
0.3257552755905512
0
LINE
8
BLACK
6
CONTINUOUS
10
0.3139521653543307
20
0.3257552755905512
11
0.3143004330708661
21
0.3257677165354331
0
LINE
8
BLACK
6
CONTINUOUS
10
0.3143004330708661
20
0.3257677165354331
11
0.3376619291338583
21
0.3257677165354331
0
LINE
8
BLACK
6
CONTINUOUS
10
0.3376619291338583
20
0.3257677165354331
11
0.3403012598425197
21
0.324992716535433
0
LINE
8
BLACK
6
CONTINUOUS
10
0.3403012598425197
20
0.324992716535433
11
0.3421026377952756
21
0.3229138188976378
0
LINE
8
BLACK
6
CONTINUOUS
10
0.3421026377952756
20
0.3229138188976378
11
0.3424941338582677
21
0.320191062992126
0
LINE
8
BLACK
6
CONTINUOUS
10
0.3424941338582677
20
0.320191062992126
11
0.3417944881889764
21
0.3182868110236221
0
LINE
8
BLACK
6
CONTINUOUS
10
0.3417944881889764
20
0.3182868110236221
11
0.3415022047244095
21
0.317822125984252
0
LINE
8
BLACK
6
CONTINUOUS
10
0.3415022047244095
20
0.317822125984252
11
0.3409248031496063
21
0.3172446850393701
0
LINE
8
BLACK
6
CONTINUOUS
10
0.3409248031496063
20
0.3172446850393701
11
0.3385722440944882
21
0.3131698818897637
0
LINE
8
BLACK
6
CONTINUOUS
10
0.3385722440944882
20
0.3131698818897637
11
0.338526062992126
21
0.3130899606299212
0
LINE
8
BLACK
6
CONTINUOUS
10
0.338526062992126
20
0.3130899606299212
11
0.338525905511811
21
0.3130896456692913
0
LINE
8
BLACK
6
CONTINUOUS
10
0.338525905511811
20
0.3130896456692913
11
0.3380715354330708
21
0.3123026771653543
0
LINE
8
BLACK
6
CONTINUOUS
10
0.3380715354330708
20
0.3123026771653543
11
0.3380714960629921
21
0.3123026377952756
0
LINE
8
BLACK
6
CONTINUOUS
10
0.3380714960629921
20
0.3123026377952756
11
0.3376264566929134
21
0.3106416929133858
0
LINE
8
BLACK
6
CONTINUOUS
10
0.3376264566929134
20
0.3106416929133858
11
0.3365944881889764
21
0.3067903543307087
0
LINE
8
BLACK
6
CONTINUOUS
10
0.3365944881889764
20
0.3067903543307087
11
0.3365944881889764
21
0.3067902755905512
0
LINE
8
BLACK
6
CONTINUOUS
10
0.3365944881889764
20
0.3067902755905512
11
0.3365726771653543
21
0.3066246062992126
0
LINE
8
BLACK
6
CONTINUOUS
10
0.3365726771653543
20
0.3066246062992126
11
0.3363405118110236
21
0.3056496062992126
0
LINE
8
BLACK
6
CONTINUOUS
10
0.3363405118110236
20
0.3056496062992126
11
0.3347383070866142
21
0.3010707874015748
0
LINE
8
BLACK
6
CONTINUOUS
10
0.3347383070866142
20
0.3010707874015748
11
0.3346259842519685
21
0.2998728346456693
0
LINE
8
BLACK
6
CONTINUOUS
10
0.3346259842519685
20
0.2998728346456693
11
0.3346259842519685
21
0.2552453149606299
0
LINE
8
BLACK
6
CONTINUOUS
10
0.3346259842519685
20
0.2552453149606299
11
0.3347383070866142
21
0.2540472834645669
0
LINE
8
BLACK
6
CONTINUOUS
10
0.3347383070866142
20
0.2540472834645669
11
0.3347383070866142
21
0.2540472047244094
0
LINE
8
BLACK
6
CONTINUOUS
10
0.3347383070866142
20
0.2540472047244094
11
0.3364720866141732
21
0.2490924803149606
0
LINE
8
BLACK
6
CONTINUOUS
10
0.3364720866141732
20
0.2490924803149606
11
0.3365042125984252
21
0.2490007086614173
0
LINE
8
BLACK
6
CONTINUOUS
10
0.3365042125984252
20
0.2490007086614173
11
0.3396791338582677
21
0.2446988188976378
0
LINE
8
BLACK
6
CONTINUOUS
10
0.3396791338582677
20
0.2446988188976378
11
0.3439810236220472
21
0.2415238976377953
0
LINE
8
BLACK
6
CONTINUOUS
10
0.3439810236220472
20
0.2415238976377953
11
0.3456631889763779
21
0.2409352755905512
0
LINE
8
BLACK
6
CONTINUOUS
10
0.3456631889763779
20
0.2409352755905512
11
0.3490275196850394
21
0.239758031496063
0
LINE
8
BLACK
6
CONTINUOUS
10
0.3490275196850394
20
0.239758031496063
11
0.3502255905511811
21
0.2396456692913386
0
LINE
8
BLACK
6
CONTINUOUS
10
0.3502255905511811
20
0.2396456692913386
11
0.350225748031496
21
0.2396456692913386
0
LINE
8
BLACK
6
CONTINUOUS
10
0.350225748031496
20
0.2396456692913386
11
0.366309842519685
21
0.2396456692913386
0
LINE
8
BLACK
6
CONTINUOUS
10
0.366309842519685
20
0.2396456692913386
11
0.3675078346456693
21
0.239758031496063
0
LINE
8
BLACK
6
CONTINUOUS
10
0.3675078346456693
20
0.239758031496063
11
0.3675079133858268
21
0.239758031496063
0
LINE
8
BLACK
6
CONTINUOUS
10
0.3675079133858268
20
0.239758031496063
11
0.3700311023622047
21
0.2406409842519685
0
LINE
8
BLACK
6
CONTINUOUS
10
0.3700311023622047
20
0.2406409842519685
11
0.3725544094488189
21
0.2415238976377953
0
LINE
8
BLACK
6
CONTINUOUS
10
0.3725544094488189
20
0.2415238976377953
11
0.3768562992125984
21
0.2446988188976378
0
LINE
8
BLACK
6
CONTINUOUS
10
0.3768562992125984
20
0.2446988188976378
11
0.3800312204724409
21
0.2490007086614173
0
LINE
8
BLACK
6
CONTINUOUS
10
0.3800312204724409
20
0.2490007086614173
11
0.3810905118110236
21
0.2520279527559055
0
LINE
8
BLACK
6
CONTINUOUS
10
0.3810905118110236
20
0.2520279527559055
11
0.3817970866141732
21
0.2540472047244094
0
LINE
8
BLACK
6
CONTINUOUS
10
0.3817970866141732
20
0.2540472047244094
11
0.3817970866141732
21
0.2540472834645669
0
LINE
8
BLACK
6
CONTINUOUS
10
0.3817970866141732
20
0.2540472834645669
11
0.3819094488188977
21
0.2552453149606299
0
LINE
8
BLACK
6
CONTINUOUS
10
0.3819094488188977
20
0.2552453149606299
11
0.3819094488188977
21
0.2948425196850394
0
LINE
8
BLACK
6
CONTINUOUS
10
0.3819094488188977
20
0.2948425196850394
11
0.3826844488188976
21
0.2974818503937008
0
LINE
8
BLACK
6
CONTINUOUS
10
0.3826844488188976
20
0.2974818503937008
11
0.3840415748031496
21
0.2986578346456693
0
LINE
8
BLACK
6
CONTINUOUS
10
0.3840415748031496
20
0.2986578346456693
11
0.3843077952755906
21
0.2999961811023622
0
LINE
8
BLACK
6
CONTINUOUS
10
0.3843077952755906
20
0.2999961811023622
11
0.3855879527559055
21
0.3019120472440945
0
LINE
8
BLACK
6
CONTINUOUS
10
0.3855879527559055
20
0.3019120472440945
11
0.3875038188976378
21
0.3031922047244094
0
LINE
8
BLACK
6
CONTINUOUS
10
0.3875038188976378
20
0.3031922047244094
11
0.389763779527559
21
0.3036417322834646
0
LINE
8
BLACK
6
CONTINUOUS
10
0.389763779527559
20
0.3036417322834646
11
0.4015748031496063
21
0.3036417322834646
0
LINE
8
BLACK
6
CONTINUOUS
10
0.4015748031496063
20
0.3036417322834646
11
0.4038347637795275
21
0.3031922047244094
0
LINE
8
BLACK
6
CONTINUOUS
10
0.4038347637795275
20
0.3031922047244094
11
0.4057506299212598
21
0.3019120472440945
0
LINE
8
BLACK
6
CONTINUOUS
10
0.4057506299212598
20
0.3019120472440945
11
0.4070307874015748
21
0.2999961811023622
0
LINE
8
BLACK
6
CONTINUOUS
10
0.4070307874015748
20
0.2999961811023622
11
0.4072932283464567
21
0.2986766535433071
0
LINE
8
BLACK
6
CONTINUOUS
10
0.4072932283464567
20
0.2986766535433071
11
0.4077674409448819
21
0.2982945275590551
0
LINE
8
BLACK
6
CONTINUOUS
10
0.4077674409448819
20
0.2982945275590551
11
0.407999251968504
21
0.298062716535433
0
LINE
8
BLACK
6
CONTINUOUS
10
0.407999251968504
20
0.298062716535433
11
0.4093175590551181
21
0.2956484251968504
0
LINE
8
BLACK
6
CONTINUOUS
10
0.4093175590551181
20
0.2956484251968504
11
0.4094291338582677
21
0.2946107086614173
0
LINE
8
BLACK
6
CONTINUOUS
10
0.4094291338582677
20
0.2946107086614173
11
0.4094291338582677
21
0.2552453149606299
0
LINE
8
BLACK
6
CONTINUOUS
10
0.4094291338582677
20
0.2552453149606299
11
0.4095414566929134
21
0.2540472834645669
0
LINE
8
BLACK
6
CONTINUOUS
10
0.4095414566929134
20
0.2540472834645669
11
0.4095414566929134
21
0.2540472047244094
0
LINE
8
BLACK
6
CONTINUOUS
10
0.4095414566929134
20
0.2540472047244094
11
0.4112752362204724
21
0.2490924803149606
0
LINE
8
BLACK
6
CONTINUOUS
10
0.4112752362204724
20
0.2490924803149606
11
0.4113073622047244
21
0.2490007086614173
0
LINE
8
BLACK
6
CONTINUOUS
10
0.4113073622047244
20
0.2490007086614173
11
0.4144822834645669
21
0.2446988188976378
0
LINE
8
BLACK
6
CONTINUOUS
10
0.4144822834645669
20
0.2446988188976378
11
0.4187841732283464
21
0.2415238976377953
0
LINE
8
BLACK
6
CONTINUOUS
10
0.4187841732283464
20
0.2415238976377953
11
0.4204663385826772
21
0.2409352755905512
0
LINE
8
BLACK
6
CONTINUOUS
10
0.4204663385826772
20
0.2409352755905512
11
0.4238306692913386
21
0.239758031496063
0
LINE
8
BLACK
6
CONTINUOUS
10
0.4238306692913386
20
0.239758031496063
11
0.4250287401574803
21
0.2396456692913386
0
LINE
8
BLACK
6
CONTINUOUS
10
0.4250287401574803
20
0.2396456692913386
11
0.43956
21
0.2396456692913386
0
LINE
8
BLACK
6
CONTINUOUS
10
0.43956
20
0.2396456692913386
11
0.4403964173228346
21
0.2394000787401575
0
LINE
8
BLACK
6
CONTINUOUS
10
0.4403964173228346
20
0.2394000787401575
11
0.441266062992126
21
0.239337874015748
0
LINE
8
BLACK
6
CONTINUOUS
10
0.441266062992126
20
0.239337874015748
11
0.4416905905511811
21
0.2390200787401575
0
LINE
8
BLACK
6
CONTINUOUS
10
0.4416905905511811
20
0.2390200787401575
11
0.4421993307086614
21
0.2388706692913386
0
LINE
8
BLACK
6
CONTINUOUS
10
0.4421993307086614
20
0.2388706692913386
11
0.442770157480315
21
0.2382118897637795
0
LINE
8
BLACK
6
CONTINUOUS
10
0.442770157480315
20
0.2382118897637795
11
0.4434681496062992
21
0.2376893700787402
0
LINE
8
BLACK
6
CONTINUOUS
10
0.4434681496062992
20
0.2376893700787402
11
0.4436534645669291
21
0.2371925196850394
0
LINE
8
BLACK
6
CONTINUOUS
10
0.4436534645669291
20
0.2371925196850394
11
0.4440007086614173
21
0.2367917716535433
0
LINE
8
BLACK
6
CONTINUOUS
10
0.4440007086614173
20
0.2367917716535433
11
0.4441247637795275
21
0.2359288976377953
0
LINE
8
BLACK
6
CONTINUOUS
10
0.4441247637795275
20
0.2359288976377953
11
0.4444294488188976
21
0.2351120472440945
0
LINE
8
BLACK
6
CONTINUOUS
10
0.4444294488188976
20
0.2351120472440945
11
0.4443167322834646
21
0.234593937007874
0
LINE
8
BLACK
6
CONTINUOUS
10
0.4443167322834646
20
0.234593937007874
11
0.4443922047244094
21
0.2340690157480315
0
LINE
8
BLACK
6
CONTINUOUS
10
0.4443922047244094
20
0.2340690157480315
11
0.44403
21
0.2332759842519685
0
LINE
8
BLACK
6
CONTINUOUS
10
0.44403
20
0.2332759842519685
11
0.4438447244094488
21
0.2324241338582677
0
LINE
8
BLACK
6
CONTINUOUS
10
0.4438447244094488
20
0.2324241338582677
11
0.4433223228346457
21
0.2317262992125984
0
LINE
8
BLACK
6
CONTINUOUS
10
0.4433223228346457
20
0.2317262992125984
11
0.4432494881889764
21
0.231566811023622
0
LINE
8
BLACK
6
CONTINUOUS
10
0.4432494881889764
20
0.231566811023622
11
0.4430120078740157
21
0.2313117716535433
0
LINE
8
BLACK
6
CONTINUOUS
10
0.4430120078740157
20
0.2313117716535433
11
0.4390356299212598
21
0.2273353937007874
0
LINE
8
BLACK
6
CONTINUOUS
10
0.4390356299212598
20
0.2273353937007874
11
0.4366213385826772
21
0.2260170866141732
0
LINE
8
BLACK
6
CONTINUOUS
10
0.4366213385826772
20
0.2260170866141732
11
0.4355836220472441
21
0.2259055118110236
0
LINE
8
BLACK
6
CONTINUOUS
10
0.4355836220472441
20
0.2259055118110236
11
0.4250287401574803
21
0.2259055118110236
0
LINE
8
BLACK
6
CONTINUOUS
10
0.4250287401574803
20
0.2259055118110236
11
0.4238307086614173
21
0.225793188976378
0
LINE
8
BLACK
6
CONTINUOUS
10
0.4238307086614173
20
0.225793188976378
11
0.4238306299212599
21
0.225793188976378
0
LINE
8
BLACK
6
CONTINUOUS
10
0.4238306299212599
20
0.225793188976378
11
0.4187842125984252
21
0.2240273228346457
0
LINE
8
BLACK
6
CONTINUOUS
10
0.4187842125984252
20
0.2240273228346457
11
0.4187841338582677
21
0.2240272834645669
0
LINE
8
BLACK
6
CONTINUOUS
10
0.4187841338582677
20
0.2240272834645669
11
0.4144822834645669
21
0.2208523622047244
0
LINE
8
BLACK
6
CONTINUOUS
10
0.4144822834645669
20
0.2208523622047244
11
0.4113073622047244
21
0.2165505118110236
0
LINE
8
BLACK
6
CONTINUOUS
10
0.4113073622047244
20
0.2165505118110236
11
0.4113073228346457
21
0.2165504330708661
0
LINE
8
BLACK
6
CONTINUOUS
10
0.4113073228346457
20
0.2165504330708661
11
0.4095414566929134
21
0.2115040157480315
0
LINE
8
BLACK
6
CONTINUOUS
10
0.4095414566929134
20
0.2115040157480315
11
0.4095414566929134
21
0.211503937007874
0
LINE
8
BLACK
6
CONTINUOUS
10
0.4095414566929134
20
0.211503937007874
11
0.4094291338582677
21
0.210305905511811
0
LINE
8
BLACK
6
CONTINUOUS
10
0.4094291338582677
20
0.210305905511811
11
0.4094291338582677
21
0.1656783858267717
0
LINE
8
BLACK
6
CONTINUOUS
10
0.4094291338582677
20
0.1656783858267717
11
0.4095414566929134
21
0.1644803543307087
0
LINE
8
BLACK
6
CONTINUOUS
10
0.4095414566929134
20
0.1644803543307087
11
0.4095414566929134
21
0.1644802755905512
0
LINE
8
BLACK
6
CONTINUOUS
10
0.4095414566929134
20
0.1644802755905512
11
0.4113073228346457
21
0.1594338582677165
0
LINE
8
BLACK
6
CONTINUOUS
10
0.4113073228346457
20
0.1594338582677165
11
0.4113073622047244
21
0.159433779527559
0
LINE
8
BLACK
6
CONTINUOUS
10
0.4113073622047244
20
0.159433779527559
11
0.4124122047244094
21
0.1579367716535433
0
LINE
8
BLACK
6
CONTINUOUS
10
0.4124122047244094
20
0.1579367716535433
11
0.4127057480314961
21
0.1571330708661417
0
LINE
8
BLACK
6
CONTINUOUS
10
0.4127057480314961
20
0.1571330708661417
11
0.4131683858267716
21
0.1564132283464567
0
LINE
8
BLACK
6
CONTINUOUS
10
0.4131683858267716
20
0.1564132283464567
11
0.4132979921259842
21
0.1555116535433071
0
LINE
8
BLACK
6
CONTINUOUS
10
0.4132979921259842
20
0.1555116535433071
11
0.4133559448818898
21
0.155353031496063
0
LINE
8
BLACK
6
CONTINUOUS
10
0.4133559448818898
20
0.155353031496063
11
0.4133661417322835
21
0.1550378346456693
0
LINE
8
BLACK
6
CONTINUOUS
10
0.4133661417322835
20
0.1550378346456693
11
0.4133661417322835
21
0.1536323622047244
0
LINE
8
BLACK
6
CONTINUOUS
10
0.4133661417322835
20
0.1536323622047244
11
0.4125911417322835
21
0.150993031496063
0
LINE
8
BLACK
6
CONTINUOUS
10
0.4125911417322835
20
0.150993031496063
11
0.411007125984252
21
0.1495182283464567
0
LINE
8
BLACK
6
CONTINUOUS
10
0.411007125984252
20
0.1495182283464567
11
0.4110145275590551
21
0.1495083464566929
0
LINE
8
BLACK
6
CONTINUOUS
10
0.4110145275590551
20
0.1495083464566929
11
0.410922874015748
21
0.1494397637795276
0
LINE
8
BLACK
6
CONTINUOUS
10
0.410922874015748
20
0.1494397637795276
11
0.410824094488189
21
0.1493477559055118
0
LINE
8
BLACK
6
CONTINUOUS
10
0.410824094488189
20
0.1493477559055118
11
0.4107350393700787
21
0.1492991338582677
0
LINE
8
BLACK
6
CONTINUOUS
10
0.4107350393700787
20
0.1492991338582677
11
0.4061990157480315
21
0.1459034645669291
0
LINE
8
BLACK
6
CONTINUOUS
10
0.4061990157480315
20
0.1459034645669291
11
0.4061988976377953
21
0.1459033464566929
0
LINE
8
BLACK
6
CONTINUOUS
10
0.4061988976377953
20
0.1459033464566929
11
0.4028033858267717
21
0.1413675590551181
0
LINE
8
BLACK
6
CONTINUOUS
10
0.4028033858267717
20
0.1413675590551181
11
0.4028032283464567
21
0.1413672834645669
0
LINE
8
BLACK
6
CONTINUOUS
10
0.4028032283464567
20
0.1413672834645669
11
0.4008232283464567
21
0.1360585433070866
0
LINE
8
BLACK
6
CONTINUOUS
10
0.4008232283464567
20
0.1360585433070866
11
0.4008231889763779
21
0.1360583858267717
0
LINE
8
BLACK
6
CONTINUOUS
10
0.4008231889763779
20
0.1360583858267717
11
0.4005708661417323
21
0.1337115354330708
0
LINE
8
BLACK
6
CONTINUOUS
10
0.4005708661417323
20
0.1337115354330708
11
0.4005708661417323
21
0.1337112598425197
0
LINE
8
BLACK
6
CONTINUOUS
10
0.4005708661417323
20
0.1337112598425197
11
0.4005708661417323
21
0.1337112204724409
0
LINE
8
BLACK
6
CONTINUOUS
10
0.4005708661417323
20
0.1337112204724409
11
0.4005708661417323
21
0.1082885826771653
0
LINE
8
BLACK
6
CONTINUOUS
10
0.4005708661417323
20
0.1082885826771653
11
0.400570905511811
21
0.1082883464566929
0
LINE
8
BLACK
6
CONTINUOUS
10
0.400570905511811
20
0.1082883464566929
11
0.4008231496062992
21
0.1059416141732283
0
LINE
8
BLACK
6
CONTINUOUS
10
0.4008231496062992
20
0.1059416141732283
11
0.4028032283464567
21
0.1006327559055118
0
LINE
8
BLACK
6
CONTINUOUS
10
0.4028032283464567
20
0.1006327559055118
11
0.4028033858267717
21
0.1006324803149606
0
LINE
8
BLACK
6
CONTINUOUS
10
0.4028033858267717
20
0.1006324803149606
11
0.4061988976377953
21
0.0960966929133858
0
LINE
8
BLACK
6
CONTINUOUS
10
0.4061988976377953
20
0.0960966929133858
11
0.4061990157480315
21
0.0960965748031496
0
LINE
8
BLACK
6
CONTINUOUS
10
0.4061990157480315
20
0.0960965748031496
11
0.4107348031496063
21
0.092701062992126
0
LINE
8
BLACK
6
CONTINUOUS
10
0.4107348031496063
20
0.092701062992126
11
0.4107350787401575
21
0.092700905511811
0
LINE
8
BLACK
6
CONTINUOUS
10
0.4107350787401575
20
0.092700905511811
11
0.4125046456692913
21
0.092040905511811
0
LINE
8
BLACK
6
CONTINUOUS
10
0.4125046456692913
20
0.092040905511811
11
0.4160439763779528
21
0.0907208267716535
0
LINE
8
BLACK
6
CONTINUOUS
10
0.4160439763779528
20
0.0907208267716535
11
0.4183908267716535
21
0.0904685039370079
0
LINE
8
BLACK
6
CONTINUOUS
10
0.4183908267716535
20
0.0904685039370079
11
0.4247088976377953
21
0.0904685433070866
0
LINE
8
BLACK
6
CONTINUOUS
10
0.4247088976377953
20
0.0904685433070866
11
0.4255453149606299
21
0.0902229527559055
0
LINE
8
BLACK
6
CONTINUOUS
10
0.4255453149606299
20
0.0902229527559055
11
0.4264148818897638
21
0.0901607480314961
0
LINE
8
BLACK
6
CONTINUOUS
10
0.4264148818897638
20
0.0901607480314961
11
0.4268393700787401
21
0.0898429921259842
0
LINE
8
BLACK
6
CONTINUOUS
10
0.4268393700787401
20
0.0898429921259842
11
0.4273481889763779
21
0.0896935826771653
0
LINE
8
BLACK
6
CONTINUOUS
10
0.4273481889763779
20
0.0896935826771653
11
0.4279190551181102
21
0.0890347637795276
0
LINE
8
BLACK
6
CONTINUOUS
10
0.4279190551181102
20
0.0890347637795276
11
0.4286170078740157
21
0.0885122834645669
0
LINE
8
BLACK
6
CONTINUOUS
10
0.4286170078740157
20
0.0885122834645669
11
0.4288023228346456
21
0.0880154330708661
0
LINE
8
BLACK
6
CONTINUOUS
10
0.4288023228346456
20
0.0880154330708661
11
0.4291495669291339
21
0.0876146850393701
0
LINE
8
BLACK
6
CONTINUOUS
10
0.4291495669291339
20
0.0876146850393701
11
0.4292736220472441
21
0.086751811023622
0
LINE
8
BLACK
6
CONTINUOUS
10
0.4292736220472441
20
0.086751811023622
11
0.4295783070866142
21
0.0859349606299213
0
LINE
8
BLACK
6
CONTINUOUS
10
0.4295783070866142
20
0.0859349606299213
11
0.4294655905511811
21
0.085416811023622
0
LINE
8
BLACK
6
CONTINUOUS
10
0.4294655905511811
20
0.085416811023622
11
0.429541062992126
21
0.0848919291338583
0
LINE
8
BLACK
6
CONTINUOUS
10
0.429541062992126
20
0.0848919291338583
11
0.429178937007874
21
0.0840990157480315
0
LINE
8
BLACK
6
CONTINUOUS
10
0.429178937007874
20
0.0840990157480315
11
0.4289936220472441
21
0.0832470472440945
0
LINE
8
BLACK
6
CONTINUOUS
10
0.4289936220472441
20
0.0832470472440945
11
0.428471062992126
21
0.0825490157480315
0
LINE
8
BLACK
6
CONTINUOUS
10
0.428471062992126
20
0.0825490157480315
11
0.4283983464566929
21
0.0823897244094488
0
LINE
8
BLACK
6
CONTINUOUS
10
0.4283983464566929
20
0.0823897244094488
11
0.428161062992126
21
0.082134842519685
0
LINE
8
BLACK
6
CONTINUOUS
10
0.428161062992126
20
0.082134842519685
11
0.425700748031496
21
0.0796745275590551
0
LINE
8
BLACK
6
CONTINUOUS
10
0.425700748031496
20
0.0796745275590551
11
0.4232865748031496
21
0.0783562598425197
0
LINE
8
BLACK
6
CONTINUOUS
10
0.4232865748031496
20
0.0783562598425197
11
0.4222488188976378
21
0.0782446850393701
0
LINE
8
BLACK
6
CONTINUOUS
10
0.4222488188976378
20
0.0782446850393701
11
0.2559468503937008
21
0.0782446850393701
0
LINE
8
BLACK
6
CONTINUOUS
10
0.2559468503937008
20
0.0782446850393701
11
0.2533075196850393
21
0.0790196850393701
0
LINE
8
BLACK
6
CONTINUOUS
10
0.2533075196850393
20
0.0790196850393701
11
0.252494842519685
21
0.0796745669291339
0
LINE
8
BLACK
6
CONTINUOUS
10
0.252494842519685
20
0.0796745669291339
11
0.2497483464566929
21
0.082421062992126
0
LINE
8
BLACK
6
CONTINUOUS
10
0.2497483464566929
20
0.082421062992126
11
0.2484300393700787
21
0.0848353543307087
0
LINE
8
BLACK
6
CONTINUOUS
10
0.2484300393700787
20
0.0848353543307087
11
0.2486262598425197
21
0.0875791338582677
0
LINE
8
BLACK
6
CONTINUOUS
10
0.2486262598425197
20
0.0875791338582677
11
0.2502747637795276
21
0.0897812204724409
0
LINE
8
BLACK
6
CONTINUOUS
10
0.2502747637795276
20
0.0897812204724409
11
0.2514091732283464
21
0.0904144881889764
0
LINE
8
BLACK
6
CONTINUOUS
10
0.2514091732283464
20
0.0904144881889764
11
0.2554382677165354
21
0.0920033464566929
0
LINE
8
BLACK
6
CONTINUOUS
10
0.2554382677165354
20
0.0920033464566929
11
0.2599160236220472
21
0.095398937007874
0
LINE
8
BLACK
6
CONTINUOUS
10
0.2599160236220472
20
0.095398937007874
11
0.2633116141732283
21
0.0998766929133858
0
LINE
8
BLACK
6
CONTINUOUS
10
0.2633116141732283
20
0.0998766929133858
11
0.2633116929133858
21
0.0998769291338583
0
LINE
8
BLACK
6
CONTINUOUS
10
0.2633116929133858
20
0.0998769291338583
11
0.2634611023622047
21
0.1001425984251968
0
LINE
8
BLACK
6
CONTINUOUS
10
0.2634611023622047
20
0.1001425984251968
11
0.2654301181102362
21
0.1020634251968504
0
LINE
8
BLACK
6
CONTINUOUS
10
0.2654301181102362
20
0.1020634251968504
11
0.2681250393700788
21
0.102614842519685
0
LINE
8
BLACK
6
CONTINUOUS
10
0.2681250393700788
20
0.102614842519685
11
0.2706903149606299
21
0.1016217322834646
0
LINE
8
BLACK
6
CONTINUOUS
10
0.2706903149606299
20
0.1016217322834646
11
0.271971968503937
21
0.1001425984251968
0
LINE
8
BLACK
6
CONTINUOUS
10
0.271971968503937
20
0.1001425984251968
11
0.2721214960629921
21
0.0998766141732284
0
LINE
8
BLACK
6
CONTINUOUS
10
0.2721214960629921
20
0.0998766141732284
11
0.2755170078740157
21
0.095398937007874
0
LINE
8
BLACK
6
CONTINUOUS
10
0.2755170078740157
20
0.095398937007874
11
0.2790747244094488
21
0.092701062992126
0
LINE
8
BLACK
6
CONTINUOUS
10
0.2790747244094488
20
0.092701062992126
11
0.2799948031496063
21
0.0920033464566929
0
LINE
8
BLACK
6
CONTINUOUS
10
0.2799948031496063
20
0.0920033464566929
11
0.2852225984251969
21
0.0899417716535433
0
LINE
8
BLACK
6
CONTINUOUS
10
0.2852225984251969
20
0.0899417716535433
11
0.2885077952755906
21
0.0895472440944882
0
LINE
8
BLACK
6
CONTINUOUS
10
0.2885077952755906
20
0.0895472440944882
11
0.3089331496062992
21
0.0895472440944882
0
LINE
8
BLACK
6
CONTINUOUS
10
0.3089331496062992
20
0.0895472440944882
11
0.3122183464566929
21
0.0899417716535433
0
LINE
8
BLACK
6
CONTINUOUS
10
0.3122183464566929
20
0.0899417716535433
11
0.3174461417322835
21
0.0920033464566929
0
LINE
8
BLACK
6
CONTINUOUS
10
0.3174461417322835
20
0.0920033464566929
11
0.3219238976377953
21
0.095398937007874
0
LINE
8
BLACK
6
CONTINUOUS
10
0.3219238976377953
20
0.095398937007874
11
0.3253194881889764
21
0.0998766929133858
0
LINE
8
BLACK
6
CONTINUOUS
10
0.3253194881889764
20
0.0998766929133858
11
0.3254362598425197
21
0.1001727952755905
0
LINE
8
BLACK
6
CONTINUOUS
10
0.3254362598425197
20
0.1001727952755905
11
0.3259444488188976
21
0.1008260236220472
0
LINE
8
BLACK
6
CONTINUOUS
10
0.3259444488188976
20
0.1008260236220472
11
0.3262883070866142
21
0.1015788582677165
0
LINE
8
BLACK
6
CONTINUOUS
10
0.3262883070866142
20
0.1015788582677165
11
0.3267722047244094
21
0.1018898818897638
0
LINE
8
BLACK
6
CONTINUOUS
10
0.3267722047244094
20
0.1018898818897638
11
0.3271254724409449
21
0.1023438582677165
0
LINE
8
BLACK
6
CONTINUOUS
10
0.3271254724409449
20
0.1023438582677165
11
0.3279061417322834
21
0.1026186220472441
0
LINE
8
BLACK
6
CONTINUOUS
10
0.3279061417322834
20
0.1026186220472441
11
0.3286024015748031
21
0.1030660236220472
0
LINE
8
BLACK
6
CONTINUOUS
10
0.3286024015748031
20
0.1030660236220472
11
0.329575
21
0.103205905511811
0
LINE
8
BLACK
6
CONTINUOUS
10
0.329575
20
0.103205905511811
11
0.3297202362204724
21
0.103256968503937
0
LINE
8
BLACK
6
CONTINUOUS
10
0.3297202362204724
20
0.103256968503937
11
0.3299777952755906
21
0.1032637795275591
0
LINE
8
BLACK
6
CONTINUOUS
10
0.3299777952755906
20
0.1032637795275591
11
0.3335094094488189
21
0.1032637795275591
0
LINE
8
BLACK
6
CONTINUOUS
10
0.3335094094488189
20
0.1032637795275591
11
0.3361487401574803
21
0.1024887795275591
0
LINE
8
BLACK
6
CONTINUOUS
10
0.3361487401574803
20
0.1024887795275591
11
0.3376235039370079
21
0.1009048031496063
0
LINE
8
BLACK
6
CONTINUOUS
10
0.3376235039370079
20
0.1009048031496063
11
0.3376333858267717
21
0.1009121653543307
0
LINE
8
BLACK
6
CONTINUOUS
10
0.3376333858267717
20
0.1009121653543307
11
0.3377021653543307
21
0.1008202755905512
0
LINE
8
BLACK
6
CONTINUOUS
10
0.3377021653543307
20
0.1008202755905512
11
0.3377942125984252
21
0.1007214173228346
0
LINE
8
BLACK
6
CONTINUOUS
10
0.3377942125984252
20
0.1007214173228346
11
0.3378427952755905
21
0.1006324409448819
0
LINE
8
BLACK
6
CONTINUOUS
10
0.3378427952755905
20
0.1006324409448819
11
0.3412382677165354
21
0.0960966929133858
0
LINE
8
BLACK
6
CONTINUOUS
10
0.3412382677165354
20
0.0960966929133858
11
0.3412383858267716
21
0.0960965748031496
0
LINE
8
BLACK
6
CONTINUOUS
10
0.3412383858267716
20
0.0960965748031496
11
0.3457741732283465
21
0.092701062992126
0
LINE
8
BLACK
6
CONTINUOUS
10
0.3457741732283465
20
0.092701062992126
11
0.3457744488188976
21
0.092700905511811
0
LINE
8
BLACK
6
CONTINUOUS
10
0.3457744488188976
20
0.092700905511811
11
0.3475440157480315
21
0.092040905511811
0
LINE
8
BLACK
6
CONTINUOUS
10
0.3475440157480315
20
0.092040905511811
11
0.3510833464566929
21
0.0907208267716535
0
LINE
8
BLACK
6
CONTINUOUS
10
0.3510833464566929
20
0.0907208267716535
11
0.3534301968503937
21
0.0904685039370079
0
LINE
8
BLACK
6
CONTINUOUS
10
0.3534301968503937
20
0.0904685039370079
11
0.3729477165354331
21
0.0904685433070866
0
LINE
8
BLACK
6
CONTINUOUS
10
0.3729477165354331
20
0.0904685433070866
11
0.3752946062992126
21
0.0907208267716535
0
LINE
8
BLACK
6
CONTINUOUS
10
0.3752946062992126
20
0.0907208267716535
11
0.3806035826771653
21
0.0927009448818898
0
LINE
8
BLACK
6
CONTINUOUS
10
0.3806035826771653
20
0.0927009448818898
11
0.3851396062992126
21
0.0960966141732283
0
LINE
8
BLACK
6
CONTINUOUS
10
0.3851396062992126
20
0.0960966141732283
11
0.3885352755905512
21
0.1006326377952756
0
LINE
8
BLACK
6
CONTINUOUS
10
0.3885352755905512
20
0.1006326377952756
11
0.3905153937007874
21
0.1059416141732283
0
LINE
8
BLACK
6
CONTINUOUS
10
0.3905153937007874
20
0.1059416141732283
11
0.3907677165354331
21
0.1082884645669291
0
LINE
8
BLACK
6
CONTINUOUS
10
0.3907677165354331
20
0.1082884645669291
11
0.3907676771653543
21
0.1337114960629921
0
LINE
8
BLACK
6
CONTINUOUS
10
0.3907676771653543
20
0.1337114960629921
11
0.3905153937007874
21
0.1360583858267717
0
LINE
8
BLACK
6
CONTINUOUS
10
0.3905153937007874
20
0.1360583858267717
11
0.3899617716535433
21
0.1375426771653543
0
LINE
8
BLACK
6
CONTINUOUS
10
0.3899617716535433
20
0.1375426771653543
11
0.3885353149606299
21
0.1413672834645669
0
LINE
8
BLACK
6
CONTINUOUS
10
0.3885353149606299
20
0.1413672834645669
11
0.388535157480315
21
0.1413675590551181
0
LINE
8
BLACK
6
CONTINUOUS
10
0.388535157480315
20
0.1413675590551181
11
0.3851396456692913
21
0.1459033464566929
0
LINE
8
BLACK
6
CONTINUOUS
10
0.3851396456692913
20
0.1459033464566929
11
0.3851395275590551
21
0.1459034645669291
0
LINE
8
BLACK
6
CONTINUOUS
10
0.3851395275590551
20
0.1459034645669291
11
0.3806037401574803
21
0.1492989763779528
0
LINE
8
BLACK
6
CONTINUOUS
10
0.3806037401574803
20
0.1492989763779528
11
0.3806033464566929
21
0.1492992125984252
0
LINE
8
BLACK
6
CONTINUOUS
10
0.3806033464566929
20
0.1492992125984252
11
0.3803564960629921
21
0.1493912598425197
0
LINE
8
BLACK
6
CONTINUOUS
10
0.3803564960629921
20
0.1493912598425197
11
0.3781544488188976
21
0.1510398031496063
0
LINE
8
BLACK
6
CONTINUOUS
10
0.3781544488188976
20
0.1510398031496063
11
0.3771932677165354
21
0.1536171653543307
0
LINE
8
BLACK
6
CONTINUOUS
10
0.3771932677165354
20
0.1536171653543307
11
0.3777780708661417
21
0.1563050787401575
0
LINE
8
BLACK
6
CONTINUOUS
10
0.3777780708661417
20
0.1563050787401575
11
0.3781344094488189
21
0.1568637007874016
0
LINE
8
BLACK
6
CONTINUOUS
10
0.3781344094488189
20
0.1568637007874016
11
0.3800312204724409
21
0.159433779527559
0
LINE
8
BLACK
6
CONTINUOUS
10
0.3800312204724409
20
0.159433779527559
11
0.3810605118110236
21
0.1623753149606299
0
LINE
8
BLACK
6
CONTINUOUS
10
0.3810605118110236
20
0.1623753149606299
11
0.3817970866141732
21
0.1644802755905512
0
LINE
8
BLACK
6
CONTINUOUS
10
0.3817970866141732
20
0.1644802755905512
11
0.3817970866141732
21
0.1644803543307087
0
LINE
8
BLACK
6
CONTINUOUS
10
0.3817970866141732
20
0.1644803543307087
11
0.3819094488188977
21
0.1656783858267717
0
LINE
8
BLACK
6
CONTINUOUS
10
0.3819094488188977
20
0.1656783858267717
11
0.3819094488188977
21
0.210305905511811
0
LINE
8
BLACK
6
CONTINUOUS
10
0.3819094488188977
20
0.210305905511811
11
0.3817970866141732
21
0.211503937007874
0
LINE
8
BLACK
6
CONTINUOUS
10
0.3817970866141732
20
0.211503937007874
11
0.3817970866141732
21
0.2115040157480315
0
LINE
8
BLACK
6
CONTINUOUS
10
0.3817970866141732
20
0.2115040157480315
11
0.3803424015748031
21
0.2156611811023622
0
LINE
8
BLACK
6
CONTINUOUS
10
0.3803424015748031
20
0.2156611811023622
11
0.3800312204724409
21
0.2165504724409449
0
LINE
8
BLACK
6
CONTINUOUS
10
0.3800312204724409
20
0.2165504724409449
11
0.3768562992125984
21
0.2208523622047244
0
LINE
8
BLACK
6
CONTINUOUS
10
0.3768562992125984
20
0.2208523622047244
11
0.3725544094488189
21
0.2240272834645669
0
LINE
8
BLACK
6
CONTINUOUS
10
0.3725544094488189
20
0.2240272834645669
11
0.3725543307086614
21
0.2240273228346457
0
LINE
8
BLACK
6
CONTINUOUS
10
0.3725543307086614
20
0.2240273228346457
11
0.367507874015748
21
0.225793188976378
0
LINE
8
BLACK
6
CONTINUOUS
10
0.367507874015748
20
0.225793188976378
11
0.366309842519685
21
0.2259055118110236
0
LINE
8
BLACK
6
CONTINUOUS
10
0.366309842519685
20
0.2259055118110236
11
0.3663096850393701
21
0.2259055118110236
0
LINE
8
BLACK
6
CONTINUOUS
10
0.3663096850393701
20
0.2259055118110236
11
0.350225748031496
21
0.2259055118110236
0
LINE
8
BLACK
6
CONTINUOUS
10
0.350225748031496
20
0.2259055118110236
11
0.3502255905511811
21
0.2259055118110236
0
LINE
8
BLACK
6
CONTINUOUS
10
0.3502255905511811
20
0.2259055118110236
11
0.3490275590551181
21
0.225793188976378
0
LINE
8
BLACK
6
CONTINUOUS
10
0.3490275590551181
20
0.225793188976378
11
0.3490274803149606
21
0.225793188976378
0
LINE
8
BLACK
6
CONTINUOUS
10
0.3490274803149606
20
0.225793188976378
11
0.343981062992126
21
0.2240273228346457
0
LINE
8
BLACK
6
CONTINUOUS
10
0.343981062992126
20
0.2240273228346457
11
0.3439809842519685
21
0.2240272834645669
0
LINE
8
BLACK
6
CONTINUOUS
10
0.3439809842519685
20
0.2240272834645669
11
0.3396791338582677
21
0.2208523622047244
0
LINE
8
BLACK
6
CONTINUOUS
10
0.3396791338582677
20
0.2208523622047244
11
0.3365042125984252
21
0.2165505118110236
0
LINE
8
BLACK
6
CONTINUOUS
10
0.3365042125984252
20
0.2165505118110236
11
0.3365041732283465
21
0.2165504330708661
0
LINE
8
BLACK
6
CONTINUOUS
10
0.3365041732283465
20
0.2165504330708661
11
0.3347383070866142
21
0.2115040157480315
0
LINE
8
BLACK
6
CONTINUOUS
10
0.3347383070866142
20
0.2115040157480315
11
0.3347383070866142
21
0.211503937007874
0
LINE
8
BLACK
6
CONTINUOUS
10
0.3347383070866142
20
0.211503937007874
11
0.3346259842519685
21
0.210305905511811
0
LINE
8
BLACK
6
CONTINUOUS
10
0.3346259842519685
20
0.210305905511811
11
0.3346259842519685
21
0.1656783858267717
0
LINE
8
BLACK
6
CONTINUOUS
10
0.3346259842519685
20
0.1656783858267717
11
0.3347383070866142
21
0.1644803543307087
0
LINE
8
BLACK
6
CONTINUOUS
10
0.3347383070866142
20
0.1644803543307087
11
0.3347383070866142
21
0.1644802755905512
0
LINE
8
BLACK
6
CONTINUOUS
10
0.3347383070866142
20
0.1644802755905512
11
0.3365041732283465
21
0.1594338582677165
0
LINE
8
BLACK
6
CONTINUOUS
10
0.3365041732283465
20
0.1594338582677165
11
0.3365042125984252
21
0.159433779527559
0
LINE
8
BLACK
6
CONTINUOUS
10
0.3365042125984252
20
0.159433779527559
11
0.339515905511811
21
0.155353031496063
0
LINE
8
BLACK
6
CONTINUOUS
10
0.339515905511811
20
0.155353031496063
11
0.3396791732283465
21
0.1551318503937008
0
LINE
8
BLACK
6
CONTINUOUS
10
0.3396791732283465
20
0.1551318503937008
11
0.3413874409448819
21
0.1538711023622047
0
LINE
8
BLACK
6
CONTINUOUS
10
0.3413874409448819
20
0.1538711023622047
11
0.3430508661417323
21
0.1516802755905512
0
LINE
8
BLACK
6
CONTINUOUS
10
0.3430508661417323
20
0.1516802755905512
11
0.3432657874015748
21
0.1489379133858268
0
LINE
8
BLACK
6
CONTINUOUS
10
0.3432657874015748
20
0.1489379133858268
11
0.3423244488188976
21
0.1469234645669291
0
LINE
8
BLACK
6
CONTINUOUS
10
0.3423244488188976
20
0.1469234645669291
11
0.3419276377952756
21
0.1464194094488189
0
LINE
8
BLACK
6
CONTINUOUS
10
0.3419276377952756
20
0.1464194094488189
11
0.3412383464566929
21
0.1459033858267716
0
LINE
8
BLACK
6
CONTINUOUS
10
0.3412383464566929
20
0.1459033858267716
11
0.3378426771653543
21
0.1413673622047244
0
LINE
8
BLACK
6
CONTINUOUS
10
0.3378426771653543
20
0.1413673622047244
11
0.3377454330708661
21
0.1411066929133858
0
LINE
8
BLACK
6
CONTINUOUS
10
0.3377454330708661
20
0.1411066929133858
11
0.3373453543307087
21
0.1405984251968504
0
LINE
8
BLACK
6
CONTINUOUS
10
0.3373453543307087
20
0.1405984251968504
11
0.3365442913385827
21
0.1400286220472441
0
LINE
8
BLACK
6
CONTINUOUS
10
0.3365442913385827
20
0.1400286220472441
11
0.3358491732283465
21
0.1393334251968504
0
LINE
8
BLACK
6
CONTINUOUS
10
0.3358491732283465
20
0.1393334251968504
11
0.3354091338582677
21
0.1392211417322834
0
LINE
8
BLACK
6
CONTINUOUS
10
0.3354091338582677
20
0.1392211417322834
11
0.3351038582677165
21
0.139003937007874
0
LINE
8
BLACK
6
CONTINUOUS
10
0.3351038582677165
20
0.139003937007874
11
0.3344346850393701
21
0.1389724015748031
0
LINE
8
BLACK
6
CONTINUOUS
10
0.3344346850393701
20
0.1389724015748031
11
0.3335094094488189
21
0.1387362204724409
0
LINE
8
BLACK
6
CONTINUOUS
10
0.3335094094488189
20
0.1387362204724409
11
0.3289155511811023
21
0.1387362204724409
0
LINE
8
BLACK
6
CONTINUOUS
10
0.3289155511811023
20
0.1387362204724409
11
0.3262762204724409
21
0.1395112204724409
0
LINE
8
BLACK
6
CONTINUOUS
10
0.3262762204724409
20
0.1395112204724409
11
0.3250256299212598
21
0.1406683070866142
0
LINE
8
BLACK
6
CONTINUOUS
10
0.3250256299212598
20
0.1406683070866142
11
0.3219238976377953
21
0.1447585826771653
0
LINE
8
BLACK
6
CONTINUOUS
10
0.3219238976377953
20
0.1447585826771653
11
0.3174462204724409
21
0.148154094488189
0
LINE
8
BLACK
6
CONTINUOUS
10
0.3174462204724409
20
0.148154094488189
11
0.3174461417322835
21
0.1481541338582677
0
LINE
8
BLACK
6
CONTINUOUS
10
0.3174461417322835
20
0.1481541338582677
11
0.3122183464566929
21
0.1502157086614173
0
LINE
8
BLACK
6
CONTINUOUS
10
0.3122183464566929
20
0.1502157086614173
11
0.3122183070866142
21
0.1502157480314961
0
LINE
8
BLACK
6
CONTINUOUS
10
0.3122183070866142
20
0.1502157480314961
11
0.3122182283464567
21
0.1502157480314961
0
LINE
8
BLACK
6
CONTINUOUS
10
0.3122182283464567
20
0.1502157480314961
11
0.3089331496062992
21
0.1506102362204724
0
LINE
8
BLACK
6
CONTINUOUS
10
0.3089331496062992
20
0.1506102362204724
11
0.2885077952755906
21
0.1506102362204724
0
LINE
8
BLACK
6
CONTINUOUS
10
0.2885077952755906
20
0.1506102362204724
11
0.2852226771653543
21
0.1502157480314961
0
LINE
8
BLACK
6
CONTINUOUS
10
0.2852226771653543
20
0.1502157480314961
11
0.2852226377952756
21
0.1502157480314961
0
LINE
8
BLACK
6
CONTINUOUS
10
0.2852226377952756
20
0.1502157480314961
11
0.2799946850393701
21
0.148154094488189
0
LINE
8
BLACK
6
CONTINUOUS
10
0.2799946850393701
20
0.148154094488189
11
0.2755170078740157
21
0.1447585826771653
0
LINE
8
BLACK
6
CONTINUOUS
10
0.2755170078740157
20
0.1447585826771653
11
0.2721214173228346
21
0.1402807874015748
0
LINE
8
BLACK
6
CONTINUOUS
10
0.2721214173228346
20
0.1402807874015748
11
0.2719718897637795
21
0.1400148031496063
0
LINE
8
BLACK
6
CONTINUOUS
10
0.2719718897637795
20
0.1400148031496063
11
0.2700028346456693
21
0.1380940157480315
0
LINE
8
BLACK
6
CONTINUOUS
10
0.2700028346456693
20
0.1380940157480315
11
0.267307874015748
21
0.1375426771653543
0
LINE
8
BLACK
6
CONTINUOUS
10
0.267307874015748
20
0.1375426771653543
11
0.2647426377952756
21
0.138535905511811
0
LINE
8
BLACK
6
CONTINUOUS
10
0.2647426377952756
20
0.138535905511811
11
0.2634611811023622
21
0.1400148031496063
0
LINE
8
BLACK
6
CONTINUOUS
10
0.2634611811023622
20
0.1400148031496063
11
0.2633116141732283
21
0.1402807874015748
0
LINE
8
BLACK
6
CONTINUOUS
10
0.2633116141732283
20
0.1402807874015748
11
0.2599160236220472
21
0.1447585826771653
0
LINE
8
BLACK
6
CONTINUOUS
10
0.2599160236220472
20
0.1447585826771653
11
0.2554383464566929
21
0.148154094488189
0
LINE
8
BLACK
6
CONTINUOUS
10
0.2554383464566929
20
0.148154094488189
11
0.2554382677165354
21
0.1481541338582677
0
LINE
8
BLACK
6
CONTINUOUS
10
0.2554382677165354
20
0.1481541338582677
11
0.2502104724409449
21
0.1502157086614173
0
LINE
8
BLACK
6
CONTINUOUS
10
0.2502104724409449
20
0.1502157086614173
11
0.2502104330708662
21
0.1502157480314961
0
LINE
8
BLACK
6
CONTINUOUS
10
0.2502104330708662
20
0.1502157480314961
11
0.2502103543307087
21
0.1502157480314961
0
LINE
8
BLACK
6
CONTINUOUS
10
0.2502103543307087
20
0.1502157480314961
11
0.2469252755905512
21
0.1506102362204724
0
LINE
8
BLACK
6
CONTINUOUS
10
0.2469252755905512
20
0.1506102362204724
11
0.2264999212598425
21
0.1506102362204724
0
LINE
8
BLACK
6
CONTINUOUS
10
0.2264999212598425
20
0.1506102362204724
11
0.2232148031496063
21
0.1502157480314961
0
LINE
8
BLACK
6
CONTINUOUS
10
0.2232148031496063
20
0.1502157480314961
11
0.2232147637795276
21
0.1502157480314961
0
LINE
8
BLACK
6
CONTINUOUS
10
0.2232147637795276
20
0.1502157480314961
11
0.2179868110236221
21
0.148154094488189
0
LINE
8
BLACK
6
CONTINUOUS
10
0.2179868110236221
20
0.148154094488189
11
0.2135091338582677
21
0.1447585826771653
0
LINE
8
BLACK
6
CONTINUOUS
10
0.2135091338582677
20
0.1447585826771653
11
0.2101136220472441
21
0.140280905511811
0
LINE
8
BLACK
6
CONTINUOUS
10
0.2101136220472441
20
0.140280905511811
11
0.208051968503937
21
0.1350529527559055
0
LINE
8
BLACK
6
CONTINUOUS
10
0.208051968503937
20
0.1350529527559055
11
0.208051968503937
21
0.1350529133858268
0
LINE
8
BLACK
6
CONTINUOUS
10
0.208051968503937
20
0.1350529133858268
11
0.2076574803149606
21
0.1317678346456693
0
LINE
8
BLACK
6
CONTINUOUS
10
0.2076574803149606
20
0.1317678346456693
11
0.2076574803149606
21
0.1083896850393701
0
LINE
8
BLACK
6
CONTINUOUS
10
0.2076574803149606
20
0.1083896850393701
11
0.208051968503937
21
0.1051046062992126
0
LINE
8
BLACK
6
CONTINUOUS
10
0.208051968503937
20
0.1051046062992126
11
0.208051968503937
21
0.1051045669291338
0
LINE
8
BLACK
6
CONTINUOUS
10
0.208051968503937
20
0.1051045669291338
11
0.2101136220472441
21
0.0998766141732284
0
LINE
8
BLACK
6
CONTINUOUS
10
0.2101136220472441
20
0.0998766141732284
11
0.2114883464566929
21
0.0980637795275591
0
LINE
8
BLACK
6
CONTINUOUS
10
0.2114883464566929
20
0.0980637795275591
11
0.2124656299212598
21
0.0954924803149606
0
LINE
8
BLACK
6
CONTINUOUS
10
0.2124656299212598
20
0.0954924803149606
11
0.2124803149606299
21
0.0951139763779528
0
LINE
8
BLACK
6
CONTINUOUS
10
0.2124803149606299
20
0.0951139763779528
11
0.2124803149606299
21
0.0745351181102362
0
LINE
8
BLACK
6
CONTINUOUS
10
0.2124803149606299
20
0.0745351181102362
11
0.2133207086614173
21
0.0713987007874016
0
LINE
8
BLACK
6
CONTINUOUS
10
0.2133207086614173
20
0.0713987007874016
11
0.2133207086614173
21
0.0713986614173228
0
LINE
8
BLACK
6
CONTINUOUS
10
0.2133207086614173
20
0.0713986614173228
11
0.213688937007874
21
0.0700242913385827
0
LINE
8
BLACK
6
CONTINUOUS
10
0.213688937007874
20
0.0700242913385827
11
0.2136889763779528
21
0.0700242125984252
0
LINE
8
BLACK
6
CONTINUOUS
10
0.2136889763779528
20
0.0700242125984252
11
0.2136890157480315
21
0.0700241338582677
0
LINE
8
BLACK
6
CONTINUOUS
10
0.2136890157480315
20
0.0700241338582677
11
0.2160240551181102
21
0.0659797637795276
0
LINE
8
BLACK
6
CONTINUOUS
10
0.2160240551181102
20
0.0659797637795276
11
0.2356878346456693
21
0.0463159842519685
0
LINE
8
BLACK
6
CONTINUOUS
10
0.2356878346456693
20
0.0463159842519685
11
0.2397322047244095
21
0.0439809448818898
0
LINE
8
BLACK
6
CONTINUOUS
10
0.2397322047244095
20
0.0439809448818898
11
0.2406852755905512
21
0.0437256299212598
0
LINE
8
BLACK
6
CONTINUOUS
10
0.2406852755905512
20
0.0437256299212598
11
0.2406853937007874
21
0.0437255511811024
0
LINE
8
BLACK
6
CONTINUOUS
10
0.2406853937007874
20
0.0437255511811024
11
0.2406854330708661
21
0.0437255511811024
0
LINE
8
BLACK
6
CONTINUOUS
10
0.2406854330708661
20
0.0437255511811024
11
0.2418713385826771
21
0.0434077952755905
0
LINE
8
BLACK
6
CONTINUOUS
10
0.2418713385826771
20
0.0434077952755905
11
0.2442431496062992
21
0.0427722440944882
0
LINE
8
BLACK
6
CONTINUOUS
10
0.2442431496062992
20
0.0427722440944882
11
0.4173927165354331
21
0.0427722440944882
0
LINE
8
BLACK
6
CONTINUOUS
10
0.4173927165354331
20
0.0427722440944882
11
0.4200320472440945
21
0.0419972440944882
0
LINE
8
BLACK
6
CONTINUOUS
10
0.4200320472440945
20
0.0419972440944882
11
0.4218334251968504
21
0.0399183464566929
0
LINE
8
BLACK
6
CONTINUOUS
10
0.4218334251968504
20
0.0399183464566929
11
0.4222249212598425
21
0.0371955905511811
0
LINE
8
BLACK
6
CONTINUOUS
10
0.4222249212598425
20
0.0371955905511811
11
0.4218704330708661
21
0.0359453937007874
0
LINE
8
BLACK
6
CONTINUOUS
10
0.4218704330708661
20
0.0359453937007874
11
0.4177402755905512
21
0.0264368897637795
0
LINE
8
BLACK
6
CONTINUOUS
10
0.4177402755905512
20
0.0264368897637795
11
0.4168528346456693
21
0.0232694881889764
0
LINE
8
BLACK
6
CONTINUOUS
10
0.4168528346456693
20
0.0232694881889764
11
0.4153944881889763
21
0.020937125984252
0
LINE
8
BLACK
6
CONTINUOUS
10
0.4153944881889763
20
0.020937125984252
11
0.4129066929133858
21
0.0197634251968504
0
LINE
8
BLACK
6
CONTINUOUS
10
0.4129066929133858
20
0.0197634251968504
11
0.412151968503937
21
0.0197047244094488
0
LINE
8
BLACK
6
CONTINUOUS
10
0.412151968503937
20
0.0197047244094488
11
0.1783992125984252
21
0.0197047244094488
0
LINE
8
BLACK
6
CONTINUOUS
10
0.1783992125984252
20
0.0197047244094488
11
0.1757598818897638
21
0.0204797244094488
0
LINE
8
BLACK
6
CONTINUOUS
10
0.1757598818897638
20
0.0204797244094488
11
0.1739585039370079
21
0.0225586220472441
0
LINE
8
BLACK
6
CONTINUOUS
10
0.1739585039370079
20
0.0225586220472441
11
0.1736983464566929
21
0.0232694881889764
0
LINE
8
BLACK
6
CONTINUOUS
10
0.1736983464566929
20
0.0232694881889764
11
0.1728109448818897
21
0.0264366929133858
0
LINE
8
BLACK
6
CONTINUOUS
10
0.1728109448818897
20
0.0264366929133858
11
0.1685183070866142
21
0.0363192913385827
0
LINE
8
BLACK
6
CONTINUOUS
10
0.1685183070866142
20
0.0363192913385827
11
0.1685183464566929
21
0.0363192913385827
0
LINE
8
BLACK
6
CONTINUOUS
10
0.1685183464566929
20
0.0363192913385827
11
0.1629200787401575
21
0.0455252755905512
0
LINE
8
BLACK
6
CONTINUOUS
10
0.1629200787401575
20
0.0455252755905512
11
0.162276811023622
21
0.0463159448818898
0
LINE
8
BLACK
6
CONTINUOUS
10
0.162276811023622
20
0.0463159448818898
11
0.1599234645669291
21
0.0492085826771654
0
LINE
8
BLACK
6
CONTINUOUS
10
0.1599234645669291
20
0.0492085826771654
11
0.1561203543307087
21
0.0538832677165354
0
LINE
8
BLACK
6
CONTINUOUS
10
0.1561203543307087
20
0.0538832677165354
11
0.1482456299212598
21
0.0612377952755905
0
LINE
8
BLACK
6
CONTINUOUS
10
0.1482456299212598
20
0.0612377952755905
11
0.1394434645669291
21
0.0674510236220472
0
LINE
8
BLACK
6
CONTINUOUS
10
0.1394434645669291
20
0.0674510236220472
11
0.1394432283464567
21
0.0674511811023622
0
LINE
8
BLACK
6
CONTINUOUS
10
0.1394432283464567
20
0.0674511811023622
11
0.1298763779527559
21
0.0724083070866142
0
LINE
8
BLACK
6
CONTINUOUS
10
0.1298763779527559
20
0.0724083070866142
11
0.1197242125984252
21
0.0760164173228347
0
LINE
8
BLACK
6
CONTINUOUS
10
0.1197242125984252
20
0.0760164173228347
11
0.1197235826771653
21
0.0760166141732283
0
LINE
8
BLACK
6
CONTINUOUS
10
0.1197235826771653
20
0.0760166141732283
11
0.1091748031496063
21
0.0782086220472441
0
LINE
8
BLACK
6
CONTINUOUS
10
0.1091748031496063
20
0.0782086220472441
11
0.1091747244094488
21
0.0782086614173228
0
LINE
8
BLACK
6
CONTINUOUS
10
0.1091747244094488
20
0.0782086614173228
11
0.0984251968503937
21
0.0789438976377953
0
LINE
8
BLACK
6
CONTINUOUS
10
0.0984251968503937
20
0.0789438976377953
11
0.0876756299212598
21
0.0782086614173228
0
LINE
8
BLACK
6
CONTINUOUS
10
0.0876756299212598
20
0.0782086614173228
11
0.0876755511811024
21
0.0782086220472441
0
LINE
8
BLACK
6
CONTINUOUS
10
0.0876755511811024
20
0.0782086220472441
11
0.0771267716535433
21
0.0760166141732283
0
LINE
8
BLACK
6
CONTINUOUS
10
0.0771267716535433
20
0.0760166141732283
11
0.0771261417322835
21
0.0760164173228347
0
LINE
8
BLACK
6
CONTINUOUS
10
0.0771261417322835
20
0.0760164173228347
11
0.0669739763779528
21
0.0724083070866142
0
LINE
8
BLACK
6
CONTINUOUS
10
0.0669739763779528
20
0.0724083070866142
11
0.057407125984252
21
0.0674511811023622
0
LINE
8
BLACK
6
CONTINUOUS
10
0.057407125984252
20
0.0674511811023622
11
0.0574068897637795
21
0.0674510236220472
0
LINE
8
BLACK
6
CONTINUOUS
10
0.0574068897637795
20
0.0674510236220472
11
0.0486047244094488
21
0.0612377952755905
0
LINE
8
BLACK
6
CONTINUOUS
10
0.0486047244094488
20
0.0612377952755905
11
0.04073
21
0.0538832677165354
0
LINE
8
BLACK
6
CONTINUOUS
10
0.04073
20
0.0538832677165354
11
0.0339302755905512
21
0.0455252755905512
0
LINE
8
BLACK
6
CONTINUOUS
10
0.0339302755905512
20
0.0455252755905512
11
0.0287577952755905
21
0.0370194094488189
0
LINE
8
BLACK
6
CONTINUOUS
10
0.0287577952755905
20
0.0370194094488189
11
0.0267242913385827
21
0.035166968503937
0
LINE
8
BLACK
6
CONTINUOUS
10
0.0267242913385827
20
0.035166968503937
11
0.0240120472440945
21
0.0347079921259843
0
LINE
8
BLACK
6
CONTINUOUS
10
0.0240120472440945
20
0.0347079921259843
11
0.0214822834645669
21
0.0357881889763779
0
LINE
8
BLACK
6
CONTINUOUS
10
0.0214822834645669
20
0.0357881889763779
11
0.0199380708661417
21
0.0380646456692913
0
LINE
8
BLACK
6
CONTINUOUS
10
0.0199380708661417
20
0.0380646456692913
11
0.0197047244094488
21
0.0395559448818898
0
LINE
8
BLACK
6
CONTINUOUS
10
0.0197047244094488
20
0.0395559448818898
11
0.0197047244094488
21
0.1291288976377953
0
LINE
8
BLACK
6
CONTINUOUS
10
0.0197047244094488
20
0.1291288976377953
11
0.0169027165354331
21
0.1296862204724409
0
LINE
8
BLACK
6
CONTINUOUS
10
0.0169027165354331
20
0.1296862204724409
11
0.0137095669291339
21
0.1318198031496063
0
LINE
8
BLACK
6
CONTINUOUS
10
0.0137095669291339
20
0.1318198031496063
11
0.0115759842519685
21
0.1350129527559055
0
LINE
8
BLACK
6
CONTINUOUS
10
0.0115759842519685
20
0.1350129527559055
11
0.0108267716535433
21
0.1387795275590551
0
LINE
8
BLACK
6
CONTINUOUS
10
0.0108267716535433
20
0.1387795275590551
11
0.0108267716535433
21
0.1584645669291339
0
LINE
8
BLACK
6
CONTINUOUS
10
0.0108267716535433
20
0.1584645669291339
11
0.0115759842519685
21
0.1622311417322835
0
LINE
8
BLACK
6
CONTINUOUS
10
0.0115759842519685
20
0.1622311417322835
11
0.0137095669291339
21
0.1654242913385827
0
LINE
8
BLACK
6
CONTINUOUS
10
0.0137095669291339
20
0.1654242913385827
11
0.0169027165354331
21
0.167557874015748
0
LINE
8
BLACK
6
CONTINUOUS
10
0.0169027165354331
20
0.167557874015748
11
0.0197047244094488
21
0.1681152362204724
0
LINE
8
BLACK
6
CONTINUOUS
10
0.0197047244094488
20
0.1681152362204724
11
0.0197047244094488
21
0.4224359842519685
0
LINE
8
BLACK
6
CONTINUOUS
10
0.0197047244094488
20
0.4224359842519685
11
0.0169027165354331
21
0.4229933070866141
0
LINE
8
BLACK
6
CONTINUOUS
10
0.0169027165354331
20
0.4229933070866141
11
0.0137095669291339
21
0.4251268897637795
0
LINE
8
BLACK
6
CONTINUOUS
10
0.0137095669291339
20
0.4251268897637795
11
0.0115759842519685
21
0.4283200393700787
0
LINE
8
BLACK
6
CONTINUOUS
10
0.0115759842519685
20
0.4283200393700787
11
0.0108267716535433
21
0.4320866141732284
0
LINE
8
BLACK
6
CONTINUOUS
10
0.0108267716535433
20
0.4320866141732284
11
0.0108267716535433
21
0.4517716535433071
0
LINE
8
BLACK
6
CONTINUOUS
10
0.0108267716535433
20
0.4517716535433071
11
0.0115759842519685
21
0.4555382283464567
0
LINE
8
BLACK
6
CONTINUOUS
10
0.0115759842519685
20
0.4555382283464567
11
0.0137095669291339
21
0.4587313779527559
0
LINE
8
BLACK
6
CONTINUOUS
10
0.0137095669291339
20
0.4587313779527559
11
0.0169027165354331
21
0.4608649606299213
0
LINE
8
BLACK
6
CONTINUOUS
10
0.0169027165354331
20
0.4608649606299213
11
0.0197047244094488
21
0.4614223228346457
0
LINE
8
BLACK
6
CONTINUOUS
10
0.0197047244094488
20
0.4614223228346457
11
0.0197047244094488
21
0.5509952755905512
0
LINE
8
BLACK
6
CONTINUOUS
10
0.0197047244094488
20
0.5509952755905512
11
0.0204797244094488
21
0.5536346062992126
0
LINE
8
BLACK
6
CONTINUOUS
10
0.0204797244094488
20
0.5536346062992126
11
0.0225586220472441
21
0.5554359842519685
0
LINE
8
BLACK
6
CONTINUOUS
10
0.0225586220472441
20
0.5554359842519685
11
0.0252813779527559
21
0.5558274803149607
0
LINE
8
BLACK
6
CONTINUOUS
10
0.0252813779527559
20
0.5558274803149607
11
0.0277835826771654
21
0.5546847637795276
0
LINE
8
BLACK
6
CONTINUOUS
10
0.0277835826771654
20
0.5546847637795276
11
0.0287577952755905
21
0.553531811023622
0
LINE
8
BLACK
6
CONTINUOUS
10
0.0287577952755905
20
0.553531811023622
11
0.0339302755905512
21
0.5450259448818897
0
LINE
8
BLACK
6
CONTINUOUS
10
0.0339302755905512
20
0.5450259448818897
11
0.04073
21
0.5366679527559055
0
LINE
8
BLACK
6
CONTINUOUS
10
0.04073
20
0.5366679527559055
11
0.0486047244094488
21
0.5293134251968504
0
LINE
8
BLACK
6
CONTINUOUS
10
0.0486047244094488
20
0.5293134251968504
11
0.0574068897637795
21
0.5231001968503937
0
LINE
8
BLACK
6
CONTINUOUS
10
0.0574068897637795
20
0.5231001968503937
11
0.057407125984252
21
0.5231000393700788
0
LINE
8
BLACK
6
CONTINUOUS
10
0.057407125984252
20
0.5231000393700788
11
0.0574072047244094
21
0.5231
0
LINE
8
BLACK
6
CONTINUOUS
10
0.0574072047244094
20
0.5231
11
0.0669738582677165
21
0.5181429527559055
0
LINE
8
BLACK
6
CONTINUOUS
10
0.0669738582677165
20
0.5181429527559055
11
0.0669739763779528
21
0.5181429133858267
0
LINE
8
BLACK
6
CONTINUOUS
10
0.0669739763779528
20
0.5181429133858267
11
0.0771261417322835
21
0.5145348031496063
0
LINE
8
BLACK
6
CONTINUOUS
10
0.0771261417322835
20
0.5145348031496063
11
0.0771267716535433
21
0.5145346062992125
0
LINE
8
BLACK
6
CONTINUOUS
10
0.0771267716535433
20
0.5145346062992125
11
0.0846163385826772
21
0.5129783070866142
0
LINE
8
BLACK
6
CONTINUOUS
10
0.0846163385826772
20
0.5129783070866142
11
0.0876755905511811
21
0.5123425984251968
0
LINE
8
BLACK
6
CONTINUOUS
10
0.0876755905511811
20
0.5123425984251968
11
0.0876756299212598
21
0.5123425590551181
0
LINE
8
BLACK
6
CONTINUOUS
10
0.0876756299212598
20
0.5123425590551181
11
0.0883638188976378
21
0.5122955118110236
0
LINE
8
BLACK
6
CONTINUOUS
10
0.0883638188976378
20
0.5122955118110236
11
0.0984251968503937
21
0.511607283464567
0
LINE
8
BLACK
6
CONTINUOUS
10
0.0984251968503937
20
0.511607283464567
11
0.1091747244094488
21
0.5123425590551181
0
LINE
8
BLACK
6
CONTINUOUS
10
0.1091747244094488
20
0.5123425590551181
11
0.1139220472440945
21
0.513329094488189
0
LINE
8
BLACK
6
CONTINUOUS
10
0.1139220472440945
20
0.513329094488189
11
0.1197235826771653
21
0.5145346062992125
0
LINE
8
BLACK
6
CONTINUOUS
10
0.1197235826771653
20
0.5145346062992125
11
0.1197238188976378
21
0.5145347244094488
0
LINE
8
BLACK
6
CONTINUOUS
10
0.1197238188976378
20
0.5145347244094488
11
0.1197240157480315
21
0.5145347244094488
0
LINE
8
BLACK
6
CONTINUOUS
10
0.1197240157480315
20
0.5145347244094488
11
0.1298765354330709
21
0.5181429527559055
0
LINE
8
BLACK
6
CONTINUOUS
10
0.1298765354330709
20
0.5181429527559055
11
0.1394431889763779
21
0.5231
0
LINE
8
BLACK
6
CONTINUOUS
10
0.1394431889763779
20
0.5231
11
0.1482457480314961
21
0.5293135039370078
0
LINE
8
BLACK
6
CONTINUOUS
10
0.1482457480314961
20
0.5293135039370078
11
0.1561202362204724
21
0.5366677952755905
0
LINE
8
BLACK
6
CONTINUOUS
10
0.1561202362204724
20
0.5366677952755905
11
0.16292
21
0.5450257874015748
0
LINE
8
BLACK
6
CONTINUOUS
10
0.16292
20
0.5450257874015748
11
0.1685183070866142
21
0.5542318503937008
0
LINE
8
BLACK
6
CONTINUOUS
10
0.1685183070866142
20
0.5542318503937008
11
0.1687490551181102
21
0.554763031496063
0
LINE
8
BLACK
6
CONTINUOUS
10
0.1687490551181102
20
0.554763031496063
11
0.1728108661417323
21
0.5641143307086613
0
LINE
8
BLACK
6
CONTINUOUS
10
0.1728108661417323
20
0.5641143307086613
11
0.1728109448818897
21
0.5641144881889764
0
LINE
8
BLACK
6
CONTINUOUS
10
0.1728109448818897
20
0.5641144881889764
11
0.1736983464566929
21
0.5672817322834646
0
LINE
8
BLACK
6
CONTINUOUS
10
0.1736983464566929
20
0.5672817322834646
11
0.1751566929133858
21
0.5696140551181103
0
LINE
8
BLACK
6
CONTINUOUS
10
0.1751566929133858
20
0.5696140551181103
11
0.1776444881889764
21
0.5707877559055118
0
LINE
8
BLACK
6
CONTINUOUS
10
0.1776444881889764
20
0.5707877559055118
11
0.1783992125984252
21
0.5708464566929133
0
LINE
8
BLACK
6
CONTINUOUS
10
0.1783992125984252
20
0.5708464566929133
11
0.412151968503937
21
0.5708464566929133
0
LINE
8
BLACK
6
CONTINUOUS
10
0.412151968503937
20
0.5708464566929133
11
0.4147912992125984
21
0.5700714566929134
0
LINE
8
BLACK
6
CONTINUOUS
10
0.8344488188976378
20
0.2720472440944882
11
0.8394270866141732
21
0.2720472440944882
0
LINE
8
BLACK
6
CONTINUOUS
10
0.8394270866141732
20
0.2720472440944882
11
0.8403871653543307
21
0.2719526771653543
0
LINE
8
BLACK
6
CONTINUOUS
10
0.8403871653543307
20
0.2719526771653543
11
0.8403872047244094
21
0.2719526771653543
0
LINE
8
BLACK
6
CONTINUOUS
10
0.8403872047244094
20
0.2719526771653543
11
0.8409067716535433
21
0.2717374803149606
0
LINE
8
BLACK
6
CONTINUOUS
10
0.8409067716535433
20
0.2717374803149606
11
0.8421611811023622
21
0.271217874015748
0
LINE
8
BLACK
6
CONTINUOUS
10
0.8421611811023622
20
0.271217874015748
11
0.8421613779527559
21
0.2712176771653543
0
LINE
8
BLACK
6
CONTINUOUS
10
0.8421613779527559
20
0.2712176771653543
11
0.8429069291338582
21
0.2706058267716535
0
LINE
8
BLACK
6
CONTINUOUS
10
0.8429069291338582
20
0.2706058267716535
11
0.8578105511811024
21
0.2557022440944882
0
LINE
8
BLACK
6
CONTINUOUS
10
0.8578105511811024
20
0.2557022440944882
11
0.8584225590551181
21
0.2549564960629921
0
LINE
8
BLACK
6
CONTINUOUS
10
0.8584225590551181
20
0.2549564960629921
11
0.8584225984251969
21
0.2549564566929134
0
LINE
8
BLACK
6
CONTINUOUS
10
0.8584225984251969
20
0.2549564566929134
11
0.8587303149606299
21
0.2542135039370079
0
LINE
8
BLACK
6
CONTINUOUS
10
0.8587303149606299
20
0.2542135039370079
11
0.8591475984251968
21
0.253206062992126
0
LINE
8
BLACK
6
CONTINUOUS
10
0.8591475984251968
20
0.253206062992126
11
0.8591574015748031
21
0.2531824409448819
0
LINE
8
BLACK
6
CONTINUOUS
10
0.8591574015748031
20
0.2531824409448819
11
0.859251968503937
21
0.2522223622047244
0
LINE
8
BLACK
6
CONTINUOUS
10
0.859251968503937
20
0.2522223622047244
11
0.859251968503937
21
0.2481890157480315
0
LINE
8
BLACK
6
CONTINUOUS
10
0.859251968503937
20
0.2481890157480315
11
0.8597233464566929
21
0.2475503149606299
0
LINE
8
BLACK
6
CONTINUOUS
10
0.8597233464566929
20
0.2475503149606299
11
0.8597452755905511
21
0.2472112598425197
0
LINE
8
BLACK
6
CONTINUOUS
10
0.8597452755905511
20
0.2472112598425197
11
0.8599081102362205
21
0.2469130708661417
0
LINE
8
BLACK
6
CONTINUOUS
10
0.8599081102362205
20
0.2469130708661417
11
0.8600196850393701
21
0.2458753543307086
0
LINE
8
BLACK
6
CONTINUOUS
10
0.8600196850393701
20
0.2458753543307086
11
0.8600196850393701
21
0.2238245669291339
0
LINE
8
BLACK
6
CONTINUOUS
10
0.8600196850393701
20
0.2238245669291339
11
0.8600197637795275
21
0.2238235433070866
0
LINE
8
BLACK
6
CONTINUOUS
10
0.8600197637795275
20
0.2238235433070866
11
0.8601343700787402
21
0.222835157480315
0
LINE
8
BLACK
6
CONTINUOUS
10
0.8601343700787402
20
0.222835157480315
11
0.8601344488188977
21
0.222835
0
LINE
8
BLACK
6
CONTINUOUS
10
0.8601344488188977
20
0.222835
11
0.8619209842519685
21
0.2187888188976378
0
LINE
8
BLACK
6
CONTINUOUS
10
0.8619209842519685
20
0.2187888188976378
11
0.8619210236220473
21
0.218788779527559
0
LINE
8
BLACK
6
CONTINUOUS
10
0.8619210236220473
20
0.218788779527559
11
0.8650486220472441
21
0.2156611811023622
0
LINE
8
BLACK
6
CONTINUOUS
10
0.8650486220472441
20
0.2156611811023622
11
0.8690948425196851
21
0.2138746062992126
0
LINE
8
BLACK
6
CONTINUOUS
10
0.8690948425196851
20
0.2138746062992126
11
0.8700840551181103
21
0.213759842519685
0
LINE
8
BLACK
6
CONTINUOUS
10
0.8700840551181103
20
0.213759842519685
11
0.9596653543307087
21
0.2137598818897638
0
LINE
8
BLACK
6
CONTINUOUS
10
0.9596653543307087
20
0.2137598818897638
11
0.9623046850393701
21
0.2129848818897638
0
LINE
8
BLACK
6
CONTINUOUS
10
0.9623046850393701
20
0.2129848818897638
11
0.964106062992126
21
0.2109060236220472
0
LINE
8
BLACK
6
CONTINUOUS
10
0.964106062992126
20
0.2109060236220472
11
0.9645472440944882
21
0.2088779921259842
0
LINE
8
BLACK
6
CONTINUOUS
10
0.9645472440944882
20
0.2088779921259842
11
0.9645472440944882
21
0.1649606299212598
0
LINE
8
BLACK
6
CONTINUOUS
10
0.9645472440944882
20
0.1649606299212598
11
0.9706692913385827
21
0.1649606299212598
0
LINE
8
BLACK
6
CONTINUOUS
10
0.9706692913385827
20
0.1649606299212598
11
0.9706692913385827
21
0.1255905511811024
0
LINE
8
BLACK
6
CONTINUOUS
10
0.9706692913385827
20
0.1255905511811024
11
0.9645472440944882
21
0.1255905511811024
0
LINE
8
BLACK
6
CONTINUOUS
10
0.9645472440944882
20
0.1255905511811024
11
0.9645472440944882
21
0.0395559448818898
0
LINE
8
BLACK
6
CONTINUOUS
10
0.9645472440944882
20
0.0395559448818898
11
0.9637722440944881
21
0.0369166141732283
0
LINE
8
BLACK
6
CONTINUOUS
10
0.9637722440944881
20
0.0369166141732283
11
0.9616933464566929
21
0.0351152362204724
0
LINE
8
BLACK
6
CONTINUOUS
10
0.9616933464566929
20
0.0351152362204724
11
0.9589705905511811
21
0.0347237401574803
0
LINE
8
BLACK
6
CONTINUOUS
10
0.9589705905511811
20
0.0347237401574803
11
0.9564683858267716
21
0.0358664566929134
0
LINE
8
BLACK
6
CONTINUOUS
10
0.9564683858267716
20
0.0358664566929134
11
0.9554941732283464
21
0.0370194094488189
0
LINE
8
BLACK
6
CONTINUOUS
10
0.9554941732283464
20
0.0370194094488189
11
0.9503216535433071
21
0.0455252755905512
0
LINE
8
BLACK
6
CONTINUOUS
10
0.9503216535433071
20
0.0455252755905512
11
0.9496783858267717
21
0.0463159448818898
0
LINE
8
BLACK
6
CONTINUOUS
10
0.9496783858267717
20
0.0463159448818898
11
0.9473250393700787
21
0.0492085826771654
0
LINE
8
BLACK
6
CONTINUOUS
10
0.9473250393700787
20
0.0492085826771654
11
0.9435219291338582
21
0.0538832677165354
0
LINE
8
BLACK
6
CONTINUOUS
10
0.9435219291338582
20
0.0538832677165354
11
0.9356472047244094
21
0.0612377952755905
0
LINE
8
BLACK
6
CONTINUOUS
10
0.9356472047244094
20
0.0612377952755905
11
0.9268450393700787
21
0.0674510236220472
0
LINE
8
BLACK
6
CONTINUOUS
10
0.9268450393700787
20
0.0674510236220472
11
0.9268448031496063
21
0.0674511811023622
0
LINE
8
BLACK
6
CONTINUOUS
10
0.9268448031496063
20
0.0674511811023622
11
0.9172779527559055
21
0.0724083070866142
0
LINE
8
BLACK
6
CONTINUOUS
10
0.9172779527559055
20
0.0724083070866142
11
0.9071257874015748
21
0.0760164173228347
0
LINE
8
BLACK
6
CONTINUOUS
10
0.9071257874015748
20
0.0760164173228347
11
0.907125157480315
21
0.0760166141732283
0
LINE
8
BLACK
6
CONTINUOUS
10
0.907125157480315
20
0.0760166141732283
11
0.8965763779527559
21
0.0782086220472441
0
LINE
8
BLACK
6
CONTINUOUS
10
0.8965763779527559
20
0.0782086220472441
11
0.8965762992125984
21
0.0782086614173228
0
LINE
8
BLACK
6
CONTINUOUS
10
0.8965762992125984
20
0.0782086614173228
11
0.8858267716535433
21
0.0789438976377953
0
LINE
8
BLACK
6
CONTINUOUS
10
0.8858267716535433
20
0.0789438976377953
11
0.8750772047244094
21
0.0782086614173228
0
LINE
8
BLACK
6
CONTINUOUS
10
0.8750772047244094
20
0.0782086614173228
11
0.8750771259842519
21
0.0782086220472441
0
LINE
8
BLACK
6
CONTINUOUS
10
0.8750771259842519
20
0.0782086220472441
11
0.8645283464566929
21
0.0760166141732283
0
LINE
8
BLACK
6
CONTINUOUS
10
0.8645283464566929
20
0.0760166141732283
11
0.864527716535433
21
0.0760164173228347
0
LINE
8
BLACK
6
CONTINUOUS
10
0.864527716535433
20
0.0760164173228347
11
0.8543755511811023
21
0.0724083070866142
0
LINE
8
BLACK
6
CONTINUOUS
10
0.8543755511811023
20
0.0724083070866142
11
0.8448087007874016
21
0.0674511811023622
0
LINE
8
BLACK
6
CONTINUOUS
10
0.8448087007874016
20
0.0674511811023622
11
0.8448084645669292
21
0.0674510236220472
0
LINE
8
BLACK
6
CONTINUOUS
10
0.8448084645669292
20
0.0674510236220472
11
0.8360062992125984
21
0.0612377952755905
0
LINE
8
BLACK
6
CONTINUOUS
10
0.8360062992125984
20
0.0612377952755905
11
0.8281315748031496
21
0.0538832677165354
0
LINE
8
BLACK
6
CONTINUOUS
10
0.8281315748031496
20
0.0538832677165354
11
0.8213318503937008
21
0.0455252755905512
0
LINE
8
BLACK
6
CONTINUOUS
10
0.8213318503937008
20
0.0455252755905512
11
0.8157335826771653
21
0.0363192913385827
0
LINE
8
BLACK
6
CONTINUOUS
10
0.8157335826771653
20
0.0363192913385827
11
0.8114410629921259
21
0.0264368897637795
0
LINE
8
BLACK
6
CONTINUOUS
10
0.8114410629921259
20
0.0264368897637795
11
0.8105536220472441
21
0.0232694881889764
0
LINE
8
BLACK
6
CONTINUOUS
10
0.8105536220472441
20
0.0232694881889764
11
0.8090952755905512
21
0.020937125984252
0
LINE
8
BLACK
6
CONTINUOUS
10
0.8090952755905512
20
0.020937125984252
11
0.8066074803149607
21
0.0197634251968504
0
LINE
8
BLACK
6
CONTINUOUS
10
0.8066074803149607
20
0.0197634251968504
11
0.8058527559055118
21
0.0197047244094488
0
LINE
8
BLACK
6
CONTINUOUS
10
0.8058527559055118
20
0.0197047244094488
11
0.5720999999999999
21
0.0197047244094488
0
LINE
8
BLACK
6
CONTINUOUS
10
0.5720999999999999
20
0.0197047244094488
11
0.5694606692913385
21
0.0204797244094488
0
LINE
8
BLACK
6
CONTINUOUS
10
0.5694606692913385
20
0.0204797244094488
11
0.5676592913385826
21
0.0225586220472441
0
LINE
8
BLACK
6
CONTINUOUS
10
0.5676592913385826
20
0.0225586220472441
11
0.5673991338582677
21
0.0232694881889764
0
LINE
8
BLACK
6
CONTINUOUS
10
0.5673991338582677
20
0.0232694881889764
11
0.5665117322834645
21
0.0264366929133858
0
LINE
8
BLACK
6
CONTINUOUS
10
0.5665117322834645
20
0.0264366929133858
11
0.562219094488189
21
0.0363192913385827
0
LINE
8
BLACK
6
CONTINUOUS
10
0.562219094488189
20
0.0363192913385827
11
0.5622191338582677
21
0.0363192913385827
0
LINE
8
BLACK
6
CONTINUOUS
10
0.5622191338582677
20
0.0363192913385827
11
0.5566208661417322
21
0.0455252755905512
0
LINE
8
BLACK
6
CONTINUOUS
10
0.5566208661417322
20
0.0455252755905512
11
0.5559775984251968
21
0.0463159448818898
0
LINE
8
BLACK
6
CONTINUOUS
10
0.5559775984251968
20
0.0463159448818898
11
0.553624251968504
21
0.0492085826771654
0
LINE
8
BLACK
6
CONTINUOUS
10
0.553624251968504
20
0.0492085826771654
11
0.5498211417322835
21
0.0538832677165354
0
LINE
8
BLACK
6
CONTINUOUS
10
0.5498211417322835
20
0.0538832677165354
11
0.5449209842519684
21
0.0584597244094488
0
LINE
8
BLACK
6
CONTINUOUS
10
0.5449209842519684
20
0.0584597244094488
11
0.5435210236220472
21
0.0608275984251968
0
LINE
8
BLACK
6
CONTINUOUS
10
0.5435210236220472
20
0.0608275984251968
11
0.5436235039370079
21
0.0635764566929134
0
LINE
8
BLACK
6
CONTINUOUS
10
0.5436235039370079
20
0.0635764566929134
11
0.5451958267716536
21
0.0658335826771654
0
LINE
8
BLACK
6
CONTINUOUS
10
0.5451958267716536
20
0.0658335826771654
11
0.5477388582677165
21
0.0668822834645669
0
LINE
8
BLACK
6
CONTINUOUS
10
0.5477388582677165
20
0.0668822834645669
11
0.5482531496062992
21
0.0669094488188976
0
LINE
8
BLACK
6
CONTINUOUS
10
0.5482531496062992
20
0.0669094488188976
11
0.7196577952755905
21
0.0669094488188976
0
LINE
8
BLACK
6
CONTINUOUS
10
0.7196577952755905
20
0.0669094488188976
11
0.7196578346456692
21
0.0669094488188976
0
LINE
8
BLACK
6
CONTINUOUS
10
0.7196578346456692
20
0.0669094488188976
11
0.7232154724409449
21
0.0678627559055118
0
LINE
8
BLACK
6
CONTINUOUS
10
0.7232154724409449
20
0.0678627559055118
11
0.7241687795275591
21
0.0681181496062992
0
LINE
8
BLACK
6
CONTINUOUS
10
0.7241687795275591
20
0.0681181496062992
11
0.7282131496062992
21
0.070453188976378
0
LINE
8
BLACK
6
CONTINUOUS
10
0.7282131496062992
20
0.070453188976378
11
0.7590663385826771
21
0.1013063385826772
0
LINE
8
BLACK
6
CONTINUOUS
10
0.7590663385826771
20
0.1013063385826772
11
0.7614806299212599
21
0.1026246456692913
0
LINE
8
BLACK
6
CONTINUOUS
10
0.7614806299212599
20
0.1026246456692913
11
0.7625183464566929
21
0.1027362204724409
0
LINE
8
BLACK
6
CONTINUOUS
10
0.7625183464566929
20
0.1027362204724409
11
0.7657084645669291
21
0.1027362204724409
0
LINE
8
BLACK
6
CONTINUOUS
10
0.7657084645669291
20
0.1027362204724409
11
0.7692929527559055
21
0.1034492519685039
0
LINE
8
BLACK
6
CONTINUOUS
10
0.7692929527559055
20
0.1034492519685039
11
0.7710365354330708
21
0.103796062992126
0
LINE
8
BLACK
6
CONTINUOUS
10
0.7710365354330708
20
0.103796062992126
11
0.7760555511811024
21
0.105875
0
LINE
8
BLACK
6
CONTINUOUS
10
0.7760555511811024
20
0.105875
11
0.7805725196850394
21
0.1088931496062992
0
LINE
8
BLACK
6
CONTINUOUS
10
0.7805725196850394
20
0.1088931496062992
11
0.784413937007874
21
0.1127345669291339
0
LINE
8
BLACK
6
CONTINUOUS
10
0.784413937007874
20
0.1127345669291339
11
0.7874320866141732
21
0.1172515354330709
0
LINE
8
BLACK
6
CONTINUOUS
10
0.7874320866141732
20
0.1172515354330709
11
0.7895110236220473
21
0.1222705511811024
0
LINE
8
BLACK
6
CONTINUOUS
10
0.7895110236220473
20
0.1222705511811024
11
0.7905708661417322
21
0.1275987007874016
0
LINE
8
BLACK
6
CONTINUOUS
10
0.7905708661417322
20
0.1275987007874016
11
0.7905708661417322
21
0.133031220472441
0
LINE
8
BLACK
6
CONTINUOUS
10
0.7905708661417322
20
0.133031220472441
11
0.7905708661417322
21
0.1330313385826772
0
LINE
8
BLACK
6
CONTINUOUS
10
0.7905708661417322
20
0.1330313385826772
11
0.7895110629921259
21
0.1383591732283465
0
LINE
8
BLACK
6
CONTINUOUS
10
0.7895110629921259
20
0.1383591732283465
11
0.7895110236220473
21
0.1383592125984252
0
LINE
8
BLACK
6
CONTINUOUS
10
0.7895110236220473
20
0.1383592125984252
11
0.7895110236220473
21
0.1383593700787402
0
LINE
8
BLACK
6
CONTINUOUS
10
0.7895110236220473
20
0.1383593700787402
11
0.7891075590551181
21
0.1393334251968504
0
LINE
8
BLACK
6
CONTINUOUS
10
0.7891075590551181
20
0.1393334251968504
11
0.7874322047244094
21
0.1433781496062992
0
LINE
8
BLACK
6
CONTINUOUS
10
0.7874322047244094
20
0.1433781496062992
11
0.7874319291338583
21
0.1433786614173228
0
LINE
8
BLACK
6
CONTINUOUS
10
0.7874319291338583
20
0.1433786614173228
11
0.784413937007874
21
0.1478953543307087
0
LINE
8
BLACK
6
CONTINUOUS
10
0.784413937007874
20
0.1478953543307087
11
0.7844138188976377
21
0.1478955118110236
0
LINE
8
BLACK
6
CONTINUOUS
10
0.7844138188976377
20
0.1478955118110236
11
0.7821582283464567
21
0.1501511023622047
0
LINE
8
BLACK
6
CONTINUOUS
10
0.7821582283464567
20
0.1501511023622047
11
0.7808399212598425
21
0.1525653937007874
0
LINE
8
BLACK
6
CONTINUOUS
10
0.7808399212598425
20
0.1525653937007874
11
0.7807283464566929
21
0.1536031102362205
0
LINE
8
BLACK
6
CONTINUOUS
10
0.7807283464566929
20
0.1536031102362205
11
0.7807283464566929
21
0.1879548031496063
0
LINE
8
BLACK
6
CONTINUOUS
10
0.7807283464566929
20
0.1879548031496063
11
0.7815033464566929
21
0.1905941338582677
0
LINE
8
BLACK
6
CONTINUOUS
10
0.7815033464566929
20
0.1905941338582677
11
0.7835822440944882
21
0.1923955118110236
0
LINE
8
BLACK
6
CONTINUOUS
10
0.7835822440944882
20
0.1923955118110236
11
0.786305
21
0.1927870078740157
0
LINE
8
BLACK
6
CONTINUOUS
10
0.786305
20
0.1927870078740157
11
0.7888072047244095
21
0.1916442913385827
0
LINE
8
BLACK
6
CONTINUOUS
10
0.7888072047244095
20
0.1916442913385827
11
0.7900140551181102
21
0.1899705905511811
0
LINE
8
BLACK
6
CONTINUOUS
10
0.7900140551181102
20
0.1899705905511811
11
0.7900141338582677
21
0.1899706299212598
0
LINE
8
BLACK
6
CONTINUOUS
10
0.7900141338582677
20
0.1899706299212598
11
0.7900144881889763
21
0.1899699606299212
0
LINE
8
BLACK
6
CONTINUOUS
10
0.7900144881889763
20
0.1899699606299212
11
0.7901205511811024
21
0.1898229133858268
0
LINE
8
BLACK
6
CONTINUOUS
10
0.7901205511811024
20
0.1898229133858268
11
0.7901741732283465
21
0.1896933858267716
0
LINE
8
BLACK
6
CONTINUOUS
10
0.7901741732283465
20
0.1896933858267716
11
0.7932864173228347
21
0.1843027952755905
0
LINE
8
BLACK
6
CONTINUOUS
10
0.7932864173228347
20
0.1843027952755905
11
0.7932865748031496
21
0.1843025984251968
0
LINE
8
BLACK
6
CONTINUOUS
10
0.7932865748031496
20
0.1843025984251968
11
0.7932866141732283
21
0.1843025196850394
0
LINE
8
BLACK
6
CONTINUOUS
10
0.7932866141732283
20
0.1843025196850394
11
0.7976883464566928
21
0.1799007874015748
0
LINE
8
BLACK
6
CONTINUOUS
10
0.7976883464566928
20
0.1799007874015748
11
0.7976884251968503
21
0.1799007480314961
0
LINE
8
BLACK
6
CONTINUOUS
10
0.7976884251968503
20
0.1799007480314961
11
0.7976885826771654
21
0.1799006299212598
0
LINE
8
BLACK
6
CONTINUOUS
10
0.7976885826771654
20
0.1799006299212598
11
0.7996459842519685
21
0.1787705511811024
0
LINE
8
BLACK
6
CONTINUOUS
10
0.7996459842519685
20
0.1787705511811024
11
0.8030793700787401
21
0.1767883070866142
0
LINE
8
BLACK
6
CONTINUOUS
10
0.8030793700787401
20
0.1767883070866142
11
0.8090922440944882
21
0.1751771653543307
0
LINE
8
BLACK
6
CONTINUOUS
10
0.8090922440944882
20
0.1751771653543307
11
0.8090923228346456
21
0.1751771653543307
0
LINE
8
BLACK
6
CONTINUOUS
10
0.8090923228346456
20
0.1751771653543307
11
0.815317125984252
21
0.1751771653543307
0
LINE
8
BLACK
6
CONTINUOUS
10
0.815317125984252
20
0.1751771653543307
11
0.8153172047244094
21
0.1751771653543307
0
LINE
8
BLACK
6
CONTINUOUS
10
0.8153172047244094
20
0.1751771653543307
11
0.8213300787401575
21
0.1767883070866142
0
LINE
8
BLACK
6
CONTINUOUS
10
0.8213300787401575
20
0.1767883070866142
11
0.8267211023622048
21
0.1799007874015748
0
LINE
8
BLACK
6
CONTINUOUS
10
0.8267211023622048
20
0.1799007874015748
11
0.8311228346456693
21
0.1843025196850394
0
LINE
8
BLACK
6
CONTINUOUS
10
0.8311228346456693
20
0.1843025196850394
11
0.8342353149606299
21
0.1896935433070866
0
LINE
8
BLACK
6
CONTINUOUS
10
0.8342353149606299
20
0.1896935433070866
11
0.8358464566929134
21
0.1957064173228346
0
LINE
8
BLACK
6
CONTINUOUS
10
0.8358464566929134
20
0.1957064173228346
11
0.8358464566929134
21
0.2019313779527559
0
LINE
8
BLACK
6
CONTINUOUS
10
0.8358464566929134
20
0.2019313779527559
11
0.8348712992125984
21
0.2055707086614173
0
LINE
8
BLACK
6
CONTINUOUS
10
0.8348712992125984
20
0.2055707086614173
11
0.8349367716535433
21
0.2083205511811023
0
LINE
8
BLACK
6
CONTINUOUS
10
0.8349367716535433
20
0.2083205511811023
11
0.8364785826771653
21
0.2105986220472441
0
LINE
8
BLACK
6
CONTINUOUS
10
0.8364785826771653
20
0.2105986220472441
11
0.8376146850393701
21
0.2112998818897638
0
LINE
8
BLACK
6
CONTINUOUS
10
0.8376146850393701
20
0.2112998818897638
11
0.8412505905511811
21
0.2129052755905512
0
LINE
8
BLACK
6
CONTINUOUS
10
0.8412505905511811
20
0.2129052755905512
11
0.844378188976378
21
0.216032874015748
0
LINE
8
BLACK
6
CONTINUOUS
10
0.844378188976378
20
0.216032874015748
11
0.8461647637795275
21
0.220079094488189
0
LINE
8
BLACK
6
CONTINUOUS
10
0.8461647637795275
20
0.220079094488189
11
0.8462795275590551
21
0.2210683070866142
0
LINE
8
BLACK
6
CONTINUOUS
10
0.8462795275590551
20
0.2210683070866142
11
0.8462794881889764
21
0.2344434645669291
0
LINE
8
BLACK
6
CONTINUOUS
10
0.8462794881889764
20
0.2344434645669291
11
0.846201968503937
21
0.2351120472440945
0
LINE
8
BLACK
6
CONTINUOUS
10
0.846201968503937
20
0.2351120472440945
11
0.8461648031496063
21
0.2354325590551181
0
LINE
8
BLACK
6
CONTINUOUS
10
0.8461648031496063
20
0.2354325590551181
11
0.8461647637795275
21
0.2354326377952756
0
LINE
8
BLACK
6
CONTINUOUS
10
0.8461647637795275
20
0.2354326377952756
11
0.8461647637795275
21
0.2354327165354331
0
LINE
8
BLACK
6
CONTINUOUS
10
0.8461647637795275
20
0.2354327165354331
11
0.8460791732283465
21
0.2356265354330709
0
LINE
8
BLACK
6
CONTINUOUS
10
0.8460791732283465
20
0.2356265354330709
11
0.846057716535433
21
0.2357904330708661
0
LINE
8
BLACK
6
CONTINUOUS
10
0.846057716535433
20
0.2357904330708661
11
0.8459595275590551
21
0.2359234645669291
0
LINE
8
BLACK
6
CONTINUOUS
10
0.8459595275590551
20
0.2359234645669291
11
0.845880590551181
21
0.2371427165354331
0
LINE
8
BLACK
6
CONTINUOUS
10
0.845880590551181
20
0.2371427165354331
11
0.8457220078740157
21
0.2383538582677165
0
LINE
8
BLACK
6
CONTINUOUS
10
0.8457220078740157
20
0.2383538582677165
11
0.8457895275590551
21
0.2385503937007874
0
LINE
8
BLACK
6
CONTINUOUS
10
0.8457895275590551
20
0.2385503937007874
11
0.8457818897637795
21
0.2386685039370079
0
LINE
8
BLACK
6
CONTINUOUS
10
0.8457818897637795
20
0.2386685039370079
11
0.8460791732283465
21
0.2395703543307087
0
LINE
8
BLACK
6
CONTINUOUS
10
0.8460791732283465
20
0.2395703543307087
11
0.8461647637795275
21
0.2397641338582677
0
LINE
8
BLACK
6
CONTINUOUS
10
0.8461647637795275
20
0.2397641338582677
11
0.8462795275590551
21
0.2407533464566929
0
LINE
8
BLACK
6
CONTINUOUS
10
0.8462795275590551
20
0.2407533464566929
11
0.8462794881889764
21
0.249851811023622
0
LINE
8
BLACK
6
CONTINUOUS
10
0.8462794881889764
20
0.249851811023622
11
0.8470544488188976
21
0.2524911023622047
0
LINE
8
BLACK
6
CONTINUOUS
10
0.8470544488188976
20
0.2524911023622047
11
0.8470800393700787
21
0.2525133070866142
0
LINE
8
BLACK
6
CONTINUOUS
10
0.8470800393700787
20
0.2525133070866142
11
0.8373886614173228
21
0.2622047244094488
0
LINE
8
BLACK
6
CONTINUOUS
10
0.8373886614173228
20
0.2622047244094488
11
0.8127952755905512
21
0.2622047244094488
0
LINE
8
BLACK
6
CONTINUOUS
10
0.8127952755905512
20
0.2622047244094488
11
0.7911417322834645
21
0.2622047244094488
0
LINE
8
BLACK
6
CONTINUOUS
10
0.7911417322834645
20
0.2622047244094488
11
0.7911417322834645
21
0.2720472440944882
0
LINE
8
BLACK
6
CONTINUOUS
10
0.7911417322834645
20
0.2720472440944882
11
0.8344488188976378
21
0.2720472440944882
0
LINE
8
BLACK
6
CONTINUOUS
10
0.8139474015748032
20
0.2532329921259843
11
0.8160496062992125
21
0.2523622047244095
0
LINE
8
BLACK
6
CONTINUOUS
10
0.8160496062992125
20
0.2523622047244095
11
0.8344488188976378
21
0.2523622047244095
0
LINE
8
BLACK
6
CONTINUOUS
10
0.8344488188976378
20
0.2523622047244095
11
0.8344488188976378
21
0.2425196850393701
0
LINE
8
BLACK
6
CONTINUOUS
10
0.8344488188976378
20
0.2425196850393701
11
0.8160496062992125
21
0.2425196850393701
0
LINE
8
BLACK
6
CONTINUOUS
10
0.8160496062992125
20
0.2425196850393701
11
0.8139474015748032
21
0.2416488976377953
0
LINE
8
BLACK
6
CONTINUOUS
10
0.8139474015748032
20
0.2416488976377953
11
0.8127952755905512
21
0.2415354330708661
0
LINE
8
BLACK
6
CONTINUOUS
10
0.8127952755905512
20
0.2415354330708661
11
0.7816981102362205
21
0.2415354330708661
0
LINE
8
BLACK
6
CONTINUOUS
10
0.7816981102362205
20
0.2415354330708661
11
0.7688976377952755
21
0.2287349606299212
0
LINE
8
BLACK
6
CONTINUOUS
10
0.7688976377952755
20
0.2287349606299212
11
0.7688976377952755
21
0.1448966929133858
0
LINE
8
BLACK
6
CONTINUOUS
10
0.7688976377952755
20
0.1448966929133858
11
0.769018622047244
21
0.1448642519685039
0
LINE
8
BLACK
6
CONTINUOUS
10
0.769018622047244
20
0.1448642519685039
11
0.7725789370078739
21
0.1428087007874016
0
LINE
8
BLACK
6
CONTINUOUS
10
0.7725789370078739
20
0.1428087007874016
11
0.7754858661417323
21
0.1399017716535433
0
LINE
8
BLACK
6
CONTINUOUS
10
0.7754858661417323
20
0.1399017716535433
11
0.7775414173228347
21
0.1363414566929134
0
LINE
8
BLACK
6
CONTINUOUS
10
0.7775414173228347
20
0.1363414566929134
11
0.7786054330708662
21
0.1323704724409449
0
LINE
8
BLACK
6
CONTINUOUS
10
0.7786054330708662
20
0.1323704724409449
11
0.7786054330708662
21
0.1282594488188976
0
LINE
8
BLACK
6
CONTINUOUS
10
0.7786054330708662
20
0.1282594488188976
11
0.7775414173228347
21
0.1242884645669291
0
LINE
8
BLACK
6
CONTINUOUS
10
0.7775414173228347
20
0.1242884645669291
11
0.7754858661417323
21
0.1207281496062992
0
LINE
8
BLACK
6
CONTINUOUS
10
0.7754858661417323
20
0.1207281496062992
11
0.7725789370078739
21
0.1178212204724409
0
LINE
8
BLACK
6
CONTINUOUS
10
0.7725789370078739
20
0.1178212204724409
11
0.769018622047244
21
0.1157656692913386
0
LINE
8
BLACK
6
CONTINUOUS
10
0.769018622047244
20
0.1157656692913386
11
0.7650476377952756
21
0.1147016535433071
0
LINE
8
BLACK
6
CONTINUOUS
10
0.7650476377952756
20
0.1147016535433071
11
0.7609366141732283
21
0.1147016535433071
0
LINE
8
BLACK
6
CONTINUOUS
10
0.7609366141732283
20
0.1147016535433071
11
0.7569656299212598
21
0.1157656692913386
0
LINE
8
BLACK
6
CONTINUOUS
10
0.7569656299212598
20
0.1157656692913386
11
0.7568571259842519
21
0.1158283464566929
0
LINE
8
BLACK
6
CONTINUOUS
10
0.7568571259842519
20
0.1158283464566929
11
0.7214986614173228
21
0.080469842519685
0
LINE
8
BLACK
6
CONTINUOUS
10
0.7214986614173228
20
0.080469842519685
11
0.7206037401574803
21
0.0797353937007874
0
LINE
8
BLACK
6
CONTINUOUS
10
0.7206037401574803
20
0.0797353937007874
11
0.7193567322834645
21
0.0792188976377953
0
LINE
8
BLACK
6
CONTINUOUS
10
0.7193567322834645
20
0.0792188976377953
11
0.7184749606299212
21
0.0788536220472441
0
LINE
8
BLACK
6
CONTINUOUS
10
0.7184749606299212
20
0.0788536220472441
11
0.7173228346456693
21
0.078740157480315
0
LINE
8
BLACK
6
CONTINUOUS
10
0.7173228346456693
20
0.078740157480315
11
0.4582008661417323
21
0.078740157480315
0
LINE
8
BLACK
6
CONTINUOUS
10
0.4582008661417323
20
0.078740157480315
11
0.4357933464566929
21
0.0563326377952756
0
LINE
8
BLACK
6
CONTINUOUS
10
0.4357933464566929
20
0.0563326377952756
11
0.4348984251968504
21
0.055598188976378
0
LINE
8
BLACK
6
CONTINUOUS
10
0.4348984251968504
20
0.055598188976378
11
0.4336514173228346
21
0.0550816929133858
0
LINE
8
BLACK
6
CONTINUOUS
10
0.4336514173228346
20
0.0550816929133858
11
0.4327696456692913
21
0.0547164173228346
0
LINE
8
BLACK
6
CONTINUOUS
10
0.4327696456692913
20
0.0547164173228346
11
0.4316175196850394
21
0.0546029527559055
0
LINE
8
BLACK
6
CONTINUOUS
10
0.4316175196850394
20
0.0546029527559055
11
0.2465781496062992
21
0.0546029527559055
0
LINE
8
BLACK
6
CONTINUOUS
10
0.2465781496062992
20
0.0546029527559055
11
0.2454260236220472
21
0.0547164173228346
0
LINE
8
BLACK
6
CONTINUOUS
10
0.2454260236220472
20
0.0547164173228346
11
0.2445442519685039
21
0.0550816929133858
0
LINE
8
BLACK
6
CONTINUOUS
10
0.2445442519685039
20
0.0550816929133858
11
0.2432972440944882
21
0.055598188976378
0
LINE
8
BLACK
6
CONTINUOUS
10
0.2432972440944882
20
0.055598188976378
11
0.2424023228346457
21
0.0563326377952756
0
LINE
8
BLACK
6
CONTINUOUS
10
0.2424023228346457
20
0.0563326377952756
11
0.2260407086614173
21
0.0726942519685039
0
LINE
8
BLACK
6
CONTINUOUS
10
0.2260407086614173
20
0.0726942519685039
11
0.2253062598425197
21
0.0735891732283465
0
LINE
8
BLACK
6
CONTINUOUS
10
0.2253062598425197
20
0.0735891732283465
11
0.2244244881889764
21
0.0757179921259842
0
LINE
8
BLACK
6
CONTINUOUS
10
0.2244244881889764
20
0.0757179921259842
11
0.2243110236220472
21
0.0768700787401575
0
LINE
8
BLACK
6
CONTINUOUS
10
0.2243110236220472
20
0.0768700787401575
11
0.2243110236220472
21
0.1023633464566929
0
LINE
8
BLACK
6
CONTINUOUS
10
0.2243110236220472
20
0.1023633464566929
11
0.2220106299212598
21
0.1039003937007874
0
LINE
8
BLACK
6
CONTINUOUS
10
0.2220106299212598
20
0.1039003937007874
11
0.2201437401574803
21
0.1066944094488189
0
LINE
8
BLACK
6
CONTINUOUS
10
0.2201437401574803
20
0.1066944094488189
11
0.219488188976378
21
0.109990157480315
0
LINE
8
BLACK
6
CONTINUOUS
10
0.219488188976378
20
0.109990157480315
11
0.219488188976378
21
0.1301673228346457
0
LINE
8
BLACK
6
CONTINUOUS
10
0.219488188976378
20
0.1301673228346457
11
0.2201437401574803
21
0.1334630708661417
0
LINE
8
BLACK
6
CONTINUOUS
10
0.2201437401574803
20
0.1334630708661417
11
0.2220106299212598
21
0.1362570866141732
0
LINE
8
BLACK
6
CONTINUOUS
10
0.2220106299212598
20
0.1362570866141732
11
0.2248046456692913
21
0.1381239763779528
0
LINE
8
BLACK
6
CONTINUOUS
10
0.2248046456692913
20
0.1381239763779528
11
0.2281003937007874
21
0.1387795275590551
0
LINE
8
BLACK
6
CONTINUOUS
10
0.2281003937007874
20
0.1387795275590551
11
0.2453248031496063
21
0.1387795275590551
0
LINE
8
BLACK
6
CONTINUOUS
10
0.2453248031496063
20
0.1387795275590551
11
0.2486205511811024
21
0.1381239763779528
0
LINE
8
BLACK
6
CONTINUOUS
10
0.2486205511811024
20
0.1381239763779528
11
0.2514145669291338
21
0.1362570866141732
0
LINE
8
BLACK
6
CONTINUOUS
10
0.2514145669291338
20
0.1362570866141732
11
0.2532814566929134
21
0.1334630708661417
0
LINE
8
BLACK
6
CONTINUOUS
10
0.2532814566929134
20
0.1334630708661417
11
0.2539370078740157
21
0.1301673228346457
0
LINE
8
BLACK
6
CONTINUOUS
10
0.2539370078740157
20
0.1301673228346457
11
0.2539370078740157
21
0.109990157480315
0
LINE
8
BLACK
6
CONTINUOUS
10
0.2539370078740157
20
0.109990157480315
11
0.2532814566929134
21
0.1066944094488189
0
LINE
8
BLACK
6
CONTINUOUS
10
0.2532814566929134
20
0.1066944094488189
11
0.2514145669291338
21
0.1039003937007874
0
LINE
8
BLACK
6
CONTINUOUS
10
0.2514145669291338
20
0.1039003937007874
11
0.2486205511811024
21
0.1020335039370079
0
LINE
8
BLACK
6
CONTINUOUS
10
0.2486205511811024
20
0.1020335039370079
11
0.2453248031496063
21
0.1013779527559055
0
LINE
8
BLACK
6
CONTINUOUS
10
0.2453248031496063
20
0.1013779527559055
11
0.2361220472440945
21
0.1013779527559055
0
LINE
8
BLACK
6
CONTINUOUS
10
0.2361220472440945
20
0.1013779527559055
11
0.2361220472440945
21
0.0793162204724409
0
LINE
8
BLACK
6
CONTINUOUS
10
0.2361220472440945
20
0.0793162204724409
11
0.2490242913385827
21
0.0664139763779528
0
LINE
8
BLACK
6
CONTINUOUS
10
0.2490242913385827
20
0.0664139763779528
11
0.4291713779527559
21
0.0664139763779528
0
LINE
8
BLACK
6
CONTINUOUS
10
0.4291713779527559
20
0.0664139763779528
11
0.4515788976377952
21
0.0888214960629921
0
LINE
8
BLACK
6
CONTINUOUS
10
0.4515788976377952
20
0.0888214960629921
11
0.4524738188976378
21
0.0895559448818898
0
LINE
8
BLACK
6
CONTINUOUS
10
0.4524738188976378
20
0.0895559448818898
11
0.4537208267716535
21
0.0900724803149606
0
LINE
8
BLACK
6
CONTINUOUS
10
0.4537208267716535
20
0.0900724803149606
11
0.4546025984251968
21
0.0904377165354331
0
LINE
8
BLACK
6
CONTINUOUS
10
0.4546025984251968
20
0.0904377165354331
11
0.4557547244094488
21
0.0905511811023622
0
LINE
8
BLACK
6
CONTINUOUS
10
0.4557547244094488
20
0.0905511811023622
11
0.7148766929133858
21
0.0905511811023622
0
LINE
8
BLACK
6
CONTINUOUS
10
0.7148766929133858
20
0.0905511811023622
11
0.7485054724409449
21
0.12418
0
LINE
8
BLACK
6
CONTINUOUS
10
0.7485054724409449
20
0.12418
11
0.7484428346456693
21
0.1242884645669291
0
LINE
8
BLACK
6
CONTINUOUS
10
0.7484428346456693
20
0.1242884645669291
11
0.7473788188976378
21
0.1282594488188976
0
LINE
8
BLACK
6
CONTINUOUS
10
0.7473788188976378
20
0.1282594488188976
11
0.7473788188976378
21
0.1323704724409449
0
LINE
8
BLACK
6
CONTINUOUS
10
0.7473788188976378
20
0.1323704724409449
11
0.7484428346456693
21
0.1363414566929134
0
LINE
8
BLACK
6
CONTINUOUS
10
0.7484428346456693
20
0.1363414566929134
11
0.7504983858267716
21
0.1399017716535433
0
LINE
8
BLACK
6
CONTINUOUS
10
0.7504983858267716
20
0.1399017716535433
11
0.7534053149606299
21
0.1428087007874016
0
LINE
8
BLACK
6
CONTINUOUS
10
0.7534053149606299
20
0.1428087007874016
11
0.7569656299212598
21
0.1448642519685039
0
LINE
8
BLACK
6
CONTINUOUS
10
0.7569656299212598
20
0.1448642519685039
11
0.7570866141732283
21
0.1448966929133858
0
LINE
8
BLACK
6
CONTINUOUS
10
0.7570866141732283
20
0.1448966929133858
11
0.7570866141732283
21
0.2311811023622047
0
LINE
8
BLACK
6
CONTINUOUS
10
0.7570866141732283
20
0.2311811023622047
11
0.7572000787401575
21
0.2323332283464567
0
LINE
8
BLACK
6
CONTINUOUS
10
0.7572000787401575
20
0.2323332283464567
11
0.7575905905511811
21
0.2332759842519685
0
LINE
8
BLACK
6
CONTINUOUS
10
0.7575905905511811
20
0.2332759842519685
11
0.7580818503937008
21
0.2344620078740157
0
LINE
8
BLACK
6
CONTINUOUS
10
0.7580818503937008
20
0.2344620078740157
11
0.7588162992125984
21
0.2353569291338583
0
LINE
8
BLACK
6
CONTINUOUS
10
0.7588162992125984
20
0.2353569291338583
11
0.7750761417322835
21
0.2516167716535433
0
LINE
8
BLACK
6
CONTINUOUS
10
0.7750761417322835
20
0.2516167716535433
11
0.7759710236220472
21
0.252351220472441
0
LINE
8
BLACK
6
CONTINUOUS
10
0.7759710236220472
20
0.252351220472441
11
0.7777520866141732
21
0.253088937007874
0
LINE
8
BLACK
6
CONTINUOUS
10
0.7777520866141732
20
0.253088937007874
11
0.778099842519685
21
0.2532329921259843
0
LINE
8
BLACK
6
CONTINUOUS
10
0.778099842519685
20
0.2532329921259843
11
0.779251968503937
21
0.2533464566929134
0
LINE
8
BLACK
6
CONTINUOUS
10
0.779251968503937
20
0.2533464566929134
11
0.8127952755905512
21
0.2533464566929134
0
LINE
8
BLACK
6
CONTINUOUS
10
0.8127952755905512
20
0.2533464566929134
11
0.8139474015748032
21
0.2532329921259843
0
LINE
8
BLACK
6
CONTINUOUS
10
0.3740762598425197
20
0.1391014173228347
11
0.376630748031496
21
0.1373945275590551
0
LINE
8
BLACK
6
CONTINUOUS
10
0.376630748031496
20
0.1373945275590551
11
0.3783376377952756
21
0.1348400393700787
0
LINE
8
BLACK
6
CONTINUOUS
10
0.3783376377952756
20
0.1348400393700787
11
0.3789370078740157
21
0.1318267716535433
0
LINE
8
BLACK
6
CONTINUOUS
10
0.3789370078740157
20
0.1318267716535433
11
0.3789370078740157
21
0.1101732283464567
0
LINE
8
BLACK
6
CONTINUOUS
10
0.3789370078740157
20
0.1101732283464567
11
0.3783376377952756
21
0.1071599606299213
0
LINE
8
BLACK
6
CONTINUOUS
10
0.3783376377952756
20
0.1071599606299213
11
0.376630748031496
21
0.1046054724409449
0
LINE
8
BLACK
6
CONTINUOUS
10
0.376630748031496
20
0.1046054724409449
11
0.3740762598425197
21
0.1028985826771654
0
LINE
8
BLACK
6
CONTINUOUS
10
0.3740762598425197
20
0.1028985826771654
11
0.3710629921259843
21
0.1022992125984252
0
LINE
8
BLACK
6
CONTINUOUS
10
0.3710629921259843
20
0.1022992125984252
11
0.3553149606299212
21
0.1022992125984252
0
LINE
8
BLACK
6
CONTINUOUS
10
0.3553149606299212
20
0.1022992125984252
11
0.3523016929133858
21
0.1028985826771654
0
LINE
8
BLACK
6
CONTINUOUS
10
0.3523016929133858
20
0.1028985826771654
11
0.3497472047244095
21
0.1046054724409449
0
LINE
8
BLACK
6
CONTINUOUS
10
0.3497472047244095
20
0.1046054724409449
11
0.3480403149606299
21
0.1071599606299213
0
LINE
8
BLACK
6
CONTINUOUS
10
0.3480403149606299
20
0.1071599606299213
11
0.3474409448818898
21
0.1101732283464567
0
LINE
8
BLACK
6
CONTINUOUS
10
0.3474409448818898
20
0.1101732283464567
11
0.3474409448818898
21
0.1150944881889764
0
LINE
8
BLACK
6
CONTINUOUS
10
0.3474409448818898
20
0.1150944881889764
11
0.3159448818897638
21
0.1150944881889764
0
LINE
8
BLACK
6
CONTINUOUS
10
0.3159448818897638
20
0.1150944881889764
11
0.3159448818897638
21
0.109990157480315
0
LINE
8
BLACK
6
CONTINUOUS
10
0.3159448818897638
20
0.109990157480315
11
0.3152893307086614
21
0.1066944094488189
0
LINE
8
BLACK
6
CONTINUOUS
10
0.3152893307086614
20
0.1066944094488189
11
0.3134224409448819
21
0.1039003937007874
0
LINE
8
BLACK
6
CONTINUOUS
10
0.3134224409448819
20
0.1039003937007874
11
0.3106284251968504
21
0.1020335039370079
0
LINE
8
BLACK
6
CONTINUOUS
10
0.3106284251968504
20
0.1020335039370079
11
0.3073326771653543
21
0.1013779527559055
0
LINE
8
BLACK
6
CONTINUOUS
10
0.3073326771653543
20
0.1013779527559055
11
0.2901082677165354
21
0.1013779527559055
0
LINE
8
BLACK
6
CONTINUOUS
10
0.2901082677165354
20
0.1013779527559055
11
0.2868125196850393
21
0.1020335039370079
0
LINE
8
BLACK
6
CONTINUOUS
10
0.2868125196850393
20
0.1020335039370079
11
0.2840185039370079
21
0.1039003937007874
0
LINE
8
BLACK
6
CONTINUOUS
10
0.2840185039370079
20
0.1039003937007874
11
0.2821516141732283
21
0.1066944094488189
0
LINE
8
BLACK
6
CONTINUOUS
10
0.2821516141732283
20
0.1066944094488189
11
0.281496062992126
21
0.109990157480315
0
LINE
8
BLACK
6
CONTINUOUS
10
0.281496062992126
20
0.109990157480315
11
0.281496062992126
21
0.1301673228346457
0
LINE
8
BLACK
6
CONTINUOUS
10
0.281496062992126
20
0.1301673228346457
11
0.2821516141732283
21
0.1334630708661417
0
LINE
8
BLACK
6
CONTINUOUS
10
0.2821516141732283
20
0.1334630708661417
11
0.2840185039370079
21
0.1362570866141732
0
LINE
8
BLACK
6
CONTINUOUS
10
0.2840185039370079
20
0.1362570866141732
11
0.2868125196850393
21
0.1381239763779528
0
LINE
8
BLACK
6
CONTINUOUS
10
0.2868125196850393
20
0.1381239763779528
11
0.2901082677165354
21
0.1387795275590551
0
LINE
8
BLACK
6
CONTINUOUS
10
0.2901082677165354
20
0.1387795275590551
11
0.3073326771653543
21
0.1387795275590551
0
LINE
8
BLACK
6
CONTINUOUS
10
0.3073326771653543
20
0.1387795275590551
11
0.3106284251968504
21
0.1381239763779528
0
LINE
8
BLACK
6
CONTINUOUS
10
0.3106284251968504
20
0.1381239763779528
11
0.3134224409448819
21
0.1362570866141732
0
LINE
8
BLACK
6
CONTINUOUS
10
0.3134224409448819
20
0.1362570866141732
11
0.3152893307086614
21
0.1334630708661417
0
LINE
8
BLACK
6
CONTINUOUS
10
0.3152893307086614
20
0.1334630708661417
11
0.3159448818897638
21
0.1301673228346457
0
LINE
8
BLACK
6
CONTINUOUS
10
0.3159448818897638
20
0.1301673228346457
11
0.3159448818897638
21
0.1269055118110236
0
LINE
8
BLACK
6
CONTINUOUS
10
0.3159448818897638
20
0.1269055118110236
11
0.3474409448818898
21
0.1269055118110236
0
LINE
8
BLACK
6
CONTINUOUS
10
0.3474409448818898
20
0.1269055118110236
11
0.3474409448818898
21
0.1318267716535433
0
LINE
8
BLACK
6
CONTINUOUS
10
0.3474409448818898
20
0.1318267716535433
11
0.3480403149606299
21
0.1348400393700787
0
LINE
8
BLACK
6
CONTINUOUS
10
0.3480403149606299
20
0.1348400393700787
11
0.3497472047244095
21
0.1373945275590551
0
LINE
8
BLACK
6
CONTINUOUS
10
0.3497472047244095
20
0.1373945275590551
11
0.3523016929133858
21
0.1391014173228347
0
LINE
8
BLACK
6
CONTINUOUS
10
0.3523016929133858
20
0.1391014173228347
11
0.3553149606299212
21
0.1397007874015748
0
LINE
8
BLACK
6
CONTINUOUS
10
0.3553149606299212
20
0.1397007874015748
11
0.3710629921259843
21
0.1397007874015748
0
LINE
8
BLACK
6
CONTINUOUS
10
0.3710629921259843
20
0.1397007874015748
11
0.3740762598425197
21
0.1391014173228347
0
LINE
8
BLACK
6
CONTINUOUS
10
0.7169896456692914
20
0.5018612598425197
11
0.7195441338582677
21
0.5001543700787402
0
LINE
8
BLACK
6
CONTINUOUS
10
0.7195441338582677
20
0.5001543700787402
11
0.7212510236220472
21
0.4975998818897638
0
LINE
8
BLACK
6
CONTINUOUS
10
0.7212510236220472
20
0.4975998818897638
11
0.7218503937007874
21
0.4945866141732284
0
LINE
8
BLACK
6
CONTINUOUS
10
0.7218503937007874
20
0.4945866141732284
11
0.7218503937007874
21
0.4931102362204725
0
LINE
8
BLACK
6
CONTINUOUS
10
0.7218503937007874
20
0.4931102362204725
11
0.7525590551181102
21
0.4931102362204725
0
LINE
8
BLACK
6
CONTINUOUS
10
0.7525590551181102
20
0.4931102362204725
11
0.7525590551181102
21
0.4941929133858268
0
LINE
8
BLACK
6
CONTINUOUS
10
0.7525590551181102
20
0.4941929133858268
11
0.7531584251968504
21
0.4972061811023622
0
LINE
8
BLACK
6
CONTINUOUS
10
0.7531584251968504
20
0.4972061811023622
11
0.7548653149606299
21
0.4997606692913386
0
LINE
8
BLACK
6
CONTINUOUS
10
0.7548653149606299
20
0.4997606692913386
11
0.7574198031496063
21
0.5014675590551181
0
LINE
8
BLACK
6
CONTINUOUS
10
0.7574198031496063
20
0.5014675590551181
11
0.7604330708661418
21
0.5020669291338583
0
LINE
8
BLACK
6
CONTINUOUS
10
0.7604330708661418
20
0.5020669291338583
11
0.7820866141732283
21
0.5020669291338583
0
LINE
8
BLACK
6
CONTINUOUS
10
0.7820866141732283
20
0.5020669291338583
11
0.7850998818897638
21
0.5014675590551181
0
LINE
8
BLACK
6
CONTINUOUS
10
0.7850998818897638
20
0.5014675590551181
11
0.7876543700787402
21
0.4997606692913386
0
LINE
8
BLACK
6
CONTINUOUS
10
0.7876543700787402
20
0.4997606692913386
11
0.7893612598425197
21
0.4972061811023622
0
LINE
8
BLACK
6
CONTINUOUS
10
0.7893612598425197
20
0.4972061811023622
11
0.7899606299212598
21
0.4941929133858268
0
LINE
8
BLACK
6
CONTINUOUS
10
0.7899606299212598
20
0.4941929133858268
11
0.7899606299212598
21
0.4784448818897638
0
LINE
8
BLACK
6
CONTINUOUS
10
0.7899606299212598
20
0.4784448818897638
11
0.7893612598425197
21
0.4754316141732283
0
LINE
8
BLACK
6
CONTINUOUS
10
0.7893612598425197
20
0.4754316141732283
11
0.7876543700787402
21
0.472877125984252
0
LINE
8
BLACK
6
CONTINUOUS
10
0.7876543700787402
20
0.472877125984252
11
0.7850998818897638
21
0.4711702362204724
0
LINE
8
BLACK
6
CONTINUOUS
10
0.7850998818897638
20
0.4711702362204724
11
0.7820866141732283
21
0.4705708661417323
0
LINE
8
BLACK
6
CONTINUOUS
10
0.7820866141732283
20
0.4705708661417323
11
0.7604330708661418
21
0.4705708661417323
0
LINE
8
BLACK
6
CONTINUOUS
10
0.7604330708661418
20
0.4705708661417323
11
0.7574198031496063
21
0.4711702362204724
0
LINE
8
BLACK
6
CONTINUOUS
10
0.7574198031496063
20
0.4711702362204724
11
0.7548653149606299
21
0.472877125984252
0
LINE
8
BLACK
6
CONTINUOUS
10
0.7548653149606299
20
0.472877125984252
11
0.7531584251968504
21
0.4754316141732283
0
LINE
8
BLACK
6
CONTINUOUS
10
0.7531584251968504
20
0.4754316141732283
11
0.7527744094488189
21
0.4773622047244094
0
LINE
8
BLACK
6
CONTINUOUS
10
0.7527744094488189
20
0.4773622047244094
11
0.7215567322834645
21
0.4773622047244094
0
LINE
8
BLACK
6
CONTINUOUS
10
0.7215567322834645
20
0.4773622047244094
11
0.7212510236220472
21
0.4758253149606299
0
LINE
8
BLACK
6
CONTINUOUS
10
0.7212510236220472
20
0.4758253149606299
11
0.7195441338582677
21
0.4732708267716536
0
LINE
8
BLACK
6
CONTINUOUS
10
0.7195441338582677
20
0.4732708267716536
11
0.7169896456692914
21
0.471563937007874
0
LINE
8
BLACK
6
CONTINUOUS
10
0.7169896456692914
20
0.471563937007874
11
0.7139763779527559
21
0.4709645669291339
0
LINE
8
BLACK
6
CONTINUOUS
10
0.7139763779527559
20
0.4709645669291339
11
0.6923228346456692
21
0.4709645669291339
0
LINE
8
BLACK
6
CONTINUOUS
10
0.6923228346456692
20
0.4709645669291339
11
0.6893095669291338
21
0.471563937007874
0
LINE
8
BLACK
6
CONTINUOUS
10
0.6893095669291338
20
0.471563937007874
11
0.6867550787401575
21
0.4732708267716536
0
LINE
8
BLACK
6
CONTINUOUS
10
0.6867550787401575
20
0.4732708267716536
11
0.685048188976378
21
0.4758253149606299
0
LINE
8
BLACK
6
CONTINUOUS
10
0.685048188976378
20
0.4758253149606299
11
0.6847424803149607
21
0.4773622047244094
0
LINE
8
BLACK
6
CONTINUOUS
10
0.6847424803149607
20
0.4773622047244094
11
0.6559555511811024
21
0.4773622047244094
0
LINE
8
BLACK
6
CONTINUOUS
10
0.6559555511811024
20
0.4773622047244094
11
0.580511811023622
21
0.4019184645669291
0
LINE
8
BLACK
6
CONTINUOUS
10
0.580511811023622
20
0.4019184645669291
11
0.580511811023622
21
0.2843503937007874
0
LINE
8
BLACK
6
CONTINUOUS
10
0.580511811023622
20
0.2843503937007874
11
0.5824803149606299
21
0.2843503937007874
0
LINE
8
BLACK
6
CONTINUOUS
10
0.5824803149606299
20
0.2843503937007874
11
0.5858702362204724
21
0.2836761023622047
0
LINE
8
BLACK
6
CONTINUOUS
10
0.5858702362204724
20
0.2836761023622047
11
0.5887440551181102
21
0.2817558661417323
0
LINE
8
BLACK
6
CONTINUOUS
10
0.5887440551181102
20
0.2817558661417323
11
0.5906642913385827
21
0.2788820472440945
0
LINE
8
BLACK
6
CONTINUOUS
10
0.5906642913385827
20
0.2788820472440945
11
0.5913385826771653
21
0.275492125984252
0
LINE
8
BLACK
6
CONTINUOUS
10
0.5913385826771653
20
0.275492125984252
11
0.5913385826771653
21
0.2730314960629921
0
LINE
8
BLACK
6
CONTINUOUS
10
0.5913385826771653
20
0.2730314960629921
11
0.643503937007874
21
0.2730314960629921
0
LINE
8
BLACK
6
CONTINUOUS
10
0.643503937007874
20
0.2730314960629921
11
0.644656062992126
21
0.272918031496063
0
LINE
8
BLACK
6
CONTINUOUS
10
0.644656062992126
20
0.272918031496063
11
0.6467582677165354
21
0.2720472440944882
0
LINE
8
BLACK
6
CONTINUOUS
10
0.6467582677165354
20
0.2720472440944882
11
0.6651574803149606
21
0.2720472440944882
0
LINE
8
BLACK
6
CONTINUOUS
10
0.6651574803149606
20
0.2720472440944882
11
0.6651574803149606
21
0.2622047244094488
0
LINE
8
BLACK
6
CONTINUOUS
10
0.6651574803149606
20
0.2622047244094488
11
0.6467582677165354
21
0.2622047244094488
0
LINE
8
BLACK
6
CONTINUOUS
10
0.6467582677165354
20
0.2622047244094488
11
0.644656062992126
21
0.261333937007874
0
LINE
8
BLACK
6
CONTINUOUS
10
0.644656062992126
20
0.261333937007874
11
0.643503937007874
21
0.2612204724409449
0
LINE
8
BLACK
6
CONTINUOUS
10
0.643503937007874
20
0.2612204724409449
11
0.5913385826771653
21
0.2612204724409449
0
LINE
8
BLACK
6
CONTINUOUS
10
0.5913385826771653
20
0.2612204724409449
11
0.5913385826771653
21
0.2577755905511811
0
LINE
8
BLACK
6
CONTINUOUS
10
0.5913385826771653
20
0.2577755905511811
11
0.5906642913385827
21
0.2543856692913386
0
LINE
8
BLACK
6
CONTINUOUS
10
0.5906642913385827
20
0.2543856692913386
11
0.5887440551181102
21
0.2515118503937008
0
LINE
8
BLACK
6
CONTINUOUS
10
0.5887440551181102
20
0.2515118503937008
11
0.5858702362204724
21
0.2495916141732283
0
LINE
8
BLACK
6
CONTINUOUS
10
0.5858702362204724
20
0.2495916141732283
11
0.5824803149606299
21
0.2489173228346457
0
LINE
8
BLACK
6
CONTINUOUS
10
0.5824803149606299
20
0.2489173228346457
11
0.5627952755905512
21
0.2489173228346457
0
LINE
8
BLACK
6
CONTINUOUS
10
0.5627952755905512
20
0.2489173228346457
11
0.5594053543307087
21
0.2495916141732283
0
LINE
8
BLACK
6
CONTINUOUS
10
0.5594053543307087
20
0.2495916141732283
11
0.5565315354330709
21
0.2515118503937008
0
LINE
8
BLACK
6
CONTINUOUS
10
0.5565315354330709
20
0.2515118503937008
11
0.5546112992125984
21
0.2543856692913386
0
LINE
8
BLACK
6
CONTINUOUS
10
0.5546112992125984
20
0.2543856692913386
11
0.5539370078740158
21
0.2577755905511811
0
LINE
8
BLACK
6
CONTINUOUS
10
0.5539370078740158
20
0.2577755905511811
11
0.5539370078740158
21
0.259251968503937
0
LINE
8
BLACK
6
CONTINUOUS
10
0.5539370078740158
20
0.259251968503937
11
0.5253937007874016
21
0.259251968503937
0
LINE
8
BLACK
6
CONTINUOUS
10
0.5253937007874016
20
0.259251968503937
11
0.5253937007874016
21
0.2577755905511811
0
LINE
8
BLACK
6
CONTINUOUS
10
0.5253937007874016
20
0.2577755905511811
11
0.5247194094488189
21
0.2543856692913386
0
LINE
8
BLACK
6
CONTINUOUS
10
0.5247194094488189
20
0.2543856692913386
11
0.5227991732283465
21
0.2515118503937008
0
LINE
8
BLACK
6
CONTINUOUS
10
0.5227991732283465
20
0.2515118503937008
11
0.5199253543307086
21
0.2495916141732283
0
LINE
8
BLACK
6
CONTINUOUS
10
0.5199253543307086
20
0.2495916141732283
11
0.5165354330708661
21
0.2489173228346457
0
LINE
8
BLACK
6
CONTINUOUS
10
0.5165354330708661
20
0.2489173228346457
11
0.4996198031496063
21
0.2489173228346457
0
LINE
8
BLACK
6
CONTINUOUS
10
0.4996198031496063
20
0.2489173228346457
11
0.4448818897637795
21
0.1941794488188976
0
LINE
8
BLACK
6
CONTINUOUS
10
0.4448818897637795
20
0.1941794488188976
11
0.4448818897637795
21
0.1678149606299213
0
LINE
8
BLACK
6
CONTINUOUS
10
0.4448818897637795
20
0.1678149606299213
11
0.4444323622047244
21
0.165555
0
LINE
8
BLACK
6
CONTINUOUS
10
0.4444323622047244
20
0.165555
11
0.4431522047244094
21
0.1636391338582677
0
LINE
8
BLACK
6
CONTINUOUS
10
0.4431522047244094
20
0.1636391338582677
11
0.4412363385826771
21
0.1623589763779527
0
LINE
8
BLACK
6
CONTINUOUS
10
0.4412363385826771
20
0.1623589763779527
11
0.4409448818897638
21
0.1623010236220472
0
LINE
8
BLACK
6
CONTINUOUS
10
0.4409448818897638
20
0.1623010236220472
11
0.4409448818897638
21
0.1378265354330709
0
LINE
8
BLACK
6
CONTINUOUS
10
0.4409448818897638
20
0.1378265354330709
11
0.4415913779527559
21
0.1373945275590551
0
LINE
8
BLACK
6
CONTINUOUS
10
0.4415913779527559
20
0.1373945275590551
11
0.4432982677165354
21
0.1348400393700787
0
LINE
8
BLACK
6
CONTINUOUS
10
0.4432982677165354
20
0.1348400393700787
11
0.4438976377952756
21
0.1318267716535433
0
LINE
8
BLACK
6
CONTINUOUS
10
0.4438976377952756
20
0.1318267716535433
11
0.4438976377952756
21
0.1288740157480315
0
LINE
8
BLACK
6
CONTINUOUS
10
0.4438976377952756
20
0.1288740157480315
11
0.4563211811023622
21
0.1288740157480315
0
LINE
8
BLACK
6
CONTINUOUS
10
0.4563211811023622
20
0.1288740157480315
11
0.4873456299212598
21
0.1598984645669291
0
LINE
8
BLACK
6
CONTINUOUS
10
0.4873456299212598
20
0.1598984645669291
11
0.4885388188976378
21
0.1608777165354331
0
LINE
8
BLACK
6
CONTINUOUS
10
0.4885388188976378
20
0.1608777165354331
11
0.4913772440944882
21
0.1620534251968504
0
LINE
8
BLACK
6
CONTINUOUS
10
0.4913772440944882
20
0.1620534251968504
11
0.4929133858267716
21
0.1622047244094488
0
LINE
8
BLACK
6
CONTINUOUS
10
0.4929133858267716
20
0.1622047244094488
11
0.529430748031496
21
0.1622047244094488
0
LINE
8
BLACK
6
CONTINUOUS
10
0.529430748031496
20
0.1622047244094488
11
0.5304196456692913
21
0.1639175196850394
0
LINE
8
BLACK
6
CONTINUOUS
10
0.5304196456692913
20
0.1639175196850394
11
0.5333265748031496
21
0.1668244488188976
0
LINE
8
BLACK
6
CONTINUOUS
10
0.5333265748031496
20
0.1668244488188976
11
0.5368868897637795
21
0.16888
0
LINE
8
BLACK
6
CONTINUOUS
10
0.5368868897637795
20
0.16888
11
0.540857874015748
21
0.1699440157480315
0
LINE
8
BLACK
6
CONTINUOUS
10
0.540857874015748
20
0.1699440157480315
11
0.5449688976377952
21
0.1699440157480315
0
LINE
8
BLACK
6
CONTINUOUS
10
0.5449688976377952
20
0.1699440157480315
11
0.5489398818897637
21
0.16888
0
LINE
8
BLACK
6
CONTINUOUS
10
0.5489398818897637
20
0.16888
11
0.5525001968503936
21
0.1668244488188976
0
LINE
8
BLACK
6
CONTINUOUS
10
0.5525001968503936
20
0.1668244488188976
11
0.5554071259842519
21
0.1639175196850394
0
LINE
8
BLACK
6
CONTINUOUS
10
0.5554071259842519
20
0.1639175196850394
11
0.5574626771653544
21
0.1603572047244095
0
LINE
8
BLACK
6
CONTINUOUS
10
0.5574626771653544
20
0.1603572047244095
11
0.5585266929133859
21
0.1563862204724409
0
LINE
8
BLACK
6
CONTINUOUS
10
0.5585266929133859
20
0.1563862204724409
11
0.5585266929133859
21
0.1522751968503937
0
LINE
8
BLACK
6
CONTINUOUS
10
0.5585266929133859
20
0.1522751968503937
11
0.5574626771653544
21
0.1483042125984252
0
LINE
8
BLACK
6
CONTINUOUS
10
0.5574626771653544
20
0.1483042125984252
11
0.5554071259842519
21
0.1447438976377953
0
LINE
8
BLACK
6
CONTINUOUS
10
0.5554071259842519
20
0.1447438976377953
11
0.5525001968503936
21
0.141836968503937
0
LINE
8
BLACK
6
CONTINUOUS
10
0.5525001968503936
20
0.141836968503937
11
0.5489398818897637
21
0.1397814173228346
0
LINE
8
BLACK
6
CONTINUOUS
10
0.5489398818897637
20
0.1397814173228346
11
0.5449688976377952
21
0.1387174015748031
0
LINE
8
BLACK
6
CONTINUOUS
10
0.5449688976377952
20
0.1387174015748031
11
0.540857874015748
21
0.1387174015748031
0
LINE
8
BLACK
6
CONTINUOUS
10
0.540857874015748
20
0.1387174015748031
11
0.5368868897637795
21
0.1397814173228346
0
LINE
8
BLACK
6
CONTINUOUS
10
0.5368868897637795
20
0.1397814173228346
11
0.5333265748031496
21
0.141836968503937
0
LINE
8
BLACK
6
CONTINUOUS
10
0.5333265748031496
20
0.141836968503937
11
0.5304196456692913
21
0.1447438976377953
0
LINE
8
BLACK
6
CONTINUOUS
10
0.5304196456692913
20
0.1447438976377953
11
0.529430748031496
21
0.1464566929133858
0
LINE
8
BLACK
6
CONTINUOUS
10
0.529430748031496
20
0.1464566929133858
11
0.4961748818897638
21
0.1464566929133858
0
LINE
8
BLACK
6
CONTINUOUS
10
0.4961748818897638
20
0.1464566929133858
11
0.4651504330708661
21
0.1154322440944882
0
LINE
8
BLACK
6
CONTINUOUS
10
0.4651504330708661
20
0.1154322440944882
11
0.4639572440944882
21
0.1144529921259843
0
LINE
8
BLACK
6
CONTINUOUS
10
0.4639572440944882
20
0.1144529921259843
11
0.4611188188976378
21
0.1132772834645669
0
LINE
8
BLACK
6
CONTINUOUS
10
0.4611188188976378
20
0.1132772834645669
11
0.4595826771653543
21
0.1131259842519685
0
LINE
8
BLACK
6
CONTINUOUS
10
0.4595826771653543
20
0.1131259842519685
11
0.4438976377952756
21
0.1131259842519685
0
LINE
8
BLACK
6
CONTINUOUS
10
0.4438976377952756
20
0.1131259842519685
11
0.4438976377952756
21
0.1101732283464567
0
LINE
8
BLACK
6
CONTINUOUS
10
0.4438976377952756
20
0.1101732283464567
11
0.4432982677165354
21
0.1071599606299213
0
LINE
8
BLACK
6
CONTINUOUS
10
0.4432982677165354
20
0.1071599606299213
11
0.4415913779527559
21
0.1046054724409449
0
LINE
8
BLACK
6
CONTINUOUS
10
0.4415913779527559
20
0.1046054724409449
11
0.4390368897637795
21
0.1028985826771654
0
LINE
8
BLACK
6
CONTINUOUS
10
0.4390368897637795
20
0.1028985826771654
11
0.4360236220472441
21
0.1022992125984252
0
LINE
8
BLACK
6
CONTINUOUS
10
0.4360236220472441
20
0.1022992125984252
11
0.4202755905511811
21
0.1022992125984252
0
LINE
8
BLACK
6
CONTINUOUS
10
0.4202755905511811
20
0.1022992125984252
11
0.4172623228346456
21
0.1028985826771654
0
LINE
8
BLACK
6
CONTINUOUS
10
0.4172623228346456
20
0.1028985826771654
11
0.4147078346456693
21
0.1046054724409449
0
LINE
8
BLACK
6
CONTINUOUS
10
0.4147078346456693
20
0.1046054724409449
11
0.4130009448818898
21
0.1071599606299213
0
LINE
8
BLACK
6
CONTINUOUS
10
0.4130009448818898
20
0.1071599606299213
11
0.4124015748031496
21
0.1101732283464567
0
LINE
8
BLACK
6
CONTINUOUS
10
0.4124015748031496
20
0.1101732283464567
11
0.4124015748031496
21
0.1318267716535433
0
LINE
8
BLACK
6
CONTINUOUS
10
0.4124015748031496
20
0.1318267716535433
11
0.4130009448818898
21
0.1348400393700787
0
LINE
8
BLACK
6
CONTINUOUS
10
0.4130009448818898
20
0.1348400393700787
11
0.4147078346456693
21
0.1373945275590551
0
LINE
8
BLACK
6
CONTINUOUS
10
0.4147078346456693
20
0.1373945275590551
11
0.4172623228346456
21
0.1391014173228347
0
LINE
8
BLACK
6
CONTINUOUS
10
0.4172623228346456
20
0.1391014173228347
11
0.4202755905511811
21
0.1397007874015748
0
LINE
8
BLACK
6
CONTINUOUS
10
0.4202755905511811
20
0.1397007874015748
11
0.4251968503937008
21
0.1397007874015748
0
LINE
8
BLACK
6
CONTINUOUS
10
0.4251968503937008
20
0.1397007874015748
11
0.4251968503937008
21
0.1623010236220472
0
LINE
8
BLACK
6
CONTINUOUS
10
0.4251968503937008
20
0.1623010236220472
11
0.4249053937007874
21
0.1623589763779527
0
LINE
8
BLACK
6
CONTINUOUS
10
0.4249053937007874
20
0.1623589763779527
11
0.4229895275590551
21
0.1636391338582677
0
LINE
8
BLACK
6
CONTINUOUS
10
0.4229895275590551
20
0.1636391338582677
11
0.4217093700787402
21
0.165555
0
LINE
8
BLACK
6
CONTINUOUS
10
0.4217093700787402
20
0.165555
11
0.421259842519685
21
0.1678149606299213
0
LINE
8
BLACK
6
CONTINUOUS
10
0.421259842519685
20
0.1678149606299213
11
0.421259842519685
21
0.2081692913385827
0
LINE
8
BLACK
6
CONTINUOUS
10
0.421259842519685
20
0.2081692913385827
11
0.4217093700787402
21
0.2104292519685039
0
LINE
8
BLACK
6
CONTINUOUS
10
0.4217093700787402
20
0.2104292519685039
11
0.4229895275590551
21
0.2123451181102362
0
LINE
8
BLACK
6
CONTINUOUS
10
0.4229895275590551
20
0.2123451181102362
11
0.4249053937007874
21
0.2136252755905512
0
LINE
8
BLACK
6
CONTINUOUS
10
0.4249053937007874
20
0.2136252755905512
11
0.4271653543307086
21
0.2140748031496063
0
LINE
8
BLACK
6
CONTINUOUS
10
0.4271653543307086
20
0.2140748031496063
11
0.4389763779527559
21
0.2140748031496063
0
LINE
8
BLACK
6
CONTINUOUS
10
0.4389763779527559
20
0.2140748031496063
11
0.4412363385826771
21
0.2136252755905512
0
LINE
8
BLACK
6
CONTINUOUS
10
0.4412363385826771
20
0.2136252755905512
11
0.4417280708661417
21
0.2132966929133858
0
LINE
8
BLACK
6
CONTINUOUS
10
0.4417280708661417
20
0.2132966929133858
11
0.487992125984252
21
0.259560748031496
0
LINE
8
BLACK
6
CONTINUOUS
10
0.487992125984252
20
0.259560748031496
11
0.487992125984252
21
0.275492125984252
0
LINE
8
BLACK
6
CONTINUOUS
10
0.487992125984252
20
0.275492125984252
11
0.4886664173228346
21
0.2788820472440945
0
LINE
8
BLACK
6
CONTINUOUS
10
0.4886664173228346
20
0.2788820472440945
11
0.490586653543307
21
0.2817558661417323
0
LINE
8
BLACK
6
CONTINUOUS
10
0.490586653543307
20
0.2817558661417323
11
0.4934604724409449
21
0.2836761023622047
0
LINE
8
BLACK
6
CONTINUOUS
10
0.4934604724409449
20
0.2836761023622047
11
0.4968503937007874
21
0.2843503937007874
0
LINE
8
BLACK
6
CONTINUOUS
10
0.4968503937007874
20
0.2843503937007874
11
0.5165354330708661
21
0.2843503937007874
0
LINE
8
BLACK
6
CONTINUOUS
10
0.5165354330708661
20
0.2843503937007874
11
0.5199253543307086
21
0.2836761023622047
0
LINE
8
BLACK
6
CONTINUOUS
10
0.5199253543307086
20
0.2836761023622047
11
0.5227991732283465
21
0.2817558661417323
0
LINE
8
BLACK
6
CONTINUOUS
10
0.5227991732283465
20
0.2817558661417323
11
0.5247194094488189
21
0.2788820472440945
0
LINE
8
BLACK
6
CONTINUOUS
10
0.5247194094488189
20
0.2788820472440945
11
0.5253937007874016
21
0.275492125984252
0
LINE
8
BLACK
6
CONTINUOUS
10
0.5253937007874016
20
0.275492125984252
11
0.5253937007874016
21
0.275
0
LINE
8
BLACK
6
CONTINUOUS
10
0.5253937007874016
20
0.275
11
0.5539370078740158
21
0.275
0
LINE
8
BLACK
6
CONTINUOUS
10
0.5539370078740158
20
0.275
11
0.5539370078740158
21
0.275492125984252
0
LINE
8
BLACK
6
CONTINUOUS
10
0.5539370078740158
20
0.275492125984252
11
0.5546112992125984
21
0.2788820472440945
0
LINE
8
BLACK
6
CONTINUOUS
10
0.5546112992125984
20
0.2788820472440945
11
0.5565315354330709
21
0.2817558661417323
0
LINE
8
BLACK
6
CONTINUOUS
10
0.5565315354330709
20
0.2817558661417323
11
0.5594053543307087
21
0.2836761023622047
0
LINE
8
BLACK
6
CONTINUOUS
10
0.5594053543307087
20
0.2836761023622047
11
0.5627952755905512
21
0.2843503937007874
0
LINE
8
BLACK
6
CONTINUOUS
10
0.5627952755905512
20
0.2843503937007874
11
0.5647637795275591
21
0.2843503937007874
0
LINE
8
BLACK
6
CONTINUOUS
10
0.5647637795275591
20
0.2843503937007874
11
0.5647637795275591
21
0.4051799606299212
0
LINE
8
BLACK
6
CONTINUOUS
10
0.5647637795275591
20
0.4051799606299212
11
0.5649150787401575
21
0.4067161023622047
0
LINE
8
BLACK
6
CONTINUOUS
10
0.5649150787401575
20
0.4067161023622047
11
0.5660907874015748
21
0.4095545275590551
0
LINE
8
BLACK
6
CONTINUOUS
10
0.5660907874015748
20
0.4095545275590551
11
0.5670700393700787
21
0.4107477165354331
0
LINE
8
BLACK
6
CONTINUOUS
10
0.5670700393700787
20
0.4107477165354331
11
0.6471262992125985
21
0.4908039763779528
0
LINE
8
BLACK
6
CONTINUOUS
10
0.6471262992125985
20
0.4908039763779528
11
0.6483194881889763
21
0.4917832283464567
0
LINE
8
BLACK
6
CONTINUOUS
10
0.6483194881889763
20
0.4917832283464567
11
0.6511579133858267
21
0.492958937007874
0
LINE
8
BLACK
6
CONTINUOUS
10
0.6511579133858267
20
0.492958937007874
11
0.6526940551181102
21
0.4931102362204725
0
LINE
8
BLACK
6
CONTINUOUS
10
0.6526940551181102
20
0.4931102362204725
11
0.6844488188976378
21
0.4931102362204725
0
LINE
8
BLACK
6
CONTINUOUS
10
0.6844488188976378
20
0.4931102362204725
11
0.6844488188976378
21
0.4945866141732284
0
LINE
8
BLACK
6
CONTINUOUS
10
0.6844488188976378
20
0.4945866141732284
11
0.685048188976378
21
0.4975998818897638
0
LINE
8
BLACK
6
CONTINUOUS
10
0.685048188976378
20
0.4975998818897638
11
0.6867550787401575
21
0.5001543700787402
0
LINE
8
BLACK
6
CONTINUOUS
10
0.6867550787401575
20
0.5001543700787402
11
0.6893095669291338
21
0.5018612598425197
0
LINE
8
BLACK
6
CONTINUOUS
10
0.6893095669291338
20
0.5018612598425197
11
0.6923228346456692
21
0.5024606299212598
0
LINE
8
BLACK
6
CONTINUOUS
10
0.6923228346456692
20
0.5024606299212598
11
0.7139763779527559
21
0.5024606299212598
0
LINE
8
BLACK
6
CONTINUOUS
10
0.7139763779527559
20
0.5024606299212598
11
0.7169896456692914
21
0.5018612598425197
0
LINE
8
BLACK
6
CONTINUOUS
10
0.6052682677165354
20
0.2493514960629921
11
0.6054005905511811
21
0.2493826771653543
0
LINE
8
BLACK
6
CONTINUOUS
10
0.6054005905511811
20
0.2493826771653543
11
0.6065786614173229
21
0.2489666929133858
0
LINE
8
BLACK
6
CONTINUOUS
10
0.6065786614173229
20
0.2489666929133858
11
0.6077771653543307
21
0.2486147637795275
0
LINE
8
BLACK
6
CONTINUOUS
10
0.6077771653543307
20
0.2486147637795275
11
0.6078661417322835
21
0.2485120866141732
0
LINE
8
BLACK
6
CONTINUOUS
10
0.6078661417322835
20
0.2485120866141732
11
0.6079944094488189
21
0.2484667716535433
0
LINE
8
BLACK
6
CONTINUOUS
10
0.6079944094488189
20
0.2484667716535433
11
0.6087607086614173
21
0.2474796850393701
0
LINE
8
BLACK
6
CONTINUOUS
10
0.6087607086614173
20
0.2474796850393701
11
0.6095785433070866
21
0.2465358661417323
0
LINE
8
BLACK
6
CONTINUOUS
10
0.6095785433070866
20
0.2465358661417323
11
0.609611653543307
21
0.2463835826771653
0
LINE
8
BLACK
6
CONTINUOUS
10
0.609611653543307
20
0.2463835826771653
11
0.6096812598425196
21
0.246293937007874
0
LINE
8
BLACK
6
CONTINUOUS
10
0.6096812598425196
20
0.246293937007874
11
0.6100004330708662
21
0.2449415354330709
0
LINE
8
BLACK
6
CONTINUOUS
10
0.6100004330708662
20
0.2449415354330709
11
0.6100196850393701
21
0.2447254330708661
0
LINE
8
BLACK
6
CONTINUOUS
10
0.6100196850393701
20
0.2447254330708661
11
0.6100197244094488
21
0.2407533858267716
0
LINE
8
BLACK
6
CONTINUOUS
10
0.6100197244094488
20
0.2407533858267716
11
0.6101344488188977
21
0.2397641338582677
0
LINE
8
BLACK
6
CONTINUOUS
10
0.6101344488188977
20
0.2397641338582677
11
0.6105451181102362
21
0.2388340157480315
0
LINE
8
BLACK
6
CONTINUOUS
10
0.6105451181102362
20
0.2388340157480315
11
0.6106166535433071
21
0.2380320866141732
0
LINE
8
BLACK
6
CONTINUOUS
10
0.6106166535433071
20
0.2380320866141732
11
0.610220157480315
21
0.2356269291338583
0
LINE
8
BLACK
6
CONTINUOUS
10
0.610220157480315
20
0.2356269291338583
11
0.6101344881889763
21
0.2354329527559055
0
LINE
8
BLACK
6
CONTINUOUS
10
0.6101344881889763
20
0.2354329527559055
11
0.6101344488188977
21
0.2354327165354331
0
LINE
8
BLACK
6
CONTINUOUS
10
0.6101344488188977
20
0.2354327165354331
11
0.6100196850393701
21
0.2344436614173228
0
LINE
8
BLACK
6
CONTINUOUS
10
0.6100196850393701
20
0.2344436614173228
11
0.6100196850393701
21
0.2210686614173228
0
LINE
8
BLACK
6
CONTINUOUS
10
0.6100196850393701
20
0.2210686614173228
11
0.6100197637795275
21
0.2210676377952756
0
LINE
8
BLACK
6
CONTINUOUS
10
0.6100197637795275
20
0.2210676377952756
11
0.6101343700787402
21
0.2200792519685039
0
LINE
8
BLACK
6
CONTINUOUS
10
0.6101343700787402
20
0.2200792519685039
11
0.6101344488188977
21
0.220079094488189
0
LINE
8
BLACK
6
CONTINUOUS
10
0.6101344488188977
20
0.220079094488189
11
0.6119209842519685
21
0.2160329133858268
0
LINE
8
BLACK
6
CONTINUOUS
10
0.6119209842519685
20
0.2160329133858268
11
0.6119210236220473
21
0.216032874015748
0
LINE
8
BLACK
6
CONTINUOUS
10
0.6119210236220473
20
0.216032874015748
11
0.6150486220472441
21
0.2129052755905512
0
LINE
8
BLACK
6
CONTINUOUS
10
0.6150486220472441
20
0.2129052755905512
11
0.6190948425196851
21
0.2111187007874016
0
LINE
8
BLACK
6
CONTINUOUS
10
0.6190948425196851
20
0.2111187007874016
11
0.6200840551181103
21
0.211003937007874
0
LINE
8
BLACK
6
CONTINUOUS
10
0.6200840551181103
20
0.211003937007874
11
0.6368527952755906
21
0.2110039763779528
0
LINE
8
BLACK
6
CONTINUOUS
10
0.6368527952755906
20
0.2110039763779528
11
0.6381162992125984
21
0.2108376377952756
0
LINE
8
BLACK
6
CONTINUOUS
10
0.6381162992125984
20
0.2108376377952756
11
0.6390083464566929
21
0.2105986220472441
0
LINE
8
BLACK
6
CONTINUOUS
10
0.6390083464566929
20
0.2105986220472441
11
0.641168937007874
21
0.2100196850393701
0
LINE
8
BLACK
6
CONTINUOUS
10
0.641168937007874
20
0.2100196850393701
11
0.6411689763779528
21
0.2100196850393701
0
LINE
8
BLACK
6
CONTINUOUS
10
0.6411689763779528
20
0.2100196850393701
11
0.7143427952755905
21
0.2100196850393701
0
LINE
8
BLACK
6
CONTINUOUS
10
0.7143427952755905
20
0.2100196850393701
11
0.714342874015748
21
0.2100196850393701
0
LINE
8
BLACK
6
CONTINUOUS
10
0.714342874015748
20
0.2100196850393701
11
0.7180161417322835
21
0.211003937007874
0
LINE
8
BLACK
6
CONTINUOUS
10
0.7180161417322835
20
0.211003937007874
11
0.7188538188976378
21
0.2112283858267716
0
LINE
8
BLACK
6
CONTINUOUS
10
0.7188538188976378
20
0.2112283858267716
11
0.7228981889763779
21
0.2135634251968504
0
LINE
8
BLACK
6
CONTINUOUS
10
0.7228981889763779
20
0.2135634251968504
11
0.7369220078740157
21
0.2275873228346457
0
LINE
8
BLACK
6
CONTINUOUS
10
0.7369220078740157
20
0.2275873228346457
11
0.7393362992125984
21
0.2289055905511811
0
LINE
8
BLACK
6
CONTINUOUS
10
0.7393362992125984
20
0.2289055905511811
11
0.7420800393700787
21
0.2287093700787401
0
LINE
8
BLACK
6
CONTINUOUS
10
0.7420800393700787
20
0.2287093700787401
11
0.7442821653543307
21
0.227060905511811
0
LINE
8
BLACK
6
CONTINUOUS
10
0.7442821653543307
20
0.227060905511811
11
0.7452434645669291
21
0.2244835433070866
0
LINE
8
BLACK
6
CONTINUOUS
10
0.7452434645669291
20
0.2244835433070866
11
0.745255905511811
21
0.2241352755905512
0
LINE
8
BLACK
6
CONTINUOUS
10
0.745255905511811
20
0.2241352755905512
11
0.745255905511811
21
0.1536031102362205
0
LINE
8
BLACK
6
CONTINUOUS
10
0.745255905511811
20
0.1536031102362205
11
0.744480905511811
21
0.150963779527559
0
LINE
8
BLACK
6
CONTINUOUS
10
0.744480905511811
20
0.150963779527559
11
0.7438260236220472
21
0.1501511023622047
0
LINE
8
BLACK
6
CONTINUOUS
10
0.7438260236220472
20
0.1501511023622047
11
0.7415703937007874
21
0.1478955118110236
0
LINE
8
BLACK
6
CONTINUOUS
10
0.7415703937007874
20
0.1478955118110236
11
0.7415702755905511
21
0.1478953543307087
0
LINE
8
BLACK
6
CONTINUOUS
10
0.7415702755905511
20
0.1478953543307087
11
0.7385522834645669
21
0.1433786614173228
0
LINE
8
BLACK
6
CONTINUOUS
10
0.7385522834645669
20
0.1433786614173228
11
0.7385520078740158
21
0.1433781496062992
0
LINE
8
BLACK
6
CONTINUOUS
10
0.7385520078740158
20
0.1433781496062992
11
0.7364732677165354
21
0.1383595669291338
0
LINE
8
BLACK
6
CONTINUOUS
10
0.7364732677165354
20
0.1383595669291338
11
0.7364731496062992
21
0.1383591732283465
0
LINE
8
BLACK
6
CONTINUOUS
10
0.7364731496062992
20
0.1383591732283465
11
0.7354133858267716
21
0.1330313385826772
0
LINE
8
BLACK
6
CONTINUOUS
10
0.7354133858267716
20
0.1330313385826772
11
0.7354133858267716
21
0.1298411811023622
0
LINE
8
BLACK
6
CONTINUOUS
10
0.7354133858267716
20
0.1298411811023622
11
0.7346383858267717
21
0.1272018503937008
0
LINE
8
BLACK
6
CONTINUOUS
10
0.7346383858267717
20
0.1272018503937008
11
0.7339835039370078
21
0.1263891732283464
0
LINE
8
BLACK
6
CONTINUOUS
10
0.7339835039370078
20
0.1263891732283464
11
0.7114061417322834
21
0.1038117716535433
0
LINE
8
BLACK
6
CONTINUOUS
10
0.7114061417322834
20
0.1038117716535433
11
0.7089918503937007
21
0.1024934645669291
0
LINE
8
BLACK
6
CONTINUOUS
10
0.7089918503937007
20
0.1024934645669291
11
0.7079541338582677
21
0.1023818897637795
0
LINE
8
BLACK
6
CONTINUOUS
10
0.7079541338582677
20
0.1023818897637795
11
0.4806171653543307
21
0.1023818897637795
0
LINE
8
BLACK
6
CONTINUOUS
10
0.4806171653543307
20
0.1023818897637795
11
0.4779778346456693
21
0.1031568897637795
0
LINE
8
BLACK
6
CONTINUOUS
10
0.4779778346456693
20
0.1031568897637795
11
0.4761764566929134
21
0.1052357874015748
0
LINE
8
BLACK
6
CONTINUOUS
10
0.4761764566929134
20
0.1052357874015748
11
0.4757849606299213
21
0.1079585433070866
0
LINE
8
BLACK
6
CONTINUOUS
10
0.4757849606299213
20
0.1079585433070866
11
0.4769276771653543
21
0.1104607480314961
0
LINE
8
BLACK
6
CONTINUOUS
10
0.4769276771653543
20
0.1104607480314961
11
0.477165157480315
21
0.1107157874015748
0
LINE
8
BLACK
6
CONTINUOUS
10
0.477165157480315
20
0.1107157874015748
11
0.4996454330708661
21
0.1331961023622047
0
LINE
8
BLACK
6
CONTINUOUS
10
0.4996454330708661
20
0.1331961023622047
11
0.5020597244094488
21
0.1345144094488189
0
LINE
8
BLACK
6
CONTINUOUS
10
0.5020597244094488
20
0.1345144094488189
11
0.5030974409448818
21
0.1346259842519685
0
LINE
8
BLACK
6
CONTINUOUS
10
0.5030974409448818
20
0.1346259842519685
11
0.5215937401574803
21
0.1346259842519685
0
LINE
8
BLACK
6
CONTINUOUS
10
0.5215937401574803
20
0.1346259842519685
11
0.5242330708661417
21
0.1338509842519685
0
LINE
8
BLACK
6
CONTINUOUS
10
0.5242330708661417
20
0.1338509842519685
11
0.5250457480314961
21
0.1331961023622047
0
LINE
8
BLACK
6
CONTINUOUS
10
0.5250457480314961
20
0.1331961023622047
11
0.5253328346456693
21
0.1329090157480315
0
LINE
8
BLACK
6
CONTINUOUS
10
0.5253328346456693
20
0.1329090157480315
11
0.5253329921259843
21
0.1329088976377953
0
LINE
8
BLACK
6
CONTINUOUS
10
0.5253329921259843
20
0.1329088976377953
11
0.52984968503937
21
0.129890905511811
0
LINE
8
BLACK
6
CONTINUOUS
10
0.52984968503937
20
0.129890905511811
11
0.5298501968503937
21
0.1298906299212598
0
LINE
8
BLACK
6
CONTINUOUS
10
0.5298501968503937
20
0.1298906299212598
11
0.5348514960629921
21
0.1278190551181102
0
LINE
8
BLACK
6
CONTINUOUS
10
0.5348514960629921
20
0.1278190551181102
11
0.5348689763779527
21
0.127811811023622
0
LINE
8
BLACK
6
CONTINUOUS
10
0.5348689763779527
20
0.127811811023622
11
0.5348691338582677
21
0.127811811023622
0
LINE
8
BLACK
6
CONTINUOUS
10
0.5348691338582677
20
0.127811811023622
11
0.5348691732283465
21
0.1278117716535433
0
LINE
8
BLACK
6
CONTINUOUS
10
0.5348691732283465
20
0.1278117716535433
11
0.5401970078740157
21
0.126751968503937
0
LINE
8
BLACK
6
CONTINUOUS
10
0.5401970078740157
20
0.126751968503937
11
0.540197125984252
21
0.126751968503937
0
LINE
8
BLACK
6
CONTINUOUS
10
0.540197125984252
20
0.126751968503937
11
0.5456297244094488
21
0.126751968503937
0
LINE
8
BLACK
6
CONTINUOUS
10
0.5456297244094488
20
0.126751968503937
11
0.5498864173228346
21
0.1275987007874016
0
LINE
8
BLACK
6
CONTINUOUS
10
0.5498864173228346
20
0.1275987007874016
11
0.5509577952755905
21
0.127811811023622
0
LINE
8
BLACK
6
CONTINUOUS
10
0.5509577952755905
20
0.127811811023622
11
0.5548395275590551
21
0.1294196850393701
0
LINE
8
BLACK
6
CONTINUOUS
10
0.5548395275590551
20
0.1294196850393701
11
0.5559765354330709
21
0.1298906299212598
0
LINE
8
BLACK
6
CONTINUOUS
10
0.5559765354330709
20
0.1298906299212598
11
0.5559765354330709
21
0.1298906692913386
0
LINE
8
BLACK
6
CONTINUOUS
10
0.5559765354330709
20
0.1298906692913386
11
0.5559768110236221
21
0.1298907480314961
0
LINE
8
BLACK
6
CONTINUOUS
10
0.5559768110236221
20
0.1298907480314961
11
0.5604937795275591
21
0.1329088976377953
0
LINE
8
BLACK
6
CONTINUOUS
10
0.5604937795275591
20
0.1329088976377953
11
0.5643351968503937
21
0.1367503149606299
0
LINE
8
BLACK
6
CONTINUOUS
10
0.5643351968503937
20
0.1367503149606299
11
0.5673533464566929
21
0.1412672834645669
0
LINE
8
BLACK
6
CONTINUOUS
10
0.5673533464566929
20
0.1412672834645669
11
0.5694322834645669
21
0.1462862992125984
0
LINE
8
BLACK
6
CONTINUOUS
10
0.5694322834645669
20
0.1462862992125984
11
0.5700315748031496
21
0.1492991338582677
0
LINE
8
BLACK
6
CONTINUOUS
10
0.5700315748031496
20
0.1492991338582677
11
0.5704921259842519
21
0.1516143700787402
0
LINE
8
BLACK
6
CONTINUOUS
10
0.5704921259842519
20
0.1516143700787402
11
0.5704921259842519
21
0.1570470866141732
0
LINE
8
BLACK
6
CONTINUOUS
10
0.5704921259842519
20
0.1570470866141732
11
0.5694323228346456
21
0.1623749212598425
0
LINE
8
BLACK
6
CONTINUOUS
10
0.5694323228346456
20
0.1623749212598425
11
0.5694322834645669
21
0.1623749606299213
0
LINE
8
BLACK
6
CONTINUOUS
10
0.5694322834645669
20
0.1623749606299213
11
0.5694322834645669
21
0.1623751181102362
0
LINE
8
BLACK
6
CONTINUOUS
10
0.5694322834645669
20
0.1623751181102362
11
0.5685602755905512
21
0.1644803543307087
0
LINE
8
BLACK
6
CONTINUOUS
10
0.5685602755905512
20
0.1644803543307087
11
0.5673534645669291
21
0.1673938976377953
0
LINE
8
BLACK
6
CONTINUOUS
10
0.5673534645669291
20
0.1673938976377953
11
0.567353188976378
21
0.1673944094488189
0
LINE
8
BLACK
6
CONTINUOUS
10
0.567353188976378
20
0.1673944094488189
11
0.5643351968503937
21
0.1719111023622047
0
LINE
8
BLACK
6
CONTINUOUS
10
0.5643351968503937
20
0.1719111023622047
11
0.5643350787401574
21
0.1719112598425197
0
LINE
8
BLACK
6
CONTINUOUS
10
0.5643350787401574
20
0.1719112598425197
11
0.5604938976377952
21
0.1757524409448819
0
LINE
8
BLACK
6
CONTINUOUS
10
0.5604938976377952
20
0.1757524409448819
11
0.5604937401574803
21
0.1757525590551181
0
LINE
8
BLACK
6
CONTINUOUS
10
0.5604937401574803
20
0.1757525590551181
11
0.5559770472440945
21
0.1787705511811024
0
LINE
8
BLACK
6
CONTINUOUS
10
0.5559770472440945
20
0.1787705511811024
11
0.5559765354330709
21
0.1787708267716535
0
LINE
8
BLACK
6
CONTINUOUS
10
0.5559765354330709
20
0.1787708267716535
11
0.5509579527559055
21
0.1808495669291338
0
LINE
8
BLACK
6
CONTINUOUS
10
0.5509579527559055
20
0.1808495669291338
11
0.5509575590551181
21
0.1808496850393701
0
LINE
8
BLACK
6
CONTINUOUS
10
0.5509575590551181
20
0.1808496850393701
11
0.5456297244094488
21
0.1819094488188976
0
LINE
8
BLACK
6
CONTINUOUS
10
0.5456297244094488
20
0.1819094488188976
11
0.5456296456692913
21
0.1819094488188976
0
LINE
8
BLACK
6
CONTINUOUS
10
0.5456296456692913
20
0.1819094488188976
11
0.540197125984252
21
0.1819094488188976
0
LINE
8
BLACK
6
CONTINUOUS
10
0.540197125984252
20
0.1819094488188976
11
0.5401970472440945
21
0.1819094488188976
0
LINE
8
BLACK
6
CONTINUOUS
10
0.5401970472440945
20
0.1819094488188976
11
0.5348691732283465
21
0.1808496850393701
0
LINE
8
BLACK
6
CONTINUOUS
10
0.5348691732283465
20
0.1808496850393701
11
0.5348687795275591
21
0.1808495669291338
0
LINE
8
BLACK
6
CONTINUOUS
10
0.5348687795275591
20
0.1808495669291338
11
0.5298501968503937
21
0.1787708267716535
0
LINE
8
BLACK
6
CONTINUOUS
10
0.5298501968503937
20
0.1787708267716535
11
0.52984968503937
21
0.1787705511811024
0
LINE
8
BLACK
6
CONTINUOUS
10
0.52984968503937
20
0.1787705511811024
11
0.5253329921259843
21
0.1757525590551181
0
LINE
8
BLACK
6
CONTINUOUS
10
0.5253329921259843
20
0.1757525590551181
11
0.5253328346456693
21
0.1757524409448819
0
LINE
8
BLACK
6
CONTINUOUS
10
0.5253328346456693
20
0.1757524409448819
11
0.5250457480314961
21
0.1754653149606299
0
LINE
8
BLACK
6
CONTINUOUS
10
0.5250457480314961
20
0.1754653149606299
11
0.5226314566929133
21
0.1741470078740157
0
LINE
8
BLACK
6
CONTINUOUS
10
0.5226314566929133
20
0.1741470078740157
11
0.5215937401574803
21
0.1740354330708661
0
LINE
8
BLACK
6
CONTINUOUS
10
0.5215937401574803
20
0.1740354330708661
11
0.4903189763779527
21
0.1740354330708661
0
LINE
8
BLACK
6
CONTINUOUS
10
0.4903189763779527
20
0.1740354330708661
11
0.4894375590551181
21
0.1737992519685039
0
LINE
8
BLACK
6
CONTINUOUS
10
0.4894375590551181
20
0.1737992519685039
11
0.4894375984251969
21
0.1737992125984252
0
LINE
8
BLACK
6
CONTINUOUS
10
0.4894375984251969
20
0.1737992125984252
11
0.4853076377952756
21
0.1726925984251969
0
LINE
8
BLACK
6
CONTINUOUS
10
0.4853076377952756
20
0.1726925984251969
11
0.4853075590551181
21
0.1726925984251969
0
LINE
8
BLACK
6
CONTINUOUS
10
0.4853075590551181
20
0.1726925984251969
11
0.4853075590551181
21
0.1726925590551181
0
LINE
8
BLACK
6
CONTINUOUS
10
0.4853075590551181
20
0.1726925590551181
11
0.4808144094488189
21
0.1700984251968504
0
LINE
8
BLACK
6
CONTINUOUS
10
0.4808144094488189
20
0.1700984251968504
11
0.4808142913385827
21
0.1700983464566929
0
LINE
8
BLACK
6
CONTINUOUS
10
0.4808142913385827
20
0.1700983464566929
11
0.4771455905511811
21
0.1664296062992126
0
LINE
8
BLACK
6
CONTINUOUS
10
0.4771455905511811
20
0.1664296062992126
11
0.4611094881889763
21
0.1503935433070866
0
LINE
8
BLACK
6
CONTINUOUS
10
0.4611094881889763
20
0.1503935433070866
11
0.4603442519685039
21
0.149975748031496
0
LINE
8
BLACK
6
CONTINUOUS
10
0.4603442519685039
20
0.149975748031496
11
0.4596854724409449
21
0.149404842519685
0
LINE
8
BLACK
6
CONTINUOUS
10
0.4596854724409449
20
0.149404842519685
11
0.4591605905511811
21
0.1493294094488189
0
LINE
8
BLACK
6
CONTINUOUS
10
0.4591605905511811
20
0.1493294094488189
11
0.4586951968503937
21
0.1490752362204724
0
LINE
8
BLACK
6
CONTINUOUS
10
0.4586951968503937
20
0.1490752362204724
11
0.4578256299212599
21
0.1491374409448819
0
LINE
8
BLACK
6
CONTINUOUS
10
0.4578256299212599
20
0.1491374409448819
11
0.4569627165354331
21
0.1490133464566929
0
LINE
8
BLACK
6
CONTINUOUS
10
0.4569627165354331
20
0.1490133464566929
11
0.4564803543307087
21
0.1492336614173228
0
LINE
8
BLACK
6
CONTINUOUS
10
0.4564803543307087
20
0.1492336614173228
11
0.4559514173228346
21
0.1492714566929134
0
LINE
8
BLACK
6
CONTINUOUS
10
0.4559514173228346
20
0.1492714566929134
11
0.4552535039370079
21
0.149793937007874
0
LINE
8
BLACK
6
CONTINUOUS
10
0.4552535039370079
20
0.149793937007874
11
0.4544605118110236
21
0.150156062992126
0
LINE
8
BLACK
6
CONTINUOUS
10
0.4544605118110236
20
0.150156062992126
11
0.4541737795275591
21
0.1506022047244094
0
LINE
8
BLACK
6
CONTINUOUS
10
0.4541737795275591
20
0.1506022047244094
11
0.4537493307086614
21
0.1509199606299212
0
LINE
8
BLACK
6
CONTINUOUS
10
0.4537493307086614
20
0.1509199606299212
11
0.4534446850393701
21
0.1517367322834646
0
LINE
8
BLACK
6
CONTINUOUS
10
0.4534446850393701
20
0.1517367322834646
11
0.4529733464566929
21
0.1524701574803149
0
LINE
8
BLACK
6
CONTINUOUS
10
0.4529733464566929
20
0.1524701574803149
11
0.452849251968504
21
0.1533331102362205
0
LINE
8
BLACK
6
CONTINUOUS
10
0.452849251968504
20
0.1533331102362205
11
0.452788031496063
21
0.1534972834645669
0
LINE
8
BLACK
6
CONTINUOUS
10
0.452788031496063
20
0.1534972834645669
11
0.4527755905511811
21
0.1538455511811024
0
LINE
8
BLACK
6
CONTINUOUS
10
0.4527755905511811
20
0.1538455511811024
11
0.4527755905511811
21
0.1550378346456693
0
LINE
8
BLACK
6
CONTINUOUS
10
0.4527755905511811
20
0.1550378346456693
11
0.4535505905511811
21
0.1576771653543307
0
LINE
8
BLACK
6
CONTINUOUS
10
0.4535505905511811
20
0.1576771653543307
11
0.4537292125984252
21
0.1579363779527559
0
LINE
8
BLACK
6
CONTINUOUS
10
0.4537292125984252
20
0.1579363779527559
11
0.4548343700787402
21
0.159433779527559
0
LINE
8
BLACK
6
CONTINUOUS
10
0.4548343700787402
20
0.159433779527559
11
0.4558636614173228
21
0.1623753149606299
0
LINE
8
BLACK
6
CONTINUOUS
10
0.4558636614173228
20
0.1623753149606299
11
0.4566002362204724
21
0.1644802755905512
0
LINE
8
BLACK
6
CONTINUOUS
10
0.4566002362204724
20
0.1644802755905512
11
0.4566002362204724
21
0.1644803543307087
0
LINE
8
BLACK
6
CONTINUOUS
10
0.4566002362204724
20
0.1644803543307087
11
0.4567125984251968
21
0.1656783858267717
0
LINE
8
BLACK
6
CONTINUOUS
10
0.4567125984251968
20
0.1656783858267717
11
0.4567125984251968
21
0.1872568503937008
0
LINE
8
BLACK
6
CONTINUOUS
10
0.4567125984251968
20
0.1872568503937008
11
0.4574875984251968
21
0.1898961811023622
0
LINE
8
BLACK
6
CONTINUOUS
10
0.4574875984251968
20
0.1898961811023622
11
0.4581424803149606
21
0.1907088582677165
0
LINE
8
BLACK
6
CONTINUOUS
10
0.4581424803149606
20
0.1907088582677165
11
0.5030903543307087
21
0.2356567322834646
0
LINE
8
BLACK
6
CONTINUOUS
10
0.5030903543307087
20
0.2356567322834646
11
0.5055046456692913
21
0.2369750393700787
0
LINE
8
BLACK
6
CONTINUOUS
10
0.5055046456692913
20
0.2369750393700787
11
0.5065423622047244
21
0.2370866141732283
0
LINE
8
BLACK
6
CONTINUOUS
10
0.5065423622047244
20
0.2370866141732283
11
0.5181550393700787
21
0.2370866141732283
0
LINE
8
BLACK
6
CONTINUOUS
10
0.5181550393700787
20
0.2370866141732283
11
0.5181552755905512
21
0.2370866141732283
0
LINE
8
BLACK
6
CONTINUOUS
10
0.5181552755905512
20
0.2370866141732283
11
0.5214799212598425
21
0.2374858661417323
0
LINE
8
BLACK
6
CONTINUOUS
10
0.5214799212598425
20
0.2374858661417323
11
0.5267706692913385
21
0.2395722834645669
0
LINE
8
BLACK
6
CONTINUOUS
10
0.5267706692913385
20
0.2395722834645669
11
0.5313022834645669
21
0.2430087401574803
0
LINE
8
BLACK
6
CONTINUOUS
10
0.5313022834645669
20
0.2430087401574803
11
0.5313643307086614
21
0.2430905511811023
0
LINE
8
BLACK
6
CONTINUOUS
10
0.5313643307086614
20
0.2430905511811023
11
0.5331833464566929
21
0.2454892125984252
0
LINE
8
BLACK
6
CONTINUOUS
10
0.5331833464566929
20
0.2454892125984252
11
0.5333154330708662
21
0.2455868503937008
0
LINE
8
BLACK
6
CONTINUOUS
10
0.5333154330708662
20
0.2455868503937008
11
0.5333837401574804
21
0.2457363385826772
0
LINE
8
BLACK
6
CONTINUOUS
10
0.5333837401574804
20
0.2457363385826772
11
0.5344122834645669
21
0.2463973622047244
0
LINE
8
BLACK
6
CONTINUOUS
10
0.5344122834645669
20
0.2463973622047244
11
0.5353956299212599
21
0.2471239763779527
0
LINE
8
BLACK
6
CONTINUOUS
10
0.5353956299212599
20
0.2471239763779527
11
0.5355990551181102
21
0.2471600393700787
0
LINE
8
BLACK
6
CONTINUOUS
10
0.5355990551181102
20
0.2471600393700787
11
0.5356978346456692
21
0.2472235039370079
0
LINE
8
BLACK
6
CONTINUOUS
10
0.5356978346456692
20
0.2472235039370079
11
0.5370732283464567
21
0.2474212598425197
0
LINE
8
BLACK
6
CONTINUOUS
10
0.5370732283464567
20
0.2474212598425197
11
0.5422574803149606
21
0.2474212598425197
0
LINE
8
BLACK
6
CONTINUOUS
10
0.5422574803149606
20
0.2474212598425197
11
0.5448968110236221
21
0.2466462598425197
0
LINE
8
BLACK
6
CONTINUOUS
10
0.5448968110236221
20
0.2466462598425197
11
0.5461473622047244
21
0.2454892125984252
0
LINE
8
BLACK
6
CONTINUOUS
10
0.5461473622047244
20
0.2454892125984252
11
0.5480283464566928
21
0.2430087795275591
0
LINE
8
BLACK
6
CONTINUOUS
10
0.5480283464566928
20
0.2430087795275591
11
0.5525599606299213
21
0.2395723228346457
0
LINE
8
BLACK
6
CONTINUOUS
10
0.5525599606299213
20
0.2395723228346457
11
0.5525599999999999
21
0.2395723228346457
0
LINE
8
BLACK
6
CONTINUOUS
10
0.5525599999999999
20
0.2395723228346457
11
0.5525600393700787
21
0.2395722834645669
0
LINE
8
BLACK
6
CONTINUOUS
10
0.5525600393700787
20
0.2395722834645669
11
0.5578507874015748
21
0.2374858661417323
0
LINE
8
BLACK
6
CONTINUOUS
10
0.5578507874015748
20
0.2374858661417323
11
0.5611754330708661
21
0.2370866141732283
0
LINE
8
BLACK
6
CONTINUOUS
10
0.5611754330708661
20
0.2370866141732283
11
0.5611756692913386
21
0.2370866141732283
0
LINE
8
BLACK
6
CONTINUOUS
10
0.5611756692913386
20
0.2370866141732283
11
0.5840999212598426
21
0.2370866141732283
0
LINE
8
BLACK
6
CONTINUOUS
10
0.5840999212598426
20
0.2370866141732283
11
0.584100157480315
21
0.2370866141732283
0
LINE
8
BLACK
6
CONTINUOUS
10
0.584100157480315
20
0.2370866141732283
11
0.5874248031496063
21
0.2374858661417323
0
LINE
8
BLACK
6
CONTINUOUS
10
0.5874248031496063
20
0.2374858661417323
11
0.5927155511811023
21
0.2395722834645669
0
LINE
8
BLACK
6
CONTINUOUS
10
0.5927155511811023
20
0.2395722834645669
11
0.5972471653543306
21
0.2430087401574803
0
LINE
8
BLACK
6
CONTINUOUS
10
0.5972471653543306
20
0.2430087401574803
11
0.6006209448818898
21
0.2474577559055118
0
LINE
8
BLACK
6
CONTINUOUS
10
0.6006209448818898
20
0.2474577559055118
11
0.6028332677165354
21
0.2490924803149606
0
LINE
8
BLACK
6
CONTINUOUS
10
0.6028332677165354
20
0.2490924803149606
11
0.6045108661417322
21
0.2493897637795275
0
LINE
8
BLACK
6
CONTINUOUS
10
0.6045108661417322
20
0.2493897637795275
11
0.6051378346456693
21
0.2493897637795275
0
LINE
8
BLACK
6
CONTINUOUS
10
0.6051378346456693
20
0.2493897637795275
11
0.6052682677165354
21
0.2493514960629921
0
LINE
8
BLACK
6
CONTINUOUS
10
0.3664331889763779
20
0.2136252755905512
11
0.3683490551181102
21
0.2123451181102362
0
LINE
8
BLACK
6
CONTINUOUS
10
0.3683490551181102
20
0.2123451181102362
11
0.3696292125984252
21
0.2104292519685039
0
LINE
8
BLACK
6
CONTINUOUS
10
0.3696292125984252
20
0.2104292519685039
11
0.3700787401574803
21
0.2081692913385827
0
LINE
8
BLACK
6
CONTINUOUS
10
0.3700787401574803
20
0.2081692913385827
11
0.3700787401574803
21
0.1678149606299213
0
LINE
8
BLACK
6
CONTINUOUS
10
0.3700787401574803
20
0.1678149606299213
11
0.3696292125984252
21
0.165555
0
LINE
8
BLACK
6
CONTINUOUS
10
0.3696292125984252
20
0.165555
11
0.3683490551181102
21
0.1636391338582677
0
LINE
8
BLACK
6
CONTINUOUS
10
0.3683490551181102
20
0.1636391338582677
11
0.3664331889763779
21
0.1623589763779527
0
LINE
8
BLACK
6
CONTINUOUS
10
0.3664331889763779
20
0.1623589763779527
11
0.3641732283464567
21
0.1619094488188976
0
LINE
8
BLACK
6
CONTINUOUS
10
0.3641732283464567
20
0.1619094488188976
11
0.3523622047244094
21
0.1619094488188976
0
LINE
8
BLACK
6
CONTINUOUS
10
0.3523622047244094
20
0.1619094488188976
11
0.3501022440944882
21
0.1623589763779527
0
LINE
8
BLACK
6
CONTINUOUS
10
0.3501022440944882
20
0.1623589763779527
11
0.3481863779527559
21
0.1636391338582677
0
LINE
8
BLACK
6
CONTINUOUS
10
0.3481863779527559
20
0.1636391338582677
11
0.346906220472441
21
0.165555
0
LINE
8
BLACK
6
CONTINUOUS
10
0.346906220472441
20
0.165555
11
0.3464566929133858
21
0.1678149606299213
0
LINE
8
BLACK
6
CONTINUOUS
10
0.3464566929133858
20
0.1678149606299213
11
0.3464566929133858
21
0.2081692913385827
0
LINE
8
BLACK
6
CONTINUOUS
10
0.3464566929133858
20
0.2081692913385827
11
0.346906220472441
21
0.2104292519685039
0
LINE
8
BLACK
6
CONTINUOUS
10
0.346906220472441
20
0.2104292519685039
11
0.3481863779527559
21
0.2123451181102362
0
LINE
8
BLACK
6
CONTINUOUS
10
0.3481863779527559
20
0.2123451181102362
11
0.3501022440944882
21
0.2136252755905512
0
LINE
8
BLACK
6
CONTINUOUS
10
0.3501022440944882
20
0.2136252755905512
11
0.3523622047244094
21
0.2140748031496063
0
LINE
8
BLACK
6
CONTINUOUS
10
0.3523622047244094
20
0.2140748031496063
11
0.3641732283464567
21
0.2140748031496063
0
LINE
8
BLACK
6
CONTINUOUS
10
0.3641732283464567
20
0.2140748031496063
11
0.3664331889763779
21
0.2136252755905512
0
LINE
8
BLACK
6
CONTINUOUS
10
0.8160496456692913
20
0.2326771653543307
11
0.8344488188976378
21
0.2326771653543307
0
LINE
8
BLACK
6
CONTINUOUS
10
0.8344488188976378
20
0.2326771653543307
11
0.8344488188976378
21
0.2228346456692913
0
LINE
8
BLACK
6
CONTINUOUS
10
0.8344488188976378
20
0.2228346456692913
11
0.8181102362204724
21
0.2228346456692913
0
LINE
8
BLACK
6
CONTINUOUS
10
0.8181102362204724
20
0.2228346456692913
11
0.8181102362204724
21
0.2089308661417323
0
LINE
8
BLACK
6
CONTINUOUS
10
0.8181102362204724
20
0.2089308661417323
11
0.8193948031496063
21
0.2081892125984252
0
LINE
8
BLACK
6
CONTINUOUS
10
0.8193948031496063
20
0.2081892125984252
11
0.8215750393700787
21
0.2060089763779528
0
LINE
8
BLACK
6
CONTINUOUS
10
0.8215750393700787
20
0.2060089763779528
11
0.8231166929133859
21
0.203338779527559
0
LINE
8
BLACK
6
CONTINUOUS
10
0.8231166929133859
20
0.203338779527559
11
0.82391468503937
21
0.2003605511811024
0
LINE
8
BLACK
6
CONTINUOUS
10
0.82391468503937
20
0.2003605511811024
11
0.82391468503937
21
0.1972772440944882
0
LINE
8
BLACK
6
CONTINUOUS
10
0.82391468503937
20
0.1972772440944882
11
0.8231166929133859
21
0.1942990157480315
0
LINE
8
BLACK
6
CONTINUOUS
10
0.8231166929133859
20
0.1942990157480315
11
0.8215750393700787
21
0.1916288188976378
0
LINE
8
BLACK
6
CONTINUOUS
10
0.8215750393700787
20
0.1916288188976378
11
0.8193948031496063
21
0.1894485826771654
0
LINE
8
BLACK
6
CONTINUOUS
10
0.8193948031496063
20
0.1894485826771654
11
0.8167246062992126
21
0.1879069291338583
0
LINE
8
BLACK
6
CONTINUOUS
10
0.8167246062992126
20
0.1879069291338583
11
0.8137463779527558
21
0.187108937007874
0
LINE
8
BLACK
6
CONTINUOUS
10
0.8137463779527558
20
0.187108937007874
11
0.8106630708661418
21
0.187108937007874
0
LINE
8
BLACK
6
CONTINUOUS
10
0.8106630708661418
20
0.187108937007874
11
0.807684842519685
21
0.1879069291338583
0
LINE
8
BLACK
6
CONTINUOUS
10
0.807684842519685
20
0.1879069291338583
11
0.8050146456692914
21
0.1894485826771654
0
LINE
8
BLACK
6
CONTINUOUS
10
0.8050146456692914
20
0.1894485826771654
11
0.8028344094488189
21
0.1916288188976378
0
LINE
8
BLACK
6
CONTINUOUS
10
0.8028344094488189
20
0.1916288188976378
11
0.8012927559055117
21
0.1942990157480315
0
LINE
8
BLACK
6
CONTINUOUS
10
0.8012927559055117
20
0.1942990157480315
11
0.8004947637795276
21
0.1972772440944882
0
LINE
8
BLACK
6
CONTINUOUS
10
0.8004947637795276
20
0.1972772440944882
11
0.8004947637795276
21
0.2003605511811024
0
LINE
8
BLACK
6
CONTINUOUS
10
0.8004947637795276
20
0.2003605511811024
11
0.8012927559055117
21
0.203338779527559
0
LINE
8
BLACK
6
CONTINUOUS
10
0.8012927559055117
20
0.203338779527559
11
0.8028344094488189
21
0.2060089763779528
0
LINE
8
BLACK
6
CONTINUOUS
10
0.8028344094488189
20
0.2060089763779528
11
0.8050146456692914
21
0.2081892125984252
0
LINE
8
BLACK
6
CONTINUOUS
10
0.8050146456692914
20
0.2081892125984252
11
0.8062992125984252
21
0.2089308661417323
0
LINE
8
BLACK
6
CONTINUOUS
10
0.8062992125984252
20
0.2089308661417323
11
0.8062992125984252
21
0.2228346456692913
0
LINE
8
BLACK
6
CONTINUOUS
10
0.8062992125984252
20
0.2228346456692913
11
0.7911417322834645
21
0.2228346456692913
0
LINE
8
BLACK
6
CONTINUOUS
10
0.7911417322834645
20
0.2228346456692913
11
0.7911417322834645
21
0.2326771653543307
0
LINE
8
BLACK
6
CONTINUOUS
10
0.7911417322834645
20
0.2326771653543307
11
0.8095408661417323
21
0.2326771653543307
0
LINE
8
BLACK
6
CONTINUOUS
10
0.8095408661417323
20
0.2326771653543307
11
0.8116431889763779
21
0.2335479527559055
0
LINE
8
BLACK
6
CONTINUOUS
10
0.8116431889763779
20
0.2335479527559055
11
0.8139473622047244
21
0.2335479527559055
0
LINE
8
BLACK
6
CONTINUOUS
10
0.8139473622047244
20
0.2335479527559055
11
0.8160496456692913
21
0.2326771653543307
0
LINE
8
BLACK
6
CONTINUOUS
10
0.7850998818897638
20
0.4365069291338582
11
0.7876543700787402
21
0.4348000393700787
0
LINE
8
BLACK
6
CONTINUOUS
10
0.7876543700787402
20
0.4348000393700787
11
0.7893612598425197
21
0.4322455511811024
0
LINE
8
BLACK
6
CONTINUOUS
10
0.7893612598425197
20
0.4322455511811024
11
0.7899606299212598
21
0.4292322834645669
0
LINE
8
BLACK
6
CONTINUOUS
10
0.7899606299212598
20
0.4292322834645669
11
0.7899606299212598
21
0.4134842519685039
0
LINE
8
BLACK
6
CONTINUOUS
10
0.7899606299212598
20
0.4134842519685039
11
0.7893612598425197
21
0.4104709842519685
0
LINE
8
BLACK
6
CONTINUOUS
10
0.7893612598425197
20
0.4104709842519685
11
0.7876543700787402
21
0.4079164960629921
0
LINE
8
BLACK
6
CONTINUOUS
10
0.7876543700787402
20
0.4079164960629921
11
0.7850998818897638
21
0.4062096062992126
0
LINE
8
BLACK
6
CONTINUOUS
10
0.7850998818897638
20
0.4062096062992126
11
0.7820866141732283
21
0.4056102362204724
0
LINE
8
BLACK
6
CONTINUOUS
10
0.7820866141732283
20
0.4056102362204724
11
0.7795275590551181
21
0.4056102362204724
0
LINE
8
BLACK
6
CONTINUOUS
10
0.7795275590551181
20
0.4056102362204724
11
0.7795275590551181
21
0.391829094488189
0
LINE
8
BLACK
6
CONTINUOUS
10
0.7795275590551181
20
0.391829094488189
11
0.7812403543307086
21
0.3908401968503937
0
LINE
8
BLACK
6
CONTINUOUS
10
0.7812403543307086
20
0.3908401968503937
11
0.7841472834645669
21
0.3879332677165354
0
LINE
8
BLACK
6
CONTINUOUS
10
0.7841472834645669
20
0.3879332677165354
11
0.7862028346456693
21
0.3843729527559055
0
LINE
8
BLACK
6
CONTINUOUS
10
0.7862028346456693
20
0.3843729527559055
11
0.7872668503937008
21
0.380401968503937
0
LINE
8
BLACK
6
CONTINUOUS
10
0.7872668503937008
20
0.380401968503937
11
0.7872668503937008
21
0.3762909448818897
0
LINE
8
BLACK
6
CONTINUOUS
10
0.7872668503937008
20
0.3762909448818897
11
0.7862028346456693
21
0.3723199606299212
0
LINE
8
BLACK
6
CONTINUOUS
10
0.7862028346456693
20
0.3723199606299212
11
0.7841472834645669
21
0.3687596456692913
0
LINE
8
BLACK
6
CONTINUOUS
10
0.7841472834645669
20
0.3687596456692913
11
0.7812403543307086
21
0.3658527165354331
0
LINE
8
BLACK
6
CONTINUOUS
10
0.7812403543307086
20
0.3658527165354331
11
0.7776800393700787
21
0.3637971653543307
0
LINE
8
BLACK
6
CONTINUOUS
10
0.7776800393700787
20
0.3637971653543307
11
0.7775590551181102
21
0.3637647637795275
0
LINE
8
BLACK
6
CONTINUOUS
10
0.7775590551181102
20
0.3637647637795275
11
0.7775590551181102
21
0.2874015748031496
0
LINE
8
BLACK
6
CONTINUOUS
10
0.7775590551181102
20
0.2874015748031496
11
0.7774455905511811
21
0.2862494488188976
0
LINE
8
BLACK
6
CONTINUOUS
10
0.7774455905511811
20
0.2862494488188976
11
0.7770803149606299
21
0.2853676771653543
0
LINE
8
BLACK
6
CONTINUOUS
10
0.7770803149606299
20
0.2853676771653543
11
0.7765638188976378
21
0.2841206692913386
0
LINE
8
BLACK
6
CONTINUOUS
10
0.7765638188976378
20
0.2841206692913386
11
0.7758293700787401
21
0.2832257480314961
0
LINE
8
BLACK
6
CONTINUOUS
10
0.7758293700787401
20
0.2832257480314961
11
0.7161837007874016
21
0.2235800787401575
0
LINE
8
BLACK
6
CONTINUOUS
10
0.7161837007874016
20
0.2235800787401575
11
0.7152887795275591
21
0.2228456299212598
0
LINE
8
BLACK
6
CONTINUOUS
10
0.7152887795275591
20
0.2228456299212598
11
0.7140417716535433
21
0.2223291338582677
0
LINE
8
BLACK
6
CONTINUOUS
10
0.7140417716535433
20
0.2223291338582677
11
0.71316
21
0.2219638582677165
0
LINE
8
BLACK
6
CONTINUOUS
10
0.71316
20
0.2219638582677165
11
0.7120078740157481
21
0.2218503937007874
0
LINE
8
BLACK
6
CONTINUOUS
10
0.7120078740157481
20
0.2218503937007874
11
0.643503937007874
21
0.2218503937007874
0
LINE
8
BLACK
6
CONTINUOUS
10
0.643503937007874
20
0.2218503937007874
11
0.642351811023622
21
0.2219638582677165
0
LINE
8
BLACK
6
CONTINUOUS
10
0.642351811023622
20
0.2219638582677165
11
0.6402496062992126
21
0.2228346456692913
0
LINE
8
BLACK
6
CONTINUOUS
10
0.6402496062992126
20
0.2228346456692913
11
0.6218503937007874
21
0.2228346456692913
0
LINE
8
BLACK
6
CONTINUOUS
10
0.6218503937007874
20
0.2228346456692913
11
0.6218503937007874
21
0.2326771653543307
0
LINE
8
BLACK
6
CONTINUOUS
10
0.6218503937007874
20
0.2326771653543307
11
0.6402496062992126
21
0.2326771653543307
0
LINE
8
BLACK
6
CONTINUOUS
10
0.6402496062992126
20
0.2326771653543307
11
0.642351811023622
21
0.2335479527559055
0
LINE
8
BLACK
6
CONTINUOUS
10
0.642351811023622
20
0.2335479527559055
11
0.643503937007874
21
0.2336614173228346
0
LINE
8
BLACK
6
CONTINUOUS
10
0.643503937007874
20
0.2336614173228346
11
0.7095617322834645
21
0.2336614173228346
0
LINE
8
BLACK
6
CONTINUOUS
10
0.7095617322834645
20
0.2336614173228346
11
0.765748031496063
21
0.2898477165354331
0
LINE
8
BLACK
6
CONTINUOUS
10
0.765748031496063
20
0.2898477165354331
11
0.765748031496063
21
0.3637647637795275
0
LINE
8
BLACK
6
CONTINUOUS
10
0.765748031496063
20
0.3637647637795275
11
0.7656270472440945
21
0.3637971653543307
0
LINE
8
BLACK
6
CONTINUOUS
10
0.7656270472440945
20
0.3637971653543307
11
0.7620667322834646
21
0.3658527165354331
0
LINE
8
BLACK
6
CONTINUOUS
10
0.7620667322834646
20
0.3658527165354331
11
0.7591598031496063
21
0.3687596456692913
0
LINE
8
BLACK
6
CONTINUOUS
10
0.7591598031496063
20
0.3687596456692913
11
0.7571042519685039
21
0.3723199606299212
0
LINE
8
BLACK
6
CONTINUOUS
10
0.7571042519685039
20
0.3723199606299212
11
0.7560402362204725
21
0.3762909448818897
0
LINE
8
BLACK
6
CONTINUOUS
10
0.7560402362204725
20
0.3762909448818897
11
0.7560402362204725
21
0.380401968503937
0
LINE
8
BLACK
6
CONTINUOUS
10
0.7560402362204725
20
0.380401968503937
11
0.7571042519685039
21
0.3843729527559055
0
LINE
8
BLACK
6
CONTINUOUS
10
0.7571042519685039
20
0.3843729527559055
11
0.7591598031496063
21
0.3879332677165354
0
LINE
8
BLACK
6
CONTINUOUS
10
0.7591598031496063
20
0.3879332677165354
11
0.7620667322834646
21
0.3908401968503937
0
LINE
8
BLACK
6
CONTINUOUS
10
0.7620667322834646
20
0.3908401968503937
11
0.7637795275590551
21
0.391829094488189
0
LINE
8
BLACK
6
CONTINUOUS
10
0.7637795275590551
20
0.391829094488189
11
0.7637795275590551
21
0.4056102362204724
0
LINE
8
BLACK
6
CONTINUOUS
10
0.7637795275590551
20
0.4056102362204724
11
0.7604330708661418
21
0.4056102362204724
0
LINE
8
BLACK
6
CONTINUOUS
10
0.7604330708661418
20
0.4056102362204724
11
0.7574198031496063
21
0.4062096062992126
0
LINE
8
BLACK
6
CONTINUOUS
10
0.7574198031496063
20
0.4062096062992126
11
0.7548653149606299
21
0.4079164960629921
0
LINE
8
BLACK
6
CONTINUOUS
10
0.7548653149606299
20
0.4079164960629921
11
0.7531584251968504
21
0.4104709842519685
0
LINE
8
BLACK
6
CONTINUOUS
10
0.7531584251968504
20
0.4104709842519685
11
0.7525590551181102
21
0.4134842519685039
0
LINE
8
BLACK
6
CONTINUOUS
10
0.7525590551181102
20
0.4134842519685039
11
0.7525590551181102
21
0.4292322834645669
0
LINE
8
BLACK
6
CONTINUOUS
10
0.7525590551181102
20
0.4292322834645669
11
0.7531584251968504
21
0.4322455511811024
0
LINE
8
BLACK
6
CONTINUOUS
10
0.7531584251968504
20
0.4322455511811024
11
0.7548653149606299
21
0.4348000393700787
0
LINE
8
BLACK
6
CONTINUOUS
10
0.7548653149606299
20
0.4348000393700787
11
0.7574198031496063
21
0.4365069291338582
0
LINE
8
BLACK
6
CONTINUOUS
10
0.7574198031496063
20
0.4365069291338582
11
0.7604330708661418
21
0.4371062992125984
0
LINE
8
BLACK
6
CONTINUOUS
10
0.7604330708661418
20
0.4371062992125984
11
0.7820866141732283
21
0.4371062992125984
0
LINE
8
BLACK
6
CONTINUOUS
10
0.7820866141732283
20
0.4371062992125984
11
0.7850998818897638
21
0.4365069291338582
0
LINE
8
BLACK
6
CONTINUOUS
10
0.8473411023622047
20
0.2926030708661417
11
0.8480441338582677
21
0.2923118503937008
0
LINE
8
BLACK
6
CONTINUOUS
10
0.8480441338582677
20
0.2923118503937008
11
0.8494698818897638
21
0.2917212992125984
0
LINE
8
BLACK
6
CONTINUOUS
10
0.8494698818897638
20
0.2917212992125984
11
0.8503648031496063
21
0.2909868503937008
0
LINE
8
BLACK
6
CONTINUOUS
10
0.8503648031496063
20
0.2909868503937008
11
0.8763910236220472
21
0.2649606299212598
0
LINE
8
BLACK
6
CONTINUOUS
10
0.8763910236220472
20
0.2649606299212598
11
0.9706692913385827
21
0.2649606299212598
0
LINE
8
BLACK
6
CONTINUOUS
10
0.9706692913385827
20
0.2649606299212598
11
0.9706692913385827
21
0.2255905511811024
0
LINE
8
BLACK
6
CONTINUOUS
10
0.9706692913385827
20
0.2255905511811024
11
0.8718503937007874
21
0.2255905511811024
0
LINE
8
BLACK
6
CONTINUOUS
10
0.8718503937007874
20
0.2255905511811024
11
0.8718503937007874
21
0.2527979527559055
0
LINE
8
BLACK
6
CONTINUOUS
10
0.8718503937007874
20
0.2527979527559055
11
0.8437428346456692
21
0.2809055118110236
0
LINE
8
BLACK
6
CONTINUOUS
10
0.8437428346456692
20
0.2809055118110236
11
0.8127952755905512
21
0.2809055118110236
0
LINE
8
BLACK
6
CONTINUOUS
10
0.8127952755905512
20
0.2809055118110236
11
0.8116431496062992
21
0.2810189763779528
0
LINE
8
BLACK
6
CONTINUOUS
10
0.8116431496062992
20
0.2810189763779528
11
0.8095409448818898
21
0.2818897637795276
0
LINE
8
BLACK
6
CONTINUOUS
10
0.8095409448818898
20
0.2818897637795276
11
0.7911417322834645
21
0.2818897637795276
0
LINE
8
BLACK
6
CONTINUOUS
10
0.7911417322834645
20
0.2818897637795276
11
0.7911417322834645
21
0.2917322834645669
0
LINE
8
BLACK
6
CONTINUOUS
10
0.7911417322834645
20
0.2917322834645669
11
0.8095409448818898
21
0.2917322834645669
0
LINE
8
BLACK
6
CONTINUOUS
10
0.8095409448818898
20
0.2917322834645669
11
0.8116431496062992
21
0.2926030708661417
0
LINE
8
BLACK
6
CONTINUOUS
10
0.8116431496062992
20
0.2926030708661417
11
0.8127952755905512
21
0.2927165354330709
0
LINE
8
BLACK
6
CONTINUOUS
10
0.8127952755905512
20
0.2927165354330709
11
0.8461889763779528
21
0.2927165354330709
0
LINE
8
BLACK
6
CONTINUOUS
10
0.8461889763779528
20
0.2927165354330709
11
0.8473411023622047
21
0.2926030708661417
0
LINE
8
BLACK
6
CONTINUOUS
10
0.6592705905511811
20
0.4557933858267716
11
0.662830905511811
21
0.4537378346456693
0
LINE
8
BLACK
6
CONTINUOUS
10
0.662830905511811
20
0.4537378346456693
11
0.6657378346456693
21
0.450830905511811
0
LINE
8
BLACK
6
CONTINUOUS
10
0.6657378346456693
20
0.450830905511811
11
0.6667267322834646
21
0.4491181102362204
0
LINE
8
BLACK
6
CONTINUOUS
10
0.6667267322834646
20
0.4491181102362204
11
0.6851338582677166
21
0.4491181102362204
0
LINE
8
BLACK
6
CONTINUOUS
10
0.6851338582677166
20
0.4491181102362204
11
0.68667
21
0.448966811023622
0
LINE
8
BLACK
6
CONTINUOUS
10
0.68667
20
0.448966811023622
11
0.6895084251968504
21
0.4477911023622047
0
LINE
8
BLACK
6
CONTINUOUS
10
0.6895084251968504
20
0.4477911023622047
11
0.6907016141732283
21
0.4468118503937008
0
LINE
8
BLACK
6
CONTINUOUS
10
0.6907016141732283
20
0.4468118503937008
11
0.7000134645669291
21
0.4375
0
LINE
8
BLACK
6
CONTINUOUS
10
0.7000134645669291
20
0.4375
11
0.7139763779527559
21
0.4375
0
LINE
8
BLACK
6
CONTINUOUS
10
0.7139763779527559
20
0.4375
11
0.7169896456692914
21
0.4369006299212598
0
LINE
8
BLACK
6
CONTINUOUS
10
0.7169896456692914
20
0.4369006299212598
11
0.7195441338582677
21
0.4351937401574803
0
LINE
8
BLACK
6
CONTINUOUS
10
0.7195441338582677
20
0.4351937401574803
11
0.7212510236220472
21
0.4326392519685039
0
LINE
8
BLACK
6
CONTINUOUS
10
0.7212510236220472
20
0.4326392519685039
11
0.7218503937007874
21
0.4296259842519685
0
LINE
8
BLACK
6
CONTINUOUS
10
0.7218503937007874
20
0.4296259842519685
11
0.7218503937007874
21
0.4138779527559055
0
LINE
8
BLACK
6
CONTINUOUS
10
0.7218503937007874
20
0.4138779527559055
11
0.7212510236220472
21
0.4108646850393701
0
LINE
8
BLACK
6
CONTINUOUS
10
0.7212510236220472
20
0.4108646850393701
11
0.7195441338582677
21
0.4083101968503937
0
LINE
8
BLACK
6
CONTINUOUS
10
0.7195441338582677
20
0.4083101968503937
11
0.7169896456692914
21
0.4066033070866142
0
LINE
8
BLACK
6
CONTINUOUS
10
0.7169896456692914
20
0.4066033070866142
11
0.7139763779527559
21
0.406003937007874
0
LINE
8
BLACK
6
CONTINUOUS
10
0.7139763779527559
20
0.406003937007874
11
0.7090551181102362
21
0.406003937007874
0
LINE
8
BLACK
6
CONTINUOUS
10
0.7090551181102362
20
0.406003937007874
11
0.7090551181102362
21
0.389847716535433
0
LINE
8
BLACK
6
CONTINUOUS
10
0.7090551181102362
20
0.389847716535433
11
0.746301811023622
21
0.3526010236220473
0
LINE
8
BLACK
6
CONTINUOUS
10
0.746301811023622
20
0.3526010236220473
11
0.7470362598425196
21
0.3517061417322835
0
LINE
8
BLACK
6
CONTINUOUS
10
0.7470362598425196
20
0.3517061417322835
11
0.7476061417322835
21
0.3503302362204724
0
LINE
8
BLACK
6
CONTINUOUS
10
0.7476061417322835
20
0.3503302362204724
11
0.747918031496063
21
0.3495773228346457
0
LINE
8
BLACK
6
CONTINUOUS
10
0.747918031496063
20
0.3495773228346457
11
0.7480314960629921
21
0.3484251968503937
0
LINE
8
BLACK
6
CONTINUOUS
10
0.7480314960629921
20
0.3484251968503937
11
0.7480314960629921
21
0.2901574803149606
0
LINE
8
BLACK
6
CONTINUOUS
10
0.7480314960629921
20
0.2901574803149606
11
0.747918031496063
21
0.2890053543307087
0
LINE
8
BLACK
6
CONTINUOUS
10
0.747918031496063
20
0.2890053543307087
11
0.7476050787401575
21
0.2882498425196851
0
LINE
8
BLACK
6
CONTINUOUS
10
0.7476050787401575
20
0.2882498425196851
11
0.7470362598425196
21
0.2868765748031496
0
LINE
8
BLACK
6
CONTINUOUS
10
0.7470362598425196
20
0.2868765748031496
11
0.746301811023622
21
0.2859816535433071
0
LINE
8
BLACK
6
CONTINUOUS
10
0.746301811023622
20
0.2859816535433071
11
0.7035852755905512
21
0.2432651181102362
0
LINE
8
BLACK
6
CONTINUOUS
10
0.7035852755905512
20
0.2432651181102362
11
0.7026903543307087
21
0.2425306692913386
0
LINE
8
BLACK
6
CONTINUOUS
10
0.7026903543307087
20
0.2425306692913386
11
0.7014433464566929
21
0.2420141732283465
0
LINE
8
BLACK
6
CONTINUOUS
10
0.7014433464566929
20
0.2420141732283465
11
0.7005615748031496
21
0.2416488976377953
0
LINE
8
BLACK
6
CONTINUOUS
10
0.7005615748031496
20
0.2416488976377953
11
0.6994094488188977
21
0.2415354330708661
0
LINE
8
BLACK
6
CONTINUOUS
10
0.6994094488188977
20
0.2415354330708661
11
0.643503937007874
21
0.2415354330708661
0
LINE
8
BLACK
6
CONTINUOUS
10
0.643503937007874
20
0.2415354330708661
11
0.642351811023622
21
0.2416488976377953
0
LINE
8
BLACK
6
CONTINUOUS
10
0.642351811023622
20
0.2416488976377953
11
0.6402496062992126
21
0.2425196850393701
0
LINE
8
BLACK
6
CONTINUOUS
10
0.6402496062992126
20
0.2425196850393701
11
0.6218503937007874
21
0.2425196850393701
0
LINE
8
BLACK
6
CONTINUOUS
10
0.6218503937007874
20
0.2425196850393701
11
0.6218503937007874
21
0.2523622047244095
0
LINE
8
BLACK
6
CONTINUOUS
10
0.6218503937007874
20
0.2523622047244095
11
0.6402496062992126
21
0.2523622047244095
0
LINE
8
BLACK
6
CONTINUOUS
10
0.6402496062992126
20
0.2523622047244095
11
0.642351811023622
21
0.2532329921259843
0
LINE
8
BLACK
6
CONTINUOUS
10
0.642351811023622
20
0.2532329921259843
11
0.643503937007874
21
0.2533464566929134
0
LINE
8
BLACK
6
CONTINUOUS
10
0.643503937007874
20
0.2533464566929134
11
0.6969633070866141
21
0.2533464566929134
0
LINE
8
BLACK
6
CONTINUOUS
10
0.6969633070866141
20
0.2533464566929134
11
0.7362204724409449
21
0.2926036220472441
0
LINE
8
BLACK
6
CONTINUOUS
10
0.7362204724409449
20
0.2926036220472441
11
0.7362204724409449
21
0.3459790551181102
0
LINE
8
BLACK
6
CONTINUOUS
10
0.7362204724409449
20
0.3459790551181102
11
0.698973779527559
21
0.3832257480314961
0
LINE
8
BLACK
6
CONTINUOUS
10
0.698973779527559
20
0.3832257480314961
11
0.6982393307086614
21
0.3841206692913386
0
LINE
8
BLACK
6
CONTINUOUS
10
0.6982393307086614
20
0.3841206692913386
11
0.6973575590551181
21
0.3862494881889764
0
LINE
8
BLACK
6
CONTINUOUS
10
0.6973575590551181
20
0.3862494881889764
11
0.6972440944881889
21
0.3874015748031496
0
LINE
8
BLACK
6
CONTINUOUS
10
0.6972440944881889
20
0.3874015748031496
11
0.6972440944881889
21
0.406003937007874
0
LINE
8
BLACK
6
CONTINUOUS
10
0.6972440944881889
20
0.406003937007874
11
0.6923228346456692
21
0.406003937007874
0
LINE
8
BLACK
6
CONTINUOUS
10
0.6923228346456692
20
0.406003937007874
11
0.6893095669291338
21
0.4066033070866142
0
LINE
8
BLACK
6
CONTINUOUS
10
0.6893095669291338
20
0.4066033070866142
11
0.6867550787401575
21
0.4083101968503937
0
LINE
8
BLACK
6
CONTINUOUS
10
0.6867550787401575
20
0.4083101968503937
11
0.685048188976378
21
0.4108646850393701
0
LINE
8
BLACK
6
CONTINUOUS
10
0.685048188976378
20
0.4108646850393701
11
0.6844488188976378
21
0.4138779527559055
0
LINE
8
BLACK
6
CONTINUOUS
10
0.6844488188976378
20
0.4138779527559055
11
0.6844488188976378
21
0.4296259842519685
0
LINE
8
BLACK
6
CONTINUOUS
10
0.6844488188976378
20
0.4296259842519685
11
0.6846425196850393
21
0.4305999212598425
0
LINE
8
BLACK
6
CONTINUOUS
10
0.6846425196850393
20
0.4305999212598425
11
0.6818723622047244
21
0.4333700787401575
0
LINE
8
BLACK
6
CONTINUOUS
10
0.6818723622047244
20
0.4333700787401575
11
0.6667267322834646
21
0.4333700787401575
0
LINE
8
BLACK
6
CONTINUOUS
10
0.6667267322834646
20
0.4333700787401575
11
0.6657378346456693
21
0.4316572834645669
0
LINE
8
BLACK
6
CONTINUOUS
10
0.6657378346456693
20
0.4316572834645669
11
0.662830905511811
21
0.4287503543307086
0
LINE
8
BLACK
6
CONTINUOUS
10
0.662830905511811
20
0.4287503543307086
11
0.6592705905511811
21
0.4266948031496063
0
LINE
8
BLACK
6
CONTINUOUS
10
0.6592705905511811
20
0.4266948031496063
11
0.6552996062992126
21
0.4256307874015748
0
LINE
8
BLACK
6
CONTINUOUS
10
0.6552996062992126
20
0.4256307874015748
11
0.6511885826771653
21
0.4256307874015748
0
LINE
8
BLACK
6
CONTINUOUS
10
0.6511885826771653
20
0.4256307874015748
11
0.6472175984251969
21
0.4266948031496063
0
LINE
8
BLACK
6
CONTINUOUS
10
0.6472175984251969
20
0.4266948031496063
11
0.643657283464567
21
0.4287503543307086
0
LINE
8
BLACK
6
CONTINUOUS
10
0.643657283464567
20
0.4287503543307086
11
0.6407503543307086
21
0.4316572834645669
0
LINE
8
BLACK
6
CONTINUOUS
10
0.6407503543307086
20
0.4316572834645669
11
0.6386948031496062
21
0.4352175984251969
0
LINE
8
BLACK
6
CONTINUOUS
10
0.6386948031496062
20
0.4352175984251969
11
0.6376307874015748
21
0.4391885826771653
0
LINE
8
BLACK
6
CONTINUOUS
10
0.6376307874015748
20
0.4391885826771653
11
0.6376307874015748
21
0.4432996062992126
0
LINE
8
BLACK
6
CONTINUOUS
10
0.6376307874015748
20
0.4432996062992126
11
0.6386948031496062
21
0.4472705905511811
0
LINE
8
BLACK
6
CONTINUOUS
10
0.6386948031496062
20
0.4472705905511811
11
0.6407503543307086
21
0.450830905511811
0
LINE
8
BLACK
6
CONTINUOUS
10
0.6407503543307086
20
0.450830905511811
11
0.643657283464567
21
0.4537378346456693
0
LINE
8
BLACK
6
CONTINUOUS
10
0.643657283464567
20
0.4537378346456693
11
0.6472175984251969
21
0.4557933858267716
0
LINE
8
BLACK
6
CONTINUOUS
10
0.6472175984251969
20
0.4557933858267716
11
0.6511885826771653
21
0.4568574015748031
0
LINE
8
BLACK
6
CONTINUOUS
10
0.6511885826771653
20
0.4568574015748031
11
0.6552996062992126
21
0.4568574015748031
0
LINE
8
BLACK
6
CONTINUOUS
10
0.6552996062992126
20
0.4568574015748031
11
0.6592705905511811
21
0.4557933858267716
0
LINE
8
BLACK
6
CONTINUOUS
10
0.1290579921259843
20
0.3836437795275591
11
0.1326183070866142
21
0.3815882283464567
0
LINE
8
BLACK
6
CONTINUOUS
10
0.1326183070866142
20
0.3815882283464567
11
0.1352695275590551
21
0.3789370078740157
0
LINE
8
BLACK
6
CONTINUOUS
10
0.1352695275590551
20
0.3789370078740157
11
0.1368110236220473
21
0.3789370078740157
0
LINE
8
BLACK
6
CONTINUOUS
10
0.1368110236220473
20
0.3789370078740157
11
0.1580661811023622
21
0.3789370078740157
0
LINE
8
BLACK
6
CONTINUOUS
10
0.1580661811023622
20
0.3789370078740157
11
0.1582257480314961
21
0.3791758267716535
0
LINE
8
BLACK
6
CONTINUOUS
10
0.1582257480314961
20
0.3791758267716535
11
0.1601416141732283
21
0.3804559842519685
0
LINE
8
BLACK
6
CONTINUOUS
10
0.1601416141732283
20
0.3804559842519685
11
0.1624015748031496
21
0.3809055118110236
0
LINE
8
BLACK
6
CONTINUOUS
10
0.1624015748031496
20
0.3809055118110236
11
0.2175196850393701
21
0.3809055118110236
0
LINE
8
BLACK
6
CONTINUOUS
10
0.2175196850393701
20
0.3809055118110236
11
0.2197796456692913
21
0.3804559842519685
0
LINE
8
BLACK
6
CONTINUOUS
10
0.2197796456692913
20
0.3804559842519685
11
0.2216955118110236
21
0.3791758267716535
0
LINE
8
BLACK
6
CONTINUOUS
10
0.2216955118110236
20
0.3791758267716535
11
0.2218550787401575
21
0.3789370078740157
0
LINE
8
BLACK
6
CONTINUOUS
10
0.2218550787401575
20
0.3789370078740157
11
0.265748031496063
21
0.3789370078740157
0
LINE
8
BLACK
6
CONTINUOUS
10
0.265748031496063
20
0.3789370078740157
11
0.2676682283464567
21
0.378747874015748
0
LINE
8
BLACK
6
CONTINUOUS
10
0.2676682283464567
20
0.378747874015748
11
0.2712162598425197
21
0.3772782283464567
0
LINE
8
BLACK
6
CONTINUOUS
10
0.2712162598425197
20
0.3772782283464567
11
0.2712164173228346
21
0.3772780708661417
0
LINE
8
BLACK
6
CONTINUOUS
10
0.2712164173228346
20
0.3772780708661417
11
0.2727077559055118
21
0.3760542125984252
0
LINE
8
BLACK
6
CONTINUOUS
10
0.2727077559055118
20
0.3760542125984252
11
0.2855729527559055
21
0.3631889763779527
0
LINE
8
BLACK
6
CONTINUOUS
10
0.2855729527559055
20
0.3631889763779527
11
0.2982283464566929
21
0.3631889763779527
0
LINE
8
BLACK
6
CONTINUOUS
10
0.2982283464566929
20
0.3631889763779527
11
0.3012416141732284
21
0.3625896062992126
0
LINE
8
BLACK
6
CONTINUOUS
10
0.3012416141732284
20
0.3625896062992126
11
0.3037961023622047
21
0.3608827165354331
0
LINE
8
BLACK
6
CONTINUOUS
10
0.3037961023622047
20
0.3608827165354331
11
0.3055029921259843
21
0.3583282283464567
0
LINE
8
BLACK
6
CONTINUOUS
10
0.3055029921259843
20
0.3583282283464567
11
0.3057107874015748
21
0.3572834645669291
0
LINE
8
BLACK
6
CONTINUOUS
10
0.3057107874015748
20
0.3572834645669291
11
0.3388955118110236
21
0.3572834645669291
0
LINE
8
BLACK
6
CONTINUOUS
10
0.3388955118110236
20
0.3572834645669291
11
0.3430314960629921
21
0.3614194488188976
0
LINE
8
BLACK
6
CONTINUOUS
10
0.3430314960629921
20
0.3614194488188976
11
0.3430314960629921
21
0.3671850393700787
0
LINE
8
BLACK
6
CONTINUOUS
10
0.3430314960629921
20
0.3671850393700787
11
0.3434810236220472
21
0.369445
0
LINE
8
BLACK
6
CONTINUOUS
10
0.3434810236220472
20
0.369445
11
0.3447611811023622
21
0.3713608661417322
0
LINE
8
BLACK
6
CONTINUOUS
10
0.3447611811023622
20
0.3713608661417322
11
0.3466770472440945
21
0.3726410236220473
0
LINE
8
BLACK
6
CONTINUOUS
10
0.3466770472440945
20
0.3726410236220473
11
0.3489370078740157
21
0.3730905511811023
0
LINE
8
BLACK
6
CONTINUOUS
10
0.3489370078740157
20
0.3730905511811023
11
0.3646850393700787
21
0.3730905511811023
0
LINE
8
BLACK
6
CONTINUOUS
10
0.3646850393700787
20
0.3730905511811023
11
0.366945
21
0.3726410236220473
0
LINE
8
BLACK
6
CONTINUOUS
10
0.366945
20
0.3726410236220473
11
0.3688608661417323
21
0.3713608661417322
0
LINE
8
BLACK
6
CONTINUOUS
10
0.3688608661417323
20
0.3713608661417322
11
0.3691240157480315
21
0.3709670472440945
0
LINE
8
BLACK
6
CONTINUOUS
10
0.3691240157480315
20
0.3709670472440945
11
0.393
21
0.3709670472440945
0
LINE
8
BLACK
6
CONTINUOUS
10
0.393
20
0.3709670472440945
11
0.4058267716535433
21
0.3709670472440945
0
LINE
8
BLACK
6
CONTINUOUS
10
0.4058267716535433
20
0.3709670472440945
11
0.4058267716535433
21
0.3710629921259843
0
LINE
8
BLACK
6
CONTINUOUS
10
0.4058267716535433
20
0.3710629921259843
11
0.4065759842519685
21
0.3748295669291338
0
LINE
8
BLACK
6
CONTINUOUS
10
0.4065759842519685
20
0.3748295669291338
11
0.4087095669291338
21
0.3780227165354331
0
LINE
8
BLACK
6
CONTINUOUS
10
0.4087095669291338
20
0.3780227165354331
11
0.4119027165354331
21
0.3801562992125984
0
LINE
8
BLACK
6
CONTINUOUS
10
0.4119027165354331
20
0.3801562992125984
11
0.4156692913385827
21
0.3809055118110236
0
LINE
8
BLACK
6
CONTINUOUS
10
0.4156692913385827
20
0.3809055118110236
11
0.4530708661417323
21
0.3809055118110236
0
LINE
8
BLACK
6
CONTINUOUS
10
0.4530708661417323
20
0.3809055118110236
11
0.4568374409448819
21
0.3801562992125984
0
LINE
8
BLACK
6
CONTINUOUS
10
0.4568374409448819
20
0.3801562992125984
11
0.4600305905511811
21
0.3780227165354331
0
LINE
8
BLACK
6
CONTINUOUS
10
0.4600305905511811
20
0.3780227165354331
11
0.4621641732283465
21
0.3748295669291338
0
LINE
8
BLACK
6
CONTINUOUS
10
0.4621641732283465
20
0.3748295669291338
11
0.4629133858267717
21
0.3710629921259843
0
LINE
8
BLACK
6
CONTINUOUS
10
0.4629133858267717
20
0.3710629921259843
11
0.4629133858267717
21
0.3707677165354331
0
LINE
8
BLACK
6
CONTINUOUS
10
0.4629133858267717
20
0.3707677165354331
11
0.4945073228346457
21
0.3707677165354331
0
LINE
8
BLACK
6
CONTINUOUS
10
0.4945073228346457
20
0.3707677165354331
11
0.4950837401574803
21
0.3736655118110236
0
LINE
8
BLACK
6
CONTINUOUS
10
0.4950837401574803
20
0.3736655118110236
11
0.4970039763779527
21
0.3765393307086614
0
LINE
8
BLACK
6
CONTINUOUS
10
0.4970039763779527
20
0.3765393307086614
11
0.4998777952755906
21
0.3784595669291339
0
LINE
8
BLACK
6
CONTINUOUS
10
0.4998777952755906
20
0.3784595669291339
11
0.503267716535433
21
0.3791338582677165
0
LINE
8
BLACK
6
CONTINUOUS
10
0.503267716535433
20
0.3791338582677165
11
0.5229527559055118
21
0.3791338582677165
0
LINE
8
BLACK
6
CONTINUOUS
10
0.5229527559055118
20
0.3791338582677165
11
0.5263426771653543
21
0.3784595669291339
0
LINE
8
BLACK
6
CONTINUOUS
10
0.5263426771653543
20
0.3784595669291339
11
0.5292164960629921
21
0.3765393307086614
0
LINE
8
BLACK
6
CONTINUOUS
10
0.5292164960629921
20
0.3765393307086614
11
0.5311367322834646
21
0.3736655118110236
0
LINE
8
BLACK
6
CONTINUOUS
10
0.5311367322834646
20
0.3736655118110236
11
0.5318110236220472
21
0.3702755905511811
0
LINE
8
BLACK
6
CONTINUOUS
10
0.5318110236220472
20
0.3702755905511811
11
0.5318110236220472
21
0.3525590551181103
0
LINE
8
BLACK
6
CONTINUOUS
10
0.5318110236220472
20
0.3525590551181103
11
0.5311367322834646
21
0.3491691338582677
0
LINE
8
BLACK
6
CONTINUOUS
10
0.5311367322834646
20
0.3491691338582677
11
0.5292164960629921
21
0.3462953149606299
0
LINE
8
BLACK
6
CONTINUOUS
10
0.5292164960629921
20
0.3462953149606299
11
0.5263426771653543
21
0.3443750787401575
0
LINE
8
BLACK
6
CONTINUOUS
10
0.5263426771653543
20
0.3443750787401575
11
0.5229527559055118
21
0.3437007874015748
0
LINE
8
BLACK
6
CONTINUOUS
10
0.5229527559055118
20
0.3437007874015748
11
0.503267716535433
21
0.3437007874015748
0
LINE
8
BLACK
6
CONTINUOUS
10
0.503267716535433
20
0.3437007874015748
11
0.4998777952755906
21
0.3443750787401575
0
LINE
8
BLACK
6
CONTINUOUS
10
0.4998777952755906
20
0.3443750787401575
11
0.4970039763779527
21
0.3462953149606299
0
LINE
8
BLACK
6
CONTINUOUS
10
0.4970039763779527
20
0.3462953149606299
11
0.4950837401574803
21
0.3491691338582677
0
LINE
8
BLACK
6
CONTINUOUS
10
0.4950837401574803
20
0.3491691338582677
11
0.4947031102362204
21
0.3510826771653543
0
LINE
8
BLACK
6
CONTINUOUS
10
0.4947031102362204
20
0.3510826771653543
11
0.4628546456692914
21
0.3510826771653543
0
LINE
8
BLACK
6
CONTINUOUS
10
0.4628546456692914
20
0.3510826771653543
11
0.4621641732283465
21
0.3476113779527559
0
LINE
8
BLACK
6
CONTINUOUS
10
0.4621641732283465
20
0.3476113779527559
11
0.4600305905511811
21
0.3444182283464567
0
LINE
8
BLACK
6
CONTINUOUS
10
0.4600305905511811
20
0.3444182283464567
11
0.4568374409448819
21
0.3422846456692913
0
LINE
8
BLACK
6
CONTINUOUS
10
0.4568374409448819
20
0.3422846456692913
11
0.4530708661417323
21
0.3415354330708661
0
LINE
8
BLACK
6
CONTINUOUS
10
0.4530708661417323
20
0.3415354330708661
11
0.4156692913385827
21
0.3415354330708661
0
LINE
8
BLACK
6
CONTINUOUS
10
0.4156692913385827
20
0.3415354330708661
11
0.4119027165354331
21
0.3422846456692913
0
LINE
8
BLACK
6
CONTINUOUS
10
0.4119027165354331
20
0.3422846456692913
11
0.4087095669291338
21
0.3444182283464567
0
LINE
8
BLACK
6
CONTINUOUS
10
0.4087095669291338
20
0.3444182283464567
11
0.4065759842519685
21
0.3476113779527559
0
LINE
8
BLACK
6
CONTINUOUS
10
0.4065759842519685
20
0.3476113779527559
11
0.4058468503937008
21
0.3512770472440945
0
LINE
8
BLACK
6
CONTINUOUS
10
0.4058468503937008
20
0.3512770472440945
11
0.4028425196850394
21
0.3512770472440945
0
LINE
8
BLACK
6
CONTINUOUS
10
0.4028425196850394
20
0.3512770472440945
11
0.4028425196850394
21
0.3312401574803149
0
LINE
8
BLACK
6
CONTINUOUS
10
0.4028425196850394
20
0.3312401574803149
11
0.4153149212598425
21
0.3312401574803149
0
LINE
8
BLACK
6
CONTINUOUS
10
0.4153149212598425
20
0.3312401574803149
11
0.4172351181102362
21
0.3310510236220472
0
LINE
8
BLACK
6
CONTINUOUS
10
0.4172351181102362
20
0.3310510236220472
11
0.4207831496062992
21
0.3295813779527559
0
LINE
8
BLACK
6
CONTINUOUS
10
0.4207831496062992
20
0.3295813779527559
11
0.4207833070866142
21
0.3295812204724409
0
LINE
8
BLACK
6
CONTINUOUS
10
0.4207833070866142
20
0.3295812204724409
11
0.4222746456692913
21
0.3283573622047244
0
LINE
8
BLACK
6
CONTINUOUS
10
0.4222746456692913
20
0.3283573622047244
11
0.4400305905511811
21
0.3106014173228346
0
LINE
8
BLACK
6
CONTINUOUS
10
0.4400305905511811
20
0.3106014173228346
11
0.4412546456692913
21
0.3091098818897638
0
LINE
8
BLACK
6
CONTINUOUS
10
0.4412546456692913
20
0.3091098818897638
11
0.4427242913385827
21
0.3055618503937008
0
LINE
8
BLACK
6
CONTINUOUS
10
0.4427242913385827
20
0.3055618503937008
11
0.4427242913385827
21
0.3055614960629921
0
LINE
8
BLACK
6
CONTINUOUS
10
0.4427242913385827
20
0.3055614960629921
11
0.4429133858267716
21
0.3036416929133858
0
LINE
8
BLACK
6
CONTINUOUS
10
0.4429133858267716
20
0.3036416929133858
11
0.4429133858267716
21
0.3020716535433071
0
LINE
8
BLACK
6
CONTINUOUS
10
0.4429133858267716
20
0.3020716535433071
11
0.4431522047244094
21
0.3019120472440945
0
LINE
8
BLACK
6
CONTINUOUS
10
0.4431522047244094
20
0.3019120472440945
11
0.4444323622047244
21
0.2999961811023622
0
LINE
8
BLACK
6
CONTINUOUS
10
0.4444323622047244
20
0.2999961811023622
11
0.4448818897637795
21
0.2977362204724409
0
LINE
8
BLACK
6
CONTINUOUS
10
0.4448818897637795
20
0.2977362204724409
11
0.4448818897637795
21
0.2573818897637795
0
LINE
8
BLACK
6
CONTINUOUS
10
0.4448818897637795
20
0.2573818897637795
11
0.4444323622047244
21
0.2551219291338583
0
LINE
8
BLACK
6
CONTINUOUS
10
0.4444323622047244
20
0.2551219291338583
11
0.4431522047244094
21
0.253206062992126
0
LINE
8
BLACK
6
CONTINUOUS
10
0.4431522047244094
20
0.253206062992126
11
0.4412363385826771
21
0.251925905511811
0
LINE
8
BLACK
6
CONTINUOUS
10
0.4412363385826771
20
0.251925905511811
11
0.4389763779527559
21
0.2514763779527559
0
LINE
8
BLACK
6
CONTINUOUS
10
0.4389763779527559
20
0.2514763779527559
11
0.4271653543307086
21
0.2514763779527559
0
LINE
8
BLACK
6
CONTINUOUS
10
0.4271653543307086
20
0.2514763779527559
11
0.4249053937007874
21
0.251925905511811
0
LINE
8
BLACK
6
CONTINUOUS
10
0.4249053937007874
20
0.251925905511811
11
0.4229895275590551
21
0.253206062992126
0
LINE
8
BLACK
6
CONTINUOUS
10
0.4229895275590551
20
0.253206062992126
11
0.4217093700787402
21
0.2551219291338583
0
LINE
8
BLACK
6
CONTINUOUS
10
0.4217093700787402
20
0.2551219291338583
11
0.421259842519685
21
0.2573818897637795
0
LINE
8
BLACK
6
CONTINUOUS
10
0.421259842519685
20
0.2573818897637795
11
0.421259842519685
21
0.2977362204724409
0
LINE
8
BLACK
6
CONTINUOUS
10
0.421259842519685
20
0.2977362204724409
11
0.4217093700787402
21
0.2999961811023622
0
LINE
8
BLACK
6
CONTINUOUS
10
0.4217093700787402
20
0.2999961811023622
11
0.4221449606299212
21
0.3006481496062992
0
LINE
8
BLACK
6
CONTINUOUS
10
0.4221449606299212
20
0.3006481496062992
11
0.4112379921259842
21
0.3115551181102362
0
LINE
8
BLACK
6
CONTINUOUS
10
0.4112379921259842
20
0.3115551181102362
11
0.393
21
0.3115551181102362
0
LINE
8
BLACK
6
CONTINUOUS
10
0.393
20
0.3115551181102362
11
0.3798052362204724
21
0.3115551181102362
0
LINE
8
BLACK
6
CONTINUOUS
10
0.3798052362204724
20
0.3115551181102362
11
0.3690752755905512
21
0.300825157480315
0
LINE
8
BLACK
6
CONTINUOUS
10
0.3690752755905512
20
0.300825157480315
11
0.3696292125984252
21
0.2999961811023622
0
LINE
8
BLACK
6
CONTINUOUS
10
0.3696292125984252
20
0.2999961811023622
11
0.3700787401574803
21
0.2977362204724409
0
LINE
8
BLACK
6
CONTINUOUS
10
0.3700787401574803
20
0.2977362204724409
11
0.3700787401574803
21
0.2573818897637795
0
LINE
8
BLACK
6
CONTINUOUS
10
0.3700787401574803
20
0.2573818897637795
11
0.3696292125984252
21
0.2551219291338583
0
LINE
8
BLACK
6
CONTINUOUS
10
0.3696292125984252
20
0.2551219291338583
11
0.3683490551181102
21
0.253206062992126
0
LINE
8
BLACK
6
CONTINUOUS
10
0.3683490551181102
20
0.253206062992126
11
0.3664331889763779
21
0.251925905511811
0
LINE
8
BLACK
6
CONTINUOUS
10
0.3664331889763779
20
0.251925905511811
11
0.3641732283464567
21
0.2514763779527559
0
LINE
8
BLACK
6
CONTINUOUS
10
0.3641732283464567
20
0.2514763779527559
11
0.3523622047244094
21
0.2514763779527559
0
LINE
8
BLACK
6
CONTINUOUS
10
0.3523622047244094
20
0.2514763779527559
11
0.3501022440944882
21
0.251925905511811
0
LINE
8
BLACK
6
CONTINUOUS
10
0.3501022440944882
20
0.251925905511811
11
0.3481863779527559
21
0.253206062992126
0
LINE
8
BLACK
6
CONTINUOUS
10
0.3481863779527559
20
0.253206062992126
11
0.346906220472441
21
0.2551219291338583
0
LINE
8
BLACK
6
CONTINUOUS
10
0.346906220472441
20
0.2551219291338583
11
0.3464566929133858
21
0.2573818897637795
0
LINE
8
BLACK
6
CONTINUOUS
10
0.3464566929133858
20
0.2573818897637795
11
0.3464566929133858
21
0.2977362204724409
0
LINE
8
BLACK
6
CONTINUOUS
10
0.3464566929133858
20
0.2977362204724409
11
0.346906220472441
21
0.2999961811023622
0
LINE
8
BLACK
6
CONTINUOUS
10
0.346906220472441
20
0.2999961811023622
11
0.3481863779527559
21
0.3019120472440945
0
LINE
8
BLACK
6
CONTINUOUS
10
0.3481863779527559
20
0.3019120472440945
11
0.3484251968503937
21
0.3020716535433071
0
LINE
8
BLACK
6
CONTINUOUS
10
0.3484251968503937
20
0.3020716535433071
11
0.3484251968503937
21
0.3039370078740157
0
LINE
8
BLACK
6
CONTINUOUS
10
0.3484251968503937
20
0.3039370078740157
11
0.3486143307086614
21
0.3058572047244094
0
LINE
8
BLACK
6
CONTINUOUS
10
0.3486143307086614
20
0.3058572047244094
11
0.3500839763779527
21
0.3094052362204724
0
LINE
8
BLACK
6
CONTINUOUS
10
0.3500839763779527
20
0.3094052362204724
11
0.3500841338582677
21
0.3094054330708662
0
LINE
8
BLACK
6
CONTINUOUS
10
0.3500841338582677
20
0.3094054330708662
11
0.3513079921259842
21
0.3108967322834645
0
LINE
8
BLACK
6
CONTINUOUS
10
0.3513079921259842
20
0.3108967322834645
11
0.3687686614173228
21
0.3283573622047244
0
LINE
8
BLACK
6
CONTINUOUS
10
0.3687686614173228
20
0.3283573622047244
11
0.3702601574803149
21
0.3295814173228346
0
LINE
8
BLACK
6
CONTINUOUS
10
0.3702601574803149
20
0.3295814173228346
11
0.373808188976378
21
0.331051062992126
0
LINE
8
BLACK
6
CONTINUOUS
10
0.373808188976378
20
0.331051062992126
11
0.3738085433070866
21
0.331051062992126
0
LINE
8
BLACK
6
CONTINUOUS
10
0.3738085433070866
20
0.331051062992126
11
0.3757283464566929
21
0.3312401574803149
0
LINE
8
BLACK
6
CONTINUOUS
10
0.3757283464566929
20
0.3312401574803149
11
0.3831574803149606
21
0.3312401574803149
0
LINE
8
BLACK
6
CONTINUOUS
10
0.3831574803149606
20
0.3312401574803149
11
0.3831574803149606
21
0.3512770472440945
0
LINE
8
BLACK
6
CONTINUOUS
10
0.3831574803149606
20
0.3512770472440945
11
0.3689135433070866
21
0.3512770472440945
0
LINE
8
BLACK
6
CONTINUOUS
10
0.3689135433070866
20
0.3512770472440945
11
0.3688608661417323
21
0.3511981889763779
0
LINE
8
BLACK
6
CONTINUOUS
10
0.3688608661417323
20
0.3511981889763779
11
0.366945
21
0.349918031496063
0
LINE
8
BLACK
6
CONTINUOUS
10
0.366945
20
0.349918031496063
11
0.3646850393700787
21
0.3494685039370078
0
LINE
8
BLACK
6
CONTINUOUS
10
0.3646850393700787
20
0.3494685039370078
11
0.3589194488188976
21
0.3494685039370078
0
LINE
8
BLACK
6
CONTINUOUS
10
0.3589194488188976
20
0.3494685039370078
11
0.3499321653543307
21
0.3404812204724409
0
LINE
8
BLACK
6
CONTINUOUS
10
0.3499321653543307
20
0.3404812204724409
11
0.3484408267716536
21
0.3392574015748032
0
LINE
8
BLACK
6
CONTINUOUS
10
0.3484408267716536
20
0.3392574015748032
11
0.3484406692913386
21
0.3392572047244095
0
LINE
8
BLACK
6
CONTINUOUS
10
0.3484406692913386
20
0.3392572047244095
11
0.3448926377952756
21
0.3377875590551181
0
LINE
8
BLACK
6
CONTINUOUS
10
0.3448926377952756
20
0.3377875590551181
11
0.3429724409448819
21
0.3375984251968504
0
LINE
8
BLACK
6
CONTINUOUS
10
0.3429724409448819
20
0.3375984251968504
11
0.3057107874015748
21
0.3375984251968504
0
LINE
8
BLACK
6
CONTINUOUS
10
0.3057107874015748
20
0.3375984251968504
11
0.3055029921259843
21
0.3365536614173228
0
LINE
8
BLACK
6
CONTINUOUS
10
0.3055029921259843
20
0.3365536614173228
11
0.3037961023622047
21
0.3339991732283464
0
LINE
8
BLACK
6
CONTINUOUS
10
0.3037961023622047
20
0.3339991732283464
11
0.3012416141732284
21
0.3322922834645669
0
LINE
8
BLACK
6
CONTINUOUS
10
0.3012416141732284
20
0.3322922834645669
11
0.2982283464566929
21
0.3316929133858267
0
LINE
8
BLACK
6
CONTINUOUS
10
0.2982283464566929
20
0.3316929133858267
11
0.2765748031496063
21
0.3316929133858267
0
LINE
8
BLACK
6
CONTINUOUS
10
0.2765748031496063
20
0.3316929133858267
11
0.2735615354330709
21
0.3322922834645669
0
LINE
8
BLACK
6
CONTINUOUS
10
0.2735615354330709
20
0.3322922834645669
11
0.2710070472440945
21
0.3339991732283464
0
LINE
8
BLACK
6
CONTINUOUS
10
0.2710070472440945
20
0.3339991732283464
11
0.2693001574803149
21
0.3365536614173228
0
LINE
8
BLACK
6
CONTINUOUS
10
0.2693001574803149
20
0.3365536614173228
11
0.2687007874015748
21
0.3395669291338583
0
LINE
8
BLACK
6
CONTINUOUS
10
0.2687007874015748
20
0.3395669291338583
11
0.2687007874015748
21
0.3522223228346457
0
LINE
8
BLACK
6
CONTINUOUS
10
0.2687007874015748
20
0.3522223228346457
11
0.2616711023622047
21
0.359251968503937
0
LINE
8
BLACK
6
CONTINUOUS
10
0.2616711023622047
20
0.359251968503937
11
0.2218550787401575
21
0.359251968503937
0
LINE
8
BLACK
6
CONTINUOUS
10
0.2218550787401575
20
0.359251968503937
11
0.2216955118110236
21
0.3590131496062992
0
LINE
8
BLACK
6
CONTINUOUS
10
0.2216955118110236
20
0.3590131496062992
11
0.2197796456692913
21
0.3577329921259843
0
LINE
8
BLACK
6
CONTINUOUS
10
0.2197796456692913
20
0.3577329921259843
11
0.2175196850393701
21
0.3572834645669291
0
LINE
8
BLACK
6
CONTINUOUS
10
0.2175196850393701
20
0.3572834645669291
11
0.1624015748031496
21
0.3572834645669291
0
LINE
8
BLACK
6
CONTINUOUS
10
0.1624015748031496
20
0.3572834645669291
11
0.1601416141732283
21
0.3577329921259843
0
LINE
8
BLACK
6
CONTINUOUS
10
0.1601416141732283
20
0.3577329921259843
11
0.1582257480314961
21
0.3590131496062992
0
LINE
8
BLACK
6
CONTINUOUS
10
0.1582257480314961
20
0.3590131496062992
11
0.1580661811023622
21
0.359251968503937
0
LINE
8
BLACK
6
CONTINUOUS
10
0.1580661811023622
20
0.359251968503937
11
0.1368110236220473
21
0.359251968503937
0
LINE
8
BLACK
6
CONTINUOUS
10
0.1368110236220473
20
0.359251968503937
11
0.1352695275590551
21
0.359251968503937
0
LINE
8
BLACK
6
CONTINUOUS
10
0.1352695275590551
20
0.359251968503937
11
0.1326183070866142
21
0.3566007480314961
0
LINE
8
BLACK
6
CONTINUOUS
10
0.1326183070866142
20
0.3566007480314961
11
0.1290579921259843
21
0.3545451968503937
0
LINE
8
BLACK
6
CONTINUOUS
10
0.1290579921259843
20
0.3545451968503937
11
0.1250870078740157
21
0.3534811811023622
0
LINE
8
BLACK
6
CONTINUOUS
10
0.1250870078740157
20
0.3534811811023622
11
0.1209759842519685
21
0.3534811811023622
0
LINE
8
BLACK
6
CONTINUOUS
10
0.1209759842519685
20
0.3534811811023622
11
0.117005
21
0.3545451968503937
0
LINE
8
BLACK
6
CONTINUOUS
10
0.117005
20
0.3545451968503937
11
0.1134446850393701
21
0.3566007480314961
0
LINE
8
BLACK
6
CONTINUOUS
10
0.1134446850393701
20
0.3566007480314961
11
0.1105377559055118
21
0.3595076771653543
0
LINE
8
BLACK
6
CONTINUOUS
10
0.1105377559055118
20
0.3595076771653543
11
0.1084822047244094
21
0.3630679921259842
0
LINE
8
BLACK
6
CONTINUOUS
10
0.1084822047244094
20
0.3630679921259842
11
0.1074181889763779
21
0.3670389763779527
0
LINE
8
BLACK
6
CONTINUOUS
10
0.1074181889763779
20
0.3670389763779527
11
0.1074181889763779
21
0.37115
0
LINE
8
BLACK
6
CONTINUOUS
10
0.1074181889763779
20
0.37115
11
0.1084822047244094
21
0.3751209842519685
0
LINE
8
BLACK
6
CONTINUOUS
10
0.1084822047244094
20
0.3751209842519685
11
0.1105377559055118
21
0.3786812992125984
0
LINE
8
BLACK
6
CONTINUOUS
10
0.1105377559055118
20
0.3786812992125984
11
0.1134446850393701
21
0.3815882283464567
0
LINE
8
BLACK
6
CONTINUOUS
10
0.1134446850393701
20
0.3815882283464567
11
0.117005
21
0.3836437795275591
0
LINE
8
BLACK
6
CONTINUOUS
10
0.117005
20
0.3836437795275591
11
0.1209759842519685
21
0.3847077952755906
0
LINE
8
BLACK
6
CONTINUOUS
10
0.1209759842519685
20
0.3847077952755906
11
0.1250870078740157
21
0.3847077952755906
0
LINE
8
BLACK
6
CONTINUOUS
10
0.1250870078740157
20
0.3847077952755906
11
0.1290579921259843
21
0.3836437795275591
0
LINE
8
BLACK
6
CONTINUOUS
10
0.1310264960629921
20
0.2852185826771653
11
0.134586811023622
21
0.283163031496063
0
LINE
8
BLACK
6
CONTINUOUS
10
0.134586811023622
20
0.283163031496063
11
0.1374937401574803
21
0.2802561023622047
0
LINE
8
BLACK
6
CONTINUOUS
10
0.1374937401574803
20
0.2802561023622047
11
0.1384826377952756
21
0.2785433070866142
0
LINE
8
BLACK
6
CONTINUOUS
10
0.1384826377952756
20
0.2785433070866142
11
0.1568875984251968
21
0.2785433070866142
0
LINE
8
BLACK
6
CONTINUOUS
10
0.1568875984251968
20
0.2785433070866142
11
0.1569455905511811
21
0.2788347637795275
0
LINE
8
BLACK
6
CONTINUOUS
10
0.1569455905511811
20
0.2788347637795275
11
0.1582257480314961
21
0.2807506299212598
0
LINE
8
BLACK
6
CONTINUOUS
10
0.1582257480314961
20
0.2807506299212598
11
0.1601416141732283
21
0.2820307874015748
0
LINE
8
BLACK
6
CONTINUOUS
10
0.1601416141732283
20
0.2820307874015748
11
0.1624015748031496
21
0.2824803149606299
0
LINE
8
BLACK
6
CONTINUOUS
10
0.1624015748031496
20
0.2824803149606299
11
0.2175196850393701
21
0.2824803149606299
0
LINE
8
BLACK
6
CONTINUOUS
10
0.2175196850393701
20
0.2824803149606299
11
0.2197796456692913
21
0.2820307874015748
0
LINE
8
BLACK
6
CONTINUOUS
10
0.2197796456692913
20
0.2820307874015748
11
0.2216955118110236
21
0.2807506299212598
0
LINE
8
BLACK
6
CONTINUOUS
10
0.2216955118110236
20
0.2807506299212598
11
0.2229756692913386
21
0.2788347637795275
0
LINE
8
BLACK
6
CONTINUOUS
10
0.2229756692913386
20
0.2788347637795275
11
0.2234251968503937
21
0.2765748031496063
0
LINE
8
BLACK
6
CONTINUOUS
10
0.2234251968503937
20
0.2765748031496063
11
0.2234251968503937
21
0.264763779527559
0
LINE
8
BLACK
6
CONTINUOUS
10
0.2234251968503937
20
0.264763779527559
11
0.2229756692913386
21
0.2625038188976378
0
LINE
8
BLACK
6
CONTINUOUS
10
0.2229756692913386
20
0.2625038188976378
11
0.2216955118110236
21
0.2605879527559055
0
LINE
8
BLACK
6
CONTINUOUS
10
0.2216955118110236
20
0.2605879527559055
11
0.2197796456692913
21
0.2593077952755906
0
LINE
8
BLACK
6
CONTINUOUS
10
0.2197796456692913
20
0.2593077952755906
11
0.2175196850393701
21
0.2588582677165354
0
LINE
8
BLACK
6
CONTINUOUS
10
0.2175196850393701
20
0.2588582677165354
11
0.1624015748031496
21
0.2588582677165354
0
LINE
8
BLACK
6
CONTINUOUS
10
0.1624015748031496
20
0.2588582677165354
11
0.1601416141732283
21
0.2593077952755906
0
LINE
8
BLACK
6
CONTINUOUS
10
0.1601416141732283
20
0.2593077952755906
11
0.1582257480314961
21
0.2605879527559055
0
LINE
8
BLACK
6
CONTINUOUS
10
0.1582257480314961
20
0.2605879527559055
11
0.1569455905511811
21
0.2625038188976378
0
LINE
8
BLACK
6
CONTINUOUS
10
0.1569455905511811
20
0.2625038188976378
11
0.1568875984251968
21
0.2627952755905512
0
LINE
8
BLACK
6
CONTINUOUS
10
0.1568875984251968
20
0.2627952755905512
11
0.1384826377952756
21
0.2627952755905512
0
LINE
8
BLACK
6
CONTINUOUS
10
0.1384826377952756
20
0.2627952755905512
11
0.1374937401574803
21
0.2610824803149606
0
LINE
8
BLACK
6
CONTINUOUS
10
0.1374937401574803
20
0.2610824803149606
11
0.134586811023622
21
0.2581755511811024
0
LINE
8
BLACK
6
CONTINUOUS
10
0.134586811023622
20
0.2581755511811024
11
0.1310264960629921
21
0.25612
0
LINE
8
BLACK
6
CONTINUOUS
10
0.1310264960629921
20
0.25612
11
0.1270555118110236
21
0.2550559842519685
0
LINE
8
BLACK
6
CONTINUOUS
10
0.1270555118110236
20
0.2550559842519685
11
0.1229444881889764
21
0.2550559842519685
0
LINE
8
BLACK
6
CONTINUOUS
10
0.1229444881889764
20
0.2550559842519685
11
0.1189735039370079
21
0.25612
0
LINE
8
BLACK
6
CONTINUOUS
10
0.1189735039370079
20
0.25612
11
0.115413188976378
21
0.2581755511811024
0
LINE
8
BLACK
6
CONTINUOUS
10
0.115413188976378
20
0.2581755511811024
11
0.1125062598425197
21
0.2610824803149606
0
LINE
8
BLACK
6
CONTINUOUS
10
0.1125062598425197
20
0.2610824803149606
11
0.1104507086614173
21
0.2646427952755905
0
LINE
8
BLACK
6
CONTINUOUS
10
0.1104507086614173
20
0.2646427952755905
11
0.1093866929133858
21
0.268613779527559
0
LINE
8
BLACK
6
CONTINUOUS
10
0.1093866929133858
20
0.268613779527559
11
0.1093866929133858
21
0.2727248031496063
0
LINE
8
BLACK
6
CONTINUOUS
10
0.1093866929133858
20
0.2727248031496063
11
0.1104507086614173
21
0.2766957874015748
0
LINE
8
BLACK
6
CONTINUOUS
10
0.1104507086614173
20
0.2766957874015748
11
0.1125062598425197
21
0.2802561023622047
0
LINE
8
BLACK
6
CONTINUOUS
10
0.1125062598425197
20
0.2802561023622047
11
0.115413188976378
21
0.283163031496063
0
LINE
8
BLACK
6
CONTINUOUS
10
0.115413188976378
20
0.283163031496063
11
0.1189735039370079
21
0.2852185826771653
0
LINE
8
BLACK
6
CONTINUOUS
10
0.1189735039370079
20
0.2852185826771653
11
0.1229444881889764
21
0.2862825984251968
0
LINE
8
BLACK
6
CONTINUOUS
10
0.1229444881889764
20
0.2862825984251968
11
0.1270555118110236
21
0.2862825984251968
0
LINE
8
BLACK
6
CONTINUOUS
10
0.1270555118110236
20
0.2862825984251968
11
0.1310264960629921
21
0.2852185826771653
0
LINE
8
BLACK
6
CONTINUOUS
10
0.2197796456692913
20
0.3312433858267717
11
0.2216955118110236
21
0.3299632283464567
0
LINE
8
BLACK
6
CONTINUOUS
10
0.2216955118110236
20
0.3299632283464567
11
0.2229756692913386
21
0.3280473622047244
0
LINE
8
BLACK
6
CONTINUOUS
10
0.2229756692913386
20
0.3280473622047244
11
0.2230336614173228
21
0.327755905511811
0
LINE
8
BLACK
6
CONTINUOUS
10
0.2230336614173228
20
0.327755905511811
11
0.246259842519685
21
0.327755905511811
0
LINE
8
BLACK
6
CONTINUOUS
10
0.246259842519685
20
0.327755905511811
11
0.2477959842519685
21
0.3276046062992126
0
LINE
8
BLACK
6
CONTINUOUS
10
0.2477959842519685
20
0.3276046062992126
11
0.2506344094488189
21
0.3264288976377953
0
LINE
8
BLACK
6
CONTINUOUS
10
0.2506344094488189
20
0.3264288976377953
11
0.2518275984251969
21
0.3254496456692914
0
LINE
8
BLACK
6
CONTINUOUS
10
0.2518275984251969
20
0.3254496456692914
11
0.2665913779527559
21
0.3106858661417323
0
LINE
8
BLACK
6
CONTINUOUS
10
0.2665913779527559
20
0.3106858661417323
11
0.2675706299212599
21
0.3094926771653543
0
LINE
8
BLACK
6
CONTINUOUS
10
0.2675706299212599
20
0.3094926771653543
11
0.2687463385826772
21
0.3066542519685039
0
LINE
8
BLACK
6
CONTINUOUS
10
0.2687463385826772
20
0.3066542519685039
11
0.2688976377952756
21
0.3051181102362205
0
LINE
8
BLACK
6
CONTINUOUS
10
0.2688976377952756
20
0.3051181102362205
11
0.2688976377952756
21
0.2853635039370079
0
LINE
8
BLACK
6
CONTINUOUS
10
0.2688976377952756
20
0.2853635039370079
11
0.2710041338582677
21
0.2841472834645669
0
LINE
8
BLACK
6
CONTINUOUS
10
0.2710041338582677
20
0.2841472834645669
11
0.273911062992126
21
0.2812403543307087
0
LINE
8
BLACK
6
CONTINUOUS
10
0.273911062992126
20
0.2812403543307087
11
0.2759666141732283
21
0.2776800393700787
0
LINE
8
BLACK
6
CONTINUOUS
10
0.2759666141732283
20
0.2776800393700787
11
0.2770306299212598
21
0.2737090551181102
0
LINE
8
BLACK
6
CONTINUOUS
10
0.2770306299212598
20
0.2737090551181102
11
0.2770306299212598
21
0.269598031496063
0
LINE
8
BLACK
6
CONTINUOUS
10
0.2770306299212598
20
0.269598031496063
11
0.2759666141732283
21
0.2656270472440945
0
LINE
8
BLACK
6
CONTINUOUS
10
0.2759666141732283
20
0.2656270472440945
11
0.273911062992126
21
0.2620667322834646
0
LINE
8
BLACK
6
CONTINUOUS
10
0.273911062992126
20
0.2620667322834646
11
0.2710041338582677
21
0.2591598031496063
0
LINE
8
BLACK
6
CONTINUOUS
10
0.2710041338582677
20
0.2591598031496063
11
0.2674438188976378
21
0.2571042519685039
0
LINE
8
BLACK
6
CONTINUOUS
10
0.2674438188976378
20
0.2571042519685039
11
0.2634728346456693
21
0.2560402362204725
0
LINE
8
BLACK
6
CONTINUOUS
10
0.2634728346456693
20
0.2560402362204725
11
0.259361811023622
21
0.2560402362204725
0
LINE
8
BLACK
6
CONTINUOUS
10
0.259361811023622
20
0.2560402362204725
11
0.2553908267716535
21
0.2571042519685039
0
LINE
8
BLACK
6
CONTINUOUS
10
0.2553908267716535
20
0.2571042519685039
11
0.2518305118110236
21
0.2591598031496063
0
LINE
8
BLACK
6
CONTINUOUS
10
0.2518305118110236
20
0.2591598031496063
11
0.2489235826771654
21
0.2620667322834646
0
LINE
8
BLACK
6
CONTINUOUS
10
0.2489235826771654
20
0.2620667322834646
11
0.246868031496063
21
0.2656270472440945
0
LINE
8
BLACK
6
CONTINUOUS
10
0.246868031496063
20
0.2656270472440945
11
0.2458040157480315
21
0.269598031496063
0
LINE
8
BLACK
6
CONTINUOUS
10
0.2458040157480315
20
0.269598031496063
11
0.2458040157480315
21
0.2737090551181102
0
LINE
8
BLACK
6
CONTINUOUS
10
0.2458040157480315
20
0.2737090551181102
11
0.246868031496063
21
0.2776800393700787
0
LINE
8
BLACK
6
CONTINUOUS
10
0.246868031496063
20
0.2776800393700787
11
0.2489235826771654
21
0.2812403543307087
0
LINE
8
BLACK
6
CONTINUOUS
10
0.2489235826771654
20
0.2812403543307087
11
0.2518305118110236
21
0.2841472834645669
0
LINE
8
BLACK
6
CONTINUOUS
10
0.2518305118110236
20
0.2841472834645669
11
0.2531496062992126
21
0.2849088976377953
0
LINE
8
BLACK
6
CONTINUOUS
10
0.2531496062992126
20
0.2849088976377953
11
0.2531496062992126
21
0.3018566141732283
0
LINE
8
BLACK
6
CONTINUOUS
10
0.2531496062992126
20
0.3018566141732283
11
0.2429983464566929
21
0.312007874015748
0
LINE
8
BLACK
6
CONTINUOUS
10
0.2429983464566929
20
0.312007874015748
11
0.2230336614173228
21
0.312007874015748
0
LINE
8
BLACK
6
CONTINUOUS
10
0.2230336614173228
20
0.312007874015748
11
0.2229756692913386
21
0.3117164173228346
0
LINE
8
BLACK
6
CONTINUOUS
10
0.2229756692913386
20
0.3117164173228346
11
0.2216955118110236
21
0.3098005511811023
0
LINE
8
BLACK
6
CONTINUOUS
10
0.2216955118110236
20
0.3098005511811023
11
0.2197796456692913
21
0.3085203937007874
0
LINE
8
BLACK
6
CONTINUOUS
10
0.2197796456692913
20
0.3085203937007874
11
0.2175196850393701
21
0.3080708661417323
0
LINE
8
BLACK
6
CONTINUOUS
10
0.2175196850393701
20
0.3080708661417323
11
0.1624015748031496
21
0.3080708661417323
0
LINE
8
BLACK
6
CONTINUOUS
10
0.1624015748031496
20
0.3080708661417323
11
0.1601416141732283
21
0.3085203937007874
0
LINE
8
BLACK
6
CONTINUOUS
10
0.1601416141732283
20
0.3085203937007874
11
0.1582257480314961
21
0.3098005511811023
0
LINE
8
BLACK
6
CONTINUOUS
10
0.1582257480314961
20
0.3098005511811023
11
0.1569455905511811
21
0.3117164173228346
0
LINE
8
BLACK
6
CONTINUOUS
10
0.1569455905511811
20
0.3117164173228346
11
0.156496062992126
21
0.3139763779527559
0
LINE
8
BLACK
6
CONTINUOUS
10
0.156496062992126
20
0.3139763779527559
11
0.156496062992126
21
0.3257874015748031
0
LINE
8
BLACK
6
CONTINUOUS
10
0.156496062992126
20
0.3257874015748031
11
0.1569455905511811
21
0.3280473622047244
0
LINE
8
BLACK
6
CONTINUOUS
10
0.1569455905511811
20
0.3280473622047244
11
0.1582257480314961
21
0.3299632283464567
0
LINE
8
BLACK
6
CONTINUOUS
10
0.1582257480314961
20
0.3299632283464567
11
0.1601416141732283
21
0.3312433858267717
0
LINE
8
BLACK
6
CONTINUOUS
10
0.1601416141732283
20
0.3312433858267717
11
0.1624015748031496
21
0.3316929133858267
0
LINE
8
BLACK
6
CONTINUOUS
10
0.1624015748031496
20
0.3316929133858267
11
0.2175196850393701
21
0.3316929133858267
0
LINE
8
BLACK
6
CONTINUOUS
10
0.2175196850393701
20
0.3316929133858267
11
0.2197796456692913
21
0.3312433858267717
0
LINE
8
BLACK
6
CONTINUOUS
10
0.7155198818897638
20
0.327911968503937
11
0.7181900787401575
21
0.3263703149606299
0
LINE
8
BLACK
6
CONTINUOUS
10
0.7181900787401575
20
0.3263703149606299
11
0.7203703149606299
21
0.3241900787401575
0
LINE
8
BLACK
6
CONTINUOUS
10
0.7203703149606299
20
0.3241900787401575
11
0.721911968503937
21
0.3215198818897638
0
LINE
8
BLACK
6
CONTINUOUS
10
0.721911968503937
20
0.3215198818897638
11
0.7227099606299212
21
0.3185416535433071
0
LINE
8
BLACK
6
CONTINUOUS
10
0.7227099606299212
20
0.3185416535433071
11
0.7227099606299212
21
0.3154583464566929
0
LINE
8
BLACK
6
CONTINUOUS
10
0.7227099606299212
20
0.3154583464566929
11
0.721911968503937
21
0.3124801181102362
0
LINE
8
BLACK
6
CONTINUOUS
10
0.721911968503937
20
0.3124801181102362
11
0.7203703149606299
21
0.3098099212598425
0
LINE
8
BLACK
6
CONTINUOUS
10
0.7203703149606299
20
0.3098099212598425
11
0.7181900787401575
21
0.30762968503937
0
LINE
8
BLACK
6
CONTINUOUS
10
0.7181900787401575
20
0.30762968503937
11
0.7155198818897638
21
0.306088031496063
0
LINE
8
BLACK
6
CONTINUOUS
10
0.7155198818897638
20
0.306088031496063
11
0.7125416535433071
21
0.3052900393700788
0
LINE
8
BLACK
6
CONTINUOUS
10
0.7125416535433071
20
0.3052900393700788
11
0.7094583464566929
21
0.3052900393700788
0
LINE
8
BLACK
6
CONTINUOUS
10
0.7094583464566929
20
0.3052900393700788
11
0.7080255511811023
21
0.305673937007874
0
LINE
8
BLACK
6
CONTINUOUS
10
0.7080255511811023
20
0.305673937007874
11
0.6849868503937008
21
0.2826351968503937
0
LINE
8
BLACK
6
CONTINUOUS
10
0.6849868503937008
20
0.2826351968503937
11
0.6840919291338583
21
0.2819007480314961
0
LINE
8
BLACK
6
CONTINUOUS
10
0.6840919291338583
20
0.2819007480314961
11
0.6828449212598425
21
0.2813842519685039
0
LINE
8
BLACK
6
CONTINUOUS
10
0.6828449212598425
20
0.2813842519685039
11
0.6819631496062992
21
0.2810189763779528
0
LINE
8
BLACK
6
CONTINUOUS
10
0.6819631496062992
20
0.2810189763779528
11
0.6808110236220473
21
0.2809055118110236
0
LINE
8
BLACK
6
CONTINUOUS
10
0.6808110236220473
20
0.2809055118110236
11
0.643503937007874
21
0.2809055118110236
0
LINE
8
BLACK
6
CONTINUOUS
10
0.643503937007874
20
0.2809055118110236
11
0.642351811023622
21
0.2810189763779528
0
LINE
8
BLACK
6
CONTINUOUS
10
0.642351811023622
20
0.2810189763779528
11
0.6402496062992126
21
0.2818897637795276
0
LINE
8
BLACK
6
CONTINUOUS
10
0.6402496062992126
20
0.2818897637795276
11
0.6218503937007874
21
0.2818897637795276
0
LINE
8
BLACK
6
CONTINUOUS
10
0.6218503937007874
20
0.2818897637795276
11
0.6218503937007874
21
0.2917322834645669
0
LINE
8
BLACK
6
CONTINUOUS
10
0.6218503937007874
20
0.2917322834645669
11
0.6402496062992126
21
0.2917322834645669
0
LINE
8
BLACK
6
CONTINUOUS
10
0.6402496062992126
20
0.2917322834645669
11
0.642351811023622
21
0.2926030708661417
0
LINE
8
BLACK
6
CONTINUOUS
10
0.642351811023622
20
0.2926030708661417
11
0.643503937007874
21
0.2927165354330709
0
LINE
8
BLACK
6
CONTINUOUS
10
0.643503937007874
20
0.2927165354330709
11
0.6783648818897637
21
0.2927165354330709
0
LINE
8
BLACK
6
CONTINUOUS
10
0.6783648818897637
20
0.2927165354330709
11
0.6996738976377953
21
0.3140255905511811
0
LINE
8
BLACK
6
CONTINUOUS
10
0.6996738976377953
20
0.3140255905511811
11
0.6992900393700787
21
0.3154583464566929
0
LINE
8
BLACK
6
CONTINUOUS
10
0.6992900393700787
20
0.3154583464566929
11
0.6992900393700787
21
0.3185416535433071
0
LINE
8
BLACK
6
CONTINUOUS
10
0.6992900393700787
20
0.3185416535433071
11
0.700088031496063
21
0.3215198818897638
0
LINE
8
BLACK
6
CONTINUOUS
10
0.700088031496063
20
0.3215198818897638
11
0.7016296850393701
21
0.3241900787401575
0
LINE
8
BLACK
6
CONTINUOUS
10
0.7016296850393701
20
0.3241900787401575
11
0.7038099212598425
21
0.3263703149606299
0
LINE
8
BLACK
6
CONTINUOUS
10
0.7038099212598425
20
0.3263703149606299
11
0.7064801181102363
21
0.327911968503937
0
LINE
8
BLACK
6
CONTINUOUS
10
0.7064801181102363
20
0.327911968503937
11
0.7094583464566929
21
0.3287099606299212
0
LINE
8
BLACK
6
CONTINUOUS
10
0.7094583464566929
20
0.3287099606299212
11
0.7125416535433071
21
0.3287099606299212
0
LINE
8
BLACK
6
CONTINUOUS
10
0.7125416535433071
20
0.3287099606299212
11
0.7155198818897638
21
0.327911968503937
0
LINE
8
BLACK
6
CONTINUOUS
10
0.9706692913385827
20
0.3255905511811024
11
0.8799422047244094
21
0.3255905511811024
0
LINE
8
BLACK
6
CONTINUOUS
10
0.8799422047244094
20
0.3255905511811024
11
0.8566718897637795
21
0.3023202362204724
0
LINE
8
BLACK
6
CONTINUOUS
10
0.8566718897637795
20
0.3023202362204724
11
0.855776968503937
21
0.3015857874015748
0
LINE
8
BLACK
6
CONTINUOUS
10
0.855776968503937
20
0.3015857874015748
11
0.854533622047244
21
0.3010707874015748
0
LINE
8
BLACK
6
CONTINUOUS
10
0.854533622047244
20
0.3010707874015748
11
0.853648188976378
21
0.3007040157480315
0
LINE
8
BLACK
6
CONTINUOUS
10
0.853648188976378
20
0.3007040157480315
11
0.852496062992126
21
0.3005905511811023
0
LINE
8
BLACK
6
CONTINUOUS
10
0.852496062992126
20
0.3005905511811023
11
0.8127952755905512
21
0.3005905511811023
0
LINE
8
BLACK
6
CONTINUOUS
10
0.8127952755905512
20
0.3005905511811023
11
0.8116431496062992
21
0.3007040157480315
0
LINE
8
BLACK
6
CONTINUOUS
10
0.8116431496062992
20
0.3007040157480315
11
0.8095409448818898
21
0.3015748031496063
0
LINE
8
BLACK
6
CONTINUOUS
10
0.8095409448818898
20
0.3015748031496063
11
0.7911417322834645
21
0.3015748031496063
0
LINE
8
BLACK
6
CONTINUOUS
10
0.7911417322834645
20
0.3015748031496063
11
0.7911417322834645
21
0.3114173228346457
0
LINE
8
BLACK
6
CONTINUOUS
10
0.7911417322834645
20
0.3114173228346457
11
0.8095409448818898
21
0.3114173228346457
0
LINE
8
BLACK
6
CONTINUOUS
10
0.8095409448818898
20
0.3114173228346457
11
0.8116431496062992
21
0.3122881102362204
0
LINE
8
BLACK
6
CONTINUOUS
10
0.8116431496062992
20
0.3122881102362204
11
0.8127952755905512
21
0.3124015748031496
0
LINE
8
BLACK
6
CONTINUOUS
10
0.8127952755905512
20
0.3124015748031496
11
0.8500499212598425
21
0.3124015748031496
0
LINE
8
BLACK
6
CONTINUOUS
10
0.8500499212598425
20
0.3124015748031496
11
0.8718503937007874
21
0.3342020472440945
0
LINE
8
BLACK
6
CONTINUOUS
10
0.8718503937007874
20
0.3342020472440945
11
0.8718503937007874
21
0.3649606299212598
0
LINE
8
BLACK
6
CONTINUOUS
10
0.8718503937007874
20
0.3649606299212598
11
0.9706692913385827
21
0.3649606299212598
0
LINE
8
BLACK
6
CONTINUOUS
10
0.9706692913385827
20
0.3649606299212598
11
0.9706692913385827
21
0.3255905511811024
0
LINE
8
BLACK
6
CONTINUOUS
10
0.6682994094488189
20
0.3577623622047244
11
0.6709696062992125
21
0.3562207086614173
0
LINE
8
BLACK
6
CONTINUOUS
10
0.6709696062992125
20
0.3562207086614173
11
0.673149842519685
21
0.3540404724409449
0
LINE
8
BLACK
6
CONTINUOUS
10
0.673149842519685
20
0.3540404724409449
11
0.6746914960629921
21
0.3513702755905512
0
LINE
8
BLACK
6
CONTINUOUS
10
0.6746914960629921
20
0.3513702755905512
11
0.6754894881889764
21
0.3483920472440945
0
LINE
8
BLACK
6
CONTINUOUS
10
0.6754894881889764
20
0.3483920472440945
11
0.6754894881889764
21
0.3453087401574803
0
LINE
8
BLACK
6
CONTINUOUS
10
0.6754894881889764
20
0.3453087401574803
11
0.6746914960629921
21
0.3423305118110236
0
LINE
8
BLACK
6
CONTINUOUS
10
0.6746914960629921
20
0.3423305118110236
11
0.673149842519685
21
0.3396603149606299
0
LINE
8
BLACK
6
CONTINUOUS
10
0.673149842519685
20
0.3396603149606299
11
0.6709696062992125
21
0.3374800787401575
0
LINE
8
BLACK
6
CONTINUOUS
10
0.6709696062992125
20
0.3374800787401575
11
0.6682994094488189
21
0.3359384251968504
0
LINE
8
BLACK
6
CONTINUOUS
10
0.6682994094488189
20
0.3359384251968504
11
0.6653211811023622
21
0.3351404330708662
0
LINE
8
BLACK
6
CONTINUOUS
10
0.6653211811023622
20
0.3351404330708662
11
0.662237874015748
21
0.3351404330708662
0
LINE
8
BLACK
6
CONTINUOUS
10
0.662237874015748
20
0.3351404330708662
11
0.6597072834645669
21
0.3358185039370079
0
LINE
8
BLACK
6
CONTINUOUS
10
0.6597072834645669
20
0.3358185039370079
11
0.6484251968503937
21
0.3245363779527559
0
LINE
8
BLACK
6
CONTINUOUS
10
0.6484251968503937
20
0.3245363779527559
11
0.6484251968503937
21
0.3114173228346457
0
LINE
8
BLACK
6
CONTINUOUS
10
0.6484251968503937
20
0.3114173228346457
11
0.6651574803149606
21
0.3114173228346457
0
LINE
8
BLACK
6
CONTINUOUS
10
0.6651574803149606
20
0.3114173228346457
11
0.6651574803149606
21
0.3015748031496063
0
LINE
8
BLACK
6
CONTINUOUS
10
0.6651574803149606
20
0.3015748031496063
11
0.6218503937007874
21
0.3015748031496063
0
LINE
8
BLACK
6
CONTINUOUS
10
0.6218503937007874
20
0.3015748031496063
11
0.6218503937007874
21
0.3114173228346457
0
LINE
8
BLACK
6
CONTINUOUS
10
0.6218503937007874
20
0.3114173228346457
11
0.6385826771653543
21
0.3114173228346457
0
LINE
8
BLACK
6
CONTINUOUS
10
0.6385826771653543
20
0.3114173228346457
11
0.6385826771653543
21
0.3265748031496063
0
LINE
8
BLACK
6
CONTINUOUS
10
0.6385826771653543
20
0.3265748031496063
11
0.6386772440944882
21
0.3275348818897638
0
LINE
8
BLACK
6
CONTINUOUS
10
0.6386772440944882
20
0.3275348818897638
11
0.6387061417322835
21
0.3276046062992126
0
LINE
8
BLACK
6
CONTINUOUS
10
0.6387061417322835
20
0.3276046062992126
11
0.6391639763779527
21
0.3287099606299212
0
LINE
8
BLACK
6
CONTINUOUS
10
0.6391639763779527
20
0.3287099606299212
11
0.6394120472440945
21
0.3293088976377953
0
LINE
8
BLACK
6
CONTINUOUS
10
0.6394120472440945
20
0.3293088976377953
11
0.6394122440944882
21
0.3293091338582677
0
LINE
8
BLACK
6
CONTINUOUS
10
0.6394122440944882
20
0.3293091338582677
11
0.640024094488189
21
0.3300546456692913
0
LINE
8
BLACK
6
CONTINUOUS
10
0.640024094488189
20
0.3300546456692913
11
0.6527475984251968
21
0.342778188976378
0
LINE
8
BLACK
6
CONTINUOUS
10
0.6527475984251968
20
0.342778188976378
11
0.6520695669291339
21
0.3453087401574803
0
LINE
8
BLACK
6
CONTINUOUS
10
0.6520695669291339
20
0.3453087401574803
11
0.6520695669291339
21
0.3483920472440945
0
LINE
8
BLACK
6
CONTINUOUS
10
0.6520695669291339
20
0.3483920472440945
11
0.6528675590551181
21
0.3513702755905512
0
LINE
8
BLACK
6
CONTINUOUS
10
0.6528675590551181
20
0.3513702755905512
11
0.6544092125984252
21
0.3540404724409449
0
LINE
8
BLACK
6
CONTINUOUS
10
0.6544092125984252
20
0.3540404724409449
11
0.6565894488188976
21
0.3562207086614173
0
LINE
8
BLACK
6
CONTINUOUS
10
0.6565894488188976
20
0.3562207086614173
11
0.6592596456692913
21
0.3577623622047244
0
LINE
8
BLACK
6
CONTINUOUS
10
0.6592596456692913
20
0.3577623622047244
11
0.662237874015748
21
0.3585603543307087
0
LINE
8
BLACK
6
CONTINUOUS
10
0.662237874015748
20
0.3585603543307087
11
0.6653211811023622
21
0.3585603543307087
0
LINE
8
BLACK
6
CONTINUOUS
10
0.6653211811023622
20
0.3585603543307087
11
0.6682994094488189
21
0.3577623622047244
0
LINE
8
BLACK
6
CONTINUOUS
10
0.2486205511811024
20
0.4944231889763779
11
0.2514145669291338
21
0.4925562992125984
0
LINE
8
BLACK
6
CONTINUOUS
10
0.2514145669291338
20
0.4925562992125984
11
0.2532814566929134
21
0.4897622834645669
0
LINE
8
BLACK
6
CONTINUOUS
10
0.2532814566929134
20
0.4897622834645669
11
0.2539370078740157
21
0.4864665354330708
0
LINE
8
BLACK
6
CONTINUOUS
10
0.2539370078740157
20
0.4864665354330708
11
0.2539370078740157
21
0.4662893700787402
0
LINE
8
BLACK
6
CONTINUOUS
10
0.2539370078740157
20
0.4662893700787402
11
0.2532814566929134
21
0.4629936220472441
0
LINE
8
BLACK
6
CONTINUOUS
10
0.2532814566929134
20
0.4629936220472441
11
0.2514145669291338
21
0.4601996062992126
0
LINE
8
BLACK
6
CONTINUOUS
10
0.2514145669291338
20
0.4601996062992126
11
0.2486205511811024
21
0.4583327165354331
0
LINE
8
BLACK
6
CONTINUOUS
10
0.2486205511811024
20
0.4583327165354331
11
0.2453248031496063
21
0.4576771653543307
0
LINE
8
BLACK
6
CONTINUOUS
10
0.2453248031496063
20
0.4576771653543307
11
0.2361220472440945
21
0.4576771653543307
0
LINE
8
BLACK
6
CONTINUOUS
10
0.2361220472440945
20
0.4576771653543307
11
0.2361220472440945
21
0.4316784251968504
0
LINE
8
BLACK
6
CONTINUOUS
10
0.2361220472440945
20
0.4316784251968504
11
0.2494933858267716
21
0.4183070866141732
0
LINE
8
BLACK
6
CONTINUOUS
10
0.2494933858267716
20
0.4183070866141732
11
0.2687007874015748
21
0.4183070866141732
0
LINE
8
BLACK
6
CONTINUOUS
10
0.2687007874015748
20
0.4183070866141732
11
0.2687007874015748
21
0.4202755905511811
0
LINE
8
BLACK
6
CONTINUOUS
10
0.2687007874015748
20
0.4202755905511811
11
0.2693001574803149
21
0.4232888582677165
0
LINE
8
BLACK
6
CONTINUOUS
10
0.2693001574803149
20
0.4232888582677165
11
0.2710070472440945
21
0.4258433464566929
0
LINE
8
BLACK
6
CONTINUOUS
10
0.2710070472440945
20
0.4258433464566929
11
0.2735615354330709
21
0.4275502362204724
0
LINE
8
BLACK
6
CONTINUOUS
10
0.2735615354330709
20
0.4275502362204724
11
0.2765748031496063
21
0.4281496062992126
0
LINE
8
BLACK
6
CONTINUOUS
10
0.2765748031496063
20
0.4281496062992126
11
0.2982283464566929
21
0.4281496062992126
0
LINE
8
BLACK
6
CONTINUOUS
10
0.2982283464566929
20
0.4281496062992126
11
0.3012416141732284
21
0.4275502362204724
0
LINE
8
BLACK
6
CONTINUOUS
10
0.3012416141732284
20
0.4275502362204724
11
0.3037961023622047
21
0.4258433464566929
0
LINE
8
BLACK
6
CONTINUOUS
10
0.3037961023622047
20
0.4258433464566929
11
0.3055029921259843
21
0.4232888582677165
0
LINE
8
BLACK
6
CONTINUOUS
10
0.3055029921259843
20
0.4232888582677165
11
0.3061023622047244
21
0.4202755905511811
0
LINE
8
BLACK
6
CONTINUOUS
10
0.3061023622047244
20
0.4202755905511811
11
0.3061023622047244
21
0.4045275590551181
0
LINE
8
BLACK
6
CONTINUOUS
10
0.3061023622047244
20
0.4045275590551181
11
0.3055029921259843
21
0.4015142913385827
0
LINE
8
BLACK
6
CONTINUOUS
10
0.3055029921259843
20
0.4015142913385827
11
0.3037961023622047
21
0.3989598031496063
0
LINE
8
BLACK
6
CONTINUOUS
10
0.3037961023622047
20
0.3989598031496063
11
0.3012416141732284
21
0.3972529133858267
0
LINE
8
BLACK
6
CONTINUOUS
10
0.3012416141732284
20
0.3972529133858267
11
0.2982283464566929
21
0.3966535433070866
0
LINE
8
BLACK
6
CONTINUOUS
10
0.2982283464566929
20
0.3966535433070866
11
0.2765748031496063
21
0.3966535433070866
0
LINE
8
BLACK
6
CONTINUOUS
10
0.2765748031496063
20
0.3966535433070866
11
0.2735615354330709
21
0.3972529133858267
0
LINE
8
BLACK
6
CONTINUOUS
10
0.2735615354330709
20
0.3972529133858267
11
0.2710070472440945
21
0.3989598031496063
0
LINE
8
BLACK
6
CONTINUOUS
10
0.2710070472440945
20
0.3989598031496063
11
0.2693001574803149
21
0.4015142913385827
0
LINE
8
BLACK
6
CONTINUOUS
10
0.2693001574803149
20
0.4015142913385827
11
0.2687007874015748
21
0.4045275590551181
0
LINE
8
BLACK
6
CONTINUOUS
10
0.2687007874015748
20
0.4045275590551181
11
0.2687007874015748
21
0.406496062992126
0
LINE
8
BLACK
6
CONTINUOUS
10
0.2687007874015748
20
0.406496062992126
11
0.2470472440944882
21
0.406496062992126
0
LINE
8
BLACK
6
CONTINUOUS
10
0.2470472440944882
20
0.406496062992126
11
0.2458951181102362
21
0.4066095275590551
0
LINE
8
BLACK
6
CONTINUOUS
10
0.2458951181102362
20
0.4066095275590551
11
0.2452716141732283
21
0.4068678346456693
0
LINE
8
BLACK
6
CONTINUOUS
10
0.2452716141732283
20
0.4068678346456693
11
0.2437662992125984
21
0.4074912992125984
0
LINE
8
BLACK
6
CONTINUOUS
10
0.2437662992125984
20
0.4074912992125984
11
0.2428714173228347
21
0.408225748031496
0
LINE
8
BLACK
6
CONTINUOUS
10
0.2428714173228347
20
0.408225748031496
11
0.2260407086614173
21
0.4250564566929134
0
LINE
8
BLACK
6
CONTINUOUS
10
0.2260407086614173
20
0.4250564566929134
11
0.2253062598425197
21
0.4259513779527559
0
LINE
8
BLACK
6
CONTINUOUS
10
0.2253062598425197
20
0.4259513779527559
11
0.2247897244094488
21
0.4271983858267717
0
LINE
8
BLACK
6
CONTINUOUS
10
0.2247897244094488
20
0.4271983858267717
11
0.2244244881889764
21
0.428080157480315
0
LINE
8
BLACK
6
CONTINUOUS
10
0.2244244881889764
20
0.428080157480315
11
0.2243110236220472
21
0.4292322834645669
0
LINE
8
BLACK
6
CONTINUOUS
10
0.2243110236220472
20
0.4292322834645669
11
0.2243110236220472
21
0.4586625590551181
0
LINE
8
BLACK
6
CONTINUOUS
10
0.2243110236220472
20
0.4586625590551181
11
0.2220106299212598
21
0.4601996062992126
0
LINE
8
BLACK
6
CONTINUOUS
10
0.2220106299212598
20
0.4601996062992126
11
0.2201437401574803
21
0.4629936220472441
0
LINE
8
BLACK
6
CONTINUOUS
10
0.2201437401574803
20
0.4629936220472441
11
0.219488188976378
21
0.4662893700787402
0
LINE
8
BLACK
6
CONTINUOUS
10
0.219488188976378
20
0.4662893700787402
11
0.219488188976378
21
0.4864665354330708
0
LINE
8
BLACK
6
CONTINUOUS
10
0.219488188976378
20
0.4864665354330708
11
0.2201437401574803
21
0.4897622834645669
0
LINE
8
BLACK
6
CONTINUOUS
10
0.2201437401574803
20
0.4897622834645669
11
0.2220106299212598
21
0.4925562992125984
0
LINE
8
BLACK
6
CONTINUOUS
10
0.2220106299212598
20
0.4925562992125984
11
0.2248046456692913
21
0.4944231889763779
0
LINE
8
BLACK
6
CONTINUOUS
10
0.2248046456692913
20
0.4944231889763779
11
0.2281003937007874
21
0.4950787401574803
0
LINE
8
BLACK
6
CONTINUOUS
10
0.2281003937007874
20
0.4950787401574803
11
0.2453248031496063
21
0.4950787401574803
0
LINE
8
BLACK
6
CONTINUOUS
10
0.2453248031496063
20
0.4950787401574803
11
0.2486205511811024
21
0.4944231889763779
0
CIRCLE
8
BLACK
10
0.9401574803149606
20
0.397244094488189
40
0.0059055118110236
0
CIRCLE
8
BLACK
10
0.0610236220472441
20
0.202755905511811
40
0.0078740157480315
0
CIRCLE
8
BLACK
10
0.1751968503937008
20
0.5236220472440944
40
0.0078740157480315
0
CIRCLE
8
BLACK
10
0.316
20
0.309
40
0.0078740157480315
0
CIRCLE
8
BLACK
10
0.7322834645669292
20
0.547244094488189
40
0.0078740157480315
0
CIRCLE
8
BLACK
10
0.1732283464566929
20
0.0767716535433071
40
0.0078740157480315
0
CIRCLE
8
BLACK
10
0.437
20
0.481
40
0.0078740157480315
0
CIRCLE
8
BLACK
10
0.0551181102362205
20
0.3858267716535433
40
0.0078740157480315
0
CIRCLE
8
BLACK
10
0.8287401574803149
20
0.5003937007874015
40
0.0059055118110236
0
CIRCLE
8
BLACK
10
0.6161417322834646
20
0.1515748031496063
40
0.0078740157480315
0
CIRCLE
8
BLACK
10
0.892
20
0.198
40
0.0059055118110236
0
CIRCLE
8
BLACK
10
0.6377952755905512
20
0.547244094488189
40
0.0078740157480315
0
CIRCLE
8
BLACK
10
0.4960629921259843
20
0.4901574803149606
40
0.0078740157480315
0
CIRCLE
8
BLACK
10
0.8295275590551181
20
0.397244094488189
40
0.0059055118110236
0
CIRCLE
8
BLACK
10
0.3956692913385826
20
0.2322834645669291
40
0.0059055118110236
0
CIRCLE
8
BLACK
10
0.5826771653543307
20
0.4901574803149606
40
0.0078740157480315
0
CIRCLE
8
BLACK
10
0.9409999999999999
20
0.086
40
0.0059055118110236
0
CIRCLE
8
BLACK
10
0.5429133858267716
20
0.1543307086614173
40
0.0078740157480315
0
CIRCLE
8
BLACK
10
0.1230314960629921
20
0.3690944881889764
40
0.0078740157480315
0
CIRCLE
8
BLACK
10
0.711
20
0.317
40
0.0059055118110236
0
CIRCLE
8
BLACK
10
0.6637795275590551
20
0.3468503937007874
40
0.0059055118110236
0
CIRCLE
8
BLACK
10
0.7629921259842519
20
0.1303149606299213
40
0.0078740157480315
0
CIRCLE
8
BLACK
10
0.125
20
0.2706692913385827
40
0.0078740157480315
0
CIRCLE
8
BLACK
10
0.653244094488189
20
0.441244094488189
40
0.0078740157480315
0
CIRCLE
8
BLACK
10
0.2614173228346456
20
0.2716535433070866
40
0.0078740157480315
0
CIRCLE
8
BLACK
10
0.7716535433070866
20
0.3783464566929134
40
0.0078740157480315
0
CIRCLE
8
BLACK
10
0.8122047244094488
20
0.1988188976377953
40
0.0059055118110236
0
CIRCLE
8
WHITE
10
0.9401574803149606
20
0.397244094488189
40
0.0059055118110236
0
CIRCLE
8
WHITE
10
0.0610236220472441
20
0.202755905511811
40
0.0068897637795276
0
CIRCLE
8
WHITE
10
0.1751968503937008
20
0.5236220472440944
40
0.0068897637795276
0
CIRCLE
8
WHITE
10
0.316
20
0.309
40
0.0068897637795276
0
CIRCLE
8
WHITE
10
0.7322834645669292
20
0.547244094488189
40
0.0068897637795276
0
CIRCLE
8
WHITE
10
0.1732283464566929
20
0.0767716535433071
40
0.0068897637795276
0
CIRCLE
8
WHITE
10
0.437
20
0.481
40
0.0068897637795276
0
CIRCLE
8
WHITE
10
0.0551181102362205
20
0.3858267716535433
40
0.0068897637795276
0
CIRCLE
8
WHITE
10
0.8287401574803149
20
0.5003937007874015
40
0.0059055118110236
0
CIRCLE
8
WHITE
10
0.6161417322834646
20
0.1515748031496063
40
0.0068897637795276
0
CIRCLE
8
WHITE
10
0.892
20
0.198
40
0.0059055118110236
0
CIRCLE
8
WHITE
10
0.6377952755905512
20
0.547244094488189
40
0.0068897637795276
0
CIRCLE
8
WHITE
10
0.4960629921259843
20
0.4901574803149606
40
0.0068897637795276
0
CIRCLE
8
WHITE
10
0.8295275590551181
20
0.397244094488189
40
0.0059055118110236
0
CIRCLE
8
WHITE
10
0.3956692913385826
20
0.2322834645669291
40
0.0059055118110236
0
CIRCLE
8
WHITE
10
0.5826771653543307
20
0.4901574803149606
40
0.0068897637795276
0
CIRCLE
8
WHITE
10
0.9409999999999999
20
0.086
40
0.0059055118110236
0
CIRCLE
8
WHITE
10
0.5429133858267716
20
0.1543307086614173
40
0.0068897637795276
0
CIRCLE
8
WHITE
10
0.1230314960629921
20
0.3690944881889764
40
0.0068897637795276
0
CIRCLE
8
WHITE
10
0.711
20
0.317
40
0.0059055118110236
0
CIRCLE
8
WHITE
10
0.6637795275590551
20
0.3468503937007874
40
0.0059055118110236
0
CIRCLE
8
WHITE
10
0.7629921259842519
20
0.1303149606299213
40
0.0068897637795276
0
CIRCLE
8
WHITE
10
0.125
20
0.2706692913385827
40
0.0068897637795276
0
CIRCLE
8
WHITE
10
0.653244094488189
20
0.441244094488189
40
0.0068897637795276
0
CIRCLE
8
WHITE
10
0.2614173228346456
20
0.2716535433070866
40
0.0068897637795276
0
CIRCLE
8
WHITE
10
0.7716535433070866
20
0.3783464566929134
40
0.0068897637795276
0
CIRCLE
8
WHITE
10
0.8122047244094488
20
0.1988188976377953
40
0.0059055118110236
  0
ENDSEC
  0
EOF
