  0
SECTION
  2
HEADER
  9
$ANGBASE
  50
0.0
  9
$ANGDIR
  70
1
  9
$MEASUREMENT
  70
0
  0
ENDSEC
  0
SECTION
  2
TABLES
  0
TABLE
  2
LTYPE
  70
4
  0
LTYPE
  5
40F
  2
CONTINUOUS
  70
0
  3
Solid line
  72
65
  73
0
  40
0.0
  0
LTYPE
  5
410
  2
DASHDOT
 70
0
  3
Dash Dot ____ _ ____ _
 72
65
 73
4
 40
2.0
 49
1.25
 49
-0.25
 49
0.25
 49
-0.25
  0
LTYPE
  5
411
  2
DASHED
 70
0
  3
Dashed __ __ __ __ __
 72
65
 73
2
 40
0.75
 49
0.5
 49
-0.25
  0
LTYPE
  5
43B
  2
DOTTED
 70
0
  3
Dotted .  .  .  .
 72
65
 73
2
 40
0.2
 49
0.0
 49
-0.2
  0
ENDTAB
  0
TABLE
  2
STYLE
  70
4
  0
STYLE
  2
KICAD
  70
0
  40
0
  41
1
  42
1
  50
0
  71
0
  3
isocp.shx
  0
STYLE
  2
KICADB
  70
0
  40
0
  41
1
  42
1
  50
0
  71
0
  3
isocp.shx
  0
STYLE
  2
KICADI
  70
0
  40
0
  41
1
  42
1
  50
15
  71
0
  3
isocp.shx
  0
STYLE
  2
KICADBI
  70
0
  40
0
  41
1
  42
1
  50
15
  71
0
  3
isocp.shx
  0
ENDTAB
  0
TABLE
  2
LAYER
  70
1
  0
LAYER
  2
BLACK
  70
0
  62
7
  6
CONTINUOUS
  0
ENDTAB
  0
ENDSEC
  0
SECTION
  2
ENTITIES
0
LINE
8
BLACK
6
CONTINUOUS
10
0.2271747637795276
20
0.0876984645669291
11
0.2279894094488189
21
0.0868838188976378
0
LINE
8
BLACK
6
CONTINUOUS
10
0.2279894094488189
20
0.0868838188976378
11
0.2284303149606299
21
0.0858194094488189
0
LINE
8
BLACK
6
CONTINUOUS
10
0.2284303149606299
20
0.0858194094488189
11
0.2284870472440945
21
0.0852433464566929
0
LINE
8
BLACK
6
CONTINUOUS
10
0.2284870472440945
20
0.0852433464566929
11
0.2284870472440945
21
0.0488260236220472
0
LINE
8
BLACK
6
CONTINUOUS
10
0.2284870472440945
20
0.0488260236220472
11
0.2442819291338583
21
0.0488260236220472
0
LINE
8
BLACK
6
CONTINUOUS
10
0.2442819291338583
20
0.0488260236220472
11
0.2448579921259842
21
0.0487692913385827
0
LINE
8
BLACK
6
CONTINUOUS
10
0.2448579921259842
20
0.0487692913385827
11
0.2459224015748031
21
0.0483283858267717
0
LINE
8
BLACK
6
CONTINUOUS
10
0.2459224015748031
20
0.0483283858267717
11
0.2467370472440945
21
0.0475137401574803
0
LINE
8
BLACK
6
CONTINUOUS
10
0.2467370472440945
20
0.0475137401574803
11
0.2471779527559055
21
0.0464493307086614
0
LINE
8
BLACK
6
CONTINUOUS
10
0.2471779527559055
20
0.0464493307086614
11
0.2471779527559055
21
0.0452972047244094
0
LINE
8
BLACK
6
CONTINUOUS
10
0.2471779527559055
20
0.0452972047244094
11
0.2467370472440945
21
0.0442327952755905
0
LINE
8
BLACK
6
CONTINUOUS
10
0.2467370472440945
20
0.0442327952755905
11
0.2459224015748031
21
0.0434181496062992
0
LINE
8
BLACK
6
CONTINUOUS
10
0.2459224015748031
20
0.0434181496062992
11
0.2448579921259842
21
0.0429772440944882
0
LINE
8
BLACK
6
CONTINUOUS
10
0.2448579921259842
20
0.0429772440944882
11
0.2442819291338583
21
0.0429205118110236
0
LINE
8
BLACK
6
CONTINUOUS
10
0.2442819291338583
20
0.0429205118110236
11
0.2255342913385827
21
0.0429205118110236
0
LINE
8
BLACK
6
CONTINUOUS
10
0.2255342913385827
20
0.0429205118110236
11
0.2249582283464567
21
0.0429772440944882
0
LINE
8
BLACK
6
CONTINUOUS
10
0.2249582283464567
20
0.0429772440944882
11
0.2238938188976378
21
0.0434181496062992
0
LINE
8
BLACK
6
CONTINUOUS
10
0.2238938188976378
20
0.0434181496062992
11
0.2230791732283464
21
0.0442327952755905
0
LINE
8
BLACK
6
CONTINUOUS
10
0.2230791732283464
20
0.0442327952755905
11
0.2226382677165354
21
0.0452972047244094
0
LINE
8
BLACK
6
CONTINUOUS
10
0.2226382677165354
20
0.0452972047244094
11
0.2225815354330709
21
0.0458732677165354
0
LINE
8
BLACK
6
CONTINUOUS
10
0.2225815354330709
20
0.0458732677165354
11
0.2225815354330709
21
0.0852433464566929
0
LINE
8
BLACK
6
CONTINUOUS
10
0.2225815354330709
20
0.0852433464566929
11
0.2226382677165354
21
0.0858194094488189
0
LINE
8
BLACK
6
CONTINUOUS
10
0.2226382677165354
20
0.0858194094488189
11
0.2230791732283464
21
0.0868838188976378
0
LINE
8
BLACK
6
CONTINUOUS
10
0.2230791732283464
20
0.0868838188976378
11
0.2238938188976378
21
0.0876984645669291
0
LINE
8
BLACK
6
CONTINUOUS
10
0.2238938188976378
20
0.0876984645669291
11
0.2249582283464567
21
0.0881393700787402
0
LINE
8
BLACK
6
CONTINUOUS
10
0.2249582283464567
20
0.0881393700787402
11
0.2261103543307087
21
0.0881393700787402
0
LINE
8
BLACK
6
CONTINUOUS
10
0.2261103543307087
20
0.0881393700787402
11
0.2271747637795276
21
0.0876984645669291
0
LINE
8
BLACK
6
CONTINUOUS
10
0.2767290157480315
20
0.0881393700787402
11
0.2777934251968504
21
0.0876984645669291
0
LINE
8
BLACK
6
CONTINUOUS
10
0.2777934251968504
20
0.0876984645669291
11
0.2786080708661417
21
0.0868838188976378
0
LINE
8
BLACK
6
CONTINUOUS
10
0.2786080708661417
20
0.0868838188976378
11
0.2790489763779527
21
0.0858194094488189
0
LINE
8
BLACK
6
CONTINUOUS
10
0.2790489763779527
20
0.0858194094488189
11
0.2790489763779527
21
0.0846672834645669
0
LINE
8
BLACK
6
CONTINUOUS
10
0.2790489763779527
20
0.0846672834645669
11
0.2786080708661417
21
0.083602874015748
0
LINE
8
BLACK
6
CONTINUOUS
10
0.2786080708661417
20
0.083602874015748
11
0.2777934251968504
21
0.0827882283464567
0
LINE
8
BLACK
6
CONTINUOUS
10
0.2777934251968504
20
0.0827882283464567
11
0.2767290157480315
21
0.0823473228346457
0
LINE
8
BLACK
6
CONTINUOUS
10
0.2767290157480315
20
0.0823473228346457
11
0.2761529527559055
21
0.0822905905511811
0
LINE
8
BLACK
6
CONTINUOUS
10
0.2761529527559055
20
0.0822905905511811
11
0.2603580708661417
21
0.0822905905511811
0
LINE
8
BLACK
6
CONTINUOUS
10
0.2603580708661417
20
0.0822905905511811
11
0.2603580708661417
21
0.0694484645669291
0
LINE
8
BLACK
6
CONTINUOUS
10
0.2603580708661417
20
0.0694484645669291
11
0.2705286614173228
21
0.0694484645669291
0
LINE
8
BLACK
6
CONTINUOUS
10
0.2705286614173228
20
0.0694484645669291
11
0.2711047244094488
21
0.0693917322834646
0
LINE
8
BLACK
6
CONTINUOUS
10
0.2711047244094488
20
0.0693917322834646
11
0.2721691338582677
21
0.0689508267716535
0
LINE
8
BLACK
6
CONTINUOUS
10
0.2721691338582677
20
0.0689508267716535
11
0.272983779527559
21
0.0681361811023622
0
LINE
8
BLACK
6
CONTINUOUS
10
0.272983779527559
20
0.0681361811023622
11
0.2734246850393701
21
0.0670717716535433
0
LINE
8
BLACK
6
CONTINUOUS
10
0.2734246850393701
20
0.0670717716535433
11
0.2734246850393701
21
0.0659196456692913
0
LINE
8
BLACK
6
CONTINUOUS
10
0.2734246850393701
20
0.0659196456692913
11
0.272983779527559
21
0.0648552362204724
0
LINE
8
BLACK
6
CONTINUOUS
10
0.272983779527559
20
0.0648552362204724
11
0.2721691338582677
21
0.0640405905511811
0
LINE
8
BLACK
6
CONTINUOUS
10
0.2721691338582677
20
0.0640405905511811
11
0.2711047244094488
21
0.0635996850393701
0
LINE
8
BLACK
6
CONTINUOUS
10
0.2711047244094488
20
0.0635996850393701
11
0.2705286614173228
21
0.0635429527559055
0
LINE
8
BLACK
6
CONTINUOUS
10
0.2705286614173228
20
0.0635429527559055
11
0.2603580708661417
21
0.0635429527559055
0
LINE
8
BLACK
6
CONTINUOUS
10
0.2603580708661417
20
0.0635429527559055
11
0.2603580708661417
21
0.0488260236220472
0
LINE
8
BLACK
6
CONTINUOUS
10
0.2603580708661417
20
0.0488260236220472
11
0.2761529527559055
21
0.0488260236220472
0
LINE
8
BLACK
6
CONTINUOUS
10
0.2761529527559055
20
0.0488260236220472
11
0.2767290157480315
21
0.0487692913385827
0
LINE
8
BLACK
6
CONTINUOUS
10
0.2767290157480315
20
0.0487692913385827
11
0.2777934251968504
21
0.0483283858267717
0
LINE
8
BLACK
6
CONTINUOUS
10
0.2777934251968504
20
0.0483283858267717
11
0.2786080708661417
21
0.0475137401574803
0
LINE
8
BLACK
6
CONTINUOUS
10
0.2786080708661417
20
0.0475137401574803
11
0.2790489763779527
21
0.0464493307086614
0
LINE
8
BLACK
6
CONTINUOUS
10
0.2790489763779527
20
0.0464493307086614
11
0.2790489763779527
21
0.0452972047244094
0
LINE
8
BLACK
6
CONTINUOUS
10
0.2790489763779527
20
0.0452972047244094
11
0.2786080708661417
21
0.0442327952755905
0
LINE
8
BLACK
6
CONTINUOUS
10
0.2786080708661417
20
0.0442327952755905
11
0.2777934251968504
21
0.0434181496062992
0
LINE
8
BLACK
6
CONTINUOUS
10
0.2777934251968504
20
0.0434181496062992
11
0.2767290157480315
21
0.0429772440944882
0
LINE
8
BLACK
6
CONTINUOUS
10
0.2767290157480315
20
0.0429772440944882
11
0.2761529527559055
21
0.0429205118110236
0
LINE
8
BLACK
6
CONTINUOUS
10
0.2761529527559055
20
0.0429205118110236
11
0.2574053149606299
21
0.0429205118110236
0
LINE
8
BLACK
6
CONTINUOUS
10
0.2574053149606299
20
0.0429205118110236
11
0.2568292519685039
21
0.0429772440944882
0
LINE
8
BLACK
6
CONTINUOUS
10
0.2568292519685039
20
0.0429772440944882
11
0.255764842519685
21
0.0434181496062992
0
LINE
8
BLACK
6
CONTINUOUS
10
0.255764842519685
20
0.0434181496062992
11
0.2549501968503937
21
0.0442327952755905
0
LINE
8
BLACK
6
CONTINUOUS
10
0.2549501968503937
20
0.0442327952755905
11
0.2545092913385827
21
0.0452972047244094
0
LINE
8
BLACK
6
CONTINUOUS
10
0.2545092913385827
20
0.0452972047244094
11
0.2544525590551181
21
0.0458732677165354
0
LINE
8
BLACK
6
CONTINUOUS
10
0.2544525590551181
20
0.0458732677165354
11
0.2544525590551181
21
0.0852433464566929
0
LINE
8
BLACK
6
CONTINUOUS
10
0.2544525590551181
20
0.0852433464566929
11
0.2545092913385827
21
0.0858194094488189
0
LINE
8
BLACK
6
CONTINUOUS
10
0.2545092913385827
20
0.0858194094488189
11
0.2549501968503937
21
0.0868838188976378
0
LINE
8
BLACK
6
CONTINUOUS
10
0.2549501968503937
20
0.0868838188976378
11
0.255764842519685
21
0.0876984645669291
0
LINE
8
BLACK
6
CONTINUOUS
10
0.255764842519685
20
0.0876984645669291
11
0.2568292519685039
21
0.0881393700787402
0
LINE
8
BLACK
6
CONTINUOUS
10
0.2568292519685039
20
0.0881393700787402
11
0.2574053149606299
21
0.0881961023622047
0
LINE
8
BLACK
6
CONTINUOUS
10
0.2574053149606299
20
0.0881961023622047
11
0.2761529527559055
21
0.0881961023622047
0
LINE
8
BLACK
6
CONTINUOUS
10
0.2761529527559055
20
0.0881961023622047
11
0.2767290157480315
21
0.0881393700787402
0
LINE
8
BLACK
6
CONTINUOUS
10
0.3086000393700787
20
0.0881393700787402
11
0.308698031496063
21
0.0880987795275591
0
LINE
8
BLACK
6
CONTINUOUS
10
0.308698031496063
20
0.0880987795275591
11
0.3088038582677165
21
0.0880912598425197
0
LINE
8
BLACK
6
CONTINUOUS
10
0.3088038582677165
20
0.0880912598425197
11
0.3093444881889764
21
0.0878843700787402
0
LINE
8
BLACK
6
CONTINUOUS
10
0.3093444881889764
20
0.0878843700787402
11
0.3130940157480315
21
0.0860096062992126
0
LINE
8
BLACK
6
CONTINUOUS
10
0.3130940157480315
20
0.0860096062992126
11
0.3133420078740157
21
0.0858535433070866
0
LINE
8
BLACK
6
CONTINUOUS
10
0.3133420078740157
20
0.0858535433070866
11
0.3134139763779528
21
0.0858237007874016
0
LINE
8
BLACK
6
CONTINUOUS
10
0.3134139763779528
20
0.0858237007874016
11
0.3134949212598425
21
0.0857572440944882
0
LINE
8
BLACK
6
CONTINUOUS
10
0.3134949212598425
20
0.0857572440944882
11
0.3135838976377953
21
0.0857012598425197
0
LINE
8
BLACK
6
CONTINUOUS
10
0.3135838976377953
20
0.0857012598425197
11
0.3136350393700787
21
0.0856422834645669
0
LINE
8
BLACK
6
CONTINUOUS
10
0.3136350393700787
20
0.0856422834645669
11
0.3138614173228346
21
0.0854564960629921
0
LINE
8
BLACK
6
CONTINUOUS
10
0.3138614173228346
20
0.0854564960629921
11
0.3157361811023622
21
0.0835817322834646
0
LINE
8
BLACK
6
CONTINUOUS
10
0.3157361811023622
20
0.0835817322834646
11
0.3159219291338582
21
0.0833553937007874
0
LINE
8
BLACK
6
CONTINUOUS
10
0.3159219291338582
20
0.0833553937007874
11
0.3159809448818898
21
0.0833042125984252
0
LINE
8
BLACK
6
CONTINUOUS
10
0.3159809448818898
20
0.0833042125984252
11
0.3160368897637795
21
0.0832152755905512
0
LINE
8
BLACK
6
CONTINUOUS
10
0.3160368897637795
20
0.0832152755905512
11
0.3161033858267717
21
0.0831342913385827
0
LINE
8
BLACK
6
CONTINUOUS
10
0.3161033858267717
20
0.0831342913385827
11
0.3161331889763779
21
0.0830623622047244
0
LINE
8
BLACK
6
CONTINUOUS
10
0.3161331889763779
20
0.0830623622047244
11
0.3162892913385827
21
0.0828143307086614
0
LINE
8
BLACK
6
CONTINUOUS
10
0.3162892913385827
20
0.0828143307086614
11
0.3181640551181102
21
0.0790648031496063
0
LINE
8
BLACK
6
CONTINUOUS
10
0.3181640551181102
20
0.0790648031496063
11
0.3183709448818898
21
0.0785242125984252
0
LINE
8
BLACK
6
CONTINUOUS
10
0.3183709448818898
20
0.0785242125984252
11
0.3183784645669291
21
0.0784183464566929
0
LINE
8
BLACK
6
CONTINUOUS
10
0.3183784645669291
20
0.0784183464566929
11
0.3184190551181103
21
0.0783203543307087
0
LINE
8
BLACK
6
CONTINUOUS
10
0.3184190551181103
20
0.0783203543307087
11
0.3184757874015748
21
0.0777442913385827
0
LINE
8
BLACK
6
CONTINUOUS
10
0.3184757874015748
20
0.0777442913385827
11
0.3184757874015748
21
0.07212
0
LINE
8
BLACK
6
CONTINUOUS
10
0.3184757874015748
20
0.07212
11
0.3184190551181103
21
0.071543937007874
0
LINE
8
BLACK
6
CONTINUOUS
10
0.3184190551181103
20
0.071543937007874
11
0.3183784645669291
21
0.0714459842519685
0
LINE
8
BLACK
6
CONTINUOUS
10
0.3183784645669291
20
0.0714459842519685
11
0.3183709448818898
21
0.0713400787401575
0
LINE
8
BLACK
6
CONTINUOUS
10
0.3183709448818898
20
0.0713400787401575
11
0.3181640551181102
21
0.0707994881889764
0
LINE
8
BLACK
6
CONTINUOUS
10
0.3181640551181102
20
0.0707994881889764
11
0.3162892913385827
21
0.0670499606299213
0
LINE
8
BLACK
6
CONTINUOUS
10
0.3162892913385827
20
0.0670499606299213
11
0.3161331889763779
21
0.066801968503937
0
LINE
8
BLACK
6
CONTINUOUS
10
0.3161331889763779
20
0.066801968503937
11
0.3161033858267717
21
0.06673
0
LINE
8
BLACK
6
CONTINUOUS
10
0.3161033858267717
20
0.06673
11
0.3160368897637795
21
0.0666490551181102
0
LINE
8
BLACK
6
CONTINUOUS
10
0.3160368897637795
20
0.0666490551181102
11
0.3159809448818898
21
0.0665600787401575
0
LINE
8
BLACK
6
CONTINUOUS
10
0.3159809448818898
20
0.0665600787401575
11
0.3159219291338582
21
0.066508937007874
0
LINE
8
BLACK
6
CONTINUOUS
10
0.3159219291338582
20
0.066508937007874
11
0.3157361811023622
21
0.0662825590551181
0
LINE
8
BLACK
6
CONTINUOUS
10
0.3157361811023622
20
0.0662825590551181
11
0.3138614173228346
21
0.0644077952755906
0
LINE
8
BLACK
6
CONTINUOUS
10
0.3138614173228346
20
0.0644077952755906
11
0.3136350393700787
21
0.0642220472440945
0
LINE
8
BLACK
6
CONTINUOUS
10
0.3136350393700787
20
0.0642220472440945
11
0.3135838976377953
21
0.064163031496063
0
LINE
8
BLACK
6
CONTINUOUS
10
0.3135838976377953
20
0.064163031496063
11
0.3134949212598425
21
0.0641070866141732
0
LINE
8
BLACK
6
CONTINUOUS
10
0.3134949212598425
20
0.0641070866141732
11
0.3134139763779528
21
0.0640405905511811
0
LINE
8
BLACK
6
CONTINUOUS
10
0.3134139763779528
20
0.0640405905511811
11
0.3133420078740157
21
0.0640107874015748
0
LINE
8
BLACK
6
CONTINUOUS
10
0.3133420078740157
20
0.0640107874015748
11
0.3130940157480315
21
0.0638546850393701
0
LINE
8
BLACK
6
CONTINUOUS
10
0.3130940157480315
20
0.0638546850393701
11
0.3093444881889764
21
0.0619799212598425
0
LINE
8
BLACK
6
CONTINUOUS
10
0.3093444881889764
20
0.0619799212598425
11
0.3088038582677165
21
0.061773031496063
0
LINE
8
BLACK
6
CONTINUOUS
10
0.3088038582677165
20
0.061773031496063
11
0.308698031496063
21
0.0617655511811024
0
LINE
8
BLACK
6
CONTINUOUS
10
0.308698031496063
20
0.0617655511811024
11
0.3086000393700787
21
0.0617249212598425
0
LINE
8
BLACK
6
CONTINUOUS
10
0.3086000393700787
20
0.0617249212598425
11
0.308067874015748
21
0.0616725196850394
0
LINE
8
BLACK
6
CONTINUOUS
10
0.308067874015748
20
0.0616725196850394
11
0.3179420472440945
21
0.0475665354330709
0
LINE
8
BLACK
6
CONTINUOUS
10
0.3179420472440945
20
0.0475665354330709
11
0.318225905511811
21
0.0470620866141732
0
LINE
8
BLACK
6
CONTINUOUS
10
0.318225905511811
20
0.0470620866141732
11
0.3184750787401575
21
0.0459372440944882
0
LINE
8
BLACK
6
CONTINUOUS
10
0.3184750787401575
20
0.0459372440944882
11
0.3182748818897638
21
0.0448026771653543
0
LINE
8
BLACK
6
CONTINUOUS
10
0.3182748818897638
20
0.0448026771653543
11
0.3176557086614173
21
0.0438311023622047
0
LINE
8
BLACK
6
CONTINUOUS
10
0.3176557086614173
20
0.0438311023622047
11
0.3167118503937008
21
0.0431703937007874
0
LINE
8
BLACK
6
CONTINUOUS
10
0.3167118503937008
20
0.0431703937007874
11
0.3155870078740157
21
0.0429211811023622
0
LINE
8
BLACK
6
CONTINUOUS
10
0.3155870078740157
20
0.0429211811023622
11
0.3144524803149606
21
0.0431214173228346
0
LINE
8
BLACK
6
CONTINUOUS
10
0.3144524803149606
20
0.0431214173228346
11
0.3134808661417323
21
0.0437405905511811
0
LINE
8
BLACK
6
CONTINUOUS
10
0.3134808661417323
20
0.0437405905511811
11
0.3131040551181102
21
0.0441799606299213
0
LINE
8
BLACK
6
CONTINUOUS
10
0.3131040551181102
20
0.0441799606299213
11
0.3008623228346456
21
0.0616681889763779
0
LINE
8
BLACK
6
CONTINUOUS
10
0.3008623228346456
20
0.0616681889763779
11
0.2959786220472441
21
0.0616681889763779
0
LINE
8
BLACK
6
CONTINUOUS
10
0.2959786220472441
20
0.0616681889763779
11
0.2959786220472441
21
0.0458732677165354
0
LINE
8
BLACK
6
CONTINUOUS
10
0.2959786220472441
20
0.0458732677165354
11
0.2959218897637795
21
0.0452972047244094
0
LINE
8
BLACK
6
CONTINUOUS
10
0.2959218897637795
20
0.0452972047244094
11
0.2954809842519685
21
0.0442327952755905
0
LINE
8
BLACK
6
CONTINUOUS
10
0.2954809842519685
20
0.0442327952755905
11
0.2946663385826772
21
0.0434181496062992
0
LINE
8
BLACK
6
CONTINUOUS
10
0.2946663385826772
20
0.0434181496062992
11
0.2936019291338582
21
0.0429772440944882
0
LINE
8
BLACK
6
CONTINUOUS
10
0.2936019291338582
20
0.0429772440944882
11
0.2924498031496063
21
0.0429772440944882
0
LINE
8
BLACK
6
CONTINUOUS
10
0.2924498031496063
20
0.0429772440944882
11
0.2913853937007874
21
0.0434181496062992
0
LINE
8
BLACK
6
CONTINUOUS
10
0.2913853937007874
20
0.0434181496062992
11
0.2905707480314961
21
0.0442327952755905
0
LINE
8
BLACK
6
CONTINUOUS
10
0.2905707480314961
20
0.0442327952755905
11
0.290129842519685
21
0.0452972047244094
0
LINE
8
BLACK
6
CONTINUOUS
10
0.290129842519685
20
0.0452972047244094
11
0.2900731102362205
21
0.0458732677165354
0
LINE
8
BLACK
6
CONTINUOUS
10
0.2900731102362205
20
0.0458732677165354
11
0.2900731102362205
21
0.0852433464566929
0
LINE
8
BLACK
6
CONTINUOUS
10
0.2900731102362205
20
0.0852433464566929
11
0.290129842519685
21
0.0858194094488189
0
LINE
8
BLACK
6
CONTINUOUS
10
0.290129842519685
20
0.0858194094488189
11
0.2905707480314961
21
0.0868838188976378
0
LINE
8
BLACK
6
CONTINUOUS
10
0.2905707480314961
20
0.0868838188976378
11
0.2913853937007874
21
0.0876984645669291
0
LINE
8
BLACK
6
CONTINUOUS
10
0.2913853937007874
20
0.0876984645669291
11
0.2924498031496063
21
0.0881393700787402
0
LINE
8
BLACK
6
CONTINUOUS
10
0.2924498031496063
20
0.0881393700787402
11
0.2930258661417323
21
0.0881961023622047
0
LINE
8
BLACK
6
CONTINUOUS
10
0.2930258661417323
20
0.0881961023622047
11
0.3080239763779528
21
0.0881961023622047
0
LINE
8
BLACK
6
CONTINUOUS
10
0.3080239763779528
20
0.0881961023622047
11
0.3086000393700787
21
0.0881393700787402
0
LINE
8
BLACK
6
CONTINUOUS
10
0.2959786220472441
20
0.0675737007874016
11
0.3073269291338583
21
0.0675737007874016
0
LINE
8
BLACK
6
CONTINUOUS
10
0.3073269291338583
20
0.0675737007874016
11
0.3100244094488189
21
0.0689224409448819
0
LINE
8
BLACK
6
CONTINUOUS
10
0.3100244094488189
20
0.0689224409448819
11
0.3112215354330709
21
0.0701195669291339
0
LINE
8
BLACK
6
CONTINUOUS
10
0.3112215354330709
20
0.0701195669291339
11
0.3125702755905512
21
0.0728170472440945
0
LINE
8
BLACK
6
CONTINUOUS
10
0.3125702755905512
20
0.0728170472440945
11
0.3125702755905512
21
0.0770472440944882
0
LINE
8
BLACK
6
CONTINUOUS
10
0.3125702755905512
20
0.0770472440944882
11
0.3112215354330709
21
0.0797447244094488
0
LINE
8
BLACK
6
CONTINUOUS
10
0.3112215354330709
20
0.0797447244094488
11
0.3100244094488189
21
0.0809418503937008
0
LINE
8
BLACK
6
CONTINUOUS
10
0.3100244094488189
20
0.0809418503937008
11
0.3073269291338583
21
0.0822905905511811
0
LINE
8
BLACK
6
CONTINUOUS
10
0.3073269291338583
20
0.0822905905511811
11
0.2959786220472441
21
0.0822905905511811
0
LINE
8
BLACK
6
CONTINUOUS
10
0.2959786220472441
20
0.0822905905511811
11
0.2959786220472441
21
0.0675737007874016
0
LINE
8
BLACK
6
CONTINUOUS
10
0.1998570472440945
20
0.0881061811023622
11
0.2000674803149606
21
0.0880912204724409
0
LINE
8
BLACK
6
CONTINUOUS
10
0.2000674803149606
20
0.0880912204724409
11
0.2003985826771653
21
0.0879256692913386
0
LINE
8
BLACK
6
CONTINUOUS
10
0.2003985826771653
20
0.0879256692913386
11
0.200749842519685
21
0.0878085826771653
0
LINE
8
BLACK
6
CONTINUOUS
10
0.200749842519685
20
0.0878085826771653
11
0.2009091732283464
21
0.0876703937007874
0
LINE
8
BLACK
6
CONTINUOUS
10
0.2009091732283464
20
0.0876703937007874
11
0.2010979133858268
21
0.0875760236220472
0
LINE
8
BLACK
6
CONTINUOUS
10
0.2010979133858268
20
0.0875760236220472
11
0.2013405511811024
21
0.0872962992125984
0
LINE
8
BLACK
6
CONTINUOUS
10
0.2013405511811024
20
0.0872962992125984
11
0.2016202362204724
21
0.0870537007874016
0
LINE
8
BLACK
6
CONTINUOUS
10
0.2016202362204724
20
0.0870537007874016
11
0.2017145275590551
21
0.0868650787401575
0
LINE
8
BLACK
6
CONTINUOUS
10
0.2017145275590551
20
0.0868650787401575
11
0.2018527952755906
21
0.0867056692913386
0
LINE
8
BLACK
6
CONTINUOUS
10
0.2018527952755906
20
0.0867056692913386
11
0.202088779527559
21
0.0861770866141732
0
LINE
8
BLACK
6
CONTINUOUS
10
0.202088779527559
20
0.0861770866141732
11
0.215212125984252
21
0.0468070078740157
0
LINE
8
BLACK
6
CONTINUOUS
10
0.215212125984252
20
0.0468070078740157
11
0.2153404724409449
21
0.0462425984251969
0
LINE
8
BLACK
6
CONTINUOUS
10
0.2153404724409449
20
0.0462425984251969
11
0.2152587795275591
21
0.0450933858267717
0
LINE
8
BLACK
6
CONTINUOUS
10
0.2152587795275591
20
0.0450933858267717
11
0.2147435826771653
21
0.0440629133858268
0
LINE
8
BLACK
6
CONTINUOUS
10
0.2147435826771653
20
0.0440629133858268
11
0.2138731889763779
21
0.043308031496063
0
LINE
8
BLACK
6
CONTINUOUS
10
0.2138731889763779
20
0.043308031496063
11
0.2127801968503937
21
0.0429437007874016
0
LINE
8
BLACK
6
CONTINUOUS
10
0.2127801968503937
20
0.0429437007874016
11
0.2116309842519685
21
0.0430253937007874
0
LINE
8
BLACK
6
CONTINUOUS
10
0.2116309842519685
20
0.0430253937007874
11
0.2106005511811024
21
0.0435406299212598
0
LINE
8
BLACK
6
CONTINUOUS
10
0.2106005511811024
20
0.0435406299212598
11
0.2098456692913386
21
0.0444109842519685
0
LINE
8
BLACK
6
CONTINUOUS
10
0.2098456692913386
20
0.0444109842519685
11
0.2096096850393701
21
0.0449395275590551
0
LINE
8
BLACK
6
CONTINUOUS
10
0.2096096850393701
20
0.0449395275590551
11
0.2065331496062992
21
0.0541691338582677
0
LINE
8
BLACK
6
CONTINUOUS
10
0.2065331496062992
20
0.0541691338582677
11
0.192041968503937
21
0.0541691338582677
0
LINE
8
BLACK
6
CONTINUOUS
10
0.192041968503937
20
0.0541691338582677
11
0.1889654330708661
21
0.0449395275590551
0
LINE
8
BLACK
6
CONTINUOUS
10
0.1889654330708661
20
0.0449395275590551
11
0.1887294488188976
21
0.0444109448818898
0
LINE
8
BLACK
6
CONTINUOUS
10
0.1887294488188976
20
0.0444109448818898
11
0.1879745669291339
21
0.0435405905511811
0
LINE
8
BLACK
6
CONTINUOUS
10
0.1879745669291339
20
0.0435405905511811
11
0.1869441338582677
21
0.0430253937007874
0
LINE
8
BLACK
6
CONTINUOUS
10
0.1869441338582677
20
0.0430253937007874
11
0.1857949212598425
21
0.0429437007874016
0
LINE
8
BLACK
6
CONTINUOUS
10
0.1857949212598425
20
0.0429437007874016
11
0.1847018897637795
21
0.043308031496063
0
LINE
8
BLACK
6
CONTINUOUS
10
0.1847018897637795
20
0.043308031496063
11
0.1838315354330709
21
0.0440629133858268
0
LINE
8
BLACK
6
CONTINUOUS
10
0.1838315354330709
20
0.0440629133858268
11
0.1833163385826772
21
0.0450933464566929
0
LINE
8
BLACK
6
CONTINUOUS
10
0.1833163385826772
20
0.0450933464566929
11
0.1832346456692913
21
0.0462425590551181
0
LINE
8
BLACK
6
CONTINUOUS
10
0.1832346456692913
20
0.0462425590551181
11
0.1833629921259843
21
0.0468070078740157
0
LINE
8
BLACK
6
CONTINUOUS
10
0.1833629921259843
20
0.0468070078740157
11
0.1964863385826772
21
0.0861770866141732
0
LINE
8
BLACK
6
CONTINUOUS
10
0.1964863385826772
20
0.0861770866141732
11
0.1967223228346457
21
0.0867056299212598
0
LINE
8
BLACK
6
CONTINUOUS
10
0.1967223228346457
20
0.0867056299212598
11
0.1968605118110236
21
0.086865
0
LINE
8
BLACK
6
CONTINUOUS
10
0.1968605118110236
20
0.086865
11
0.1969548818897638
21
0.0870537007874016
0
LINE
8
BLACK
6
CONTINUOUS
10
0.1969548818897638
20
0.0870537007874016
11
0.1972347244094488
21
0.0872964566929134
0
LINE
8
BLACK
6
CONTINUOUS
10
0.1972347244094488
20
0.0872964566929134
11
0.1974772047244094
21
0.0875759842519685
0
LINE
8
BLACK
6
CONTINUOUS
10
0.1974772047244094
20
0.0875759842519685
11
0.1976657480314961
21
0.0876702755905512
0
LINE
8
BLACK
6
CONTINUOUS
10
0.1976657480314961
20
0.0876702755905512
11
0.1978252362204724
21
0.0878085826771653
0
LINE
8
BLACK
6
CONTINUOUS
10
0.1978252362204724
20
0.0878085826771653
11
0.1981766141732283
21
0.0879257086614173
0
LINE
8
BLACK
6
CONTINUOUS
10
0.1981766141732283
20
0.0879257086614173
11
0.1985076377952756
21
0.0880912204724409
0
LINE
8
BLACK
6
CONTINUOUS
10
0.1985076377952756
20
0.0880912204724409
11
0.198718031496063
21
0.0881061811023622
0
LINE
8
BLACK
6
CONTINUOUS
10
0.198718031496063
20
0.0881061811023622
11
0.1989182677165354
21
0.0881729133858268
0
LINE
8
BLACK
6
CONTINUOUS
10
0.1989182677165354
20
0.0881729133858268
11
0.1992875590551181
21
0.0881466929133858
0
LINE
8
BLACK
6
CONTINUOUS
10
0.1992875590551181
20
0.0881466929133858
11
0.1996568503937008
21
0.0881729133858268
0
LINE
8
BLACK
6
CONTINUOUS
10
0.1996568503937008
20
0.0881729133858268
11
0.1998570472440945
21
0.0881061811023622
0
LINE
8
BLACK
6
CONTINUOUS
10
0.1940104724409449
20
0.0600746456692913
11
0.2045646456692913
21
0.0600746456692913
0
LINE
8
BLACK
6
CONTINUOUS
10
0.2045646456692913
20
0.0600746456692913
11
0.1992875590551181
21
0.0759059448818898
0
LINE
8
BLACK
6
CONTINUOUS
10
0.1992875590551181
20
0.0759059448818898
11
0.1940104724409449
21
0.0600746456692913
0
LINE
8
BLACK
6
CONTINUOUS
10
0.3498448818897638
20
0.0881393700787402
11
0.3509092913385827
21
0.0876984645669291
0
LINE
8
BLACK
6
CONTINUOUS
10
0.3509092913385827
20
0.0876984645669291
11
0.351723937007874
21
0.0868838188976378
0
LINE
8
BLACK
6
CONTINUOUS
10
0.351723937007874
20
0.0868838188976378
11
0.3521648425196851
21
0.0858194094488189
0
LINE
8
BLACK
6
CONTINUOUS
10
0.3521648425196851
20
0.0858194094488189
11
0.3521648425196851
21
0.0846672834645669
0
LINE
8
BLACK
6
CONTINUOUS
10
0.3521648425196851
20
0.0846672834645669
11
0.351723937007874
21
0.083602874015748
0
LINE
8
BLACK
6
CONTINUOUS
10
0.351723937007874
20
0.083602874015748
11
0.3509092913385827
21
0.0827882283464567
0
LINE
8
BLACK
6
CONTINUOUS
10
0.3509092913385827
20
0.0827882283464567
11
0.3498448818897638
21
0.0823473228346457
0
LINE
8
BLACK
6
CONTINUOUS
10
0.3498448818897638
20
0.0823473228346457
11
0.3492688188976378
21
0.0822905905511811
0
LINE
8
BLACK
6
CONTINUOUS
10
0.3492688188976378
20
0.0822905905511811
11
0.3409729921259843
21
0.0822905905511811
0
LINE
8
BLACK
6
CONTINUOUS
10
0.3409729921259843
20
0.0822905905511811
11
0.3409729921259843
21
0.0458732677165354
0
LINE
8
BLACK
6
CONTINUOUS
10
0.3409729921259843
20
0.0458732677165354
11
0.3409162598425197
21
0.0452972047244094
0
LINE
8
BLACK
6
CONTINUOUS
10
0.3409162598425197
20
0.0452972047244094
11
0.3404753543307086
21
0.0442327952755905
0
LINE
8
BLACK
6
CONTINUOUS
10
0.3404753543307086
20
0.0442327952755905
11
0.3396607086614173
21
0.0434181496062992
0
LINE
8
BLACK
6
CONTINUOUS
10
0.3396607086614173
20
0.0434181496062992
11
0.3385962992125984
21
0.0429772440944882
0
LINE
8
BLACK
6
CONTINUOUS
10
0.3385962992125984
20
0.0429772440944882
11
0.3374441732283465
21
0.0429772440944882
0
LINE
8
BLACK
6
CONTINUOUS
10
0.3374441732283465
20
0.0429772440944882
11
0.3363797637795276
21
0.0434181496062992
0
LINE
8
BLACK
6
CONTINUOUS
10
0.3363797637795276
20
0.0434181496062992
11
0.3355651181102362
21
0.0442327952755905
0
LINE
8
BLACK
6
CONTINUOUS
10
0.3355651181102362
20
0.0442327952755905
11
0.3351242125984252
21
0.0452972047244094
0
LINE
8
BLACK
6
CONTINUOUS
10
0.3351242125984252
20
0.0452972047244094
11
0.3350674803149606
21
0.0458732677165354
0
LINE
8
BLACK
6
CONTINUOUS
10
0.3350674803149606
20
0.0458732677165354
11
0.3350674803149606
21
0.0822905905511811
0
LINE
8
BLACK
6
CONTINUOUS
10
0.3350674803149606
20
0.0822905905511811
11
0.3267716535433071
21
0.0822905905511811
0
LINE
8
BLACK
6
CONTINUOUS
10
0.3267716535433071
20
0.0822905905511811
11
0.3261955905511811
21
0.0823473228346457
0
LINE
8
BLACK
6
CONTINUOUS
10
0.3261955905511811
20
0.0823473228346457
11
0.3251311811023622
21
0.0827882283464567
0
LINE
8
BLACK
6
CONTINUOUS
10
0.3251311811023622
20
0.0827882283464567
11
0.3243165354330709
21
0.083602874015748
0
LINE
8
BLACK
6
CONTINUOUS
10
0.3243165354330709
20
0.083602874015748
11
0.3238756299212598
21
0.0846672834645669
0
LINE
8
BLACK
6
CONTINUOUS
10
0.3238756299212598
20
0.0846672834645669
11
0.3238756299212598
21
0.0858194094488189
0
LINE
8
BLACK
6
CONTINUOUS
10
0.3238756299212598
20
0.0858194094488189
11
0.3243165354330709
21
0.0868838188976378
0
LINE
8
BLACK
6
CONTINUOUS
10
0.3243165354330709
20
0.0868838188976378
11
0.3251311811023622
21
0.0876984645669291
0
LINE
8
BLACK
6
CONTINUOUS
10
0.3251311811023622
20
0.0876984645669291
11
0.3261955905511811
21
0.0881393700787402
0
LINE
8
BLACK
6
CONTINUOUS
10
0.3261955905511811
20
0.0881393700787402
11
0.3267716535433071
21
0.0881961023622047
0
LINE
8
BLACK
6
CONTINUOUS
10
0.3267716535433071
20
0.0881961023622047
11
0.3492688188976378
21
0.0881961023622047
0
LINE
8
BLACK
6
CONTINUOUS
10
0.3492688188976378
20
0.0881961023622047
11
0.3498448818897638
21
0.0881393700787402
0
LINE
8
BLACK
6
CONTINUOUS
10
0.3907480708661417
20
0.0886197244094488
11
0.3915627165354331
21
0.0878050787401575
0
LINE
8
BLACK
6
CONTINUOUS
10
0.3915627165354331
20
0.0878050787401575
11
0.3920036220472441
21
0.0867406692913386
0
LINE
8
BLACK
6
CONTINUOUS
10
0.3920036220472441
20
0.0867406692913386
11
0.3920603543307086
21
0.0861646062992126
0
LINE
8
BLACK
6
CONTINUOUS
10
0.3920603543307086
20
0.0861646062992126
11
0.3920603543307086
21
0.0651717322834646
0
LINE
8
BLACK
6
CONTINUOUS
10
0.3920603543307086
20
0.0651717322834646
11
0.4020177952755906
21
0.0751291732283465
0
LINE
8
BLACK
6
CONTINUOUS
10
0.4020177952755906
20
0.0751291732283465
11
0.4024652362204724
21
0.0754963779527559
0
LINE
8
BLACK
6
CONTINUOUS
10
0.4024652362204724
20
0.0754963779527559
11
0.4035296456692913
21
0.0759372834645669
0
LINE
8
BLACK
6
CONTINUOUS
10
0.4035296456692913
20
0.0759372834645669
11
0.4046817322834645
21
0.0759372834645669
0
LINE
8
BLACK
6
CONTINUOUS
10
0.4046817322834645
20
0.0759372834645669
11
0.4057461417322835
21
0.0754963779527559
0
LINE
8
BLACK
6
CONTINUOUS
10
0.4057461417322835
20
0.0754963779527559
11
0.4065608267716536
21
0.0746816929133858
0
LINE
8
BLACK
6
CONTINUOUS
10
0.4065608267716536
20
0.0746816929133858
11
0.4070017322834645
21
0.0736172834645669
0
LINE
8
BLACK
6
CONTINUOUS
10
0.4070017322834645
20
0.0736172834645669
11
0.4070017322834645
21
0.0724651968503937
0
LINE
8
BLACK
6
CONTINUOUS
10
0.4070017322834645
20
0.0724651968503937
11
0.4065608267716536
21
0.0714007874015748
0
LINE
8
BLACK
6
CONTINUOUS
10
0.4065608267716536
20
0.0714007874015748
11
0.4061936220472441
21
0.0709533464566929
0
LINE
8
BLACK
6
CONTINUOUS
10
0.4061936220472441
20
0.0709533464566929
11
0.3967558661417322
21
0.0615156299212598
0
LINE
8
BLACK
6
CONTINUOUS
10
0.3967558661417322
20
0.0615156299212598
11
0.4064679133858268
21
0.0485661811023622
0
LINE
8
BLACK
6
CONTINUOUS
10
0.4064679133858268
20
0.0485661811023622
11
0.406768188976378
21
0.0480712992125984
0
LINE
8
BLACK
6
CONTINUOUS
10
0.406768188976378
20
0.0480712992125984
11
0.407054094488189
21
0.0469551968503937
0
LINE
8
BLACK
6
CONTINUOUS
10
0.407054094488189
20
0.0469551968503937
11
0.4068911417322835
21
0.0458147244094488
0
LINE
8
BLACK
6
CONTINUOUS
10
0.4068911417322835
20
0.0458147244094488
11
0.4063041732283464
21
0.0448233464566929
0
LINE
8
BLACK
6
CONTINUOUS
10
0.4063041732283464
20
0.0448233464566929
11
0.4053824803149606
21
0.0441320472440945
0
LINE
8
BLACK
6
CONTINUOUS
10
0.4053824803149606
20
0.0441320472440945
11
0.4042664173228346
21
0.0438461417322835
0
LINE
8
BLACK
6
CONTINUOUS
10
0.4042664173228346
20
0.0438461417322835
11
0.403125905511811
21
0.0440090551181102
0
LINE
8
BLACK
6
CONTINUOUS
10
0.403125905511811
20
0.0440090551181102
11
0.4021345275590551
21
0.044596062992126
0
LINE
8
BLACK
6
CONTINUOUS
10
0.4021345275590551
20
0.044596062992126
11
0.4017435039370079
21
0.045022874015748
0
LINE
8
BLACK
6
CONTINUOUS
10
0.4017435039370079
20
0.045022874015748
11
0.3925376377952756
21
0.0572974015748031
0
LINE
8
BLACK
6
CONTINUOUS
10
0.3925376377952756
20
0.0572974015748031
11
0.3920603543307086
21
0.0568200787401575
0
LINE
8
BLACK
6
CONTINUOUS
10
0.3920603543307086
20
0.0568200787401575
11
0.3920603543307086
21
0.0467945275590551
0
LINE
8
BLACK
6
CONTINUOUS
10
0.3920603543307086
20
0.0467945275590551
11
0.3920036220472441
21
0.0462184645669291
0
LINE
8
BLACK
6
CONTINUOUS
10
0.3920036220472441
20
0.0462184645669291
11
0.3915627165354331
21
0.0451540551181102
0
LINE
8
BLACK
6
CONTINUOUS
10
0.3915627165354331
20
0.0451540551181102
11
0.3907480708661417
21
0.0443394094488189
0
LINE
8
BLACK
6
CONTINUOUS
10
0.3907480708661417
20
0.0443394094488189
11
0.3896836614173228
21
0.0438985039370079
0
LINE
8
BLACK
6
CONTINUOUS
10
0.3896836614173228
20
0.0438985039370079
11
0.3885315354330708
21
0.0438985039370079
0
LINE
8
BLACK
6
CONTINUOUS
10
0.3885315354330708
20
0.0438985039370079
11
0.387467125984252
21
0.0443394094488189
0
LINE
8
BLACK
6
CONTINUOUS
10
0.387467125984252
20
0.0443394094488189
11
0.3866524803149606
21
0.0451540551181102
0
LINE
8
BLACK
6
CONTINUOUS
10
0.3866524803149606
20
0.0451540551181102
11
0.3862115748031496
21
0.0462184645669291
0
LINE
8
BLACK
6
CONTINUOUS
10
0.3862115748031496
20
0.0462184645669291
11
0.386154842519685
21
0.0467945275590551
0
LINE
8
BLACK
6
CONTINUOUS
10
0.386154842519685
20
0.0467945275590551
11
0.386154842519685
21
0.0861646062992126
0
LINE
8
BLACK
6
CONTINUOUS
10
0.386154842519685
20
0.0861646062992126
11
0.3862115748031496
21
0.0867406692913386
0
LINE
8
BLACK
6
CONTINUOUS
10
0.3862115748031496
20
0.0867406692913386
11
0.3866524803149606
21
0.0878050787401575
0
LINE
8
BLACK
6
CONTINUOUS
10
0.3866524803149606
20
0.0878050787401575
11
0.387467125984252
21
0.0886197244094488
0
LINE
8
BLACK
6
CONTINUOUS
10
0.387467125984252
20
0.0886197244094488
11
0.3885315354330708
21
0.0890606299212598
0
LINE
8
BLACK
6
CONTINUOUS
10
0.3885315354330708
20
0.0890606299212598
11
0.3896836614173228
21
0.0890606299212598
0
LINE
8
BLACK
6
CONTINUOUS
10
0.3896836614173228
20
0.0890606299212598
11
0.3907480708661417
21
0.0886197244094488
0
LINE
8
BLACK
6
CONTINUOUS
10
0.4440518503937008
20
0.0890606299212598
11
0.444068779527559
21
0.0890536220472441
0
LINE
8
BLACK
6
CONTINUOUS
10
0.444068779527559
20
0.0890536220472441
11
0.4440870866141732
21
0.0890533858267716
0
LINE
8
BLACK
6
CONTINUOUS
10
0.4440870866141732
20
0.0890533858267716
11
0.4445991338582677
21
0.088833937007874
0
LINE
8
BLACK
6
CONTINUOUS
10
0.4445991338582677
20
0.088833937007874
11
0.4451162598425197
21
0.0886197244094488
0
LINE
8
BLACK
6
CONTINUOUS
10
0.4451162598425197
20
0.0886197244094488
11
0.4451292125984252
21
0.0886067716535433
0
LINE
8
BLACK
6
CONTINUOUS
10
0.4451292125984252
20
0.0886067716535433
11
0.445146062992126
21
0.0885995275590551
0
LINE
8
BLACK
6
CONTINUOUS
10
0.445146062992126
20
0.0885995275590551
11
0.4455356299212598
21
0.0882003543307087
0
LINE
8
BLACK
6
CONTINUOUS
10
0.4455356299212598
20
0.0882003543307087
11
0.445930905511811
21
0.0878050787401575
0
LINE
8
BLACK
6
CONTINUOUS
10
0.445930905511811
20
0.0878050787401575
11
0.4459379133858268
21
0.0877881496062992
0
LINE
8
BLACK
6
CONTINUOUS
10
0.4459379133858268
20
0.0877881496062992
11
0.445950748031496
21
0.087775
0
LINE
8
BLACK
6
CONTINUOUS
10
0.445950748031496
20
0.087775
11
0.4461583464566929
21
0.0872560236220472
0
LINE
8
BLACK
6
CONTINUOUS
10
0.4461583464566929
20
0.0872560236220472
11
0.4463718110236221
21
0.0867406692913386
0
LINE
8
BLACK
6
CONTINUOUS
10
0.4463718110236221
20
0.0867406692913386
11
0.4463718110236221
21
0.0867223622047244
0
LINE
8
BLACK
6
CONTINUOUS
10
0.4463718110236221
20
0.0867223622047244
11
0.4463786220472441
21
0.0867053149606299
0
LINE
8
BLACK
6
CONTINUOUS
10
0.4463786220472441
20
0.0867053149606299
11
0.4463718110236221
21
0.0861470472440945
0
LINE
8
BLACK
6
CONTINUOUS
10
0.4463718110236221
20
0.0861470472440945
11
0.4463718110236221
21
0.0855885433070866
0
LINE
8
BLACK
6
CONTINUOUS
10
0.4463718110236221
20
0.0855885433070866
11
0.4463647637795276
21
0.0855716141732283
0
LINE
8
BLACK
6
CONTINUOUS
10
0.4463647637795276
20
0.0855716141732283
11
0.4463645669291338
21
0.0855532677165354
0
LINE
8
BLACK
6
CONTINUOUS
10
0.4463645669291338
20
0.0855532677165354
11
0.4461898031496063
21
0.0850014566929134
0
LINE
8
BLACK
6
CONTINUOUS
10
0.4461898031496063
20
0.0850014566929134
11
0.4293169291338583
21
0.0456313779527559
0
LINE
8
BLACK
6
CONTINUOUS
10
0.4293169291338583
20
0.0456313779527559
11
0.429037874015748
21
0.0451242519685039
0
LINE
8
BLACK
6
CONTINUOUS
10
0.429037874015748
20
0.0451242519685039
11
0.4282133070866141
21
0.0443195669291339
0
LINE
8
BLACK
6
CONTINUOUS
10
0.4282133070866141
20
0.0443195669291339
11
0.4271436220472441
21
0.0438916929133858
0
LINE
8
BLACK
6
CONTINUOUS
10
0.4271436220472441
20
0.0438916929133858
11
0.4259916141732283
21
0.0439057480314961
0
LINE
8
BLACK
6
CONTINUOUS
10
0.4259916141732283
20
0.0439057480314961
11
0.4249326377952756
21
0.0443595669291339
0
LINE
8
BLACK
6
CONTINUOUS
10
0.4249326377952756
20
0.0443595669291339
11
0.4241279527559055
21
0.0451841338582677
0
LINE
8
BLACK
6
CONTINUOUS
10
0.4241279527559055
20
0.0451841338582677
11
0.4237000787401575
21
0.0462538188976378
0
LINE
8
BLACK
6
CONTINUOUS
10
0.4237000787401575
20
0.0462538188976378
11
0.4237141338582677
21
0.0474058267716535
0
LINE
8
BLACK
6
CONTINUOUS
10
0.4237141338582677
20
0.0474058267716535
11
0.4238888976377952
21
0.0479576771653543
0
LINE
8
BLACK
6
CONTINUOUS
10
0.4238888976377952
20
0.0479576771653543
11
0.4389977952755905
21
0.0832118503937008
0
LINE
8
BLACK
6
CONTINUOUS
10
0.4389977952755905
20
0.0832118503937008
11
0.417229094488189
21
0.0832118503937008
0
LINE
8
BLACK
6
CONTINUOUS
10
0.417229094488189
20
0.0832118503937008
11
0.416653031496063
21
0.0832685826771654
0
LINE
8
BLACK
6
CONTINUOUS
10
0.416653031496063
20
0.0832685826771654
11
0.4155886220472441
21
0.0837094881889764
0
LINE
8
BLACK
6
CONTINUOUS
10
0.4155886220472441
20
0.0837094881889764
11
0.4147739763779528
21
0.0845241338582677
0
LINE
8
BLACK
6
CONTINUOUS
10
0.4147739763779528
20
0.0845241338582677
11
0.4143330708661417
21
0.0855885433070866
0
LINE
8
BLACK
6
CONTINUOUS
10
0.4143330708661417
20
0.0855885433070866
11
0.4143330708661417
21
0.0867406692913386
0
LINE
8
BLACK
6
CONTINUOUS
10
0.4143330708661417
20
0.0867406692913386
11
0.4147739763779528
21
0.0878050787401575
0
LINE
8
BLACK
6
CONTINUOUS
10
0.4147739763779528
20
0.0878050787401575
11
0.4155886220472441
21
0.0886197244094488
0
LINE
8
BLACK
6
CONTINUOUS
10
0.4155886220472441
20
0.0886197244094488
11
0.416653031496063
21
0.0890606299212598
0
LINE
8
BLACK
6
CONTINUOUS
10
0.416653031496063
20
0.0890606299212598
11
0.417229094488189
21
0.0891173622047244
0
LINE
8
BLACK
6
CONTINUOUS
10
0.417229094488189
20
0.0891173622047244
11
0.4434757874015748
21
0.0891173622047244
0
LINE
8
BLACK
6
CONTINUOUS
10
0.4434757874015748
20
0.0891173622047244
11
0.4440518503937008
21
0.0890606299212598
0
LINE
8
BLACK
6
CONTINUOUS
10
0.3605736220472441
20
0.0906046062992126
11
0.3614440157480315
21
0.0898497244094488
0
LINE
8
BLACK
6
CONTINUOUS
10
0.3614440157480315
20
0.0898497244094488
11
0.3619592125984252
21
0.0888192519685039
0
LINE
8
BLACK
6
CONTINUOUS
10
0.3619592125984252
20
0.0888192519685039
11
0.362040905511811
21
0.0876700393700787
0
LINE
8
BLACK
6
CONTINUOUS
10
0.362040905511811
20
0.0876700393700787
11
0.3619125590551181
21
0.0871055905511811
0
LINE
8
BLACK
6
CONTINUOUS
10
0.3619125590551181
20
0.0871055905511811
11
0.3538342519685039
21
0.0628706692913386
0
LINE
8
BLACK
6
CONTINUOUS
10
0.3538342519685039
20
0.0628706692913386
11
0.3655324015748032
21
0.0628706692913386
0
LINE
8
BLACK
6
CONTINUOUS
10
0.3655324015748032
20
0.0628706692913386
11
0.3655324015748032
21
0.0730412598425197
0
LINE
8
BLACK
6
CONTINUOUS
10
0.3655324015748032
20
0.0730412598425197
11
0.3655891338582677
21
0.0736173228346457
0
LINE
8
BLACK
6
CONTINUOUS
10
0.3655891338582677
20
0.0736173228346457
11
0.3660300393700787
21
0.0746817322834646
0
LINE
8
BLACK
6
CONTINUOUS
10
0.3660300393700787
20
0.0746817322834646
11
0.3668446850393701
21
0.0754963779527559
0
LINE
8
BLACK
6
CONTINUOUS
10
0.3668446850393701
20
0.0754963779527559
11
0.367909094488189
21
0.0759372834645669
0
LINE
8
BLACK
6
CONTINUOUS
10
0.367909094488189
20
0.0759372834645669
11
0.3690612204724409
21
0.0759372834645669
0
LINE
8
BLACK
6
CONTINUOUS
10
0.3690612204724409
20
0.0759372834645669
11
0.3701256299212599
21
0.0754963779527559
0
LINE
8
BLACK
6
CONTINUOUS
10
0.3701256299212599
20
0.0754963779527559
11
0.3709402755905511
21
0.0746817322834646
0
LINE
8
BLACK
6
CONTINUOUS
10
0.3709402755905511
20
0.0746817322834646
11
0.3713811811023622
21
0.0736173228346457
0
LINE
8
BLACK
6
CONTINUOUS
10
0.3713811811023622
20
0.0736173228346457
11
0.3714379133858268
21
0.0730412598425197
0
LINE
8
BLACK
6
CONTINUOUS
10
0.3714379133858268
20
0.0730412598425197
11
0.3714379133858268
21
0.0628706692913386
0
LINE
8
BLACK
6
CONTINUOUS
10
0.3714379133858268
20
0.0628706692913386
11
0.3741094488188976
21
0.0628706692913386
0
LINE
8
BLACK
6
CONTINUOUS
10
0.3741094488188976
20
0.0628706692913386
11
0.3746855118110236
21
0.062813937007874
0
LINE
8
BLACK
6
CONTINUOUS
10
0.3746855118110236
20
0.062813937007874
11
0.3757499212598425
21
0.062373031496063
0
LINE
8
BLACK
6
CONTINUOUS
10
0.3757499212598425
20
0.062373031496063
11
0.3765645669291339
21
0.0615583858267717
0
LINE
8
BLACK
6
CONTINUOUS
10
0.3765645669291339
20
0.0615583858267717
11
0.3770054724409449
21
0.0604939763779528
0
LINE
8
BLACK
6
CONTINUOUS
10
0.3770054724409449
20
0.0604939763779528
11
0.3770054724409449
21
0.0593418503937008
0
LINE
8
BLACK
6
CONTINUOUS
10
0.3770054724409449
20
0.0593418503937008
11
0.3765645669291339
21
0.0582774409448819
0
LINE
8
BLACK
6
CONTINUOUS
10
0.3765645669291339
20
0.0582774409448819
11
0.3757499212598425
21
0.0574627952755905
0
LINE
8
BLACK
6
CONTINUOUS
10
0.3757499212598425
20
0.0574627952755905
11
0.3746855118110236
21
0.0570218897637795
0
LINE
8
BLACK
6
CONTINUOUS
10
0.3746855118110236
20
0.0570218897637795
11
0.3741094488188976
21
0.056965157480315
0
LINE
8
BLACK
6
CONTINUOUS
10
0.3741094488188976
20
0.056965157480315
11
0.3714379133858268
21
0.056965157480315
0
LINE
8
BLACK
6
CONTINUOUS
10
0.3714379133858268
20
0.056965157480315
11
0.3714379133858268
21
0.0467945275590551
0
LINE
8
BLACK
6
CONTINUOUS
10
0.3714379133858268
20
0.0467945275590551
11
0.3713811811023622
21
0.0462184645669291
0
LINE
8
BLACK
6
CONTINUOUS
10
0.3713811811023622
20
0.0462184645669291
11
0.3709402755905511
21
0.0451540551181102
0
LINE
8
BLACK
6
CONTINUOUS
10
0.3709402755905511
20
0.0451540551181102
11
0.3701256299212599
21
0.0443394094488189
0
LINE
8
BLACK
6
CONTINUOUS
10
0.3701256299212599
20
0.0443394094488189
11
0.3690612204724409
21
0.0438985039370079
0
LINE
8
BLACK
6
CONTINUOUS
10
0.3690612204724409
20
0.0438985039370079
11
0.367909094488189
21
0.0438985039370079
0
LINE
8
BLACK
6
CONTINUOUS
10
0.367909094488189
20
0.0438985039370079
11
0.3668446850393701
21
0.0443394094488189
0
LINE
8
BLACK
6
CONTINUOUS
10
0.3668446850393701
20
0.0443394094488189
11
0.3660300393700787
21
0.0451540551181102
0
LINE
8
BLACK
6
CONTINUOUS
10
0.3660300393700787
20
0.0451540551181102
11
0.3655891338582677
21
0.0462184645669291
0
LINE
8
BLACK
6
CONTINUOUS
10
0.3655891338582677
20
0.0462184645669291
11
0.3655324015748032
21
0.0467945275590551
0
LINE
8
BLACK
6
CONTINUOUS
10
0.3655324015748032
20
0.0467945275590551
11
0.3655324015748032
21
0.056965157480315
0
LINE
8
BLACK
6
CONTINUOUS
10
0.3655324015748032
20
0.056965157480315
11
0.3497375196850394
21
0.056965157480315
0
LINE
8
BLACK
6
CONTINUOUS
10
0.3497375196850394
20
0.056965157480315
11
0.3494459448818897
21
0.0569938976377953
0
LINE
8
BLACK
6
CONTINUOUS
10
0.3494459448818897
20
0.0569938976377953
11
0.3493682283464567
21
0.0569883464566929
0
LINE
8
BLACK
6
CONTINUOUS
10
0.3493682283464567
20
0.0569883464566929
11
0.3493120866141732
21
0.0570070866141732
0
LINE
8
BLACK
6
CONTINUOUS
10
0.3493120866141732
20
0.0570070866141732
11
0.3491614566929134
21
0.0570218897637795
0
LINE
8
BLACK
6
CONTINUOUS
10
0.3491614566929134
20
0.0570218897637795
11
0.3487241338582677
21
0.057203031496063
0
LINE
8
BLACK
6
CONTINUOUS
10
0.3487241338582677
20
0.057203031496063
11
0.3482751968503937
21
0.0573526771653543
0
LINE
8
BLACK
6
CONTINUOUS
10
0.3482751968503937
20
0.0573526771653543
11
0.348195
21
0.0574222440944882
0
LINE
8
BLACK
6
CONTINUOUS
10
0.348195
20
0.0574222440944882
11
0.3480970472440945
21
0.0574627952755905
0
LINE
8
BLACK
6
CONTINUOUS
10
0.3480970472440945
20
0.0574627952755905
11
0.3477624015748031
21
0.0577974409448819
0
LINE
8
BLACK
6
CONTINUOUS
10
0.3477624015748031
20
0.0577974409448819
11
0.347404842519685
21
0.0581075590551181
0
LINE
8
BLACK
6
CONTINUOUS
10
0.347404842519685
20
0.0581075590551181
11
0.3473574015748032
21
0.0582024409448819
0
LINE
8
BLACK
6
CONTINUOUS
10
0.3473574015748032
20
0.0582024409448819
11
0.3472824015748032
21
0.0582774409448819
0
LINE
8
BLACK
6
CONTINUOUS
10
0.3472824015748032
20
0.0582774409448819
11
0.347101220472441
21
0.0587148031496063
0
LINE
8
BLACK
6
CONTINUOUS
10
0.347101220472441
20
0.0587148031496063
11
0.3468896456692913
21
0.0591379921259843
0
LINE
8
BLACK
6
CONTINUOUS
10
0.3468896456692913
20
0.0591379921259843
11
0.3468821259842519
21
0.0592437795275591
0
LINE
8
BLACK
6
CONTINUOUS
10
0.3468821259842519
20
0.0592437795275591
11
0.3468414960629921
21
0.0593418503937008
0
LINE
8
BLACK
6
CONTINUOUS
10
0.3468414960629921
20
0.0593418503937008
11
0.3468414960629921
21
0.0598153543307087
0
LINE
8
BLACK
6
CONTINUOUS
10
0.3468414960629921
20
0.0598153543307087
11
0.3468079527559055
21
0.0602872047244094
0
LINE
8
BLACK
6
CONTINUOUS
10
0.3468079527559055
20
0.0602872047244094
11
0.3468414960629921
21
0.0604347244094488
0
LINE
8
BLACK
6
CONTINUOUS
10
0.3468414960629921
20
0.0604347244094488
11
0.3468414960629921
21
0.0604939763779528
0
LINE
8
BLACK
6
CONTINUOUS
10
0.3468414960629921
20
0.0604939763779528
11
0.3468713385826772
21
0.0605661023622047
0
LINE
8
BLACK
6
CONTINUOUS
10
0.3468713385826772
20
0.0605661023622047
11
0.3469362992125984
21
0.0608516535433071
0
LINE
8
BLACK
6
CONTINUOUS
10
0.3469362992125984
20
0.0608516535433071
11
0.3563101181102362
21
0.0889731102362205
0
LINE
8
BLACK
6
CONTINUOUS
10
0.3563101181102362
20
0.0889731102362205
11
0.3565461023622047
21
0.0895016535433071
0
LINE
8
BLACK
6
CONTINUOUS
10
0.3565461023622047
20
0.0895016535433071
11
0.3573009842519685
21
0.0903720078740158
0
LINE
8
BLACK
6
CONTINUOUS
10
0.3573009842519685
20
0.0903720078740158
11
0.3583314173228346
21
0.0908872440944882
0
LINE
8
BLACK
6
CONTINUOUS
10
0.3583314173228346
20
0.0908872440944882
11
0.3594806299212598
21
0.090968937007874
0
LINE
8
BLACK
6
CONTINUOUS
10
0.3594806299212598
20
0.090968937007874
11
0.3605736220472441
21
0.0906046062992126
0
LINE
8
BLACK
6
CONTINUOUS
10
0.2600283858267716
20
0.1298084251968504
11
0.2602160236220473
21
0.1297847637795276
0
LINE
8
BLACK
6
CONTINUOUS
10
0.2602160236220473
20
0.1297847637795276
11
0.2624657480314961
21
0.129034842519685
0
LINE
8
BLACK
6
CONTINUOUS
10
0.2624657480314961
20
0.129034842519685
11
0.262517125984252
21
0.1290055511811024
0
LINE
8
BLACK
6
CONTINUOUS
10
0.262517125984252
20
0.1290055511811024
11
0.2625442125984252
21
0.1290055511811024
0
LINE
8
BLACK
6
CONTINUOUS
10
0.2625442125984252
20
0.1290055511811024
11
0.2627016141732283
21
0.1289003937007874
0
LINE
8
BLACK
6
CONTINUOUS
10
0.2627016141732283
20
0.1289003937007874
11
0.2628661023622047
21
0.1288066141732283
0
LINE
8
BLACK
6
CONTINUOUS
10
0.2628661023622047
20
0.1288066141732283
11
0.2628781889763779
21
0.1287824015748031
0
LINE
8
BLACK
6
CONTINUOUS
10
0.2628781889763779
20
0.1287824015748031
11
0.2629274015748032
21
0.1287495275590551
0
LINE
8
BLACK
6
CONTINUOUS
10
0.2629274015748032
20
0.1287495275590551
11
0.2644272047244094
21
0.1272497637795276
0
LINE
8
BLACK
6
CONTINUOUS
10
0.2644272047244094
20
0.1272497637795276
11
0.2645323228346457
21
0.1270924015748031
0
LINE
8
BLACK
6
CONTINUOUS
10
0.2645323228346457
20
0.1270924015748031
11
0.2646484645669291
21
0.1269427559055118
0
LINE
8
BLACK
6
CONTINUOUS
10
0.2646484645669291
20
0.1269427559055118
11
0.2653983464566929
21
0.1254429527559055
0
LINE
8
BLACK
6
CONTINUOUS
10
0.2653983464566929
20
0.1254429527559055
11
0.2654324803149606
21
0.1253181889763779
0
LINE
8
BLACK
6
CONTINUOUS
10
0.2654324803149606
20
0.1253181889763779
11
0.2654877559055118
21
0.1252012204724409
0
LINE
8
BLACK
6
CONTINUOUS
10
0.2654877559055118
20
0.1252012204724409
11
0.2662376771653543
21
0.1222015748031496
0
LINE
8
BLACK
6
CONTINUOUS
10
0.2662376771653543
20
0.1222015748031496
11
0.2662446850393701
21
0.122057125984252
0
LINE
8
BLACK
6
CONTINUOUS
10
0.2662446850393701
20
0.122057125984252
11
0.2662729527559055
21
0.1219151181102362
0
LINE
8
BLACK
6
CONTINUOUS
10
0.2662729527559055
20
0.1219151181102362
11
0.2662729527559055
21
0.1196653937007874
0
LINE
8
BLACK
6
CONTINUOUS
10
0.2662729527559055
20
0.1196653937007874
11
0.2662446850393701
21
0.1195234251968504
0
LINE
8
BLACK
6
CONTINUOUS
10
0.2662446850393701
20
0.1195234251968504
11
0.2662376771653543
21
0.119378937007874
0
LINE
8
BLACK
6
CONTINUOUS
10
0.2662376771653543
20
0.119378937007874
11
0.2654877559055118
21
0.1163793307086614
0
LINE
8
BLACK
6
CONTINUOUS
10
0.2654877559055118
20
0.1163793307086614
11
0.2654324803149606
21
0.1162624015748032
0
LINE
8
BLACK
6
CONTINUOUS
10
0.2654324803149606
20
0.1162624015748032
11
0.2653983464566929
21
0.1161375984251968
0
LINE
8
BLACK
6
CONTINUOUS
10
0.2653983464566929
20
0.1161375984251968
11
0.2646484645669291
21
0.1146377952755906
0
LINE
8
BLACK
6
CONTINUOUS
10
0.2646484645669291
20
0.1146377952755906
11
0.2645322047244095
21
0.1144880708661417
0
LINE
8
BLACK
6
CONTINUOUS
10
0.2645322047244095
20
0.1144880708661417
11
0.2644272047244094
21
0.1143308267716535
0
LINE
8
BLACK
6
CONTINUOUS
10
0.2644272047244094
20
0.1143308267716535
11
0.2629274015748032
21
0.1128309842519685
0
LINE
8
BLACK
6
CONTINUOUS
10
0.2629274015748032
20
0.1128309842519685
11
0.2628781889763779
21
0.1127981496062992
0
LINE
8
BLACK
6
CONTINUOUS
10
0.2628781889763779
20
0.1127981496062992
11
0.2628661023622047
21
0.1127738976377953
0
LINE
8
BLACK
6
CONTINUOUS
10
0.2628661023622047
20
0.1127738976377953
11
0.2627014566929134
21
0.1126800393700787
0
LINE
8
BLACK
6
CONTINUOUS
10
0.2627014566929134
20
0.1126800393700787
11
0.2625442125984252
21
0.1125749606299213
0
LINE
8
BLACK
6
CONTINUOUS
10
0.2625442125984252
20
0.1125749606299213
11
0.2625171653543307
21
0.1125749606299213
0
LINE
8
BLACK
6
CONTINUOUS
10
0.2625171653543307
20
0.1125749606299213
11
0.2624657480314961
21
0.1125456299212598
0
LINE
8
BLACK
6
CONTINUOUS
10
0.2624657480314961
20
0.1125456299212598
11
0.2602160236220473
21
0.1117957480314961
0
LINE
8
BLACK
6
CONTINUOUS
10
0.2602160236220473
20
0.1117957480314961
11
0.2600281102362205
21
0.1117720866141732
0
LINE
8
BLACK
6
CONTINUOUS
10
0.2600281102362205
20
0.1117720866141732
11
0.2598425196850394
21
0.111735157480315
0
LINE
8
BLACK
6
CONTINUOUS
10
0.2598425196850394
20
0.111735157480315
11
0.2560929921259842
21
0.111735157480315
0
LINE
8
BLACK
6
CONTINUOUS
10
0.2560929921259842
20
0.111735157480315
11
0.2556409842519685
21
0.1118250787401575
0
LINE
8
BLACK
6
CONTINUOUS
10
0.2556409842519685
20
0.1118250787401575
11
0.255001811023622
21
0.1124642519685039
0
LINE
8
BLACK
6
CONTINUOUS
10
0.255001811023622
20
0.1124642519685039
11
0.2549118897637795
21
0.1129162598425197
0
LINE
8
BLACK
6
CONTINUOUS
10
0.2549118897637795
20
0.1129162598425197
11
0.2549118897637795
21
0.1286642913385827
0
LINE
8
BLACK
6
CONTINUOUS
10
0.2549118897637795
20
0.1286642913385827
11
0.255001811023622
21
0.1291162992125984
0
LINE
8
BLACK
6
CONTINUOUS
10
0.255001811023622
20
0.1291162992125984
11
0.2556409842519685
21
0.1297554724409449
0
LINE
8
BLACK
6
CONTINUOUS
10
0.2556409842519685
20
0.1297554724409449
11
0.2560929921259842
21
0.1298453937007874
0
LINE
8
BLACK
6
CONTINUOUS
10
0.2560929921259842
20
0.1298453937007874
11
0.2598425196850394
21
0.1298453937007874
0
LINE
8
BLACK
6
CONTINUOUS
10
0.2598425196850394
20
0.1298453937007874
11
0.2600283858267716
21
0.1298084251968504
0
LINE
8
BLACK
6
CONTINUOUS
10
0.257274094488189
20
0.1140973622047244
11
0.2596507874015748
21
0.1140973622047244
0
LINE
8
BLACK
6
CONTINUOUS
10
0.2596507874015748
20
0.1140973622047244
11
0.2614542519685039
21
0.1146985039370079
0
LINE
8
BLACK
6
CONTINUOUS
10
0.2614542519685039
20
0.1146985039370079
11
0.2626213385826772
21
0.1158656692913386
0
LINE
8
BLACK
6
CONTINUOUS
10
0.2626213385826772
20
0.1158656692913386
11
0.2632275590551181
21
0.1170780708661417
0
LINE
8
BLACK
6
CONTINUOUS
10
0.2632275590551181
20
0.1170780708661417
11
0.2639107480314961
21
0.1198107874015748
0
LINE
8
BLACK
6
CONTINUOUS
10
0.2639107480314961
20
0.1198107874015748
11
0.2639107480314961
21
0.1217697637795276
0
LINE
8
BLACK
6
CONTINUOUS
10
0.2639107480314961
20
0.1217697637795276
11
0.2632275196850394
21
0.1245025196850394
0
LINE
8
BLACK
6
CONTINUOUS
10
0.2632275196850394
20
0.1245025196850394
11
0.2626213385826772
21
0.1257149212598425
0
LINE
8
BLACK
6
CONTINUOUS
10
0.2626213385826772
20
0.1257149212598425
11
0.2614542125984252
21
0.1268820866141732
0
LINE
8
BLACK
6
CONTINUOUS
10
0.2614542125984252
20
0.1268820866141732
11
0.259650905511811
21
0.1274831889763779
0
LINE
8
BLACK
6
CONTINUOUS
10
0.259650905511811
20
0.1274831889763779
11
0.257274094488189
21
0.1274831889763779
0
LINE
8
BLACK
6
CONTINUOUS
10
0.257274094488189
20
0.1274831889763779
11
0.257274094488189
21
0.1140973622047244
0
LINE
8
BLACK
6
CONTINUOUS
10
0.2804192519685039
20
0.1297798818897638
11
0.2804683464566929
21
0.1297831496062992
0
LINE
8
BLACK
6
CONTINUOUS
10
0.2804683464566929
20
0.1297831496062992
11
0.2804875984251968
21
0.1297662992125984
0
LINE
8
BLACK
6
CONTINUOUS
10
0.2804875984251968
20
0.1297662992125984
11
0.280541968503937
21
0.1297554724409449
0
LINE
8
BLACK
6
CONTINUOUS
10
0.280541968503937
20
0.1297554724409449
11
0.280835905511811
21
0.1294615354330709
0
LINE
8
BLACK
6
CONTINUOUS
10
0.280835905511811
20
0.1294615354330709
11
0.2811487007874016
21
0.1291878346456693
0
LINE
8
BLACK
6
CONTINUOUS
10
0.2811487007874016
20
0.1291878346456693
11
0.2811514566929134
21
0.1291459842519685
0
LINE
8
BLACK
6
CONTINUOUS
10
0.2811514566929134
20
0.1291459842519685
11
0.2811811417322835
21
0.1291162992125984
0
LINE
8
BLACK
6
CONTINUOUS
10
0.2811811417322835
20
0.1291162992125984
11
0.2811811417322835
21
0.1287011417322835
0
LINE
8
BLACK
6
CONTINUOUS
10
0.2811811417322835
20
0.1287011417322835
11
0.2812088188976378
21
0.128285905511811
0
LINE
8
BLACK
6
CONTINUOUS
10
0.2812088188976378
20
0.128285905511811
11
0.2811811417322835
21
0.128237874015748
0
LINE
8
BLACK
6
CONTINUOUS
10
0.2811811417322835
20
0.128237874015748
11
0.2811811417322835
21
0.1282122834645669
0
LINE
8
BLACK
6
CONTINUOUS
10
0.2811811417322835
20
0.1282122834645669
11
0.2811464173228346
21
0.1281775984251969
0
LINE
8
BLACK
6
CONTINUOUS
10
0.2811464173228346
20
0.1281775984251969
11
0.2809788188976378
21
0.1278865354330709
0
LINE
8
BLACK
6
CONTINUOUS
10
0.2809788188976378
20
0.1278865354330709
11
0.2773911023622047
21
0.1237863385826772
0
LINE
8
BLACK
6
CONTINUOUS
10
0.2773911023622047
20
0.1237863385826772
11
0.2775423622047244
21
0.1237562204724409
0
LINE
8
BLACK
6
CONTINUOUS
10
0.2775423622047244
20
0.1237562204724409
11
0.2775614960629921
21
0.1237370866141732
0
LINE
8
BLACK
6
CONTINUOUS
10
0.2775614960629921
20
0.1237370866141732
11
0.2776185826771653
21
0.1237214566929134
0
LINE
8
BLACK
6
CONTINUOUS
10
0.2776185826771653
20
0.1237214566929134
11
0.2791183858267716
21
0.1229715354330709
0
LINE
8
BLACK
6
CONTINUOUS
10
0.2791183858267716
20
0.1229715354330709
11
0.2792678346456693
21
0.1228555118110236
0
LINE
8
BLACK
6
CONTINUOUS
10
0.2792678346456693
20
0.1228555118110236
11
0.2794253149606299
21
0.1227503149606299
0
LINE
8
BLACK
6
CONTINUOUS
10
0.2794253149606299
20
0.1227503149606299
11
0.2801751968503937
21
0.1220004330708661
0
LINE
8
BLACK
6
CONTINUOUS
10
0.2801751968503937
20
0.1220004330708661
11
0.2802803543307086
21
0.1218430708661417
0
LINE
8
BLACK
6
CONTINUOUS
10
0.2802803543307086
20
0.1218430708661417
11
0.2803964960629921
21
0.1216934251968504
0
LINE
8
BLACK
6
CONTINUOUS
10
0.2803964960629921
20
0.1216934251968504
11
0.2811463779527559
21
0.1201935826771653
0
LINE
8
BLACK
6
CONTINUOUS
10
0.2811463779527559
20
0.1201935826771653
11
0.281161968503937
21
0.1201365748031496
0
LINE
8
BLACK
6
CONTINUOUS
10
0.281161968503937
20
0.1201365748031496
11
0.2811811417322835
21
0.1201174015748031
0
LINE
8
BLACK
6
CONTINUOUS
10
0.2811811417322835
20
0.1201174015748031
11
0.2812180708661417
21
0.1199316141732283
0
LINE
8
BLACK
6
CONTINUOUS
10
0.2812180708661417
20
0.1199316141732283
11
0.2812680708661418
21
0.119749094488189
0
LINE
8
BLACK
6
CONTINUOUS
10
0.2812680708661418
20
0.119749094488189
11
0.2812594881889764
21
0.1197234645669291
0
LINE
8
BLACK
6
CONTINUOUS
10
0.2812594881889764
20
0.1197234645669291
11
0.281271062992126
21
0.1196653937007874
0
LINE
8
BLACK
6
CONTINUOUS
10
0.281271062992126
20
0.1196653937007874
11
0.281271062992126
21
0.1159158661417323
0
LINE
8
BLACK
6
CONTINUOUS
10
0.281271062992126
20
0.1159158661417323
11
0.2812594881889764
21
0.1158578346456693
0
LINE
8
BLACK
6
CONTINUOUS
10
0.2812594881889764
20
0.1158578346456693
11
0.2812680708661418
21
0.1158321653543307
0
LINE
8
BLACK
6
CONTINUOUS
10
0.2812680708661418
20
0.1158321653543307
11
0.2812180708661417
21
0.1156496850393701
0
LINE
8
BLACK
6
CONTINUOUS
10
0.2812180708661417
20
0.1156496850393701
11
0.2811811417322835
21
0.1154638582677165
0
LINE
8
BLACK
6
CONTINUOUS
10
0.2811811417322835
20
0.1154638582677165
11
0.281161968503937
21
0.1154447244094488
0
LINE
8
BLACK
6
CONTINUOUS
10
0.281161968503937
20
0.1154447244094488
11
0.2811463779527559
21
0.1153876771653543
0
LINE
8
BLACK
6
CONTINUOUS
10
0.2811463779527559
20
0.1153876771653543
11
0.2803964960629921
21
0.113887874015748
0
LINE
8
BLACK
6
CONTINUOUS
10
0.2803964960629921
20
0.113887874015748
11
0.2802803543307086
21
0.1137382677165354
0
LINE
8
BLACK
6
CONTINUOUS
10
0.2802803543307086
20
0.1137382677165354
11
0.2801752362204724
21
0.113580905511811
0
LINE
8
BLACK
6
CONTINUOUS
10
0.2801752362204724
20
0.113580905511811
11
0.2794253149606299
21
0.1128309842519685
0
LINE
8
BLACK
6
CONTINUOUS
10
0.2794253149606299
20
0.1128309842519685
11
0.2792679527559055
21
0.112725905511811
0
LINE
8
BLACK
6
CONTINUOUS
10
0.2792679527559055
20
0.112725905511811
11
0.2791183464566929
21
0.1126097244094488
0
LINE
8
BLACK
6
CONTINUOUS
10
0.2791183464566929
20
0.1126097244094488
11
0.2776185433070866
21
0.111859842519685
0
LINE
8
BLACK
6
CONTINUOUS
10
0.2776185433070866
20
0.111859842519685
11
0.2775614960629921
21
0.1118442519685039
0
LINE
8
BLACK
6
CONTINUOUS
10
0.2775614960629921
20
0.1118442519685039
11
0.2775423622047244
21
0.1118250787401575
0
LINE
8
BLACK
6
CONTINUOUS
10
0.2775423622047244
20
0.1118250787401575
11
0.2773565354330709
21
0.1117881496062992
0
LINE
8
BLACK
6
CONTINUOUS
10
0.2773565354330709
20
0.1117881496062992
11
0.2771740551181102
21
0.1117381496062992
0
LINE
8
BLACK
6
CONTINUOUS
10
0.2771740551181102
20
0.1117381496062992
11
0.2771483858267716
21
0.1117467322834646
0
LINE
8
BLACK
6
CONTINUOUS
10
0.2771483858267716
20
0.1117467322834646
11
0.2770903543307087
21
0.111735157480315
0
LINE
8
BLACK
6
CONTINUOUS
10
0.2770903543307087
20
0.111735157480315
11
0.272590905511811
21
0.111735157480315
0
LINE
8
BLACK
6
CONTINUOUS
10
0.272590905511811
20
0.111735157480315
11
0.2725328346456693
21
0.1117467322834646
0
LINE
8
BLACK
6
CONTINUOUS
10
0.2725328346456693
20
0.1117467322834646
11
0.2725072047244094
21
0.1117381496062992
0
LINE
8
BLACK
6
CONTINUOUS
10
0.2725072047244094
20
0.1117381496062992
11
0.2723246850393701
21
0.1117881496062992
0
LINE
8
BLACK
6
CONTINUOUS
10
0.2723246850393701
20
0.1117881496062992
11
0.2721388976377953
21
0.1118250787401575
0
LINE
8
BLACK
6
CONTINUOUS
10
0.2721388976377953
20
0.1118250787401575
11
0.2721197244094488
21
0.1118442519685039
0
LINE
8
BLACK
6
CONTINUOUS
10
0.2721197244094488
20
0.1118442519685039
11
0.2720627165354331
21
0.111859842519685
0
LINE
8
BLACK
6
CONTINUOUS
10
0.2720627165354331
20
0.111859842519685
11
0.2705629133858268
21
0.1126097244094488
0
LINE
8
BLACK
6
CONTINUOUS
10
0.2705629133858268
20
0.1126097244094488
11
0.2704132677165354
21
0.1127258661417323
0
LINE
8
BLACK
6
CONTINUOUS
10
0.2704132677165354
20
0.1127258661417323
11
0.2702559448818898
21
0.1128309842519685
0
LINE
8
BLACK
6
CONTINUOUS
10
0.2702559448818898
20
0.1128309842519685
11
0.2695060236220472
21
0.113580905511811
0
LINE
8
BLACK
6
CONTINUOUS
10
0.2695060236220472
20
0.113580905511811
11
0.26925
21
0.113964094488189
0
LINE
8
BLACK
6
CONTINUOUS
10
0.26925
20
0.113964094488189
11
0.26925
21
0.114868031496063
0
LINE
8
BLACK
6
CONTINUOUS
10
0.26925
20
0.114868031496063
11
0.2698892125984252
21
0.1155072440944882
0
LINE
8
BLACK
6
CONTINUOUS
10
0.2698892125984252
20
0.1155072440944882
11
0.2707931496062992
21
0.1155072440944882
0
LINE
8
BLACK
6
CONTINUOUS
10
0.2707931496062992
20
0.1155072440944882
11
0.2711763385826771
21
0.1152512204724409
0
LINE
8
BLACK
6
CONTINUOUS
10
0.2711763385826771
20
0.1152512204724409
11
0.2717906692913385
21
0.1146368897637795
0
LINE
8
BLACK
6
CONTINUOUS
10
0.2717906692913385
20
0.1146368897637795
11
0.2728697244094488
21
0.1140973622047244
0
LINE
8
BLACK
6
CONTINUOUS
10
0.2728697244094488
20
0.1140973622047244
11
0.2768115354330709
21
0.1140973622047244
0
LINE
8
BLACK
6
CONTINUOUS
10
0.2768115354330709
20
0.1140973622047244
11
0.2778905511811023
21
0.1146368897637795
0
LINE
8
BLACK
6
CONTINUOUS
10
0.2778905511811023
20
0.1146368897637795
11
0.2783693307086614
21
0.1151156692913386
0
LINE
8
BLACK
6
CONTINUOUS
10
0.2783693307086614
20
0.1151156692913386
11
0.2789088582677166
21
0.1161946850393701
0
LINE
8
BLACK
6
CONTINUOUS
10
0.2789088582677166
20
0.1161946850393701
11
0.2789088582677166
21
0.1193866141732284
0
LINE
8
BLACK
6
CONTINUOUS
10
0.2789088582677166
20
0.1193866141732284
11
0.2783693700787401
21
0.1204655511811024
0
LINE
8
BLACK
6
CONTINUOUS
10
0.2783693700787401
20
0.1204655511811024
11
0.2778904724409449
21
0.1209444488188976
0
LINE
8
BLACK
6
CONTINUOUS
10
0.2778904724409449
20
0.1209444488188976
11
0.2768114960629921
21
0.121483937007874
0
LINE
8
BLACK
6
CONTINUOUS
10
0.2768114960629921
20
0.121483937007874
11
0.2748406299212598
21
0.121483937007874
0
LINE
8
BLACK
6
CONTINUOUS
10
0.2748406299212598
20
0.121483937007874
11
0.2745112992125984
21
0.1215494881889764
0
LINE
8
BLACK
6
CONTINUOUS
10
0.2745112992125984
20
0.1215494881889764
11
0.2744622440944882
21
0.1215461811023622
0
LINE
8
BLACK
6
CONTINUOUS
10
0.2744622440944882
20
0.1215461811023622
11
0.2744429527559055
21
0.1215630708661417
0
LINE
8
BLACK
6
CONTINUOUS
10
0.2744429527559055
20
0.1215630708661417
11
0.2743886220472441
21
0.1215738582677165
0
LINE
8
BLACK
6
CONTINUOUS
10
0.2743886220472441
20
0.1215738582677165
11
0.2740944881889764
21
0.1218679921259842
0
LINE
8
BLACK
6
CONTINUOUS
10
0.2740944881889764
20
0.1218679921259842
11
0.2737819291338582
21
0.1221414960629921
0
LINE
8
BLACK
6
CONTINUOUS
10
0.2737819291338582
20
0.1221414960629921
11
0.2737791338582677
21
0.1221833464566929
0
LINE
8
BLACK
6
CONTINUOUS
10
0.2737791338582677
20
0.1221833464566929
11
0.2737494488188976
21
0.122213031496063
0
LINE
8
BLACK
6
CONTINUOUS
10
0.2737494488188976
20
0.122213031496063
11
0.2737494488188976
21
0.1226285039370079
0
LINE
8
BLACK
6
CONTINUOUS
10
0.2737494488188976
20
0.1226285039370079
11
0.2737217716535433
21
0.1230434251968504
0
LINE
8
BLACK
6
CONTINUOUS
10
0.2737217716535433
20
0.1230434251968504
11
0.2737494488188976
21
0.1230914960629921
0
LINE
8
BLACK
6
CONTINUOUS
10
0.2737494488188976
20
0.1230914960629921
11
0.2737494488188976
21
0.1231170472440945
0
LINE
8
BLACK
6
CONTINUOUS
10
0.2737494488188976
20
0.1231170472440945
11
0.2737841338582677
21
0.1231517716535433
0
LINE
8
BLACK
6
CONTINUOUS
10
0.2737841338582677
20
0.1231517716535433
11
0.2739517716535433
21
0.1234427952755905
0
LINE
8
BLACK
6
CONTINUOUS
10
0.2739517716535433
20
0.1234427952755905
11
0.2774870866141732
21
0.1274831889763779
0
LINE
8
BLACK
6
CONTINUOUS
10
0.2774870866141732
20
0.1274831889763779
11
0.2703411811023622
21
0.1274831889763779
0
LINE
8
BLACK
6
CONTINUOUS
10
0.2703411811023622
20
0.1274831889763779
11
0.2698891732283464
21
0.1275731102362205
0
LINE
8
BLACK
6
CONTINUOUS
10
0.2698891732283464
20
0.1275731102362205
11
0.26925
21
0.1282122834645669
0
LINE
8
BLACK
6
CONTINUOUS
10
0.26925
20
0.1282122834645669
11
0.26925
21
0.1291162992125984
0
LINE
8
BLACK
6
CONTINUOUS
10
0.26925
20
0.1291162992125984
11
0.2698891732283464
21
0.1297554724409449
0
LINE
8
BLACK
6
CONTINUOUS
10
0.2698891732283464
20
0.1297554724409449
11
0.2703411811023622
21
0.1298453937007874
0
LINE
8
BLACK
6
CONTINUOUS
10
0.2703411811023622
20
0.1298453937007874
11
0.2800899606299213
21
0.1298453937007874
0
LINE
8
BLACK
6
CONTINUOUS
10
0.2800899606299213
20
0.1298453937007874
11
0.2804192519685039
21
0.1297798818897638
0
LINE
8
BLACK
6
CONTINUOUS
10
0.299965905511811
20
0.1376454330708661
11
0.3010312598425197
21
0.1365800787401575
0
LINE
8
BLACK
6
CONTINUOUS
10
0.3010312598425197
20
0.1365800787401575
11
0.3011811023622047
21
0.1358267716535433
0
LINE
8
BLACK
6
CONTINUOUS
10
0.3011811023622047
20
0.1358267716535433
11
0.3011811023622047
21
0.1043307086614173
0
LINE
8
BLACK
6
CONTINUOUS
10
0.3011811023622047
20
0.1043307086614173
11
0.3010312598425197
21
0.1035774015748031
0
LINE
8
BLACK
6
CONTINUOUS
10
0.3010312598425197
20
0.1035774015748031
11
0.299965905511811
21
0.1025120472440945
0
LINE
8
BLACK
6
CONTINUOUS
10
0.299965905511811
20
0.1025120472440945
11
0.2992125984251968
21
0.1023622047244094
0
LINE
8
BLACK
6
CONTINUOUS
10
0.2992125984251968
20
0.1023622047244094
11
0.2362204724409449
21
0.1023622047244094
0
LINE
8
BLACK
6
CONTINUOUS
10
0.2362204724409449
20
0.1023622047244094
11
0.2354671653543307
21
0.1025120472440945
0
LINE
8
BLACK
6
CONTINUOUS
10
0.2354671653543307
20
0.1025120472440945
11
0.234401811023622
21
0.1035774015748031
0
LINE
8
BLACK
6
CONTINUOUS
10
0.234401811023622
20
0.1035774015748031
11
0.234251968503937
21
0.1043307086614173
0
LINE
8
BLACK
6
CONTINUOUS
10
0.234251968503937
20
0.1043307086614173
11
0.234251968503937
21
0.1240157480314961
0
LINE
8
BLACK
6
CONTINUOUS
10
0.234251968503937
20
0.1240157480314961
11
0.234401811023622
21
0.1247690551181102
0
LINE
8
BLACK
6
CONTINUOUS
10
0.234401811023622
20
0.1247690551181102
11
0.2348285433070866
21
0.1254076771653543
0
LINE
8
BLACK
6
CONTINUOUS
10
0.2348285433070866
20
0.1254076771653543
11
0.2466395669291339
21
0.1372187007874016
0
LINE
8
BLACK
6
CONTINUOUS
10
0.2466395669291339
20
0.1372187007874016
11
0.247278188976378
21
0.1376454330708661
0
LINE
8
BLACK
6
CONTINUOUS
10
0.247278188976378
20
0.1376454330708661
11
0.2480314960629921
21
0.1377952755905512
0
LINE
8
BLACK
6
CONTINUOUS
10
0.2480314960629921
20
0.1377952755905512
11
0.2992125984251968
21
0.1377952755905512
0
LINE
8
BLACK
6
CONTINUOUS
10
0.2992125984251968
20
0.1377952755905512
11
0.299965905511811
21
0.1376454330708661
0
LINE
8
BLACK
6
CONTINUOUS
10
0.2488468503937008
20
0.1338582677165354
11
0.2381889763779527
21
0.1232003937007874
0
LINE
8
BLACK
6
CONTINUOUS
10
0.2381889763779527
20
0.1232003937007874
11
0.2381889763779527
21
0.1062992125984252
0
LINE
8
BLACK
6
CONTINUOUS
10
0.2381889763779527
20
0.1062992125984252
11
0.2972440944881889
21
0.1062992125984252
0
LINE
8
BLACK
6
CONTINUOUS
10
0.2972440944881889
20
0.1062992125984252
11
0.2972440944881889
21
0.1338582677165354
0
LINE
8
BLACK
6
CONTINUOUS
10
0.2972440944881889
20
0.1338582677165354
11
0.2488468503937008
21
0.1338582677165354
0
LINE
8
BLACK
6
CONTINUOUS
10
0.390103031496063
20
0.1307551181102362
11
0.3901287007874016
21
0.1307636614173228
0
LINE
8
BLACK
6
CONTINUOUS
10
0.3901287007874016
20
0.1307636614173228
11
0.3903112204724409
21
0.1307137007874016
0
LINE
8
BLACK
6
CONTINUOUS
10
0.3903112204724409
20
0.1307137007874016
11
0.3904970078740158
21
0.1306767322834646
0
LINE
8
BLACK
6
CONTINUOUS
10
0.3904970078740158
20
0.1306767322834646
11
0.3905161417322834
21
0.1306575984251968
0
LINE
8
BLACK
6
CONTINUOUS
10
0.3905161417322834
20
0.1306575984251968
11
0.3905732283464567
21
0.130641968503937
0
LINE
8
BLACK
6
CONTINUOUS
10
0.3905732283464567
20
0.130641968503937
11
0.392073031496063
21
0.1298920472440945
0
LINE
8
BLACK
6
CONTINUOUS
10
0.392073031496063
20
0.1298920472440945
11
0.3922227559055118
21
0.1297758267716535
0
LINE
8
BLACK
6
CONTINUOUS
10
0.3922227559055118
20
0.1297758267716535
11
0.3923799606299213
21
0.1296707874015748
0
LINE
8
BLACK
6
CONTINUOUS
10
0.3923799606299213
20
0.1296707874015748
11
0.3931298818897638
21
0.128920905511811
0
LINE
8
BLACK
6
CONTINUOUS
10
0.3931298818897638
20
0.128920905511811
11
0.3932352362204724
21
0.128763188976378
0
LINE
8
BLACK
6
CONTINUOUS
10
0.3932352362204724
20
0.128763188976378
11
0.3933511023622047
21
0.128613937007874
0
LINE
8
BLACK
6
CONTINUOUS
10
0.3933511023622047
20
0.128613937007874
11
0.3941010236220472
21
0.127114094488189
0
LINE
8
BLACK
6
CONTINUOUS
10
0.3941010236220472
20
0.127114094488189
11
0.3941166141732284
21
0.1270570866141732
0
LINE
8
BLACK
6
CONTINUOUS
10
0.3941166141732284
20
0.1270570866141732
11
0.3941357874015748
21
0.1270379133858268
0
LINE
8
BLACK
6
CONTINUOUS
10
0.3941357874015748
20
0.1270379133858268
11
0.3941726771653543
21
0.1268524409448819
0
LINE
8
BLACK
6
CONTINUOUS
10
0.3941726771653543
20
0.1268524409448819
11
0.3942227559055118
21
0.1266696062992126
0
LINE
8
BLACK
6
CONTINUOUS
10
0.3942227559055118
20
0.1266696062992126
11
0.3942141732283465
21
0.1266438976377953
0
LINE
8
BLACK
6
CONTINUOUS
10
0.3942141732283465
20
0.1266438976377953
11
0.3942257086614173
21
0.126585905511811
0
LINE
8
BLACK
6
CONTINUOUS
10
0.3942257086614173
20
0.126585905511811
11
0.3942257086614173
21
0.1243362204724409
0
LINE
8
BLACK
6
CONTINUOUS
10
0.3942257086614173
20
0.1243362204724409
11
0.3942141732283465
21
0.1242782677165354
0
LINE
8
BLACK
6
CONTINUOUS
10
0.3942141732283465
20
0.1242782677165354
11
0.3942227559055118
21
0.1242525196850394
0
LINE
8
BLACK
6
CONTINUOUS
10
0.3942227559055118
20
0.1242525196850394
11
0.3941726771653543
21
0.1240697244094488
0
LINE
8
BLACK
6
CONTINUOUS
10
0.3941726771653543
20
0.1240697244094488
11
0.3941357874015748
21
0.1238842125984252
0
LINE
8
BLACK
6
CONTINUOUS
10
0.3941357874015748
20
0.1238842125984252
11
0.3941166141732284
21
0.1238650787401575
0
LINE
8
BLACK
6
CONTINUOUS
10
0.3941166141732284
20
0.1238650787401575
11
0.3941010236220472
21
0.123808031496063
0
LINE
8
BLACK
6
CONTINUOUS
10
0.3941010236220472
20
0.123808031496063
11
0.3933511023622047
21
0.1223081889763779
0
LINE
8
BLACK
6
CONTINUOUS
10
0.3933511023622047
20
0.1223081889763779
11
0.3932352362204724
21
0.1221589763779528
0
LINE
8
BLACK
6
CONTINUOUS
10
0.3932352362204724
20
0.1221589763779528
11
0.3931298818897638
21
0.1220012204724409
0
LINE
8
BLACK
6
CONTINUOUS
10
0.3931298818897638
20
0.1220012204724409
11
0.3923799606299213
21
0.1212513385826772
0
LINE
8
BLACK
6
CONTINUOUS
10
0.3923799606299213
20
0.1212513385826772
11
0.3922227559055118
21
0.1211463385826772
0
LINE
8
BLACK
6
CONTINUOUS
10
0.3922227559055118
20
0.1211463385826772
11
0.392073031496063
21
0.1210300787401575
0
LINE
8
BLACK
6
CONTINUOUS
10
0.392073031496063
20
0.1210300787401575
11
0.3905732283464567
21
0.120280157480315
0
LINE
8
BLACK
6
CONTINUOUS
10
0.3905732283464567
20
0.120280157480315
11
0.3905161417322834
21
0.1202645669291339
0
LINE
8
BLACK
6
CONTINUOUS
10
0.3905161417322834
20
0.1202645669291339
11
0.3904970078740158
21
0.1202453937007874
0
LINE
8
BLACK
6
CONTINUOUS
10
0.3904970078740158
20
0.1202453937007874
11
0.3903112204724409
21
0.1202084645669291
0
LINE
8
BLACK
6
CONTINUOUS
10
0.3903112204724409
20
0.1202084645669291
11
0.3901287007874016
21
0.1201584645669291
0
LINE
8
BLACK
6
CONTINUOUS
10
0.3901287007874016
20
0.1201584645669291
11
0.390103031496063
21
0.1201670472440945
0
LINE
8
BLACK
6
CONTINUOUS
10
0.390103031496063
20
0.1201670472440945
11
0.3900614566929134
21
0.1201587795275591
0
LINE
8
BLACK
6
CONTINUOUS
10
0.3900614566929134
20
0.1201587795275591
11
0.3940122047244095
21
0.114514842519685
0
LINE
8
BLACK
6
CONTINUOUS
10
0.3940122047244095
20
0.114514842519685
11
0.3941977165354331
21
0.1140929921259843
0
LINE
8
BLACK
6
CONTINUOUS
10
0.3941977165354331
20
0.1140929921259843
11
0.3940406299212598
21
0.1132027952755905
0
LINE
8
BLACK
6
CONTINUOUS
10
0.3940406299212598
20
0.1132027952755905
11
0.3933000393700787
21
0.1126844094488189
0
LINE
8
BLACK
6
CONTINUOUS
10
0.3933000393700787
20
0.1126844094488189
11
0.3924098818897638
21
0.1128414960629921
0
LINE
8
BLACK
6
CONTINUOUS
10
0.3924098818897638
20
0.1128414960629921
11
0.3920770078740157
21
0.1131602362204724
0
LINE
8
BLACK
6
CONTINUOUS
10
0.3920770078740157
20
0.1131602362204724
11
0.3871803149606299
21
0.1201554724409449
0
LINE
8
BLACK
6
CONTINUOUS
10
0.3871803149606299
20
0.1201554724409449
11
0.3852268503937008
21
0.1201554724409449
0
LINE
8
BLACK
6
CONTINUOUS
10
0.3852268503937008
20
0.1201554724409449
11
0.3852268503937008
21
0.1138375196850394
0
LINE
8
BLACK
6
CONTINUOUS
10
0.3852268503937008
20
0.1138375196850394
11
0.3851369291338583
21
0.1133855118110236
0
LINE
8
BLACK
6
CONTINUOUS
10
0.3851369291338583
20
0.1133855118110236
11
0.3844977559055118
21
0.1127463385826772
0
LINE
8
BLACK
6
CONTINUOUS
10
0.3844977559055118
20
0.1127463385826772
11
0.3835937401574803
21
0.1127463385826772
0
LINE
8
BLACK
6
CONTINUOUS
10
0.3835937401574803
20
0.1127463385826772
11
0.3829545669291339
21
0.1133855118110236
0
LINE
8
BLACK
6
CONTINUOUS
10
0.3829545669291339
20
0.1133855118110236
11
0.3828646456692913
21
0.1138375196850394
0
LINE
8
BLACK
6
CONTINUOUS
10
0.3828646456692913
20
0.1138375196850394
11
0.3828646456692913
21
0.1295855511811023
0
LINE
8
BLACK
6
CONTINUOUS
10
0.3828646456692913
20
0.1295855511811023
11
0.3829545669291339
21
0.1300375590551181
0
LINE
8
BLACK
6
CONTINUOUS
10
0.3829545669291339
20
0.1300375590551181
11
0.3835937401574803
21
0.1306767322834646
0
LINE
8
BLACK
6
CONTINUOUS
10
0.3835937401574803
20
0.1306767322834646
11
0.384045748031496
21
0.1307666535433071
0
LINE
8
BLACK
6
CONTINUOUS
10
0.384045748031496
20
0.1307666535433071
11
0.390045
21
0.1307666535433071
0
LINE
8
BLACK
6
CONTINUOUS
10
0.390045
20
0.1307666535433071
11
0.390103031496063
21
0.1307551181102362
0
LINE
8
BLACK
6
CONTINUOUS
10
0.3852268503937008
20
0.1225176771653543
11
0.3897661417322835
21
0.1225176771653543
0
LINE
8
BLACK
6
CONTINUOUS
10
0.3897661417322835
20
0.1225176771653543
11
0.390845157480315
21
0.1230572047244095
0
LINE
8
BLACK
6
CONTINUOUS
10
0.390845157480315
20
0.1230572047244095
11
0.3913239763779527
21
0.123536062992126
0
LINE
8
BLACK
6
CONTINUOUS
10
0.3913239763779527
20
0.123536062992126
11
0.3918635039370079
21
0.1246150787401575
0
LINE
8
BLACK
6
CONTINUOUS
10
0.3918635039370079
20
0.1246150787401575
11
0.3918635039370079
21
0.1263070866141732
0
LINE
8
BLACK
6
CONTINUOUS
10
0.3918635039370079
20
0.1263070866141732
11
0.3913239763779527
21
0.1273861023622047
0
LINE
8
BLACK
6
CONTINUOUS
10
0.3913239763779527
20
0.1273861023622047
11
0.390845157480315
21
0.1278649606299213
0
LINE
8
BLACK
6
CONTINUOUS
10
0.390845157480315
20
0.1278649606299213
11
0.3897661417322835
21
0.1284044488188976
0
LINE
8
BLACK
6
CONTINUOUS
10
0.3897661417322835
20
0.1284044488188976
11
0.3852268503937008
21
0.1284044488188976
0
LINE
8
BLACK
6
CONTINUOUS
10
0.3852268503937008
20
0.1284044488188976
11
0.3852268503937008
21
0.1225176771653543
0
LINE
8
BLACK
6
CONTINUOUS
10
0.4035672440944882
20
0.1312276771653543
11
0.4039714960629921
21
0.1304191732283465
0
LINE
8
BLACK
6
CONTINUOUS
10
0.4039714960629921
20
0.1304191732283465
11
0.4039138582677165
21
0.1299619291338583
0
LINE
8
BLACK
6
CONTINUOUS
10
0.4039138582677165
20
0.1299619291338583
11
0.4006825196850394
21
0.1202679527559055
0
LINE
8
BLACK
6
CONTINUOUS
10
0.4006825196850394
20
0.1202679527559055
11
0.4053618110236221
21
0.1202679527559055
0
LINE
8
BLACK
6
CONTINUOUS
10
0.4053618110236221
20
0.1202679527559055
11
0.4053618110236221
21
0.1243362204724409
0
LINE
8
BLACK
6
CONTINUOUS
10
0.4053618110236221
20
0.1243362204724409
11
0.4054517322834645
21
0.1247882283464567
0
LINE
8
BLACK
6
CONTINUOUS
10
0.4054517322834645
20
0.1247882283464567
11
0.406090905511811
21
0.1254274015748031
0
LINE
8
BLACK
6
CONTINUOUS
10
0.406090905511811
20
0.1254274015748031
11
0.4069949212598425
21
0.1254274015748031
0
LINE
8
BLACK
6
CONTINUOUS
10
0.4069949212598425
20
0.1254274015748031
11
0.407634094488189
21
0.1247882283464567
0
LINE
8
BLACK
6
CONTINUOUS
10
0.407634094488189
20
0.1247882283464567
11
0.4077240157480315
21
0.1243362204724409
0
LINE
8
BLACK
6
CONTINUOUS
10
0.4077240157480315
20
0.1243362204724409
11
0.4077240157480315
21
0.1202679527559055
0
LINE
8
BLACK
6
CONTINUOUS
10
0.4077240157480315
20
0.1202679527559055
11
0.4087926377952756
21
0.1202679527559055
0
LINE
8
BLACK
6
CONTINUOUS
10
0.4087926377952756
20
0.1202679527559055
11
0.4092446456692913
21
0.120178031496063
0
LINE
8
BLACK
6
CONTINUOUS
10
0.4092446456692913
20
0.120178031496063
11
0.4098838188976378
21
0.1195388582677165
0
LINE
8
BLACK
6
CONTINUOUS
10
0.4098838188976378
20
0.1195388582677165
11
0.4098838188976378
21
0.118634842519685
0
LINE
8
BLACK
6
CONTINUOUS
10
0.4098838188976378
20
0.118634842519685
11
0.4092446456692913
21
0.1179956692913386
0
LINE
8
BLACK
6
CONTINUOUS
10
0.4092446456692913
20
0.1179956692913386
11
0.4087926377952756
21
0.1179057480314961
0
LINE
8
BLACK
6
CONTINUOUS
10
0.4087926377952756
20
0.1179057480314961
11
0.4077240157480315
21
0.1179057480314961
0
LINE
8
BLACK
6
CONTINUOUS
10
0.4077240157480315
20
0.1179057480314961
11
0.4077240157480315
21
0.1138375196850394
0
LINE
8
BLACK
6
CONTINUOUS
10
0.4077240157480315
20
0.1138375196850394
11
0.407634094488189
21
0.1133855118110236
0
LINE
8
BLACK
6
CONTINUOUS
10
0.407634094488189
20
0.1133855118110236
11
0.4069949212598425
21
0.1127463385826772
0
LINE
8
BLACK
6
CONTINUOUS
10
0.4069949212598425
20
0.1127463385826772
11
0.406090905511811
21
0.1127463385826772
0
LINE
8
BLACK
6
CONTINUOUS
10
0.406090905511811
20
0.1127463385826772
11
0.4054517322834645
21
0.1133855118110236
0
LINE
8
BLACK
6
CONTINUOUS
10
0.4054517322834645
20
0.1133855118110236
11
0.4053618110236221
21
0.1138375196850394
0
LINE
8
BLACK
6
CONTINUOUS
10
0.4053618110236221
20
0.1138375196850394
11
0.4053618110236221
21
0.1179057480314961
0
LINE
8
BLACK
6
CONTINUOUS
10
0.4053618110236221
20
0.1179057480314961
11
0.3990438582677165
21
0.1179057480314961
0
LINE
8
BLACK
6
CONTINUOUS
10
0.3990438582677165
20
0.1179057480314961
11
0.3985918503937008
21
0.1179956692913386
0
LINE
8
BLACK
6
CONTINUOUS
10
0.3985918503937008
20
0.1179956692913386
11
0.3984543700787401
21
0.1181331496062992
0
LINE
8
BLACK
6
CONTINUOUS
10
0.3984543700787401
20
0.1181331496062992
11
0.39827
21
0.1181946062992126
0
LINE
8
BLACK
6
CONTINUOUS
10
0.39827
20
0.1181946062992126
11
0.3981470866141732
21
0.1184404330708661
0
LINE
8
BLACK
6
CONTINUOUS
10
0.3981470866141732
20
0.1184404330708661
11
0.3979526771653543
21
0.118634842519685
0
LINE
8
BLACK
6
CONTINUOUS
10
0.3979526771653543
20
0.118634842519685
11
0.3979526771653543
21
0.1188292519685039
0
LINE
8
BLACK
6
CONTINUOUS
10
0.3979526771653543
20
0.1188292519685039
11
0.397865748031496
21
0.1190031102362205
0
LINE
8
BLACK
6
CONTINUOUS
10
0.397865748031496
20
0.1190031102362205
11
0.3979233858267717
21
0.1194603543307087
0
LINE
8
BLACK
6
CONTINUOUS
10
0.3979233858267717
20
0.1194603543307087
11
0.4016729133858268
21
0.130708937007874
0
LINE
8
BLACK
6
CONTINUOUS
10
0.4016729133858268
20
0.130708937007874
11
0.4019011417322835
21
0.1311092913385827
0
LINE
8
BLACK
6
CONTINUOUS
10
0.4019011417322835
20
0.1311092913385827
11
0.4027096456692913
21
0.1315135433070866
0
LINE
8
BLACK
6
CONTINUOUS
10
0.4027096456692913
20
0.1315135433070866
11
0.4035672440944882
21
0.1312276771653543
0
LINE
8
BLACK
6
CONTINUOUS
10
0.4279186614173228
20
0.1390588188976378
11
0.4289840157480315
21
0.1379934645669291
0
LINE
8
BLACK
6
CONTINUOUS
10
0.4289840157480315
20
0.1379934645669291
11
0.4291338582677166
21
0.137240157480315
0
LINE
8
BLACK
6
CONTINUOUS
10
0.4291338582677166
20
0.137240157480315
11
0.4291338582677166
21
0.104759842519685
0
LINE
8
BLACK
6
CONTINUOUS
10
0.4291338582677166
20
0.104759842519685
11
0.4289840157480315
21
0.1040065354330709
0
LINE
8
BLACK
6
CONTINUOUS
10
0.4289840157480315
20
0.1040065354330709
11
0.4279186614173228
21
0.1029411811023622
0
LINE
8
BLACK
6
CONTINUOUS
10
0.4279186614173228
20
0.1029411811023622
11
0.4271653543307086
21
0.1027913385826772
0
LINE
8
BLACK
6
CONTINUOUS
10
0.4271653543307086
20
0.1027913385826772
11
0.3641732283464567
21
0.1027913385826772
0
LINE
8
BLACK
6
CONTINUOUS
10
0.3641732283464567
20
0.1027913385826772
11
0.3634199212598425
21
0.1029411811023622
0
LINE
8
BLACK
6
CONTINUOUS
10
0.3634199212598425
20
0.1029411811023622
11
0.3623545669291339
21
0.1040065354330709
0
LINE
8
BLACK
6
CONTINUOUS
10
0.3623545669291339
20
0.1040065354330709
11
0.3622047244094488
21
0.104759842519685
0
LINE
8
BLACK
6
CONTINUOUS
10
0.3622047244094488
20
0.104759842519685
11
0.3622047244094488
21
0.137240157480315
0
LINE
8
BLACK
6
CONTINUOUS
10
0.3622047244094488
20
0.137240157480315
11
0.3623545669291339
21
0.1379934645669291
0
LINE
8
BLACK
6
CONTINUOUS
10
0.3623545669291339
20
0.1379934645669291
11
0.3634199212598425
21
0.1390588188976378
0
LINE
8
BLACK
6
CONTINUOUS
10
0.3634199212598425
20
0.1390588188976378
11
0.3641732283464567
21
0.1392086614173228
0
LINE
8
BLACK
6
CONTINUOUS
10
0.3641732283464567
20
0.1392086614173228
11
0.4271653543307086
21
0.1392086614173228
0
LINE
8
BLACK
6
CONTINUOUS
10
0.4271653543307086
20
0.1392086614173228
11
0.4279186614173228
21
0.1390588188976378
0
LINE
8
BLACK
6
CONTINUOUS
10
0.3661417322834646
20
0.1352716535433071
11
0.3661417322834646
21
0.1067283464566929
0
LINE
8
BLACK
6
CONTINUOUS
10
0.3661417322834646
20
0.1067283464566929
11
0.4251968503937008
21
0.1067283464566929
0
LINE
8
BLACK
6
CONTINUOUS
10
0.4251968503937008
20
0.1067283464566929
11
0.4251968503937008
21
0.1352716535433071
0
LINE
8
BLACK
6
CONTINUOUS
10
0.4251968503937008
20
0.1352716535433071
11
0.3661417322834646
21
0.1352716535433071
0
LINE
8
BLACK
6
CONTINUOUS
10
0.124075157480315
20
0.2850762992125984
11
0.1241529133858268
21
0.2850818110236221
0
LINE
8
BLACK
6
CONTINUOUS
10
0.1241529133858268
20
0.2850818110236221
11
0.124255157480315
21
0.2850585826771653
0
LINE
8
BLACK
6
CONTINUOUS
10
0.124255157480315
20
0.2850585826771653
11
0.1243596850393701
21
0.2850482677165354
0
LINE
8
BLACK
6
CONTINUOUS
10
0.1243596850393701
20
0.2850482677165354
11
0.1244317716535433
21
0.2850184251968504
0
LINE
8
BLACK
6
CONTINUOUS
10
0.1244317716535433
20
0.2850184251968504
11
0.1247173622047244
21
0.2849534645669291
0
LINE
8
BLACK
6
CONTINUOUS
10
0.1247173622047244
20
0.2849534645669291
11
0.1303416535433071
21
0.2830787007874015
0
LINE
8
BLACK
6
CONTINUOUS
10
0.1303416535433071
20
0.2830787007874015
11
0.1308701968503937
21
0.2828427165354331
0
LINE
8
BLACK
6
CONTINUOUS
10
0.1308701968503937
20
0.2828427165354331
11
0.1309502755905512
21
0.2827732677165354
0
LINE
8
BLACK
6
CONTINUOUS
10
0.1309502755905512
20
0.2827732677165354
11
0.1310483464566929
21
0.2827326377952756
0
LINE
8
BLACK
6
CONTINUOUS
10
0.1310483464566929
20
0.2827326377952756
11
0.1314958267716535
21
0.2823653937007874
0
LINE
8
BLACK
6
CONTINUOUS
10
0.1314958267716535
20
0.2823653937007874
11
0.1352453937007874
21
0.2786158661417323
0
LINE
8
BLACK
6
CONTINUOUS
10
0.1352453937007874
20
0.2786158661417323
11
0.1356126377952756
21
0.2781684251968504
0
LINE
8
BLACK
6
CONTINUOUS
10
0.1356126377952756
20
0.2781684251968504
11
0.1356532283464567
21
0.2780703937007874
0
LINE
8
BLACK
6
CONTINUOUS
10
0.1356532283464567
20
0.2780703937007874
11
0.1357227165354331
21
0.2779902755905512
0
LINE
8
BLACK
6
CONTINUOUS
10
0.1357227165354331
20
0.2779902755905512
11
0.1359587007874016
21
0.2774616929133858
0
LINE
8
BLACK
6
CONTINUOUS
10
0.1359587007874016
20
0.2774616929133858
11
0.1378334645669291
21
0.2718374409448819
0
LINE
8
BLACK
6
CONTINUOUS
10
0.1378334645669291
20
0.2718374409448819
11
0.1378983858267717
21
0.271551811023622
0
LINE
8
BLACK
6
CONTINUOUS
10
0.1378983858267717
20
0.271551811023622
11
0.1379282677165354
21
0.2714797244094488
0
LINE
8
BLACK
6
CONTINUOUS
10
0.1379282677165354
20
0.2714797244094488
11
0.1379385433070866
21
0.2713752755905512
0
LINE
8
BLACK
6
CONTINUOUS
10
0.1379385433070866
20
0.2713752755905512
11
0.137961811023622
21
0.2712729921259843
0
LINE
8
BLACK
6
CONTINUOUS
10
0.137961811023622
20
0.2712729921259843
11
0.1379562598425197
21
0.2711952755905512
0
LINE
8
BLACK
6
CONTINUOUS
10
0.1379562598425197
20
0.2711952755905512
11
0.137985
21
0.2709036614173228
0
LINE
8
BLACK
6
CONTINUOUS
10
0.137985
20
0.2709036614173228
11
0.137985
21
0.2671541338582677
0
LINE
8
BLACK
6
CONTINUOUS
10
0.137985
20
0.2671541338582677
11
0.1379282677165354
21
0.2665780708661417
0
LINE
8
BLACK
6
CONTINUOUS
10
0.1379282677165354
20
0.2665780708661417
11
0.1374873622047244
21
0.2655136614173229
0
LINE
8
BLACK
6
CONTINUOUS
10
0.1374873622047244
20
0.2655136614173229
11
0.1366727165354331
21
0.2646990157480315
0
LINE
8
BLACK
6
CONTINUOUS
10
0.1366727165354331
20
0.2646990157480315
11
0.1356083070866142
21
0.2642581102362205
0
LINE
8
BLACK
6
CONTINUOUS
10
0.1356083070866142
20
0.2642581102362205
11
0.1344561811023622
21
0.2642581102362205
0
LINE
8
BLACK
6
CONTINUOUS
10
0.1344561811023622
20
0.2642581102362205
11
0.1333917716535433
21
0.2646990157480315
0
LINE
8
BLACK
6
CONTINUOUS
10
0.1333917716535433
20
0.2646990157480315
11
0.132577125984252
21
0.2655136614173229
0
LINE
8
BLACK
6
CONTINUOUS
10
0.132577125984252
20
0.2655136614173229
11
0.1321362204724409
21
0.2665780708661417
0
LINE
8
BLACK
6
CONTINUOUS
10
0.1321362204724409
20
0.2665780708661417
11
0.1320794881889764
21
0.2671541338582677
0
LINE
8
BLACK
6
CONTINUOUS
10
0.1320794881889764
20
0.2671541338582677
11
0.1320794881889764
21
0.2704245275590551
0
LINE
8
BLACK
6
CONTINUOUS
10
0.1320794881889764
20
0.2704245275590551
11
0.1305766929133858
21
0.2749329133858268
0
LINE
8
BLACK
6
CONTINUOUS
10
0.1305766929133858
20
0.2749329133858268
11
0.127812874015748
21
0.2776966929133858
0
LINE
8
BLACK
6
CONTINUOUS
10
0.127812874015748
20
0.2776966929133858
11
0.1233044881889764
21
0.2791994881889764
0
LINE
8
BLACK
6
CONTINUOUS
10
0.1233044881889764
20
0.2791994881889764
11
0.0956621653543307
21
0.2791994881889764
0
LINE
8
BLACK
6
CONTINUOUS
10
0.0956621653543307
20
0.2791994881889764
11
0.0950861023622047
21
0.2792562204724409
0
LINE
8
BLACK
6
CONTINUOUS
10
0.0950861023622047
20
0.2792562204724409
11
0.0940216929133858
21
0.2796971259842519
0
LINE
8
BLACK
6
CONTINUOUS
10
0.0940216929133858
20
0.2796971259842519
11
0.0932070472440945
21
0.2805117716535433
0
LINE
8
BLACK
6
CONTINUOUS
10
0.0932070472440945
20
0.2805117716535433
11
0.0927661417322835
21
0.2815761811023622
0
LINE
8
BLACK
6
CONTINUOUS
10
0.0927661417322835
20
0.2815761811023622
11
0.0927661417322835
21
0.2827283070866142
0
LINE
8
BLACK
6
CONTINUOUS
10
0.0927661417322835
20
0.2827283070866142
11
0.0932070472440945
21
0.2837927165354331
0
LINE
8
BLACK
6
CONTINUOUS
10
0.0932070472440945
20
0.2837927165354331
11
0.0940216929133858
21
0.2846073622047244
0
LINE
8
BLACK
6
CONTINUOUS
10
0.0940216929133858
20
0.2846073622047244
11
0.0950861023622047
21
0.2850482677165354
0
LINE
8
BLACK
6
CONTINUOUS
10
0.0950861023622047
20
0.2850482677165354
11
0.0956621653543307
21
0.285105
0
LINE
8
BLACK
6
CONTINUOUS
10
0.0956621653543307
20
0.285105
11
0.1237836220472441
21
0.285105
0
LINE
8
BLACK
6
CONTINUOUS
10
0.1237836220472441
20
0.285105
11
0.124075157480315
21
0.2850762992125984
0
LINE
8
BLACK
6
CONTINUOUS
10
0.1072022834645669
20
0.3244463779527559
11
0.1072800393700787
21
0.3244518897637795
0
LINE
8
BLACK
6
CONTINUOUS
10
0.1072800393700787
20
0.3244518897637795
11
0.1073822834645669
21
0.3244286614173229
0
LINE
8
BLACK
6
CONTINUOUS
10
0.1073822834645669
20
0.3244286614173229
11
0.1074868110236221
21
0.3244183464566929
0
LINE
8
BLACK
6
CONTINUOUS
10
0.1074868110236221
20
0.3244183464566929
11
0.1075588976377953
21
0.3243885039370079
0
LINE
8
BLACK
6
CONTINUOUS
10
0.1075588976377953
20
0.3243885039370079
11
0.1078444881889764
21
0.3243235433070866
0
LINE
8
BLACK
6
CONTINUOUS
10
0.1078444881889764
20
0.3243235433070866
11
0.1134687795275591
21
0.3224487795275591
0
LINE
8
BLACK
6
CONTINUOUS
10
0.1134687795275591
20
0.3224487795275591
11
0.1139973228346457
21
0.3222127952755905
0
LINE
8
BLACK
6
CONTINUOUS
10
0.1139973228346457
20
0.3222127952755905
11
0.1140774409448819
21
0.3221433070866142
0
LINE
8
BLACK
6
CONTINUOUS
10
0.1140774409448819
20
0.3221433070866142
11
0.1141755118110236
21
0.3221026771653543
0
LINE
8
BLACK
6
CONTINUOUS
10
0.1141755118110236
20
0.3221026771653543
11
0.1146229527559055
21
0.3217354724409449
0
LINE
8
BLACK
6
CONTINUOUS
10
0.1146229527559055
20
0.3217354724409449
11
0.1320794881889764
21
0.3042789763779528
0
LINE
8
BLACK
6
CONTINUOUS
10
0.1320794881889764
20
0.3042789763779528
11
0.1320794881889764
21
0.3215223228346457
0
LINE
8
BLACK
6
CONTINUOUS
10
0.1320794881889764
20
0.3215223228346457
11
0.1321362204724409
21
0.3220983858267716
0
LINE
8
BLACK
6
CONTINUOUS
10
0.1321362204724409
20
0.3220983858267716
11
0.132577125984252
21
0.3231627952755906
0
LINE
8
BLACK
6
CONTINUOUS
10
0.132577125984252
20
0.3231627952755906
11
0.1333917716535433
21
0.3239774409448819
0
LINE
8
BLACK
6
CONTINUOUS
10
0.1333917716535433
20
0.3239774409448819
11
0.1344561811023622
21
0.3244183464566929
0
LINE
8
BLACK
6
CONTINUOUS
10
0.1344561811023622
20
0.3244183464566929
11
0.1356083070866142
21
0.3244183464566929
0
LINE
8
BLACK
6
CONTINUOUS
10
0.1356083070866142
20
0.3244183464566929
11
0.1366727165354331
21
0.3239774409448819
0
LINE
8
BLACK
6
CONTINUOUS
10
0.1366727165354331
20
0.3239774409448819
11
0.1374873622047244
21
0.3231627952755906
0
LINE
8
BLACK
6
CONTINUOUS
10
0.1374873622047244
20
0.3231627952755906
11
0.1379282677165354
21
0.3220983858267716
0
LINE
8
BLACK
6
CONTINUOUS
10
0.1379282677165354
20
0.3220983858267716
11
0.137985
21
0.3215223228346457
0
LINE
8
BLACK
6
CONTINUOUS
10
0.137985
20
0.3215223228346457
11
0.137985
21
0.2971503937007874
0
LINE
8
BLACK
6
CONTINUOUS
10
0.137985
20
0.2971503937007874
11
0.1379282677165354
21
0.2965743307086614
0
LINE
8
BLACK
6
CONTINUOUS
10
0.1379282677165354
20
0.2965743307086614
11
0.1377991338582677
21
0.2962625984251969
0
LINE
8
BLACK
6
CONTINUOUS
10
0.1377991338582677
20
0.2962625984251969
11
0.1374874015748032
21
0.2955099212598425
0
LINE
8
BLACK
6
CONTINUOUS
10
0.1374874015748032
20
0.2955099212598425
11
0.1366727165354331
21
0.2946952755905512
0
LINE
8
BLACK
6
CONTINUOUS
10
0.1366727165354331
20
0.2946952755905512
11
0.1356083070866142
21
0.2942543700787402
0
LINE
8
BLACK
6
CONTINUOUS
10
0.1356083070866142
20
0.2942543700787402
11
0.1344562204724409
21
0.2942543700787402
0
LINE
8
BLACK
6
CONTINUOUS
10
0.1344562204724409
20
0.2942543700787402
11
0.1344561811023622
21
0.2942543700787402
0
LINE
8
BLACK
6
CONTINUOUS
10
0.1344561811023622
20
0.2942543700787402
11
0.1341444094488189
21
0.2943835039370079
0
LINE
8
BLACK
6
CONTINUOUS
10
0.1341444094488189
20
0.2943835039370079
11
0.1333917716535433
21
0.2946952362204724
0
LINE
8
BLACK
6
CONTINUOUS
10
0.1333917716535433
20
0.2946952362204724
11
0.1329443307086614
21
0.2950624803149606
0
LINE
8
BLACK
6
CONTINUOUS
10
0.1329443307086614
20
0.2950624803149606
11
0.11094
21
0.3170667716535433
0
LINE
8
BLACK
6
CONTINUOUS
10
0.11094
20
0.3170667716535433
11
0.1064316141732283
21
0.3185695669291339
0
LINE
8
BLACK
6
CONTINUOUS
10
0.1064316141732283
20
0.3185695669291339
11
0.1038582677165354
21
0.3185695669291339
0
LINE
8
BLACK
6
CONTINUOUS
10
0.1038582677165354
20
0.3185695669291339
11
0.1011607874015748
21
0.3172208267716535
0
LINE
8
BLACK
6
CONTINUOUS
10
0.1011607874015748
20
0.3172208267716535
11
0.0999636614173228
21
0.3160237007874016
0
LINE
8
BLACK
6
CONTINUOUS
10
0.0999636614173228
20
0.3160237007874016
11
0.0986149212598425
21
0.313326220472441
0
LINE
8
BLACK
6
CONTINUOUS
10
0.0986149212598425
20
0.313326220472441
11
0.0986149212598425
21
0.3053464960629921
0
LINE
8
BLACK
6
CONTINUOUS
10
0.0986149212598425
20
0.3053464960629921
11
0.0999636614173228
21
0.3026490157480315
0
LINE
8
BLACK
6
CONTINUOUS
10
0.0999636614173228
20
0.3026490157480315
11
0.1014996062992126
21
0.3011130708661418
0
LINE
8
BLACK
6
CONTINUOUS
10
0.1014996062992126
20
0.3011130708661418
11
0.1018668110236221
21
0.3006656299212598
0
LINE
8
BLACK
6
CONTINUOUS
10
0.1018668110236221
20
0.3006656299212598
11
0.1023077165354331
21
0.2996012204724409
0
LINE
8
BLACK
6
CONTINUOUS
10
0.1023077165354331
20
0.2996012204724409
11
0.1023077165354331
21
0.2984491338582677
0
LINE
8
BLACK
6
CONTINUOUS
10
0.1023077165354331
20
0.2984491338582677
11
0.1018668110236221
21
0.2973847244094488
0
LINE
8
BLACK
6
CONTINUOUS
10
0.1018668110236221
20
0.2973847244094488
11
0.101052125984252
21
0.2965700393700788
0
LINE
8
BLACK
6
CONTINUOUS
10
0.101052125984252
20
0.2965700393700788
11
0.0999877165354331
21
0.2961291338582677
0
LINE
8
BLACK
6
CONTINUOUS
10
0.0999877165354331
20
0.2961291338582677
11
0.0988356299212598
21
0.2961291338582677
0
LINE
8
BLACK
6
CONTINUOUS
10
0.0988356299212598
20
0.2961291338582677
11
0.0977712204724409
21
0.2965700393700788
0
LINE
8
BLACK
6
CONTINUOUS
10
0.0977712204724409
20
0.2965700393700788
11
0.0973237795275591
21
0.2969372440944882
0
LINE
8
BLACK
6
CONTINUOUS
10
0.0973237795275591
20
0.2969372440944882
11
0.0954490157480315
21
0.2988120078740157
0
LINE
8
BLACK
6
CONTINUOUS
10
0.0954490157480315
20
0.2988120078740157
11
0.0952632283464567
21
0.2990383858267717
0
LINE
8
BLACK
6
CONTINUOUS
10
0.0952632283464567
20
0.2990383858267717
11
0.0952042519685039
21
0.2990895275590551
0
LINE
8
BLACK
6
CONTINUOUS
10
0.0952042519685039
20
0.2990895275590551
11
0.0951482677165354
21
0.2991785039370078
0
LINE
8
BLACK
6
CONTINUOUS
10
0.0951482677165354
20
0.2991785039370078
11
0.0950818110236221
21
0.2992594488188977
0
LINE
8
BLACK
6
CONTINUOUS
10
0.0950818110236221
20
0.2992594488188977
11
0.095051968503937
21
0.2993314173228346
0
LINE
8
BLACK
6
CONTINUOUS
10
0.095051968503937
20
0.2993314173228346
11
0.094895905511811
21
0.2995794094488189
0
LINE
8
BLACK
6
CONTINUOUS
10
0.094895905511811
20
0.2995794094488189
11
0.0930211417322835
21
0.303328937007874
0
LINE
8
BLACK
6
CONTINUOUS
10
0.0930211417322835
20
0.303328937007874
11
0.0928142519685039
21
0.3038695669291339
0
LINE
8
BLACK
6
CONTINUOUS
10
0.0928142519685039
20
0.3038695669291339
11
0.0928067322834646
21
0.3039753937007874
0
LINE
8
BLACK
6
CONTINUOUS
10
0.0928067322834646
20
0.3039753937007874
11
0.0927661417322835
21
0.3040733858267716
0
LINE
8
BLACK
6
CONTINUOUS
10
0.0927661417322835
20
0.3040733858267716
11
0.0927094094488189
21
0.3046494488188976
0
LINE
8
BLACK
6
CONTINUOUS
10
0.0927094094488189
20
0.3046494488188976
11
0.0927094094488189
21
0.3140232677165354
0
LINE
8
BLACK
6
CONTINUOUS
10
0.0927094094488189
20
0.3140232677165354
11
0.0927661417322835
21
0.3145993307086614
0
LINE
8
BLACK
6
CONTINUOUS
10
0.0927661417322835
20
0.3145993307086614
11
0.0928067322834646
21
0.3146973622047244
0
LINE
8
BLACK
6
CONTINUOUS
10
0.0928067322834646
20
0.3146973622047244
11
0.0928142519685039
21
0.3148031496062992
0
LINE
8
BLACK
6
CONTINUOUS
10
0.0928142519685039
20
0.3148031496062992
11
0.0930211417322835
21
0.315343779527559
0
LINE
8
BLACK
6
CONTINUOUS
10
0.0930211417322835
20
0.315343779527559
11
0.094895905511811
21
0.3190933070866142
0
LINE
8
BLACK
6
CONTINUOUS
10
0.094895905511811
20
0.3190933070866142
11
0.095051968503937
21
0.3193413385826772
0
LINE
8
BLACK
6
CONTINUOUS
10
0.095051968503937
20
0.3193413385826772
11
0.0950818110236221
21
0.3194132677165354
0
LINE
8
BLACK
6
CONTINUOUS
10
0.0950818110236221
20
0.3194132677165354
11
0.0951482677165354
21
0.319494251968504
0
LINE
8
BLACK
6
CONTINUOUS
10
0.0951482677165354
20
0.319494251968504
11
0.0952042519685039
21
0.3195831889763779
0
LINE
8
BLACK
6
CONTINUOUS
10
0.0952042519685039
20
0.3195831889763779
11
0.0952632283464567
21
0.3196343700787401
0
LINE
8
BLACK
6
CONTINUOUS
10
0.0952632283464567
20
0.3196343700787401
11
0.0954490157480315
21
0.3198607086614173
0
LINE
8
BLACK
6
CONTINUOUS
10
0.0954490157480315
20
0.3198607086614173
11
0.0973237795275591
21
0.3217354724409449
0
LINE
8
BLACK
6
CONTINUOUS
10
0.0973237795275591
20
0.3217354724409449
11
0.0975501181102362
21
0.3219212598425197
0
LINE
8
BLACK
6
CONTINUOUS
10
0.0975501181102362
20
0.3219212598425197
11
0.0976012992125984
21
0.3219802362204724
0
LINE
8
BLACK
6
CONTINUOUS
10
0.0976012992125984
20
0.3219802362204724
11
0.0976902362204724
21
0.322036220472441
0
LINE
8
BLACK
6
CONTINUOUS
10
0.0976902362204724
20
0.322036220472441
11
0.0977712204724409
21
0.3221026771653543
0
LINE
8
BLACK
6
CONTINUOUS
10
0.0977712204724409
20
0.3221026771653543
11
0.0978431496062992
21
0.3221325196850394
0
LINE
8
BLACK
6
CONTINUOUS
10
0.0978431496062992
20
0.3221325196850394
11
0.0980911811023622
21
0.3222885826771654
0
LINE
8
BLACK
6
CONTINUOUS
10
0.0980911811023622
20
0.3222885826771654
11
0.1018407086614173
21
0.3241633464566929
0
LINE
8
BLACK
6
CONTINUOUS
10
0.1018407086614173
20
0.3241633464566929
11
0.1023812992125984
21
0.3243702362204725
0
LINE
8
BLACK
6
CONTINUOUS
10
0.1023812992125984
20
0.3243702362204725
11
0.1024871653543307
21
0.3243777952755905
0
LINE
8
BLACK
6
CONTINUOUS
10
0.1024871653543307
20
0.3243777952755905
11
0.102585157480315
21
0.3244183464566929
0
LINE
8
BLACK
6
CONTINUOUS
10
0.102585157480315
20
0.3244183464566929
11
0.1031612204724409
21
0.3244750787401575
0
LINE
8
BLACK
6
CONTINUOUS
10
0.1031612204724409
20
0.3244750787401575
11
0.1069107480314961
21
0.3244750787401575
0
LINE
8
BLACK
6
CONTINUOUS
10
0.1069107480314961
20
0.3244750787401575
11
0.1072022834645669
21
0.3244463779527559
0
LINE
8
BLACK
6
CONTINUOUS
10
0.1808714173228347
20
0.4594958267716535
11
0.1819367716535433
21
0.4584304724409449
0
LINE
8
BLACK
6
CONTINUOUS
10
0.1819367716535433
20
0.4584304724409449
11
0.1820866141732284
21
0.4576771653543307
0
LINE
8
BLACK
6
CONTINUOUS
10
0.1820866141732284
20
0.4576771653543307
11
0.1820866141732284
21
0.1328740157480315
0
LINE
8
BLACK
6
CONTINUOUS
10
0.1820866141732284
20
0.1328740157480315
11
0.1819367716535433
21
0.1321207086614173
0
LINE
8
BLACK
6
CONTINUOUS
10
0.1819367716535433
20
0.1321207086614173
11
0.1808714173228347
21
0.1310553543307087
0
LINE
8
BLACK
6
CONTINUOUS
10
0.1808714173228347
20
0.1310553543307087
11
0.1801181102362205
21
0.1309055118110236
0
LINE
8
BLACK
6
CONTINUOUS
10
0.1801181102362205
20
0.1309055118110236
11
0.0206692913385827
21
0.1309055118110236
0
LINE
8
BLACK
6
CONTINUOUS
10
0.0206692913385827
20
0.1309055118110236
11
0.0199159842519685
21
0.1310553543307087
0
LINE
8
BLACK
6
CONTINUOUS
10
0.0199159842519685
20
0.1310553543307087
11
0.0188506299212598
21
0.1321207086614173
0
LINE
8
BLACK
6
CONTINUOUS
10
0.0188506299212598
20
0.1321207086614173
11
0.0187007874015748
21
0.1328740157480315
0
LINE
8
BLACK
6
CONTINUOUS
10
0.0187007874015748
20
0.1328740157480315
11
0.0187007874015748
21
0.4576771653543307
0
LINE
8
BLACK
6
CONTINUOUS
10
0.0187007874015748
20
0.4576771653543307
11
0.0188506299212598
21
0.4584304724409449
0
LINE
8
BLACK
6
CONTINUOUS
10
0.0188506299212598
20
0.4584304724409449
11
0.0199159842519685
21
0.4594958267716535
0
LINE
8
BLACK
6
CONTINUOUS
10
0.0199159842519685
20
0.4594958267716535
11
0.0206692913385827
21
0.4596456692913386
0
LINE
8
BLACK
6
CONTINUOUS
10
0.0206692913385827
20
0.4596456692913386
11
0.1801181102362205
21
0.4596456692913386
0
LINE
8
BLACK
6
CONTINUOUS
10
0.1801181102362205
20
0.4596456692913386
11
0.1808714173228347
21
0.4594958267716535
0
LINE
8
BLACK
6
CONTINUOUS
10
0.0226377952755905
20
0.4557086614173228
11
0.0226377952755905
21
0.1348425196850394
0
LINE
8
BLACK
6
CONTINUOUS
10
0.0226377952755905
20
0.1348425196850394
11
0.1781496062992126
21
0.1348425196850394
0
LINE
8
BLACK
6
CONTINUOUS
10
0.1781496062992126
20
0.1348425196850394
11
0.1781496062992126
21
0.3483905118110236
0
LINE
8
BLACK
6
CONTINUOUS
10
0.1781496062992126
20
0.3483905118110236
11
0.1511427165354331
21
0.3674872047244094
0
LINE
8
BLACK
6
CONTINUOUS
10
0.1511427165354331
20
0.3674872047244094
11
0.1506141732283464
21
0.3680444881889764
0
LINE
8
BLACK
6
CONTINUOUS
10
0.1506141732283464
20
0.3680444881889764
11
0.1505564173228346
21
0.368380905511811
0
LINE
8
BLACK
6
CONTINUOUS
10
0.1505564173228346
20
0.368380905511811
11
0.1503594094488189
21
0.3686595669291339
0
LINE
8
BLACK
6
CONTINUOUS
10
0.1503594094488189
20
0.3686595669291339
11
0.1504340157480315
21
0.3690944881889764
0
LINE
8
BLACK
6
CONTINUOUS
10
0.1504340157480315
20
0.3690944881889764
11
0.1503594094488189
21
0.3695294094488189
0
LINE
8
BLACK
6
CONTINUOUS
10
0.1503594094488189
20
0.3695294094488189
11
0.1505564173228346
21
0.3698081102362205
0
LINE
8
BLACK
6
CONTINUOUS
10
0.1505564173228346
20
0.3698081102362205
11
0.1506141732283464
21
0.3701444881889764
0
LINE
8
BLACK
6
CONTINUOUS
10
0.1506141732283464
20
0.3701444881889764
11
0.1511427165354331
21
0.3707017716535433
0
LINE
8
BLACK
6
CONTINUOUS
10
0.1511427165354331
20
0.3707017716535433
11
0.1781496062992126
21
0.3897985039370079
0
LINE
8
BLACK
6
CONTINUOUS
10
0.1781496062992126
20
0.3897985039370079
11
0.1781496062992126
21
0.4557086614173228
0
LINE
8
BLACK
6
CONTINUOUS
10
0.1781496062992126
20
0.4557086614173228
11
0.0226377952755905
21
0.4557086614173228
0
LINE
8
BLACK
6
CONTINUOUS
10
0.1556888188976378
20
0.3690944881889764
11
0.1781496062992126
21
0.3532123622047244
0
LINE
8
BLACK
6
CONTINUOUS
10
0.1781496062992126
20
0.3532123622047244
11
0.1781496062992126
21
0.3849766535433071
0
LINE
8
BLACK
6
CONTINUOUS
10
0.1781496062992126
20
0.3849766535433071
11
0.1556888188976378
21
0.3690944881889764
0
LINE
8
BLACK
6
CONTINUOUS
10
0.5358853149606299
20
0.1776472834645669
11
0.5366999606299212
21
0.1768326377952756
0
LINE
8
BLACK
6
CONTINUOUS
10
0.5366999606299212
20
0.1768326377952756
11
0.5371408661417323
21
0.1757682283464567
0
LINE
8
BLACK
6
CONTINUOUS
10
0.5371408661417323
20
0.1757682283464567
11
0.5371975984251969
21
0.1751921653543307
0
LINE
8
BLACK
6
CONTINUOUS
10
0.5371975984251969
20
0.1751921653543307
11
0.5371975984251969
21
0.152695
0
LINE
8
BLACK
6
CONTINUOUS
10
0.5371975984251969
20
0.152695
11
0.5371408661417323
21
0.152118937007874
0
LINE
8
BLACK
6
CONTINUOUS
10
0.5371408661417323
20
0.152118937007874
11
0.5366999606299212
21
0.1510545275590551
0
LINE
8
BLACK
6
CONTINUOUS
10
0.5366999606299212
20
0.1510545275590551
11
0.5358853149606299
21
0.1502398818897638
0
LINE
8
BLACK
6
CONTINUOUS
10
0.5358853149606299
20
0.1502398818897638
11
0.5348209055118111
21
0.1497989763779528
0
LINE
8
BLACK
6
CONTINUOUS
10
0.5348209055118111
20
0.1497989763779528
11
0.5336687795275591
21
0.1497989763779528
0
LINE
8
BLACK
6
CONTINUOUS
10
0.5336687795275591
20
0.1497989763779528
11
0.5326043700787402
21
0.1502398818897638
0
LINE
8
BLACK
6
CONTINUOUS
10
0.5326043700787402
20
0.1502398818897638
11
0.5317897244094488
21
0.1510545275590551
0
LINE
8
BLACK
6
CONTINUOUS
10
0.5317897244094488
20
0.1510545275590551
11
0.5313488188976377
21
0.152118937007874
0
LINE
8
BLACK
6
CONTINUOUS
10
0.5313488188976377
20
0.152118937007874
11
0.5312920866141733
21
0.152695
0
LINE
8
BLACK
6
CONTINUOUS
10
0.5312920866141733
20
0.152695
11
0.5312920866141733
21
0.1609908267716536
0
LINE
8
BLACK
6
CONTINUOUS
10
0.5312920866141733
20
0.1609908267716536
11
0.5038781102362204
21
0.1609908267716536
0
LINE
8
BLACK
6
CONTINUOUS
10
0.5038781102362204
20
0.1609908267716536
11
0.5063364960629921
21
0.1585324409448819
0
LINE
8
BLACK
6
CONTINUOUS
10
0.5063364960629921
20
0.1585324409448819
11
0.5065223228346457
21
0.158306062992126
0
LINE
8
BLACK
6
CONTINUOUS
10
0.5065223228346457
20
0.158306062992126
11
0.5065812598425197
21
0.1582549212598425
0
LINE
8
BLACK
6
CONTINUOUS
10
0.5065812598425197
20
0.1582549212598425
11
0.5066371259842519
21
0.1581661811023622
0
LINE
8
BLACK
6
CONTINUOUS
10
0.5066371259842519
20
0.1581661811023622
11
0.5067037401574803
21
0.158085
0
LINE
8
BLACK
6
CONTINUOUS
10
0.5067037401574803
20
0.158085
11
0.5067335826771654
21
0.158012874015748
0
LINE
8
BLACK
6
CONTINUOUS
10
0.5067335826771654
20
0.158012874015748
11
0.5068896062992125
21
0.1577650393700787
0
LINE
8
BLACK
6
CONTINUOUS
10
0.5068896062992125
20
0.1577650393700787
11
0.5087643700787401
21
0.1540155118110236
0
LINE
8
BLACK
6
CONTINUOUS
10
0.5087643700787401
20
0.1540155118110236
11
0.5089712598425197
21
0.1534749212598425
0
LINE
8
BLACK
6
CONTINUOUS
10
0.5089712598425197
20
0.1534749212598425
11
0.5090529133858268
21
0.1523257086614173
0
LINE
8
BLACK
6
CONTINUOUS
10
0.5090529133858268
20
0.1523257086614173
11
0.5086885826771653
21
0.1512327165354331
0
LINE
8
BLACK
6
CONTINUOUS
10
0.5086885826771653
20
0.1512327165354331
11
0.5079337401574803
21
0.1503623622047244
0
LINE
8
BLACK
6
CONTINUOUS
10
0.5079337401574803
20
0.1503623622047244
11
0.5069032283464567
21
0.1498470866141732
0
LINE
8
BLACK
6
CONTINUOUS
10
0.5069032283464567
20
0.1498470866141732
11
0.5057540157480315
21
0.1497654330708661
0
LINE
8
BLACK
6
CONTINUOUS
10
0.5057540157480315
20
0.1497654330708661
11
0.504661062992126
21
0.1501297637795276
0
LINE
8
BLACK
6
CONTINUOUS
10
0.504661062992126
20
0.1501297637795276
11
0.5037906692913385
21
0.1508846062992126
0
LINE
8
BLACK
6
CONTINUOUS
10
0.5037906692913385
20
0.1508846062992126
11
0.5034823228346457
21
0.1513744881889764
0
LINE
8
BLACK
6
CONTINUOUS
10
0.5034823228346457
20
0.1513744881889764
11
0.5018218503937008
21
0.1546954330708661
0
LINE
8
BLACK
6
CONTINUOUS
10
0.5018218503937008
20
0.1546954330708661
11
0.498617874015748
21
0.1578994094488189
0
LINE
8
BLACK
6
CONTINUOUS
10
0.498617874015748
20
0.1578994094488189
11
0.4932368503937008
21
0.1614867322834646
0
LINE
8
BLACK
6
CONTINUOUS
10
0.4932368503937008
20
0.1614867322834646
11
0.4932351574803149
21
0.1614881102362205
0
LINE
8
BLACK
6
CONTINUOUS
10
0.4932351574803149
20
0.1614881102362205
11
0.4932342913385827
21
0.1614884645669291
0
LINE
8
BLACK
6
CONTINUOUS
10
0.4932342913385827
20
0.1614884645669291
11
0.4932322440944882
21
0.1614905118110236
0
LINE
8
BLACK
6
CONTINUOUS
10
0.4932322440944882
20
0.1614905118110236
11
0.4927890157480315
21
0.1618535039370079
0
LINE
8
BLACK
6
CONTINUOUS
10
0.4927890157480315
20
0.1618535039370079
11
0.4926263385826772
21
0.1620964173228346
0
LINE
8
BLACK
6
CONTINUOUS
10
0.4926263385826772
20
0.1620964173228346
11
0.4924196456692913
21
0.1623031102362205
0
LINE
8
BLACK
6
CONTINUOUS
10
0.4924196456692913
20
0.1623031102362205
11
0.4923088976377953
21
0.1625704330708661
0
LINE
8
BLACK
6
CONTINUOUS
10
0.4923088976377953
20
0.1625704330708661
11
0.4921479527559055
21
0.1628107874015748
0
LINE
8
BLACK
6
CONTINUOUS
10
0.4921479527559055
20
0.1628107874015748
11
0.4920905905511811
21
0.1630974409448819
0
LINE
8
BLACK
6
CONTINUOUS
10
0.4920905905511811
20
0.1630974409448819
11
0.4919787401574803
21
0.1633675196850394
0
LINE
8
BLACK
6
CONTINUOUS
10
0.4919787401574803
20
0.1633675196850394
11
0.4919787401574803
21
0.1636568503937008
0
LINE
8
BLACK
6
CONTINUOUS
10
0.4919787401574803
20
0.1636568503937008
11
0.4919220078740157
21
0.1639404724409449
0
LINE
8
BLACK
6
CONTINUOUS
10
0.4919220078740157
20
0.1639404724409449
11
0.4919787401574803
21
0.1642272834645669
0
LINE
8
BLACK
6
CONTINUOUS
10
0.4919787401574803
20
0.1642272834645669
11
0.4919787401574803
21
0.1645196456692913
0
LINE
8
BLACK
6
CONTINUOUS
10
0.4919787401574803
20
0.1645196456692913
11
0.4920894488188976
21
0.1647869291338583
0
LINE
8
BLACK
6
CONTINUOUS
10
0.4920894488188976
20
0.1647869291338583
11
0.4921455905511811
21
0.1650707086614173
0
LINE
8
BLACK
6
CONTINUOUS
10
0.4921455905511811
20
0.1650707086614173
11
0.4923077559055118
21
0.1653139763779528
0
LINE
8
BLACK
6
CONTINUOUS
10
0.4923077559055118
20
0.1653139763779528
11
0.4924196456692913
21
0.1655840551181102
0
LINE
8
BLACK
6
CONTINUOUS
10
0.4924196456692913
20
0.1655840551181102
11
0.4926241732283465
21
0.1657886220472441
0
LINE
8
BLACK
6
CONTINUOUS
10
0.4926241732283465
20
0.1657886220472441
11
0.4927846850393701
21
0.1660293307086614
0
LINE
8
BLACK
6
CONTINUOUS
10
0.4927846850393701
20
0.1660293307086614
11
0.4930275590551181
21
0.1661920078740158
0
LINE
8
BLACK
6
CONTINUOUS
10
0.4930275590551181
20
0.1661920078740158
11
0.4932342913385827
21
0.1663987007874016
0
LINE
8
BLACK
6
CONTINUOUS
10
0.4932342913385827
20
0.1663987007874016
11
0.4935015748031496
21
0.1665094488188976
0
LINE
8
BLACK
6
CONTINUOUS
10
0.4935015748031496
20
0.1665094488188976
11
0.493741968503937
21
0.1666703937007874
0
LINE
8
BLACK
6
CONTINUOUS
10
0.493741968503937
20
0.1666703937007874
11
0.4940285826771653
21
0.1667277559055118
0
LINE
8
BLACK
6
CONTINUOUS
10
0.4940285826771653
20
0.1667277559055118
11
0.4942987007874016
21
0.1668396062992126
0
LINE
8
BLACK
6
CONTINUOUS
10
0.4942987007874016
20
0.1668396062992126
11
0.4948686220472441
21
0.1668957480314961
0
LINE
8
BLACK
6
CONTINUOUS
10
0.4948686220472441
20
0.1668957480314961
11
0.4948716535433071
21
0.1668963385826772
0
LINE
8
BLACK
6
CONTINUOUS
10
0.4948716535433071
20
0.1668963385826772
11
0.4948726771653543
21
0.1668961417322835
0
LINE
8
BLACK
6
CONTINUOUS
10
0.4948726771653543
20
0.1668961417322835
11
0.4948747637795275
21
0.1668963385826772
0
LINE
8
BLACK
6
CONTINUOUS
10
0.4948747637795275
20
0.1668963385826772
11
0.5312920866141733
21
0.1668963385826772
0
LINE
8
BLACK
6
CONTINUOUS
10
0.5312920866141733
20
0.1668963385826772
11
0.5312920866141733
21
0.1751921653543307
0
LINE
8
BLACK
6
CONTINUOUS
10
0.5312920866141733
20
0.1751921653543307
11
0.5313488188976377
21
0.1757682283464567
0
LINE
8
BLACK
6
CONTINUOUS
10
0.5313488188976377
20
0.1757682283464567
11
0.5317897244094488
21
0.1768326377952756
0
LINE
8
BLACK
6
CONTINUOUS
10
0.5317897244094488
20
0.1768326377952756
11
0.5326043700787402
21
0.1776472834645669
0
LINE
8
BLACK
6
CONTINUOUS
10
0.5326043700787402
20
0.1776472834645669
11
0.5336687795275591
21
0.178088188976378
0
LINE
8
BLACK
6
CONTINUOUS
10
0.5336687795275591
20
0.178088188976378
11
0.5348209055118111
21
0.178088188976378
0
LINE
8
BLACK
6
CONTINUOUS
10
0.5348209055118111
20
0.178088188976378
11
0.5358853149606299
21
0.1776472834645669
0
LINE
8
BLACK
6
CONTINUOUS
10
0.5348209055118111
20
0.2868246062992126
11
0.5358853149606299
21
0.2863837007874016
0
LINE
8
BLACK
6
CONTINUOUS
10
0.5358853149606299
20
0.2863837007874016
11
0.5366999606299212
21
0.2855690551181102
0
LINE
8
BLACK
6
CONTINUOUS
10
0.5366999606299212
20
0.2855690551181102
11
0.5371408661417323
21
0.2845046456692913
0
LINE
8
BLACK
6
CONTINUOUS
10
0.5371408661417323
20
0.2845046456692913
11
0.5371408661417323
21
0.2833525196850394
0
LINE
8
BLACK
6
CONTINUOUS
10
0.5371408661417323
20
0.2833525196850394
11
0.5366999606299212
21
0.2822881102362205
0
LINE
8
BLACK
6
CONTINUOUS
10
0.5366999606299212
20
0.2822881102362205
11
0.5358853149606299
21
0.2814734645669291
0
LINE
8
BLACK
6
CONTINUOUS
10
0.5358853149606299
20
0.2814734645669291
11
0.5348209055118111
21
0.2810325590551181
0
LINE
8
BLACK
6
CONTINUOUS
10
0.5348209055118111
20
0.2810325590551181
11
0.5342448425196851
21
0.2809758267716536
0
LINE
8
BLACK
6
CONTINUOUS
10
0.5342448425196851
20
0.2809758267716536
11
0.5143194488188976
21
0.2809758267716536
0
LINE
8
BLACK
6
CONTINUOUS
10
0.5143194488188976
20
0.2809758267716536
11
0.5120737007874016
21
0.2798529921259842
0
LINE
8
BLACK
6
CONTINUOUS
10
0.5120737007874016
20
0.2798529921259842
11
0.5109508661417322
21
0.2776072440944882
0
LINE
8
BLACK
6
CONTINUOUS
10
0.5109508661417322
20
0.2776072440944882
11
0.5109508661417322
21
0.2733770472440945
0
LINE
8
BLACK
6
CONTINUOUS
10
0.5109508661417322
20
0.2733770472440945
11
0.5122996062992126
21
0.2706795669291339
0
LINE
8
BLACK
6
CONTINUOUS
10
0.5122996062992126
20
0.2706795669291339
11
0.5129707086614174
21
0.2700084645669291
0
LINE
8
BLACK
6
CONTINUOUS
10
0.5129707086614174
20
0.2700084645669291
11
0.5342448425196851
21
0.2700084645669291
0
LINE
8
BLACK
6
CONTINUOUS
10
0.5342448425196851
20
0.2700084645669291
11
0.5348209055118111
21
0.2699517322834646
0
LINE
8
BLACK
6
CONTINUOUS
10
0.5348209055118111
20
0.2699517322834646
11
0.5358853149606299
21
0.2695108267716536
0
LINE
8
BLACK
6
CONTINUOUS
10
0.5358853149606299
20
0.2695108267716536
11
0.5366999606299212
21
0.2686961811023622
0
LINE
8
BLACK
6
CONTINUOUS
10
0.5366999606299212
20
0.2686961811023622
11
0.5371408661417323
21
0.2676317716535433
0
LINE
8
BLACK
6
CONTINUOUS
10
0.5371408661417323
20
0.2676317716535433
11
0.5371408661417323
21
0.2664796456692913
0
LINE
8
BLACK
6
CONTINUOUS
10
0.5371408661417323
20
0.2664796456692913
11
0.5366999606299212
21
0.2654152362204724
0
LINE
8
BLACK
6
CONTINUOUS
10
0.5366999606299212
20
0.2654152362204724
11
0.5358853149606299
21
0.2646005905511811
0
LINE
8
BLACK
6
CONTINUOUS
10
0.5358853149606299
20
0.2646005905511811
11
0.5348209055118111
21
0.2641596850393701
0
LINE
8
BLACK
6
CONTINUOUS
10
0.5348209055118111
20
0.2641596850393701
11
0.5342448425196851
21
0.2641029527559055
0
LINE
8
BLACK
6
CONTINUOUS
10
0.5342448425196851
20
0.2641029527559055
11
0.5244094488188976
21
0.2641029527559055
0
LINE
8
BLACK
6
CONTINUOUS
10
0.5244094488188976
20
0.2641029527559055
11
0.5244094488188976
21
0.251935748031496
0
LINE
8
BLACK
6
CONTINUOUS
10
0.5244094488188976
20
0.251935748031496
11
0.5274618897637795
21
0.2511726377952756
0
LINE
8
BLACK
6
CONTINUOUS
10
0.5274618897637795
20
0.2511726377952756
11
0.5275043700787402
21
0.2511574803149606
0
LINE
8
BLACK
6
CONTINUOUS
10
0.5275043700787402
20
0.2511574803149606
11
0.5275256299212598
21
0.2511559448818897
0
LINE
8
BLACK
6
CONTINUOUS
10
0.5275256299212598
20
0.2511559448818897
11
0.5277650393700787
21
0.2510643307086614
0
LINE
8
BLACK
6
CONTINUOUS
10
0.5277650393700787
20
0.2510643307086614
11
0.5280070078740158
21
0.250977874015748
0
LINE
8
BLACK
6
CONTINUOUS
10
0.5280070078740158
20
0.250977874015748
11
0.5280241338582677
21
0.2509651968503937
0
LINE
8
BLACK
6
CONTINUOUS
10
0.5280241338582677
20
0.2509651968503937
11
0.5280662598425196
21
0.2509490551181102
0
LINE
8
BLACK
6
CONTINUOUS
10
0.5280662598425196
20
0.2509490551181102
11
0.5318157874015748
21
0.2490742913385827
0
LINE
8
BLACK
6
CONTINUOUS
10
0.5318157874015748
20
0.2490742913385827
11
0.5320636614173229
21
0.2489182677165354
0
LINE
8
BLACK
6
CONTINUOUS
10
0.5320636614173229
20
0.2489182677165354
11
0.5321357086614174
21
0.2488884251968504
0
LINE
8
BLACK
6
CONTINUOUS
10
0.5321357086614174
20
0.2488884251968504
11
0.5322167322834646
21
0.2488219291338583
0
LINE
8
BLACK
6
CONTINUOUS
10
0.5322167322834646
20
0.2488219291338583
11
0.5323056692913386
21
0.2487659448818897
0
LINE
8
BLACK
6
CONTINUOUS
10
0.5323056692913386
20
0.2487659448818897
11
0.5323568110236221
21
0.248706968503937
0
LINE
8
BLACK
6
CONTINUOUS
10
0.5323568110236221
20
0.248706968503937
11
0.5325831496062992
21
0.2485212204724409
0
LINE
8
BLACK
6
CONTINUOUS
10
0.5325831496062992
20
0.2485212204724409
11
0.5344579527559055
21
0.2466464566929134
0
LINE
8
BLACK
6
CONTINUOUS
10
0.5344579527559055
20
0.2466464566929134
11
0.5346437007874015
21
0.2464201181102362
0
LINE
8
BLACK
6
CONTINUOUS
10
0.5346437007874015
20
0.2464201181102362
11
0.5347027559055118
21
0.2463688976377953
0
LINE
8
BLACK
6
CONTINUOUS
10
0.5347027559055118
20
0.2463688976377953
11
0.5347587401574803
21
0.2462799606299212
0
LINE
8
BLACK
6
CONTINUOUS
10
0.5347587401574803
20
0.2462799606299212
11
0.5348251968503936
21
0.2461989763779527
0
LINE
8
BLACK
6
CONTINUOUS
10
0.5348251968503936
20
0.2461989763779527
11
0.534855
21
0.2461270472440945
0
LINE
8
BLACK
6
CONTINUOUS
10
0.534855
20
0.2461270472440945
11
0.5350111023622047
21
0.2458790157480315
0
LINE
8
BLACK
6
CONTINUOUS
10
0.5350111023622047
20
0.2458790157480315
11
0.5368858661417323
21
0.2421294881889764
0
LINE
8
BLACK
6
CONTINUOUS
10
0.5368858661417323
20
0.2421294881889764
11
0.5370927559055118
21
0.2415888976377953
0
LINE
8
BLACK
6
CONTINUOUS
10
0.5370927559055118
20
0.2415888976377953
11
0.5371002755905512
21
0.241483031496063
0
LINE
8
BLACK
6
CONTINUOUS
10
0.5371002755905512
20
0.241483031496063
11
0.5371408661417323
21
0.2413850393700787
0
LINE
8
BLACK
6
CONTINUOUS
10
0.5371408661417323
20
0.2413850393700787
11
0.5371975984251969
21
0.2408089763779528
0
LINE
8
BLACK
6
CONTINUOUS
10
0.5371975984251969
20
0.2408089763779528
11
0.5371975984251969
21
0.2370594488188976
0
LINE
8
BLACK
6
CONTINUOUS
10
0.5371975984251969
20
0.2370594488188976
11
0.5371408661417323
21
0.2364833858267716
0
LINE
8
BLACK
6
CONTINUOUS
10
0.5371408661417323
20
0.2364833858267716
11
0.5371002755905512
21
0.2363854330708661
0
LINE
8
BLACK
6
CONTINUOUS
10
0.5371002755905512
20
0.2363854330708661
11
0.5370927559055118
21
0.2362795275590551
0
LINE
8
BLACK
6
CONTINUOUS
10
0.5370927559055118
20
0.2362795275590551
11
0.5368858661417323
21
0.235738937007874
0
LINE
8
BLACK
6
CONTINUOUS
10
0.5368858661417323
20
0.235738937007874
11
0.5350111023622047
21
0.2319894094488189
0
LINE
8
BLACK
6
CONTINUOUS
10
0.5350111023622047
20
0.2319894094488189
11
0.534855
21
0.2317414173228347
0
LINE
8
BLACK
6
CONTINUOUS
10
0.534855
20
0.2317414173228347
11
0.5348251968503936
21
0.2316694488188976
0
LINE
8
BLACK
6
CONTINUOUS
10
0.5348251968503936
20
0.2316694488188976
11
0.5347587401574803
21
0.2315885039370079
0
LINE
8
BLACK
6
CONTINUOUS
10
0.5347587401574803
20
0.2315885039370079
11
0.5347027559055118
21
0.2314995275590551
0
LINE
8
BLACK
6
CONTINUOUS
10
0.5347027559055118
20
0.2314995275590551
11
0.5346437007874015
21
0.2314483464566929
0
LINE
8
BLACK
6
CONTINUOUS
10
0.5346437007874015
20
0.2314483464566929
11
0.5344579527559055
21
0.231221968503937
0
LINE
8
BLACK
6
CONTINUOUS
10
0.5344579527559055
20
0.231221968503937
11
0.5325831496062992
21
0.2293472047244094
0
LINE
8
BLACK
6
CONTINUOUS
10
0.5325831496062992
20
0.2293472047244094
11
0.5323568110236221
21
0.2291614960629921
0
LINE
8
BLACK
6
CONTINUOUS
10
0.5323568110236221
20
0.2291614960629921
11
0.5323056692913386
21
0.2291024803149606
0
LINE
8
BLACK
6
CONTINUOUS
10
0.5323056692913386
20
0.2291024803149606
11
0.5322167322834646
21
0.2290465354330709
0
LINE
8
BLACK
6
CONTINUOUS
10
0.5322167322834646
20
0.2290465354330709
11
0.5321357086614174
21
0.22898
0
LINE
8
BLACK
6
CONTINUOUS
10
0.5321357086614174
20
0.22898
11
0.5320636614173229
21
0.2289501968503937
0
LINE
8
BLACK
6
CONTINUOUS
10
0.5320636614173229
20
0.2289501968503937
11
0.5318157874015748
21
0.2287941338582677
0
LINE
8
BLACK
6
CONTINUOUS
10
0.5318157874015748
20
0.2287941338582677
11
0.5280662598425196
21
0.2269193700787402
0
LINE
8
BLACK
6
CONTINUOUS
10
0.5280662598425196
20
0.2269193700787402
11
0.5280241338582677
21
0.2269032677165354
0
LINE
8
BLACK
6
CONTINUOUS
10
0.5280241338582677
20
0.2269032677165354
11
0.5280070078740158
21
0.2268905511811024
0
LINE
8
BLACK
6
CONTINUOUS
10
0.5280070078740158
20
0.2268905511811024
11
0.5277650393700787
21
0.2268041338582677
0
LINE
8
BLACK
6
CONTINUOUS
10
0.5277650393700787
20
0.2268041338582677
11
0.5275256299212598
21
0.2267124803149606
0
LINE
8
BLACK
6
CONTINUOUS
10
0.5275256299212598
20
0.2267124803149606
11
0.5275043700787402
21
0.2267109842519685
0
LINE
8
BLACK
6
CONTINUOUS
10
0.5275043700787402
20
0.2267109842519685
11
0.5274618897637795
21
0.2266957874015748
0
LINE
8
BLACK
6
CONTINUOUS
10
0.5274618897637795
20
0.2266957874015748
11
0.5244094488188976
21
0.2259326771653543
0
LINE
8
BLACK
6
CONTINUOUS
10
0.5244094488188976
20
0.2259326771653543
11
0.5244094488188976
21
0.2144404330708661
0
LINE
8
BLACK
6
CONTINUOUS
10
0.5244094488188976
20
0.2144404330708661
11
0.5274618897637795
21
0.2136773228346457
0
LINE
8
BLACK
6
CONTINUOUS
10
0.5274618897637795
20
0.2136773228346457
11
0.5275043700787402
21
0.2136621653543307
0
LINE
8
BLACK
6
CONTINUOUS
10
0.5275043700787402
20
0.2136621653543307
11
0.5275256299212598
21
0.2136606299212598
0
LINE
8
BLACK
6
CONTINUOUS
10
0.5275256299212598
20
0.2136606299212598
11
0.5277650393700787
21
0.2135690157480315
0
LINE
8
BLACK
6
CONTINUOUS
10
0.5277650393700787
20
0.2135690157480315
11
0.5280070078740158
21
0.2134825590551181
0
LINE
8
BLACK
6
CONTINUOUS
10
0.5280070078740158
20
0.2134825590551181
11
0.5280241338582677
21
0.2134698818897638
0
LINE
8
BLACK
6
CONTINUOUS
10
0.5280241338582677
20
0.2134698818897638
11
0.5280662598425196
21
0.2134537401574803
0
LINE
8
BLACK
6
CONTINUOUS
10
0.5280662598425196
20
0.2134537401574803
11
0.5318157874015748
21
0.2115789763779528
0
LINE
8
BLACK
6
CONTINUOUS
10
0.5318157874015748
20
0.2115789763779528
11
0.5320636614173229
21
0.2114229527559055
0
LINE
8
BLACK
6
CONTINUOUS
10
0.5320636614173229
20
0.2114229527559055
11
0.5321357086614174
21
0.2113931102362205
0
LINE
8
BLACK
6
CONTINUOUS
10
0.5321357086614174
20
0.2113931102362205
11
0.5322167322834646
21
0.2113266141732283
0
LINE
8
BLACK
6
CONTINUOUS
10
0.5322167322834646
20
0.2113266141732283
11
0.5323056692913386
21
0.2112706299212598
0
LINE
8
BLACK
6
CONTINUOUS
10
0.5323056692913386
20
0.2112706299212598
11
0.5323568110236221
21
0.2112116535433071
0
LINE
8
BLACK
6
CONTINUOUS
10
0.5323568110236221
20
0.2112116535433071
11
0.5325831496062992
21
0.211025905511811
0
LINE
8
BLACK
6
CONTINUOUS
10
0.5325831496062992
20
0.211025905511811
11
0.5344579527559055
21
0.2091511417322835
0
LINE
8
BLACK
6
CONTINUOUS
10
0.5344579527559055
20
0.2091511417322835
11
0.5346437007874015
21
0.2089248031496063
0
LINE
8
BLACK
6
CONTINUOUS
10
0.5346437007874015
20
0.2089248031496063
11
0.5347027559055118
21
0.2088735826771654
0
LINE
8
BLACK
6
CONTINUOUS
10
0.5347027559055118
20
0.2088735826771654
11
0.5347587401574803
21
0.2087846456692913
0
LINE
8
BLACK
6
CONTINUOUS
10
0.5347587401574803
20
0.2087846456692913
11
0.5348251968503936
21
0.2087036614173228
0
LINE
8
BLACK
6
CONTINUOUS
10
0.5348251968503936
20
0.2087036614173228
11
0.534855
21
0.2086317322834646
0
LINE
8
BLACK
6
CONTINUOUS
10
0.534855
20
0.2086317322834646
11
0.5350111023622047
21
0.2083837007874016
0
LINE
8
BLACK
6
CONTINUOUS
10
0.5350111023622047
20
0.2083837007874016
11
0.5368858661417323
21
0.2046341732283465
0
LINE
8
BLACK
6
CONTINUOUS
10
0.5368858661417323
20
0.2046341732283465
11
0.5370927559055118
21
0.2040935826771653
0
LINE
8
BLACK
6
CONTINUOUS
10
0.5370927559055118
20
0.2040935826771653
11
0.5371002755905512
21
0.2039877165354331
0
LINE
8
BLACK
6
CONTINUOUS
10
0.5371002755905512
20
0.2039877165354331
11
0.5371408661417323
21
0.2038897244094488
0
LINE
8
BLACK
6
CONTINUOUS
10
0.5371408661417323
20
0.2038897244094488
11
0.5371975984251969
21
0.2033136614173228
0
LINE
8
BLACK
6
CONTINUOUS
10
0.5371975984251969
20
0.2033136614173228
11
0.5371975984251969
21
0.1995641338582677
0
LINE
8
BLACK
6
CONTINUOUS
10
0.5371975984251969
20
0.1995641338582677
11
0.5371408661417323
21
0.1989880708661417
0
LINE
8
BLACK
6
CONTINUOUS
10
0.5371408661417323
20
0.1989880708661417
11
0.5371002755905512
21
0.1988901181102362
0
LINE
8
BLACK
6
CONTINUOUS
10
0.5371002755905512
20
0.1988901181102362
11
0.5370927559055118
21
0.1987842125984252
0
LINE
8
BLACK
6
CONTINUOUS
10
0.5370927559055118
20
0.1987842125984252
11
0.5368858661417323
21
0.1982436220472441
0
LINE
8
BLACK
6
CONTINUOUS
10
0.5368858661417323
20
0.1982436220472441
11
0.5350111023622047
21
0.194494094488189
0
LINE
8
BLACK
6
CONTINUOUS
10
0.5350111023622047
20
0.194494094488189
11
0.534855
21
0.1942461023622047
0
LINE
8
BLACK
6
CONTINUOUS
10
0.534855
20
0.1942461023622047
11
0.5348251968503936
21
0.1941741338582677
0
LINE
8
BLACK
6
CONTINUOUS
10
0.5348251968503936
20
0.1941741338582677
11
0.5347587401574803
21
0.194093188976378
0
LINE
8
BLACK
6
CONTINUOUS
10
0.5347587401574803
20
0.194093188976378
11
0.5347027559055118
21
0.1940042125984252
0
LINE
8
BLACK
6
CONTINUOUS
10
0.5347027559055118
20
0.1940042125984252
11
0.5346437007874015
21
0.193953031496063
0
LINE
8
BLACK
6
CONTINUOUS
10
0.5346437007874015
20
0.193953031496063
11
0.5344579527559055
21
0.1937266535433071
0
LINE
8
BLACK
6
CONTINUOUS
10
0.5344579527559055
20
0.1937266535433071
11
0.5325831496062992
21
0.1918518897637795
0
LINE
8
BLACK
6
CONTINUOUS
10
0.5325831496062992
20
0.1918518897637795
11
0.5323568110236221
21
0.1916661811023622
0
LINE
8
BLACK
6
CONTINUOUS
10
0.5323568110236221
20
0.1916661811023622
11
0.5323056692913386
21
0.1916071653543307
0
LINE
8
BLACK
6
CONTINUOUS
10
0.5323056692913386
20
0.1916071653543307
11
0.5322167322834646
21
0.1915512204724409
0
LINE
8
BLACK
6
CONTINUOUS
10
0.5322167322834646
20
0.1915512204724409
11
0.5321357086614174
21
0.1914846850393701
0
LINE
8
BLACK
6
CONTINUOUS
10
0.5321357086614174
20
0.1914846850393701
11
0.5320636614173229
21
0.1914548818897638
0
LINE
8
BLACK
6
CONTINUOUS
10
0.5320636614173229
20
0.1914548818897638
11
0.5318157874015748
21
0.1912988188976378
0
LINE
8
BLACK
6
CONTINUOUS
10
0.5318157874015748
20
0.1912988188976378
11
0.5280662598425196
21
0.1894240551181102
0
LINE
8
BLACK
6
CONTINUOUS
10
0.5280662598425196
20
0.1894240551181102
11
0.5280241338582677
21
0.1894079527559055
0
LINE
8
BLACK
6
CONTINUOUS
10
0.5280241338582677
20
0.1894079527559055
11
0.5280070078740158
21
0.1893952362204724
0
LINE
8
BLACK
6
CONTINUOUS
10
0.5280070078740158
20
0.1893952362204724
11
0.5277650393700787
21
0.1893088188976378
0
LINE
8
BLACK
6
CONTINUOUS
10
0.5277650393700787
20
0.1893088188976378
11
0.5275256299212598
21
0.1892171653543307
0
LINE
8
BLACK
6
CONTINUOUS
10
0.5275256299212598
20
0.1892171653543307
11
0.5275043700787402
21
0.1892156692913386
0
LINE
8
BLACK
6
CONTINUOUS
10
0.5275043700787402
20
0.1892156692913386
11
0.5274618897637795
21
0.1892004724409449
0
LINE
8
BLACK
6
CONTINUOUS
10
0.5274618897637795
20
0.1892004724409449
11
0.5199628346456693
21
0.1873257086614173
0
LINE
8
BLACK
6
CONTINUOUS
10
0.5199628346456693
20
0.1873257086614173
11
0.5198629527559055
21
0.1873109448818898
0
LINE
8
BLACK
6
CONTINUOUS
10
0.5198629527559055
20
0.1873109448818898
11
0.5198227559055117
21
0.1872942913385827
0
LINE
8
BLACK
6
CONTINUOUS
10
0.5198227559055117
20
0.1872942913385827
11
0.5196057086614173
21
0.1872729527559055
0
LINE
8
BLACK
6
CONTINUOUS
10
0.5196057086614173
20
0.1872729527559055
11
0.5193902362204724
21
0.187241062992126
0
LINE
8
BLACK
6
CONTINUOUS
10
0.5193902362204724
20
0.187241062992126
11
0.5193472047244094
21
0.1872474803149606
0
LINE
8
BLACK
6
CONTINUOUS
10
0.5193472047244094
20
0.1872474803149606
11
0.5192466929133858
21
0.1872375590551181
0
LINE
8
BLACK
6
CONTINUOUS
10
0.5192466929133858
20
0.1872375590551181
11
0.509872874015748
21
0.1872375590551181
0
LINE
8
BLACK
6
CONTINUOUS
10
0.509872874015748
20
0.1872375590551181
11
0.5097723228346457
21
0.1872474803149606
0
LINE
8
BLACK
6
CONTINUOUS
10
0.5097723228346457
20
0.1872474803149606
11
0.5097293307086614
21
0.187241062992126
0
LINE
8
BLACK
6
CONTINUOUS
10
0.5097293307086614
20
0.187241062992126
11
0.5095138188976378
21
0.1872729527559055
0
LINE
8
BLACK
6
CONTINUOUS
10
0.5095138188976378
20
0.1872729527559055
11
0.509296811023622
21
0.1872942913385827
0
LINE
8
BLACK
6
CONTINUOUS
10
0.509296811023622
20
0.1872942913385827
11
0.5092565748031496
21
0.1873109448818898
0
LINE
8
BLACK
6
CONTINUOUS
10
0.5092565748031496
20
0.1873109448818898
11
0.5091567322834646
21
0.1873257086614173
0
LINE
8
BLACK
6
CONTINUOUS
10
0.5091567322834646
20
0.1873257086614173
11
0.5016576771653544
21
0.1892004724409449
0
LINE
8
BLACK
6
CONTINUOUS
10
0.5016576771653544
20
0.1892004724409449
11
0.5016151574803149
21
0.1892156692913386
0
LINE
8
BLACK
6
CONTINUOUS
10
0.5016151574803149
20
0.1892156692913386
11
0.5015938976377953
21
0.1892171653543307
0
LINE
8
BLACK
6
CONTINUOUS
10
0.5015938976377953
20
0.1892171653543307
11
0.5013541338582677
21
0.189308937007874
0
LINE
8
BLACK
6
CONTINUOUS
10
0.5013541338582677
20
0.189308937007874
11
0.5011125590551181
21
0.1893952362204724
0
LINE
8
BLACK
6
CONTINUOUS
10
0.5011125590551181
20
0.1893952362204724
11
0.5010953937007874
21
0.1894079527559055
0
LINE
8
BLACK
6
CONTINUOUS
10
0.5010953937007874
20
0.1894079527559055
11
0.5010533070866141
21
0.1894240551181102
0
LINE
8
BLACK
6
CONTINUOUS
10
0.5010533070866141
20
0.1894240551181102
11
0.4973037795275591
21
0.1912988188976378
0
LINE
8
BLACK
6
CONTINUOUS
10
0.4973037795275591
20
0.1912988188976378
11
0.497055748031496
21
0.1914549212598425
0
LINE
8
BLACK
6
CONTINUOUS
10
0.497055748031496
20
0.1914549212598425
11
0.4969838188976378
21
0.1914847244094488
0
LINE
8
BLACK
6
CONTINUOUS
10
0.4969838188976378
20
0.1914847244094488
11
0.4969028346456693
21
0.1915512204724409
0
LINE
8
BLACK
6
CONTINUOUS
10
0.4969028346456693
20
0.1915512204724409
11
0.4968138976377953
21
0.1916071653543307
0
LINE
8
BLACK
6
CONTINUOUS
10
0.4968138976377953
20
0.1916071653543307
11
0.4967627165354331
21
0.1916661811023622
0
LINE
8
BLACK
6
CONTINUOUS
10
0.4967627165354331
20
0.1916661811023622
11
0.4965363779527559
21
0.1918519291338583
0
LINE
8
BLACK
6
CONTINUOUS
10
0.4965363779527559
20
0.1918519291338583
11
0.4946616141732283
21
0.1937266929133858
0
LINE
8
BLACK
6
CONTINUOUS
10
0.4946616141732283
20
0.1937266929133858
11
0.4944758267716535
21
0.1939530708661417
0
LINE
8
BLACK
6
CONTINUOUS
10
0.4944758267716535
20
0.1939530708661417
11
0.4944168503937008
21
0.1940042125984252
0
LINE
8
BLACK
6
CONTINUOUS
10
0.4944168503937008
20
0.1940042125984252
11
0.4943608661417322
21
0.194093188976378
0
LINE
8
BLACK
6
CONTINUOUS
10
0.4943608661417322
20
0.194093188976378
11
0.4942944094488189
21
0.1941741338582677
0
LINE
8
BLACK
6
CONTINUOUS
10
0.4942944094488189
20
0.1941741338582677
11
0.4942645669291338
21
0.1942461023622047
0
LINE
8
BLACK
6
CONTINUOUS
10
0.4942645669291338
20
0.1942461023622047
11
0.4941085039370078
21
0.194494094488189
0
LINE
8
BLACK
6
CONTINUOUS
10
0.4941085039370078
20
0.194494094488189
11
0.4922337401574803
21
0.1982436220472441
0
LINE
8
BLACK
6
CONTINUOUS
10
0.4922337401574803
20
0.1982436220472441
11
0.4920268503937008
21
0.1987842519685039
0
LINE
8
BLACK
6
CONTINUOUS
10
0.4920268503937008
20
0.1987842519685039
11
0.4920193307086614
21
0.1988900787401575
0
LINE
8
BLACK
6
CONTINUOUS
10
0.4920193307086614
20
0.1988900787401575
11
0.4919787401574803
21
0.1989880708661417
0
LINE
8
BLACK
6
CONTINUOUS
10
0.4919787401574803
20
0.1989880708661417
11
0.4919220078740157
21
0.1995641338582677
0
LINE
8
BLACK
6
CONTINUOUS
10
0.4919220078740157
20
0.1995641338582677
11
0.4919220078740157
21
0.2026574803149606
0
LINE
8
BLACK
6
CONTINUOUS
10
0.4919220078740157
20
0.2026574803149606
11
0.4909448818897638
21
0.2026574803149606
0
LINE
8
BLACK
6
CONTINUOUS
10
0.4909448818897638
20
0.2026574803149606
11
0.4901915748031496
21
0.2028073228346457
0
LINE
8
BLACK
6
CONTINUOUS
10
0.4901915748031496
20
0.2028073228346457
11
0.4891262204724409
21
0.2038726771653543
0
LINE
8
BLACK
6
CONTINUOUS
10
0.4891262204724409
20
0.2038726771653543
11
0.4889763779527559
21
0.2046259842519685
0
LINE
8
BLACK
6
CONTINUOUS
10
0.4889763779527559
20
0.2046259842519685
11
0.4889763779527559
21
0.2676181102362205
0
LINE
8
BLACK
6
CONTINUOUS
10
0.4889763779527559
20
0.2676181102362205
11
0.4891262204724409
21
0.2683714173228346
0
LINE
8
BLACK
6
CONTINUOUS
10
0.4891262204724409
20
0.2683714173228346
11
0.4901915748031496
21
0.2694367716535433
0
LINE
8
BLACK
6
CONTINUOUS
10
0.4901915748031496
20
0.2694367716535433
11
0.4909448818897638
21
0.2695866141732283
0
LINE
8
BLACK
6
CONTINUOUS
10
0.4909448818897638
20
0.2695866141732283
11
0.5062435039370079
21
0.2695866141732283
0
LINE
8
BLACK
6
CONTINUOUS
10
0.5062435039370079
20
0.2695866141732283
11
0.5053570866141732
21
0.2713594881889764
0
LINE
8
BLACK
6
CONTINUOUS
10
0.5053570866141732
20
0.2713594881889764
11
0.5051501968503936
21
0.2719001181102362
0
LINE
8
BLACK
6
CONTINUOUS
10
0.5051501968503936
20
0.2719001181102362
11
0.5051426771653543
21
0.2720059448818898
0
LINE
8
BLACK
6
CONTINUOUS
10
0.5051426771653543
20
0.2720059448818898
11
0.5051020866141732
21
0.272103937007874
0
LINE
8
BLACK
6
CONTINUOUS
10
0.5051020866141732
20
0.272103937007874
11
0.5050453543307086
21
0.27268
0
LINE
8
BLACK
6
CONTINUOUS
10
0.5050453543307086
20
0.27268
11
0.5050453543307086
21
0.2783042913385826
0
LINE
8
BLACK
6
CONTINUOUS
10
0.5050453543307086
20
0.2783042913385826
11
0.5051020866141732
21
0.2788803543307087
0
LINE
8
BLACK
6
CONTINUOUS
10
0.5051020866141732
20
0.2788803543307087
11
0.5051426771653543
21
0.2789783858267716
0
LINE
8
BLACK
6
CONTINUOUS
10
0.5051426771653543
20
0.2789783858267716
11
0.5051501968503936
21
0.2790841732283464
0
LINE
8
BLACK
6
CONTINUOUS
10
0.5051501968503936
20
0.2790841732283464
11
0.5053570866141732
21
0.2796248031496063
0
LINE
8
BLACK
6
CONTINUOUS
10
0.5053570866141732
20
0.2796248031496063
11
0.5072318503937008
21
0.2833743307086614
0
LINE
8
BLACK
6
CONTINUOUS
10
0.5072318503937008
20
0.2833743307086614
11
0.5072924803149607
21
0.2834707086614173
0
LINE
8
BLACK
6
CONTINUOUS
10
0.5072924803149607
20
0.2834707086614173
11
0.5073076377952755
21
0.2835161023622047
0
LINE
8
BLACK
6
CONTINUOUS
10
0.5073076377952755
20
0.2835161023622047
11
0.5073566535433071
21
0.2835726771653543
0
LINE
8
BLACK
6
CONTINUOUS
10
0.5073566535433071
20
0.2835726771653543
11
0.5075401968503936
21
0.2838642125984252
0
LINE
8
BLACK
6
CONTINUOUS
10
0.5075401968503936
20
0.2838642125984252
11
0.5078198818897638
21
0.2841068110236221
0
LINE
8
BLACK
6
CONTINUOUS
10
0.5078198818897638
20
0.2841068110236221
11
0.5080624803149606
21
0.2843864960629921
0
LINE
8
BLACK
6
CONTINUOUS
10
0.5080624803149606
20
0.2843864960629921
11
0.5083540157480315
21
0.2845700393700787
0
LINE
8
BLACK
6
CONTINUOUS
10
0.5083540157480315
20
0.2845700393700787
11
0.5084105905511811
21
0.2846190551181103
0
LINE
8
BLACK
6
CONTINUOUS
10
0.5084105905511811
20
0.2846190551181103
11
0.5084559842519685
21
0.2846342125984252
0
LINE
8
BLACK
6
CONTINUOUS
10
0.5084559842519685
20
0.2846342125984252
11
0.5085523622047244
21
0.284694842519685
0
LINE
8
BLACK
6
CONTINUOUS
10
0.5085523622047244
20
0.284694842519685
11
0.5123018897637795
21
0.2865696062992126
0
LINE
8
BLACK
6
CONTINUOUS
10
0.5123018897637795
20
0.2865696062992126
11
0.5128424803149606
21
0.2867764960629921
0
LINE
8
BLACK
6
CONTINUOUS
10
0.5128424803149606
20
0.2867764960629921
11
0.5129483464566928
21
0.2867840551181102
0
LINE
8
BLACK
6
CONTINUOUS
10
0.5129483464566928
20
0.2867840551181102
11
0.5130463385826771
21
0.2868246062992126
0
LINE
8
BLACK
6
CONTINUOUS
10
0.5130463385826771
20
0.2868246062992126
11
0.5136224015748031
21
0.2868813385826772
0
LINE
8
BLACK
6
CONTINUOUS
10
0.5136224015748031
20
0.2868813385826772
11
0.5342448425196851
21
0.2868813385826772
0
LINE
8
BLACK
6
CONTINUOUS
10
0.5342448425196851
20
0.2868813385826772
11
0.5348209055118111
21
0.2868246062992126
0
LINE
8
BLACK
6
CONTINUOUS
10
0.5244094488188976
20
0.2046259842519685
11
0.5242596062992125
21
0.2038726771653543
0
LINE
8
BLACK
6
CONTINUOUS
10
0.5242596062992125
20
0.2038726771653543
11
0.5231942519685039
21
0.2028073228346457
0
LINE
8
BLACK
6
CONTINUOUS
10
0.5231942519685039
20
0.2028073228346457
11
0.5224409448818897
21
0.2026574803149606
0
LINE
8
BLACK
6
CONTINUOUS
10
0.5224409448818897
20
0.2026574803149606
11
0.4978479527559055
21
0.2026574803149606
0
LINE
8
BLACK
6
CONTINUOUS
10
0.4978479527559055
20
0.2026574803149606
11
0.4978275196850394
21
0.2026166141732283
0
LINE
8
BLACK
6
CONTINUOUS
10
0.4978275196850394
20
0.2026166141732283
11
0.4978275196850394
21
0.2002611811023622
0
LINE
8
BLACK
6
CONTINUOUS
10
0.4978275196850394
20
0.2002611811023622
11
0.4991762598425197
21
0.1975637007874016
0
LINE
8
BLACK
6
CONTINUOUS
10
0.4991762598425197
20
0.1975637007874016
11
0.5003733858267716
21
0.1963665748031496
0
LINE
8
BLACK
6
CONTINUOUS
10
0.5003733858267716
20
0.1963665748031496
11
0.5034043700787402
21
0.1948511023622047
0
LINE
8
BLACK
6
CONTINUOUS
10
0.5034043700787402
20
0.1948511023622047
11
0.5102364173228346
21
0.1931430708661417
0
LINE
8
BLACK
6
CONTINUOUS
10
0.5102364173228346
20
0.1931430708661417
11
0.5188831496062992
21
0.1931430708661417
0
LINE
8
BLACK
6
CONTINUOUS
10
0.5188831496062992
20
0.1931430708661417
11
0.5257151968503937
21
0.1948511023622047
0
LINE
8
BLACK
6
CONTINUOUS
10
0.5257151968503937
20
0.1948511023622047
11
0.5287461811023622
21
0.1963666141732283
0
LINE
8
BLACK
6
CONTINUOUS
10
0.5287461811023622
20
0.1963666141732283
11
0.5299433464566929
21
0.1975637401574803
0
LINE
8
BLACK
6
CONTINUOUS
10
0.5299433464566929
20
0.1975637401574803
11
0.5312920866141733
21
0.2002611811023622
0
LINE
8
BLACK
6
CONTINUOUS
10
0.5312920866141733
20
0.2002611811023622
11
0.5312920866141733
21
0.2026166141732283
0
LINE
8
BLACK
6
CONTINUOUS
10
0.5312920866141733
20
0.2026166141732283
11
0.5299433464566929
21
0.205314094488189
0
LINE
8
BLACK
6
CONTINUOUS
10
0.5299433464566929
20
0.205314094488189
11
0.5287461811023622
21
0.2065112204724409
0
LINE
8
BLACK
6
CONTINUOUS
10
0.5287461811023622
20
0.2065112204724409
11
0.5257151968503937
21
0.2080267322834645
0
LINE
8
BLACK
6
CONTINUOUS
10
0.5257151968503937
20
0.2080267322834645
11
0.5244094488188976
21
0.2083531889763779
0
LINE
8
BLACK
6
CONTINUOUS
10
0.5244094488188976
20
0.2083531889763779
11
0.5244094488188976
21
0.2046259842519685
0
LINE
8
BLACK
6
CONTINUOUS
10
0.4929133858267716
20
0.2065944881889764
11
0.4932138976377953
21
0.2065944881889764
0
LINE
8
BLACK
6
CONTINUOUS
10
0.4932138976377953
20
0.2065944881889764
11
0.4941085039370078
21
0.2083837007874016
0
LINE
8
BLACK
6
CONTINUOUS
10
0.4941085039370078
20
0.2083837007874016
11
0.4942645669291338
21
0.2086317322834646
0
LINE
8
BLACK
6
CONTINUOUS
10
0.4942645669291338
20
0.2086317322834646
11
0.4942944094488189
21
0.2087036614173228
0
LINE
8
BLACK
6
CONTINUOUS
10
0.4942944094488189
20
0.2087036614173228
11
0.4943608661417322
21
0.2087846456692913
0
LINE
8
BLACK
6
CONTINUOUS
10
0.4943608661417322
20
0.2087846456692913
11
0.4944168503937008
21
0.2088735826771654
0
LINE
8
BLACK
6
CONTINUOUS
10
0.4944168503937008
20
0.2088735826771654
11
0.4944758267716535
21
0.2089247637795276
0
LINE
8
BLACK
6
CONTINUOUS
10
0.4944758267716535
20
0.2089247637795276
11
0.4946616141732283
21
0.2091511023622047
0
LINE
8
BLACK
6
CONTINUOUS
10
0.4946616141732283
20
0.2091511023622047
11
0.4965363779527559
21
0.2110258661417323
0
LINE
8
BLACK
6
CONTINUOUS
10
0.4965363779527559
20
0.2110258661417323
11
0.4967627165354331
21
0.2112116535433071
0
LINE
8
BLACK
6
CONTINUOUS
10
0.4967627165354331
20
0.2112116535433071
11
0.4968138976377953
21
0.2112706299212598
0
LINE
8
BLACK
6
CONTINUOUS
10
0.4968138976377953
20
0.2112706299212598
11
0.4969028346456693
21
0.2113266141732283
0
LINE
8
BLACK
6
CONTINUOUS
10
0.4969028346456693
20
0.2113266141732283
11
0.4969838188976378
21
0.2113930708661417
0
LINE
8
BLACK
6
CONTINUOUS
10
0.4969838188976378
20
0.2113930708661417
11
0.497055748031496
21
0.2114229133858268
0
LINE
8
BLACK
6
CONTINUOUS
10
0.497055748031496
20
0.2114229133858268
11
0.4973037795275591
21
0.2115789763779528
0
LINE
8
BLACK
6
CONTINUOUS
10
0.4973037795275591
20
0.2115789763779528
11
0.5010533070866141
21
0.2134537401574803
0
LINE
8
BLACK
6
CONTINUOUS
10
0.5010533070866141
20
0.2134537401574803
11
0.5010953937007874
21
0.2134698818897638
0
LINE
8
BLACK
6
CONTINUOUS
10
0.5010953937007874
20
0.2134698818897638
11
0.5011125590551181
21
0.2134825590551181
0
LINE
8
BLACK
6
CONTINUOUS
10
0.5011125590551181
20
0.2134825590551181
11
0.5013541338582677
21
0.2135688976377953
0
LINE
8
BLACK
6
CONTINUOUS
10
0.5013541338582677
20
0.2135688976377953
11
0.5015938976377953
21
0.2136606299212598
0
LINE
8
BLACK
6
CONTINUOUS
10
0.5015938976377953
20
0.2136606299212598
11
0.5016151574803149
21
0.2136621653543307
0
LINE
8
BLACK
6
CONTINUOUS
10
0.5016151574803149
20
0.2136621653543307
11
0.5016576771653544
21
0.2136773228346457
0
LINE
8
BLACK
6
CONTINUOUS
10
0.5016576771653544
20
0.2136773228346457
11
0.5091567322834646
21
0.2155520866141732
0
LINE
8
BLACK
6
CONTINUOUS
10
0.5091567322834646
20
0.2155520866141732
11
0.5092565748031496
21
0.2155668897637795
0
LINE
8
BLACK
6
CONTINUOUS
10
0.5092565748031496
20
0.2155668897637795
11
0.509296811023622
21
0.2155835039370079
0
LINE
8
BLACK
6
CONTINUOUS
10
0.509296811023622
20
0.2155835039370079
11
0.5095138188976378
21
0.2156048818897638
0
LINE
8
BLACK
6
CONTINUOUS
10
0.5095138188976378
20
0.2156048818897638
11
0.5097293307086614
21
0.2156367322834646
0
LINE
8
BLACK
6
CONTINUOUS
10
0.5097293307086614
20
0.2156367322834646
11
0.5097723228346457
21
0.2156303543307087
0
LINE
8
BLACK
6
CONTINUOUS
10
0.5097723228346457
20
0.2156303543307087
11
0.509872874015748
21
0.2156402362204724
0
LINE
8
BLACK
6
CONTINUOUS
10
0.509872874015748
20
0.2156402362204724
11
0.5192466929133858
21
0.2156402362204724
0
LINE
8
BLACK
6
CONTINUOUS
10
0.5192466929133858
20
0.2156402362204724
11
0.5193472047244094
21
0.2156303543307087
0
LINE
8
BLACK
6
CONTINUOUS
10
0.5193472047244094
20
0.2156303543307087
11
0.5193902362204724
21
0.2156367322834646
0
LINE
8
BLACK
6
CONTINUOUS
10
0.5193902362204724
20
0.2156367322834646
11
0.5196057086614173
21
0.2156048818897638
0
LINE
8
BLACK
6
CONTINUOUS
10
0.5196057086614173
20
0.2156048818897638
11
0.5198227559055117
21
0.2155835039370079
0
LINE
8
BLACK
6
CONTINUOUS
10
0.5198227559055117
20
0.2155835039370079
11
0.5198629527559055
21
0.2155668897637795
0
LINE
8
BLACK
6
CONTINUOUS
10
0.5198629527559055
20
0.2155668897637795
11
0.5199628346456693
21
0.2155520866141732
0
LINE
8
BLACK
6
CONTINUOUS
10
0.5199628346456693
20
0.2155520866141732
11
0.5204724409448819
21
0.2154246850393701
0
LINE
8
BLACK
6
CONTINUOUS
10
0.5204724409448819
20
0.2154246850393701
11
0.5204724409448819
21
0.2249484251968504
0
LINE
8
BLACK
6
CONTINUOUS
10
0.5204724409448819
20
0.2249484251968504
11
0.5199628346456693
21
0.2248210236220472
0
LINE
8
BLACK
6
CONTINUOUS
10
0.5199628346456693
20
0.2248210236220472
11
0.5198629527559055
21
0.2248062598425197
0
LINE
8
BLACK
6
CONTINUOUS
10
0.5198629527559055
20
0.2248062598425197
11
0.5198227559055117
21
0.2247896062992126
0
LINE
8
BLACK
6
CONTINUOUS
10
0.5198227559055117
20
0.2247896062992126
11
0.5196057086614173
21
0.2247682677165354
0
LINE
8
BLACK
6
CONTINUOUS
10
0.5196057086614173
20
0.2247682677165354
11
0.5193902362204724
21
0.2247363779527559
0
LINE
8
BLACK
6
CONTINUOUS
10
0.5193902362204724
20
0.2247363779527559
11
0.5193472047244094
21
0.2247427952755905
0
LINE
8
BLACK
6
CONTINUOUS
10
0.5193472047244094
20
0.2247427952755905
11
0.5192466929133858
21
0.224732874015748
0
LINE
8
BLACK
6
CONTINUOUS
10
0.5192466929133858
20
0.224732874015748
11
0.5127604330708662
21
0.224732874015748
0
LINE
8
BLACK
6
CONTINUOUS
10
0.5127604330708662
20
0.224732874015748
11
0.5124408267716535
21
0.2244132677165354
0
LINE
8
BLACK
6
CONTINUOUS
10
0.5124408267716535
20
0.2244132677165354
11
0.5122833464566929
21
0.2243080708661417
0
LINE
8
BLACK
6
CONTINUOUS
10
0.5122833464566929
20
0.2243080708661417
11
0.5121338582677165
21
0.2241920078740157
0
LINE
8
BLACK
6
CONTINUOUS
10
0.5121338582677165
20
0.2241920078740157
11
0.5106340551181102
21
0.223442125984252
0
LINE
8
BLACK
6
CONTINUOUS
10
0.5106340551181102
20
0.223442125984252
11
0.5105092519685039
21
0.2234079921259843
0
LINE
8
BLACK
6
CONTINUOUS
10
0.5105092519685039
20
0.2234079921259843
11
0.5103923228346456
21
0.2233527165354331
0
LINE
8
BLACK
6
CONTINUOUS
10
0.5103923228346456
20
0.2233527165354331
11
0.5073927165354331
21
0.2226027952755905
0
LINE
8
BLACK
6
CONTINUOUS
10
0.5073927165354331
20
0.2226027952755905
11
0.5072482283464567
21
0.2225957874015748
0
LINE
8
BLACK
6
CONTINUOUS
10
0.5072482283464567
20
0.2225957874015748
11
0.5071062598425197
21
0.2225675196850394
0
LINE
8
BLACK
6
CONTINUOUS
10
0.5071062598425197
20
0.2225675196850394
11
0.5048565354330709
21
0.2225675196850394
0
LINE
8
BLACK
6
CONTINUOUS
10
0.5048565354330709
20
0.2225675196850394
11
0.5047145275590551
21
0.2225957874015748
0
LINE
8
BLACK
6
CONTINUOUS
10
0.5047145275590551
20
0.2225957874015748
11
0.5045700787401575
21
0.2226027952755905
0
LINE
8
BLACK
6
CONTINUOUS
10
0.5045700787401575
20
0.2226027952755905
11
0.5015704330708661
21
0.2233527165354331
0
LINE
8
BLACK
6
CONTINUOUS
10
0.5015704330708661
20
0.2233527165354331
11
0.5014534645669291
21
0.2234079921259843
0
LINE
8
BLACK
6
CONTINUOUS
10
0.5014534645669291
20
0.2234079921259843
11
0.5013287007874015
21
0.223442125984252
0
LINE
8
BLACK
6
CONTINUOUS
10
0.5013287007874015
20
0.223442125984252
11
0.4998288976377953
21
0.2241920078740157
0
LINE
8
BLACK
6
CONTINUOUS
10
0.4998288976377953
20
0.2241920078740157
11
0.4996792519685039
21
0.2243081496062992
0
LINE
8
BLACK
6
CONTINUOUS
10
0.4996792519685039
20
0.2243081496062992
11
0.4995218897637795
21
0.2244132677165354
0
LINE
8
BLACK
6
CONTINUOUS
10
0.4995218897637795
20
0.2244132677165354
11
0.4980221259842519
21
0.2259130708661417
0
LINE
8
BLACK
6
CONTINUOUS
10
0.4980221259842519
20
0.2259130708661417
11
0.4979892519685039
21
0.2259622834645669
0
LINE
8
BLACK
6
CONTINUOUS
10
0.4979892519685039
20
0.2259622834645669
11
0.4979650393700787
21
0.2259743700787402
0
LINE
8
BLACK
6
CONTINUOUS
10
0.4979650393700787
20
0.2259743700787402
11
0.4978712598425197
21
0.2261388582677165
0
LINE
8
BLACK
6
CONTINUOUS
10
0.4978712598425197
20
0.2261388582677165
11
0.4977661023622047
21
0.2262962598425197
0
LINE
8
BLACK
6
CONTINUOUS
10
0.4977661023622047
20
0.2262962598425197
11
0.4977661023622047
21
0.2263233464566929
0
LINE
8
BLACK
6
CONTINUOUS
10
0.4977661023622047
20
0.2263233464566929
11
0.497736811023622
21
0.2263747244094488
0
LINE
8
BLACK
6
CONTINUOUS
10
0.497736811023622
20
0.2263747244094488
11
0.4969868897637795
21
0.2286244488188976
0
LINE
8
BLACK
6
CONTINUOUS
10
0.4969868897637795
20
0.2286244488188976
11
0.4969632283464567
21
0.2288120866141732
0
LINE
8
BLACK
6
CONTINUOUS
10
0.4969632283464567
20
0.2288120866141732
11
0.4969262598425196
21
0.2289979527559055
0
LINE
8
BLACK
6
CONTINUOUS
10
0.4969262598425196
20
0.2289979527559055
11
0.4969262598425196
21
0.2290273228346457
0
LINE
8
BLACK
6
CONTINUOUS
10
0.4969262598425196
20
0.2290273228346457
11
0.4969028346456693
21
0.2290465354330709
0
LINE
8
BLACK
6
CONTINUOUS
10
0.4969028346456693
20
0.2290465354330709
11
0.4968138976377953
21
0.2291024803149606
0
LINE
8
BLACK
6
CONTINUOUS
10
0.4968138976377953
20
0.2291024803149606
11
0.4967627165354331
21
0.2291614960629921
0
LINE
8
BLACK
6
CONTINUOUS
10
0.4967627165354331
20
0.2291614960629921
11
0.4965363779527559
21
0.2293472440944882
0
LINE
8
BLACK
6
CONTINUOUS
10
0.4965363779527559
20
0.2293472440944882
11
0.4946616141732283
21
0.2312220078740158
0
LINE
8
BLACK
6
CONTINUOUS
10
0.4946616141732283
20
0.2312220078740158
11
0.4944758267716535
21
0.2314483858267717
0
LINE
8
BLACK
6
CONTINUOUS
10
0.4944758267716535
20
0.2314483858267717
11
0.4944168503937008
21
0.2314995275590551
0
LINE
8
BLACK
6
CONTINUOUS
10
0.4944168503937008
20
0.2314995275590551
11
0.4943608661417322
21
0.2315885039370079
0
LINE
8
BLACK
6
CONTINUOUS
10
0.4943608661417322
20
0.2315885039370079
11
0.4942944094488189
21
0.2316694488188976
0
LINE
8
BLACK
6
CONTINUOUS
10
0.4942944094488189
20
0.2316694488188976
11
0.4942645669291338
21
0.2317414173228347
0
LINE
8
BLACK
6
CONTINUOUS
10
0.4942645669291338
20
0.2317414173228347
11
0.4941085039370078
21
0.2319894094488189
0
LINE
8
BLACK
6
CONTINUOUS
10
0.4941085039370078
20
0.2319894094488189
11
0.4929133858267716
21
0.2343796456692913
0
LINE
8
BLACK
6
CONTINUOUS
10
0.4929133858267716
20
0.2343796456692913
11
0.4929133858267716
21
0.2065944881889764
0
LINE
8
BLACK
6
CONTINUOUS
10
0.5034043700787402
20
0.2080267322834645
11
0.5005399212598425
21
0.2065944881889764
0
LINE
8
BLACK
6
CONTINUOUS
10
0.5005399212598425
20
0.2065944881889764
11
0.5204724409448819
21
0.2065944881889764
0
LINE
8
BLACK
6
CONTINUOUS
10
0.5204724409448819
20
0.2065944881889764
11
0.5204724409448819
21
0.2093374409448819
0
LINE
8
BLACK
6
CONTINUOUS
10
0.5204724409448819
20
0.2093374409448819
11
0.5188831496062992
21
0.2097347244094488
0
LINE
8
BLACK
6
CONTINUOUS
10
0.5188831496062992
20
0.2097347244094488
11
0.5102364173228346
21
0.2097347244094488
0
LINE
8
BLACK
6
CONTINUOUS
10
0.5102364173228346
20
0.2097347244094488
11
0.5034043700787402
21
0.2080267322834645
0
LINE
8
BLACK
6
CONTINUOUS
10
0.4998895669291338
20
0.2273862598425197
11
0.5010567322834646
21
0.2262191338582677
0
LINE
8
BLACK
6
CONTINUOUS
10
0.5010567322834646
20
0.2262191338582677
11
0.5022691338582677
21
0.2256129527559055
0
LINE
8
BLACK
6
CONTINUOUS
10
0.5022691338582677
20
0.2256129527559055
11
0.5050018897637795
21
0.2249297244094488
0
LINE
8
BLACK
6
CONTINUOUS
10
0.5050018897637795
20
0.2249297244094488
11
0.5069609055118111
21
0.2249297244094488
0
LINE
8
BLACK
6
CONTINUOUS
10
0.5069609055118111
20
0.2249297244094488
11
0.5078413779527559
21
0.2251498818897638
0
LINE
8
BLACK
6
CONTINUOUS
10
0.5078413779527559
20
0.2251498818897638
11
0.5016576771653544
21
0.2266957874015748
0
LINE
8
BLACK
6
CONTINUOUS
10
0.5016576771653544
20
0.2266957874015748
11
0.5016151574803149
21
0.2267109842519685
0
LINE
8
BLACK
6
CONTINUOUS
10
0.5016151574803149
20
0.2267109842519685
11
0.5015938976377953
21
0.2267124803149606
0
LINE
8
BLACK
6
CONTINUOUS
10
0.5015938976377953
20
0.2267124803149606
11
0.5013541338582677
21
0.2268042519685039
0
LINE
8
BLACK
6
CONTINUOUS
10
0.5013541338582677
20
0.2268042519685039
11
0.5011125590551181
21
0.2268905511811024
0
LINE
8
BLACK
6
CONTINUOUS
10
0.5011125590551181
20
0.2268905511811024
11
0.5010953937007874
21
0.2269032677165354
0
LINE
8
BLACK
6
CONTINUOUS
10
0.5010953937007874
20
0.2269032677165354
11
0.5010533070866141
21
0.2269193700787402
0
LINE
8
BLACK
6
CONTINUOUS
10
0.5010533070866141
20
0.2269193700787402
11
0.4998435433070866
21
0.2275242519685039
0
LINE
8
BLACK
6
CONTINUOUS
10
0.4998435433070866
20
0.2275242519685039
11
0.4998895669291338
21
0.2273862598425197
0
LINE
8
BLACK
6
CONTINUOUS
10
0.5057310236220472
20
0.2461037401574803
11
0.505287716535433
21
0.2452170472440945
0
LINE
8
BLACK
6
CONTINUOUS
10
0.505287716535433
20
0.2452170472440945
11
0.505287716535433
21
0.2432461811023622
0
LINE
8
BLACK
6
CONTINUOUS
10
0.505287716535433
20
0.2432461811023622
11
0.5052221653543307
21
0.2429168897637795
0
LINE
8
BLACK
6
CONTINUOUS
10
0.5052221653543307
20
0.2429168897637795
11
0.5052254724409448
21
0.2428677952755905
0
LINE
8
BLACK
6
CONTINUOUS
10
0.5052254724409448
20
0.2428677952755905
11
0.5052085826771654
21
0.2428485433070866
0
LINE
8
BLACK
6
CONTINUOUS
10
0.5052085826771654
20
0.2428485433070866
11
0.5051977952755905
21
0.2427941732283465
0
LINE
8
BLACK
6
CONTINUOUS
10
0.5051977952755905
20
0.2427941732283465
11
0.5049038188976378
21
0.2425002362204724
0
LINE
8
BLACK
6
CONTINUOUS
10
0.5049038188976378
20
0.2425002362204724
11
0.5046301574803149
21
0.2421874409448819
0
LINE
8
BLACK
6
CONTINUOUS
10
0.5046301574803149
20
0.2421874409448819
11
0.5045882677165354
21
0.2421846850393701
0
LINE
8
BLACK
6
CONTINUOUS
10
0.5045882677165354
20
0.2421846850393701
11
0.5045586220472441
21
0.242155
0
LINE
8
BLACK
6
CONTINUOUS
10
0.5045586220472441
20
0.242155
11
0.5041434645669292
21
0.242155
0
LINE
8
BLACK
6
CONTINUOUS
10
0.5041434645669292
20
0.242155
11
0.5037282283464567
21
0.2421273228346457
0
LINE
8
BLACK
6
CONTINUOUS
10
0.5037282283464567
20
0.2421273228346457
11
0.5036801574803149
21
0.242155
0
LINE
8
BLACK
6
CONTINUOUS
10
0.5036801574803149
20
0.242155
11
0.5036546062992125
21
0.242155
0
LINE
8
BLACK
6
CONTINUOUS
10
0.5036546062992125
20
0.242155
11
0.5036198818897638
21
0.2421897244094488
0
LINE
8
BLACK
6
CONTINUOUS
10
0.5036198818897638
20
0.2421897244094488
11
0.5033288582677166
21
0.2423573228346457
0
LINE
8
BLACK
6
CONTINUOUS
10
0.5033288582677166
20
0.2423573228346457
11
0.5010546850393701
21
0.2443472047244094
0
LINE
8
BLACK
6
CONTINUOUS
10
0.5010546850393701
20
0.2443472047244094
11
0.5003733858267716
21
0.2440065354330709
0
LINE
8
BLACK
6
CONTINUOUS
10
0.5003733858267716
20
0.2440065354330709
11
0.4992884645669291
21
0.2429216141732283
0
LINE
8
BLACK
6
CONTINUOUS
10
0.4992884645669291
20
0.2429216141732283
11
0.4992884645669291
21
0.2387467322834646
0
LINE
8
BLACK
6
CONTINUOUS
10
0.4992884645669291
20
0.2387467322834646
11
0.4991985433070866
21
0.2382947244094488
0
LINE
8
BLACK
6
CONTINUOUS
10
0.4991985433070866
20
0.2382947244094488
11
0.4985593700787401
21
0.2376555511811023
0
LINE
8
BLACK
6
CONTINUOUS
10
0.4985593700787401
20
0.2376555511811023
11
0.4978779921259842
21
0.2376555511811023
0
LINE
8
BLACK
6
CONTINUOUS
10
0.4978779921259842
20
0.2376555511811023
11
0.4991762598425197
21
0.2350590157480315
0
LINE
8
BLACK
6
CONTINUOUS
10
0.4991762598425197
20
0.2350590157480315
11
0.4996466535433071
21
0.2345886220472441
0
LINE
8
BLACK
6
CONTINUOUS
10
0.4996466535433071
20
0.2345886220472441
11
0.500059094488189
21
0.2345886220472441
0
LINE
8
BLACK
6
CONTINUOUS
10
0.500059094488189
20
0.2345886220472441
11
0.5006983464566929
21
0.2339493700787401
0
LINE
8
BLACK
6
CONTINUOUS
10
0.5006983464566929
20
0.2339493700787401
11
0.5006983464566929
21
0.2336994094488189
0
LINE
8
BLACK
6
CONTINUOUS
10
0.5006983464566929
20
0.2336994094488189
11
0.5034043700787402
21
0.2323464173228346
0
LINE
8
BLACK
6
CONTINUOUS
10
0.5034043700787402
20
0.2323464173228346
11
0.5102364173228346
21
0.2306383858267717
0
LINE
8
BLACK
6
CONTINUOUS
10
0.5102364173228346
20
0.2306383858267717
11
0.5125635433070866
21
0.2306383858267717
0
LINE
8
BLACK
6
CONTINUOUS
10
0.5125635433070866
20
0.2306383858267717
11
0.5120731102362205
21
0.2321095669291338
0
LINE
8
BLACK
6
CONTINUOUS
10
0.5120731102362205
20
0.2321095669291338
11
0.5115204330708661
21
0.2326622440944882
0
LINE
8
BLACK
6
CONTINUOUS
10
0.5115204330708661
20
0.2326622440944882
11
0.5112644094488189
21
0.2330454330708661
0
LINE
8
BLACK
6
CONTINUOUS
10
0.5112644094488189
20
0.2330454330708661
11
0.5112644094488189
21
0.2339493700787401
0
LINE
8
BLACK
6
CONTINUOUS
10
0.5112644094488189
20
0.2339493700787401
11
0.511903622047244
21
0.2345885826771653
0
LINE
8
BLACK
6
CONTINUOUS
10
0.511903622047244
20
0.2345885826771653
11
0.5128075590551181
21
0.2345885826771653
0
LINE
8
BLACK
6
CONTINUOUS
10
0.5128075590551181
20
0.2345885826771653
11
0.513190748031496
21
0.2343325590551181
0
LINE
8
BLACK
6
CONTINUOUS
10
0.513190748031496
20
0.2343325590551181
11
0.5139406692913385
21
0.2335826377952756
0
LINE
8
BLACK
6
CONTINUOUS
10
0.5139406692913385
20
0.2335826377952756
11
0.5139735039370079
21
0.2335334645669291
0
LINE
8
BLACK
6
CONTINUOUS
10
0.5139735039370079
20
0.2335334645669291
11
0.5139977559055118
21
0.2335213385826772
0
LINE
8
BLACK
6
CONTINUOUS
10
0.5139977559055118
20
0.2335213385826772
11
0.5140914566929133
21
0.233356968503937
0
LINE
8
BLACK
6
CONTINUOUS
10
0.5140914566929133
20
0.233356968503937
11
0.5141967322834645
21
0.2331994488188976
0
LINE
8
BLACK
6
CONTINUOUS
10
0.5141967322834645
20
0.2331994488188976
11
0.5141967322834645
21
0.2331723622047244
0
LINE
8
BLACK
6
CONTINUOUS
10
0.5141967322834645
20
0.2331723622047244
11
0.5142260236220473
21
0.2331209842519685
0
LINE
8
BLACK
6
CONTINUOUS
10
0.5142260236220473
20
0.2331209842519685
11
0.514975905511811
21
0.2308712992125984
0
LINE
8
BLACK
6
CONTINUOUS
10
0.514975905511811
20
0.2308712992125984
11
0.5149995669291338
21
0.2306834251968504
0
LINE
8
BLACK
6
CONTINUOUS
10
0.5149995669291338
20
0.2306834251968504
11
0.5150085433070866
21
0.2306383858267717
0
LINE
8
BLACK
6
CONTINUOUS
10
0.5150085433070866
20
0.2306383858267717
11
0.5188831496062992
21
0.2306383858267717
0
LINE
8
BLACK
6
CONTINUOUS
10
0.5188831496062992
20
0.2306383858267717
11
0.5204724409448819
21
0.2310357480314961
0
LINE
8
BLACK
6
CONTINUOUS
10
0.5204724409448819
20
0.2310357480314961
11
0.5204724409448819
21
0.2468327559055118
0
LINE
8
BLACK
6
CONTINUOUS
10
0.5204724409448819
20
0.2468327559055118
11
0.5188831496062992
21
0.2472300393700787
0
LINE
8
BLACK
6
CONTINUOUS
10
0.5188831496062992
20
0.2472300393700787
11
0.5143088582677166
21
0.2472300393700787
0
LINE
8
BLACK
6
CONTINUOUS
10
0.5143088582677166
20
0.2472300393700787
11
0.514911811023622
21
0.246024094488189
0
LINE
8
BLACK
6
CONTINUOUS
10
0.514911811023622
20
0.246024094488189
11
0.5149274015748031
21
0.2459670866141732
0
LINE
8
BLACK
6
CONTINUOUS
10
0.5149274015748031
20
0.2459670866141732
11
0.5149465748031496
21
0.2459479133858268
0
LINE
8
BLACK
6
CONTINUOUS
10
0.5149465748031496
20
0.2459479133858268
11
0.5149835039370079
21
0.245762125984252
0
LINE
8
BLACK
6
CONTINUOUS
10
0.5149835039370079
20
0.245762125984252
11
0.5150335039370079
21
0.2455796062992126
0
LINE
8
BLACK
6
CONTINUOUS
10
0.5150335039370079
20
0.2455796062992126
11
0.5150249212598426
21
0.2455539763779528
0
LINE
8
BLACK
6
CONTINUOUS
10
0.5150249212598426
20
0.2455539763779528
11
0.5150364960629921
21
0.245495905511811
0
LINE
8
BLACK
6
CONTINUOUS
10
0.5150364960629921
20
0.245495905511811
11
0.5150364960629921
21
0.2409964566929134
0
LINE
8
BLACK
6
CONTINUOUS
10
0.5150364960629921
20
0.2409964566929134
11
0.5150249212598426
21
0.2409384251968504
0
LINE
8
BLACK
6
CONTINUOUS
10
0.5150249212598426
20
0.2409384251968504
11
0.5150335039370079
21
0.2409127559055118
0
LINE
8
BLACK
6
CONTINUOUS
10
0.5150335039370079
20
0.2409127559055118
11
0.5149835039370079
21
0.2407302755905512
0
LINE
8
BLACK
6
CONTINUOUS
10
0.5149835039370079
20
0.2407302755905512
11
0.5149465748031496
21
0.2405444488188976
0
LINE
8
BLACK
6
CONTINUOUS
10
0.5149465748031496
20
0.2405444488188976
11
0.5149274015748031
21
0.2405253149606299
0
LINE
8
BLACK
6
CONTINUOUS
10
0.5149274015748031
20
0.2405253149606299
11
0.514911811023622
21
0.2404682677165354
0
LINE
8
BLACK
6
CONTINUOUS
10
0.514911811023622
20
0.2404682677165354
11
0.5141619291338583
21
0.2389684645669291
0
LINE
8
BLACK
6
CONTINUOUS
10
0.5141619291338583
20
0.2389684645669291
11
0.5140457874015748
21
0.2388188582677165
0
LINE
8
BLACK
6
CONTINUOUS
10
0.5140457874015748
20
0.2388188582677165
11
0.5139406692913385
21
0.2386614960629921
0
LINE
8
BLACK
6
CONTINUOUS
10
0.5139406692913385
20
0.2386614960629921
11
0.513190748031496
21
0.2379115748031496
0
LINE
8
BLACK
6
CONTINUOUS
10
0.513190748031496
20
0.2379115748031496
11
0.5128075590551181
21
0.2376555511811023
0
LINE
8
BLACK
6
CONTINUOUS
10
0.5128075590551181
20
0.2376555511811023
11
0.511903622047244
21
0.2376555511811023
0
LINE
8
BLACK
6
CONTINUOUS
10
0.511903622047244
20
0.2376555511811023
11
0.5112644094488189
21
0.2382947637795275
0
LINE
8
BLACK
6
CONTINUOUS
10
0.5112644094488189
20
0.2382947637795275
11
0.5112644094488189
21
0.2391987007874016
0
LINE
8
BLACK
6
CONTINUOUS
10
0.5112644094488189
20
0.2391987007874016
11
0.5115204330708661
21
0.2395818897637795
0
LINE
8
BLACK
6
CONTINUOUS
10
0.5115204330708661
20
0.2395818897637795
11
0.5121347637795276
21
0.2401962598425197
0
LINE
8
BLACK
6
CONTINUOUS
10
0.5121347637795276
20
0.2401962598425197
11
0.5126742913385827
21
0.2412752755905512
0
LINE
8
BLACK
6
CONTINUOUS
10
0.5126742913385827
20
0.2412752755905512
11
0.5126742913385827
21
0.245217125984252
0
LINE
8
BLACK
6
CONTINUOUS
10
0.5126742913385827
20
0.245217125984252
11
0.5121347637795276
21
0.2462961417322835
0
LINE
8
BLACK
6
CONTINUOUS
10
0.5121347637795276
20
0.2462961417322835
11
0.5116559842519685
21
0.2467749212598425
0
LINE
8
BLACK
6
CONTINUOUS
10
0.5116559842519685
20
0.2467749212598425
11
0.5107457086614173
21
0.2472300393700787
0
LINE
8
BLACK
6
CONTINUOUS
10
0.5107457086614173
20
0.2472300393700787
11
0.5102364173228346
21
0.2472300393700787
0
LINE
8
BLACK
6
CONTINUOUS
10
0.5102364173228346
20
0.2472300393700787
11
0.5057310236220472
21
0.2461037401574803
0
LINE
8
BLACK
6
CONTINUOUS
10
0.5244094488188976
20
0.23202
11
0.5257151968503937
21
0.2323464173228346
0
LINE
8
BLACK
6
CONTINUOUS
10
0.5257151968503937
20
0.2323464173228346
11
0.5287461811023622
21
0.2338619291338583
0
LINE
8
BLACK
6
CONTINUOUS
10
0.5287461811023622
20
0.2338619291338583
11
0.5299433464566929
21
0.2350590551181102
0
LINE
8
BLACK
6
CONTINUOUS
10
0.5299433464566929
20
0.2350590551181102
11
0.5312920866141733
21
0.2377564960629921
0
LINE
8
BLACK
6
CONTINUOUS
10
0.5312920866141733
20
0.2377564960629921
11
0.5312920866141733
21
0.2401119291338583
0
LINE
8
BLACK
6
CONTINUOUS
10
0.5312920866141733
20
0.2401119291338583
11
0.5299433464566929
21
0.2428094094488189
0
LINE
8
BLACK
6
CONTINUOUS
10
0.5299433464566929
20
0.2428094094488189
11
0.5287461811023622
21
0.2440065354330709
0
LINE
8
BLACK
6
CONTINUOUS
10
0.5287461811023622
20
0.2440065354330709
11
0.5257151968503937
21
0.2455220472440945
0
LINE
8
BLACK
6
CONTINUOUS
10
0.5257151968503937
20
0.2455220472440945
11
0.5244094488188976
21
0.2458485039370079
0
LINE
8
BLACK
6
CONTINUOUS
10
0.5244094488188976
20
0.2458485039370079
11
0.5244094488188976
21
0.23202
0
LINE
8
BLACK
6
CONTINUOUS
10
0.4929133858267716
20
0.2656496062992126
11
0.4929133858267716
21
0.243488779527559
0
LINE
8
BLACK
6
CONTINUOUS
10
0.4929133858267716
20
0.243488779527559
11
0.4941085039370078
21
0.2458790157480315
0
LINE
8
BLACK
6
CONTINUOUS
10
0.4941085039370078
20
0.2458790157480315
11
0.4942645669291338
21
0.2461270472440945
0
LINE
8
BLACK
6
CONTINUOUS
10
0.4942645669291338
20
0.2461270472440945
11
0.4942944094488189
21
0.2461989763779527
0
LINE
8
BLACK
6
CONTINUOUS
10
0.4942944094488189
20
0.2461989763779527
11
0.4943608661417322
21
0.2462799606299212
0
LINE
8
BLACK
6
CONTINUOUS
10
0.4943608661417322
20
0.2462799606299212
11
0.4944168503937008
21
0.2463688976377953
0
LINE
8
BLACK
6
CONTINUOUS
10
0.4944168503937008
20
0.2463688976377953
11
0.4944758267716535
21
0.2464200787401575
0
LINE
8
BLACK
6
CONTINUOUS
10
0.4944758267716535
20
0.2464200787401575
11
0.4946616141732283
21
0.2466464173228346
0
LINE
8
BLACK
6
CONTINUOUS
10
0.4946616141732283
20
0.2466464173228346
11
0.4965363779527559
21
0.2485211811023622
0
LINE
8
BLACK
6
CONTINUOUS
10
0.4965363779527559
20
0.2485211811023622
11
0.4967627165354331
21
0.248706968503937
0
LINE
8
BLACK
6
CONTINUOUS
10
0.4967627165354331
20
0.248706968503937
11
0.4968138976377953
21
0.2487659448818897
0
LINE
8
BLACK
6
CONTINUOUS
10
0.4968138976377953
20
0.2487659448818897
11
0.4969028346456693
21
0.2488219291338583
0
LINE
8
BLACK
6
CONTINUOUS
10
0.4969028346456693
20
0.2488219291338583
11
0.4969838188976378
21
0.2488883858267716
0
LINE
8
BLACK
6
CONTINUOUS
10
0.4969838188976378
20
0.2488883858267716
11
0.4970062204724409
21
0.2488977165354331
0
LINE
8
BLACK
6
CONTINUOUS
10
0.4970062204724409
20
0.2488977165354331
11
0.4970161811023622
21
0.2489475196850394
0
LINE
8
BLACK
6
CONTINUOUS
10
0.4970161811023622
20
0.2489475196850394
11
0.4973102755905512
21
0.2492416535433071
0
LINE
8
BLACK
6
CONTINUOUS
10
0.4973102755905512
20
0.2492416535433071
11
0.4975838188976378
21
0.2495542125984252
0
LINE
8
BLACK
6
CONTINUOUS
10
0.4975838188976378
20
0.2495542125984252
11
0.4976256299212598
21
0.2495570078740157
0
LINE
8
BLACK
6
CONTINUOUS
10
0.4976256299212598
20
0.2495570078740157
11
0.4976553543307087
21
0.2495866929133858
0
LINE
8
BLACK
6
CONTINUOUS
10
0.4976553543307087
20
0.2495866929133858
11
0.4980707874015748
21
0.2495866929133858
0
LINE
8
BLACK
6
CONTINUOUS
10
0.4980707874015748
20
0.2495866929133858
11
0.4983682283464567
21
0.2496065354330708
0
LINE
8
BLACK
6
CONTINUOUS
10
0.4983682283464567
20
0.2496065354330708
11
0.5010533070866141
21
0.2509490551181102
0
LINE
8
BLACK
6
CONTINUOUS
10
0.5010533070866141
20
0.2509490551181102
11
0.5010953937007874
21
0.2509651968503937
0
LINE
8
BLACK
6
CONTINUOUS
10
0.5010953937007874
20
0.2509651968503937
11
0.5011125590551181
21
0.250977874015748
0
LINE
8
BLACK
6
CONTINUOUS
10
0.5011125590551181
20
0.250977874015748
11
0.5013541338582677
21
0.2510642125984252
0
LINE
8
BLACK
6
CONTINUOUS
10
0.5013541338582677
20
0.2510642125984252
11
0.5015938976377953
21
0.2511559448818897
0
LINE
8
BLACK
6
CONTINUOUS
10
0.5015938976377953
20
0.2511559448818897
11
0.5016151574803149
21
0.2511574803149606
0
LINE
8
BLACK
6
CONTINUOUS
10
0.5016151574803149
20
0.2511574803149606
11
0.5016576771653544
21
0.2511726377952756
0
LINE
8
BLACK
6
CONTINUOUS
10
0.5016576771653544
20
0.2511726377952756
11
0.5091567322834646
21
0.2530474015748032
0
LINE
8
BLACK
6
CONTINUOUS
10
0.5091567322834646
20
0.2530474015748032
11
0.5092565748031496
21
0.2530622047244094
0
LINE
8
BLACK
6
CONTINUOUS
10
0.5092565748031496
20
0.2530622047244094
11
0.509296811023622
21
0.2530788188976378
0
LINE
8
BLACK
6
CONTINUOUS
10
0.509296811023622
20
0.2530788188976378
11
0.5095138188976378
21
0.2531001968503937
0
LINE
8
BLACK
6
CONTINUOUS
10
0.5095138188976378
20
0.2531001968503937
11
0.5097293307086614
21
0.2531320472440945
0
LINE
8
BLACK
6
CONTINUOUS
10
0.5097293307086614
20
0.2531320472440945
11
0.5097723228346457
21
0.2531256692913386
0
LINE
8
BLACK
6
CONTINUOUS
10
0.5097723228346457
20
0.2531256692913386
11
0.509872874015748
21
0.2531355511811024
0
LINE
8
BLACK
6
CONTINUOUS
10
0.509872874015748
20
0.2531355511811024
11
0.5192466929133858
21
0.2531355511811024
0
LINE
8
BLACK
6
CONTINUOUS
10
0.5192466929133858
20
0.2531355511811024
11
0.5193472047244094
21
0.2531256692913386
0
LINE
8
BLACK
6
CONTINUOUS
10
0.5193472047244094
20
0.2531256692913386
11
0.5193902362204724
21
0.2531320472440945
0
LINE
8
BLACK
6
CONTINUOUS
10
0.5193902362204724
20
0.2531320472440945
11
0.5196057086614173
21
0.2531001968503937
0
LINE
8
BLACK
6
CONTINUOUS
10
0.5196057086614173
20
0.2531001968503937
11
0.5198227559055117
21
0.2530788188976378
0
LINE
8
BLACK
6
CONTINUOUS
10
0.5198227559055117
20
0.2530788188976378
11
0.5198629527559055
21
0.2530622047244094
0
LINE
8
BLACK
6
CONTINUOUS
10
0.5198629527559055
20
0.2530622047244094
11
0.5199628346456693
21
0.2530474015748032
0
LINE
8
BLACK
6
CONTINUOUS
10
0.5199628346456693
20
0.2530474015748032
11
0.5204724409448819
21
0.25292
0
LINE
8
BLACK
6
CONTINUOUS
10
0.5204724409448819
20
0.25292
11
0.5204724409448819
21
0.2641029527559055
0
LINE
8
BLACK
6
CONTINUOUS
10
0.5204724409448819
20
0.2641029527559055
11
0.5079981102362204
21
0.2641029527559055
0
LINE
8
BLACK
6
CONTINUOUS
10
0.5079981102362204
20
0.2641029527559055
11
0.5074220472440945
21
0.2641596850393701
0
LINE
8
BLACK
6
CONTINUOUS
10
0.5074220472440945
20
0.2641596850393701
11
0.5063576377952755
21
0.2646005905511811
0
LINE
8
BLACK
6
CONTINUOUS
10
0.5063576377952755
20
0.2646005905511811
11
0.5055429921259842
21
0.2654152362204724
0
LINE
8
BLACK
6
CONTINUOUS
10
0.5055429921259842
20
0.2654152362204724
11
0.505445905511811
21
0.2656496062992126
0
LINE
8
BLACK
6
CONTINUOUS
10
0.505445905511811
20
0.2656496062992126
11
0.4929133858267716
21
0.2656496062992126
0
LINE
8
BLACK
6
CONTINUOUS
10
0.3998901968503937
20
0.2309455511811024
11
0.3999158661417323
21
0.230954094488189
0
LINE
8
BLACK
6
CONTINUOUS
10
0.3999158661417323
20
0.230954094488189
11
0.4000983858267717
21
0.2309041338582677
0
LINE
8
BLACK
6
CONTINUOUS
10
0.4000983858267717
20
0.2309041338582677
11
0.4002841732283465
21
0.2308671653543307
0
LINE
8
BLACK
6
CONTINUOUS
10
0.4002841732283465
20
0.2308671653543307
11
0.4003033070866142
21
0.230848031496063
0
LINE
8
BLACK
6
CONTINUOUS
10
0.4003033070866142
20
0.230848031496063
11
0.4003603937007874
21
0.2308324015748031
0
LINE
8
BLACK
6
CONTINUOUS
10
0.4003603937007874
20
0.2308324015748031
11
0.4018601968503937
21
0.2300824803149606
0
LINE
8
BLACK
6
CONTINUOUS
10
0.4018601968503937
20
0.2300824803149606
11
0.4020096456692913
21
0.2299664566929134
0
LINE
8
BLACK
6
CONTINUOUS
10
0.4020096456692913
20
0.2299664566929134
11
0.402167125984252
21
0.2298612598425197
0
LINE
8
BLACK
6
CONTINUOUS
10
0.402167125984252
20
0.2298612598425197
11
0.4029170078740157
21
0.2291113779527559
0
LINE
8
BLACK
6
CONTINUOUS
10
0.4029170078740157
20
0.2291113779527559
11
0.4030220866141732
21
0.2289541338582677
0
LINE
8
BLACK
6
CONTINUOUS
10
0.4030220866141732
20
0.2289541338582677
11
0.4031383070866142
21
0.2288043700787402
0
LINE
8
BLACK
6
CONTINUOUS
10
0.4031383070866142
20
0.2288043700787402
11
0.403888188976378
21
0.2273045669291339
0
LINE
8
BLACK
6
CONTINUOUS
10
0.403888188976378
20
0.2273045669291339
11
0.4039037795275591
21
0.2272475590551181
0
LINE
8
BLACK
6
CONTINUOUS
10
0.4039037795275591
20
0.2272475590551181
11
0.4039229527559055
21
0.2272283858267717
0
LINE
8
BLACK
6
CONTINUOUS
10
0.4039229527559055
20
0.2272283858267717
11
0.4039598818897638
21
0.2270425984251968
0
LINE
8
BLACK
6
CONTINUOUS
10
0.4039598818897638
20
0.2270425984251968
11
0.4040098818897638
21
0.2268600787401575
0
LINE
8
BLACK
6
CONTINUOUS
10
0.4040098818897638
20
0.2268600787401575
11
0.4040012992125984
21
0.2268344488188976
0
LINE
8
BLACK
6
CONTINUOUS
10
0.4040012992125984
20
0.2268344488188976
11
0.404012874015748
21
0.2267763779527559
0
LINE
8
BLACK
6
CONTINUOUS
10
0.404012874015748
20
0.2267763779527559
11
0.404012874015748
21
0.2237767322834646
0
LINE
8
BLACK
6
CONTINUOUS
10
0.404012874015748
20
0.2237767322834646
11
0.4040012992125984
21
0.2237187007874016
0
LINE
8
BLACK
6
CONTINUOUS
10
0.4040012992125984
20
0.2237187007874016
11
0.4040098818897638
21
0.223693031496063
0
LINE
8
BLACK
6
CONTINUOUS
10
0.4040098818897638
20
0.223693031496063
11
0.4039598818897638
21
0.2235105511811024
0
LINE
8
BLACK
6
CONTINUOUS
10
0.4039598818897638
20
0.2235105511811024
11
0.4039229527559055
21
0.2233247244094488
0
LINE
8
BLACK
6
CONTINUOUS
10
0.4039229527559055
20
0.2233247244094488
11
0.4039037795275591
21
0.2233055905511811
0
LINE
8
BLACK
6
CONTINUOUS
10
0.4039037795275591
20
0.2233055905511811
11
0.403888188976378
21
0.2232485433070866
0
LINE
8
BLACK
6
CONTINUOUS
10
0.403888188976378
20
0.2232485433070866
11
0.4031383070866142
21
0.2217487401574803
0
LINE
8
BLACK
6
CONTINUOUS
10
0.4031383070866142
20
0.2217487401574803
11
0.4030221653543307
21
0.2215991338582677
0
LINE
8
BLACK
6
CONTINUOUS
10
0.4030221653543307
20
0.2215991338582677
11
0.4029170472440945
21
0.2214417716535433
0
LINE
8
BLACK
6
CONTINUOUS
10
0.4029170472440945
20
0.2214417716535433
11
0.402167125984252
21
0.2206918503937008
0
LINE
8
BLACK
6
CONTINUOUS
10
0.402167125984252
20
0.2206918503937008
11
0.4020097637795276
21
0.2205867716535433
0
LINE
8
BLACK
6
CONTINUOUS
10
0.4020097637795276
20
0.2205867716535433
11
0.401860157480315
21
0.2204705905511811
0
LINE
8
BLACK
6
CONTINUOUS
10
0.401860157480315
20
0.2204705905511811
11
0.4003603543307087
21
0.2197207086614173
0
LINE
8
BLACK
6
CONTINUOUS
10
0.4003603543307087
20
0.2197207086614173
11
0.4003033070866142
21
0.2197051181102362
0
LINE
8
BLACK
6
CONTINUOUS
10
0.4003033070866142
20
0.2197051181102362
11
0.4002841732283465
21
0.2196859448818897
0
LINE
8
BLACK
6
CONTINUOUS
10
0.4002841732283465
20
0.2196859448818897
11
0.4000983464566929
21
0.2196490157480315
0
LINE
8
BLACK
6
CONTINUOUS
10
0.4000983464566929
20
0.2196490157480315
11
0.3999158661417323
21
0.2195990157480315
0
LINE
8
BLACK
6
CONTINUOUS
10
0.3999158661417323
20
0.2195990157480315
11
0.3998901968503937
21
0.2196075984251968
0
LINE
8
BLACK
6
CONTINUOUS
10
0.3998901968503937
20
0.2196075984251968
11
0.3998321653543307
21
0.2195960236220472
0
LINE
8
BLACK
6
CONTINUOUS
10
0.3998321653543307
20
0.2195960236220472
11
0.3870837401574803
21
0.2195960236220472
0
LINE
8
BLACK
6
CONTINUOUS
10
0.3870837401574803
20
0.2195960236220472
11
0.3866317322834645
21
0.2196859448818897
0
LINE
8
BLACK
6
CONTINUOUS
10
0.3866317322834645
20
0.2196859448818897
11
0.3859925590551181
21
0.2203251181102362
0
LINE
8
BLACK
6
CONTINUOUS
10
0.3859925590551181
20
0.2203251181102362
11
0.3859925590551181
21
0.2212291338582677
0
LINE
8
BLACK
6
CONTINUOUS
10
0.3859925590551181
20
0.2212291338582677
11
0.3866317322834645
21
0.2218683070866142
0
LINE
8
BLACK
6
CONTINUOUS
10
0.3866317322834645
20
0.2218683070866142
11
0.3870837401574803
21
0.2219582283464567
0
LINE
8
BLACK
6
CONTINUOUS
10
0.3870837401574803
20
0.2219582283464567
11
0.3995533464566929
21
0.2219582283464567
0
LINE
8
BLACK
6
CONTINUOUS
10
0.3995533464566929
20
0.2219582283464567
11
0.4006323622047244
21
0.2224977559055118
0
LINE
8
BLACK
6
CONTINUOUS
10
0.4006323622047244
20
0.2224977559055118
11
0.4011111417322835
21
0.2229765354330709
0
LINE
8
BLACK
6
CONTINUOUS
10
0.4011111417322835
20
0.2229765354330709
11
0.4016506692913386
21
0.2240555511811023
0
LINE
8
BLACK
6
CONTINUOUS
10
0.4016506692913386
20
0.2240555511811023
11
0.4016506692913386
21
0.2264975984251968
0
LINE
8
BLACK
6
CONTINUOUS
10
0.4016506692913386
20
0.2264975984251968
11
0.4011112204724409
21
0.2275764960629921
0
LINE
8
BLACK
6
CONTINUOUS
10
0.4011112204724409
20
0.2275764960629921
11
0.4006322834645669
21
0.2280553937007874
0
LINE
8
BLACK
6
CONTINUOUS
10
0.4006322834645669
20
0.2280553937007874
11
0.3995533070866142
21
0.2285948818897638
0
LINE
8
BLACK
6
CONTINUOUS
10
0.3995533070866142
20
0.2285948818897638
11
0.3870837401574803
21
0.2285948818897638
0
LINE
8
BLACK
6
CONTINUOUS
10
0.3870837401574803
20
0.2285948818897638
11
0.3866317322834645
21
0.2286848031496063
0
LINE
8
BLACK
6
CONTINUOUS
10
0.3866317322834645
20
0.2286848031496063
11
0.3859925590551181
21
0.2293239763779527
0
LINE
8
BLACK
6
CONTINUOUS
10
0.3859925590551181
20
0.2293239763779527
11
0.3859925590551181
21
0.2302279921259842
0
LINE
8
BLACK
6
CONTINUOUS
10
0.3859925590551181
20
0.2302279921259842
11
0.3866317322834645
21
0.2308671653543307
0
LINE
8
BLACK
6
CONTINUOUS
10
0.3866317322834645
20
0.2308671653543307
11
0.3870837401574803
21
0.2309570866141732
0
LINE
8
BLACK
6
CONTINUOUS
10
0.3870837401574803
20
0.2309570866141732
11
0.3998321653543307
21
0.2309570866141732
0
LINE
8
BLACK
6
CONTINUOUS
10
0.3998321653543307
20
0.2309570866141732
11
0.3998901968503937
21
0.2309455511811024
0
LINE
8
BLACK
6
CONTINUOUS
10
0.4039229527559055
20
0.2459760236220472
11
0.404012874015748
21
0.2455240157480315
0
LINE
8
BLACK
6
CONTINUOUS
10
0.404012874015748
20
0.2455240157480315
11
0.404012874015748
21
0.236525157480315
0
LINE
8
BLACK
6
CONTINUOUS
10
0.404012874015748
20
0.236525157480315
11
0.4039229527559055
21
0.2360731496062992
0
LINE
8
BLACK
6
CONTINUOUS
10
0.4039229527559055
20
0.2360731496062992
11
0.4032837795275591
21
0.2354339763779527
0
LINE
8
BLACK
6
CONTINUOUS
10
0.4032837795275591
20
0.2354339763779527
11
0.4023797637795276
21
0.2354339763779527
0
LINE
8
BLACK
6
CONTINUOUS
10
0.4023797637795276
20
0.2354339763779527
11
0.4017405905511811
21
0.2360731496062992
0
LINE
8
BLACK
6
CONTINUOUS
10
0.4017405905511811
20
0.2360731496062992
11
0.4016506692913386
21
0.236525157480315
0
LINE
8
BLACK
6
CONTINUOUS
10
0.4016506692913386
20
0.236525157480315
11
0.4016506692913386
21
0.2398435039370079
0
LINE
8
BLACK
6
CONTINUOUS
10
0.4016506692913386
20
0.2398435039370079
11
0.3906850393700788
21
0.2398435039370079
0
LINE
8
BLACK
6
CONTINUOUS
10
0.3906850393700788
20
0.2398435039370079
11
0.3916684251968504
21
0.2388601574803149
0
LINE
8
BLACK
6
CONTINUOUS
10
0.3916684251968504
20
0.2388601574803149
11
0.3917735433070866
21
0.2387027952755905
0
LINE
8
BLACK
6
CONTINUOUS
10
0.3917735433070866
20
0.2387027952755905
11
0.3918896850393701
21
0.238553188976378
0
LINE
8
BLACK
6
CONTINUOUS
10
0.3918896850393701
20
0.238553188976378
11
0.3926396062992126
21
0.2370533464566929
0
LINE
8
BLACK
6
CONTINUOUS
10
0.3926396062992126
20
0.2370533464566929
11
0.3927613385826771
21
0.2366088582677165
0
LINE
8
BLACK
6
CONTINUOUS
10
0.3927613385826771
20
0.2366088582677165
11
0.3924754724409449
21
0.2357513385826772
0
LINE
8
BLACK
6
CONTINUOUS
10
0.3924754724409449
20
0.2357513385826772
11
0.3916668897637795
21
0.2353470078740157
0
LINE
8
BLACK
6
CONTINUOUS
10
0.3916668897637795
20
0.2353470078740157
11
0.3908093700787402
21
0.235632874015748
0
LINE
8
BLACK
6
CONTINUOUS
10
0.3908093700787402
20
0.235632874015748
11
0.3905267716535433
21
0.2359969291338583
0
LINE
8
BLACK
6
CONTINUOUS
10
0.3905267716535433
20
0.2359969291338583
11
0.3898625590551181
21
0.2373253543307086
0
LINE
8
BLACK
6
CONTINUOUS
10
0.3898625590551181
20
0.2373253543307086
11
0.388581062992126
21
0.2386068503937008
0
LINE
8
BLACK
6
CONTINUOUS
10
0.388581062992126
20
0.2386068503937008
11
0.3864285826771653
21
0.2400418897637795
0
LINE
8
BLACK
6
CONTINUOUS
10
0.3864285826771653
20
0.2400418897637795
11
0.3861023622047244
21
0.2403674409448819
0
LINE
8
BLACK
6
CONTINUOUS
10
0.3861023622047244
20
0.2403674409448819
11
0.3860785039370079
21
0.2404866535433071
0
LINE
8
BLACK
6
CONTINUOUS
10
0.3860785039370079
20
0.2404866535433071
11
0.3859925590551181
21
0.2405725984251968
0
LINE
8
BLACK
6
CONTINUOUS
10
0.3859925590551181
20
0.2405725984251968
11
0.3859925590551181
21
0.2409164566929134
0
LINE
8
BLACK
6
CONTINUOUS
10
0.3859925590551181
20
0.2409164566929134
11
0.3859250787401575
21
0.2412538188976378
0
LINE
8
BLACK
6
CONTINUOUS
10
0.3859250787401575
20
0.2412538188976378
11
0.3859925590551181
21
0.2413550393700787
0
LINE
8
BLACK
6
CONTINUOUS
10
0.3859925590551181
20
0.2413550393700787
11
0.3859925590551181
21
0.2414766141732284
0
LINE
8
BLACK
6
CONTINUOUS
10
0.3859925590551181
20
0.2414766141732284
11
0.3862357874015748
21
0.2417198818897638
0
LINE
8
BLACK
6
CONTINUOUS
10
0.3862357874015748
20
0.2417198818897638
11
0.3864265748031496
21
0.2420059842519685
0
LINE
8
BLACK
6
CONTINUOUS
10
0.3864265748031496
20
0.2420059842519685
11
0.3865457480314961
21
0.242029842519685
0
LINE
8
BLACK
6
CONTINUOUS
10
0.3865457480314961
20
0.242029842519685
11
0.3866317322834645
21
0.2421157874015748
0
LINE
8
BLACK
6
CONTINUOUS
10
0.3866317322834645
20
0.2421157874015748
11
0.3870837401574803
21
0.2422057086614173
0
LINE
8
BLACK
6
CONTINUOUS
10
0.3870837401574803
20
0.2422057086614173
11
0.4016506692913386
21
0.2422057086614173
0
LINE
8
BLACK
6
CONTINUOUS
10
0.4016506692913386
20
0.2422057086614173
11
0.4016506692913386
21
0.2455240157480315
0
LINE
8
BLACK
6
CONTINUOUS
10
0.4016506692913386
20
0.2455240157480315
11
0.4017405905511811
21
0.2459760236220472
0
LINE
8
BLACK
6
CONTINUOUS
10
0.4017405905511811
20
0.2459760236220472
11
0.4023797637795276
21
0.2466151968503937
0
LINE
8
BLACK
6
CONTINUOUS
10
0.4023797637795276
20
0.2466151968503937
11
0.4032837795275591
21
0.2466151968503937
0
LINE
8
BLACK
6
CONTINUOUS
10
0.4032837795275591
20
0.2466151968503937
11
0.4039229527559055
21
0.2459760236220472
0
LINE
8
BLACK
6
CONTINUOUS
10
0.4305703543307087
20
0.2863837007874016
11
0.431385
21
0.2855690551181102
0
LINE
8
BLACK
6
CONTINUOUS
10
0.431385
20
0.2855690551181102
11
0.431825905511811
21
0.2845046456692913
0
LINE
8
BLACK
6
CONTINUOUS
10
0.431825905511811
20
0.2845046456692913
11
0.4318826377952756
21
0.2839285826771654
0
LINE
8
BLACK
6
CONTINUOUS
10
0.4318826377952756
20
0.2839285826771654
11
0.4318826377952756
21
0.2681337007874016
0
LINE
8
BLACK
6
CONTINUOUS
10
0.4318826377952756
20
0.2681337007874016
11
0.4447247637795276
21
0.2681337007874016
0
LINE
8
BLACK
6
CONTINUOUS
10
0.4447247637795276
20
0.2681337007874016
11
0.4447247637795276
21
0.2783042913385826
0
LINE
8
BLACK
6
CONTINUOUS
10
0.4447247637795276
20
0.2783042913385826
11
0.4447814960629921
21
0.2788803543307087
0
LINE
8
BLACK
6
CONTINUOUS
10
0.4447814960629921
20
0.2788803543307087
11
0.4452224015748031
21
0.2799447637795275
0
LINE
8
BLACK
6
CONTINUOUS
10
0.4452224015748031
20
0.2799447637795275
11
0.4460370472440945
21
0.2807594094488189
0
LINE
8
BLACK
6
CONTINUOUS
10
0.4460370472440945
20
0.2807594094488189
11
0.4471014566929134
21
0.2812003149606299
0
LINE
8
BLACK
6
CONTINUOUS
10
0.4471014566929134
20
0.2812003149606299
11
0.4482535826771654
21
0.2812003149606299
0
LINE
8
BLACK
6
CONTINUOUS
10
0.4482535826771654
20
0.2812003149606299
11
0.4493179921259842
21
0.2807594094488189
0
LINE
8
BLACK
6
CONTINUOUS
10
0.4493179921259842
20
0.2807594094488189
11
0.4501326377952756
21
0.2799447637795275
0
LINE
8
BLACK
6
CONTINUOUS
10
0.4501326377952756
20
0.2799447637795275
11
0.4505735433070866
21
0.2788803543307087
0
LINE
8
BLACK
6
CONTINUOUS
10
0.4505735433070866
20
0.2788803543307087
11
0.4506302755905512
21
0.2783042913385826
0
LINE
8
BLACK
6
CONTINUOUS
10
0.4506302755905512
20
0.2783042913385826
11
0.4506302755905512
21
0.2681337007874016
0
LINE
8
BLACK
6
CONTINUOUS
10
0.4506302755905512
20
0.2681337007874016
11
0.4682999606299212
21
0.2681337007874016
0
LINE
8
BLACK
6
CONTINUOUS
10
0.4682999606299212
20
0.2681337007874016
11
0.4688760236220472
21
0.268076968503937
0
LINE
8
BLACK
6
CONTINUOUS
10
0.4688760236220472
20
0.268076968503937
11
0.4699404330708661
21
0.267636062992126
0
LINE
8
BLACK
6
CONTINUOUS
10
0.4699404330708661
20
0.267636062992126
11
0.4707550787401575
21
0.2668214173228347
0
LINE
8
BLACK
6
CONTINUOUS
10
0.4707550787401575
20
0.2668214173228347
11
0.4711959842519685
21
0.2657570078740157
0
LINE
8
BLACK
6
CONTINUOUS
10
0.4711959842519685
20
0.2657570078740157
11
0.4711959842519685
21
0.2646048818897638
0
LINE
8
BLACK
6
CONTINUOUS
10
0.4711959842519685
20
0.2646048818897638
11
0.4707550787401575
21
0.2635404724409449
0
LINE
8
BLACK
6
CONTINUOUS
10
0.4707550787401575
20
0.2635404724409449
11
0.4699404330708661
21
0.2627258267716535
0
LINE
8
BLACK
6
CONTINUOUS
10
0.4699404330708661
20
0.2627258267716535
11
0.4688760236220472
21
0.2622849212598425
0
LINE
8
BLACK
6
CONTINUOUS
10
0.4688760236220472
20
0.2622849212598425
11
0.4682999606299212
21
0.262228188976378
0
LINE
8
BLACK
6
CONTINUOUS
10
0.4682999606299212
20
0.262228188976378
11
0.4418351968503937
21
0.262228188976378
0
LINE
8
BLACK
6
CONTINUOUS
10
0.4418351968503937
20
0.262228188976378
11
0.4541478346456693
21
0.2499155905511811
0
LINE
8
BLACK
6
CONTINUOUS
10
0.4541478346456693
20
0.2499155905511811
11
0.4545016929133858
21
0.2493860236220472
0
LINE
8
BLACK
6
CONTINUOUS
10
0.4545016929133858
20
0.2493860236220472
11
0.4682999606299212
21
0.2493860236220472
0
LINE
8
BLACK
6
CONTINUOUS
10
0.4682999606299212
20
0.2493860236220472
11
0.4688760236220472
21
0.2493292913385827
0
LINE
8
BLACK
6
CONTINUOUS
10
0.4688760236220472
20
0.2493292913385827
11
0.4699404330708661
21
0.2488883858267716
0
LINE
8
BLACK
6
CONTINUOUS
10
0.4699404330708661
20
0.2488883858267716
11
0.4707550787401575
21
0.2480737401574803
0
LINE
8
BLACK
6
CONTINUOUS
10
0.4707550787401575
20
0.2480737401574803
11
0.4711959842519685
21
0.2470093307086614
0
LINE
8
BLACK
6
CONTINUOUS
10
0.4711959842519685
20
0.2470093307086614
11
0.4711959842519685
21
0.2458572047244094
0
LINE
8
BLACK
6
CONTINUOUS
10
0.4711959842519685
20
0.2458572047244094
11
0.4707550787401575
21
0.2447927952755906
0
LINE
8
BLACK
6
CONTINUOUS
10
0.4707550787401575
20
0.2447927952755906
11
0.4699912204724409
21
0.2440289763779528
0
LINE
8
BLACK
6
CONTINUOUS
10
0.4699912204724409
20
0.2440289763779528
11
0.4709409842519685
21
0.2421294881889764
0
LINE
8
BLACK
6
CONTINUOUS
10
0.4709409842519685
20
0.2421294881889764
11
0.471147874015748
21
0.2415888976377953
0
LINE
8
BLACK
6
CONTINUOUS
10
0.471147874015748
20
0.2415888976377953
11
0.4711553937007874
21
0.241483031496063
0
LINE
8
BLACK
6
CONTINUOUS
10
0.4711553937007874
20
0.241483031496063
11
0.4711959842519685
21
0.2413850393700787
0
LINE
8
BLACK
6
CONTINUOUS
10
0.4711959842519685
20
0.2413850393700787
11
0.471252716535433
21
0.2408089763779528
0
LINE
8
BLACK
6
CONTINUOUS
10
0.471252716535433
20
0.2408089763779528
11
0.471252716535433
21
0.2351846850393701
0
LINE
8
BLACK
6
CONTINUOUS
10
0.471252716535433
20
0.2351846850393701
11
0.4711959842519685
21
0.2346086220472441
0
LINE
8
BLACK
6
CONTINUOUS
10
0.4711959842519685
20
0.2346086220472441
11
0.4711553937007874
21
0.2345106692913386
0
LINE
8
BLACK
6
CONTINUOUS
10
0.4711553937007874
20
0.2345106692913386
11
0.471147874015748
21
0.2344047637795275
0
LINE
8
BLACK
6
CONTINUOUS
10
0.471147874015748
20
0.2344047637795275
11
0.4709409842519685
21
0.2338641732283465
0
LINE
8
BLACK
6
CONTINUOUS
10
0.4709409842519685
20
0.2338641732283465
11
0.469066220472441
21
0.2301146456692913
0
LINE
8
BLACK
6
CONTINUOUS
10
0.469066220472441
20
0.2301146456692913
11
0.4690055511811024
21
0.2300183070866142
0
LINE
8
BLACK
6
CONTINUOUS
10
0.4690055511811024
20
0.2300183070866142
11
0.4689904330708661
21
0.229972874015748
0
LINE
8
BLACK
6
CONTINUOUS
10
0.4689904330708661
20
0.229972874015748
11
0.4689413779527559
21
0.2299163385826772
0
LINE
8
BLACK
6
CONTINUOUS
10
0.4689413779527559
20
0.2299163385826772
11
0.468757874015748
21
0.2296247637795276
0
LINE
8
BLACK
6
CONTINUOUS
10
0.468757874015748
20
0.2296247637795276
11
0.468478031496063
21
0.2293821259842519
0
LINE
8
BLACK
6
CONTINUOUS
10
0.468478031496063
20
0.2293821259842519
11
0.4682355511811023
21
0.2291024803149606
0
LINE
8
BLACK
6
CONTINUOUS
10
0.4682355511811023
20
0.2291024803149606
11
0.4679440551181102
21
0.2289190157480315
0
LINE
8
BLACK
6
CONTINUOUS
10
0.4679440551181102
20
0.2289190157480315
11
0.4678874803149606
21
0.2288699212598425
0
LINE
8
BLACK
6
CONTINUOUS
10
0.4678874803149606
20
0.2288699212598425
11
0.4678420078740158
21
0.2288548031496063
0
LINE
8
BLACK
6
CONTINUOUS
10
0.4678420078740158
20
0.2288548031496063
11
0.4677457086614173
21
0.2287941338582677
0
LINE
8
BLACK
6
CONTINUOUS
10
0.4677457086614173
20
0.2287941338582677
11
0.4639961417322834
21
0.2269193700787402
0
LINE
8
BLACK
6
CONTINUOUS
10
0.4639961417322834
20
0.2269193700787402
11
0.4634555118110236
21
0.2267124803149606
0
LINE
8
BLACK
6
CONTINUOUS
10
0.4634555118110236
20
0.2267124803149606
11
0.4633496850393701
21
0.226705
0
LINE
8
BLACK
6
CONTINUOUS
10
0.4633496850393701
20
0.226705
11
0.4632516929133858
21
0.2266643700787402
0
LINE
8
BLACK
6
CONTINUOUS
10
0.4632516929133858
20
0.2266643700787402
11
0.4626756299212598
21
0.2266076377952756
0
LINE
8
BLACK
6
CONTINUOUS
10
0.4626756299212598
20
0.2266076377952756
11
0.4547244094488189
21
0.2266076377952756
0
LINE
8
BLACK
6
CONTINUOUS
10
0.4547244094488189
20
0.2266076377952756
11
0.4547244094488189
21
0.2043916535433071
0
LINE
8
BLACK
6
CONTINUOUS
10
0.4547244094488189
20
0.2043916535433071
11
0.4653472047244094
21
0.2043916535433071
0
LINE
8
BLACK
6
CONTINUOUS
10
0.4653472047244094
20
0.2043916535433071
11
0.4653472047244094
21
0.2126874803149606
0
LINE
8
BLACK
6
CONTINUOUS
10
0.4653472047244094
20
0.2126874803149606
11
0.465403937007874
21
0.2132635433070866
0
LINE
8
BLACK
6
CONTINUOUS
10
0.465403937007874
20
0.2132635433070866
11
0.4658448425196851
21
0.2143279527559055
0
LINE
8
BLACK
6
CONTINUOUS
10
0.4658448425196851
20
0.2143279527559055
11
0.4666594881889763
21
0.2151425984251968
0
LINE
8
BLACK
6
CONTINUOUS
10
0.4666594881889763
20
0.2151425984251968
11
0.4677238976377953
21
0.2155835039370079
0
LINE
8
BLACK
6
CONTINUOUS
10
0.4677238976377953
20
0.2155835039370079
11
0.4688760236220472
21
0.2155835039370079
0
LINE
8
BLACK
6
CONTINUOUS
10
0.4688760236220472
20
0.2155835039370079
11
0.4699404330708661
21
0.2151425984251968
0
LINE
8
BLACK
6
CONTINUOUS
10
0.4699404330708661
20
0.2151425984251968
11
0.4707550787401575
21
0.2143279527559055
0
LINE
8
BLACK
6
CONTINUOUS
10
0.4707550787401575
20
0.2143279527559055
11
0.4711959842519685
21
0.2132635433070866
0
LINE
8
BLACK
6
CONTINUOUS
10
0.4711959842519685
20
0.2132635433070866
11
0.471252716535433
21
0.2126874803149606
0
LINE
8
BLACK
6
CONTINUOUS
10
0.471252716535433
20
0.2126874803149606
11
0.471252716535433
21
0.1901903149606299
0
LINE
8
BLACK
6
CONTINUOUS
10
0.471252716535433
20
0.1901903149606299
11
0.4711959842519685
21
0.1896142519685039
0
LINE
8
BLACK
6
CONTINUOUS
10
0.4711959842519685
20
0.1896142519685039
11
0.4707550787401575
21
0.188549842519685
0
LINE
8
BLACK
6
CONTINUOUS
10
0.4707550787401575
20
0.188549842519685
11
0.4699404330708661
21
0.1877351968503937
0
LINE
8
BLACK
6
CONTINUOUS
10
0.4699404330708661
20
0.1877351968503937
11
0.4688760236220472
21
0.1872942913385827
0
LINE
8
BLACK
6
CONTINUOUS
10
0.4688760236220472
20
0.1872942913385827
11
0.4677238976377953
21
0.1872942913385827
0
LINE
8
BLACK
6
CONTINUOUS
10
0.4677238976377953
20
0.1872942913385827
11
0.4666594881889763
21
0.1877351968503937
0
LINE
8
BLACK
6
CONTINUOUS
10
0.4666594881889763
20
0.1877351968503937
11
0.4658448425196851
21
0.188549842519685
0
LINE
8
BLACK
6
CONTINUOUS
10
0.4658448425196851
20
0.188549842519685
11
0.465403937007874
21
0.1896142519685039
0
LINE
8
BLACK
6
CONTINUOUS
10
0.465403937007874
20
0.1896142519685039
11
0.4653472047244094
21
0.1901903149606299
0
LINE
8
BLACK
6
CONTINUOUS
10
0.4653472047244094
20
0.1901903149606299
11
0.4653472047244094
21
0.1984861417322835
0
LINE
8
BLACK
6
CONTINUOUS
10
0.4653472047244094
20
0.1984861417322835
11
0.4379332283464567
21
0.1984861417322835
0
LINE
8
BLACK
6
CONTINUOUS
10
0.4379332283464567
20
0.1984861417322835
11
0.4403916141732284
21
0.1960277559055118
0
LINE
8
BLACK
6
CONTINUOUS
10
0.4403916141732284
20
0.1960277559055118
11
0.4405774409448819
21
0.1958013779527559
0
LINE
8
BLACK
6
CONTINUOUS
10
0.4405774409448819
20
0.1958013779527559
11
0.4406363779527559
21
0.1957502362204724
0
LINE
8
BLACK
6
CONTINUOUS
10
0.4406363779527559
20
0.1957502362204724
11
0.4406922440944882
21
0.1956614960629921
0
LINE
8
BLACK
6
CONTINUOUS
10
0.4406922440944882
20
0.1956614960629921
11
0.4407588582677165
21
0.1955803149606299
0
LINE
8
BLACK
6
CONTINUOUS
10
0.4407588582677165
20
0.1955803149606299
11
0.4407887007874016
21
0.195508188976378
0
LINE
8
BLACK
6
CONTINUOUS
10
0.4407887007874016
20
0.195508188976378
11
0.4409447244094488
21
0.1952603543307087
0
LINE
8
BLACK
6
CONTINUOUS
10
0.4409447244094488
20
0.1952603543307087
11
0.4428194881889764
21
0.1915108267716535
0
LINE
8
BLACK
6
CONTINUOUS
10
0.4428194881889764
20
0.1915108267716535
11
0.4430263779527559
21
0.1909702362204724
0
LINE
8
BLACK
6
CONTINUOUS
10
0.4430263779527559
20
0.1909702362204724
11
0.443108031496063
21
0.1898210236220473
0
LINE
8
BLACK
6
CONTINUOUS
10
0.443108031496063
20
0.1898210236220473
11
0.4427437007874016
21
0.188728031496063
0
LINE
8
BLACK
6
CONTINUOUS
10
0.4427437007874016
20
0.188728031496063
11
0.4419888582677165
21
0.1878576771653543
0
LINE
8
BLACK
6
CONTINUOUS
10
0.4419888582677165
20
0.1878576771653543
11
0.4409583464566929
21
0.1873424015748031
0
LINE
8
BLACK
6
CONTINUOUS
10
0.4409583464566929
20
0.1873424015748031
11
0.4398091338582677
21
0.1872607480314961
0
LINE
8
BLACK
6
CONTINUOUS
10
0.4398091338582677
20
0.1872607480314961
11
0.4387161811023622
21
0.1876250787401575
0
LINE
8
BLACK
6
CONTINUOUS
10
0.4387161811023622
20
0.1876250787401575
11
0.4378457874015748
21
0.1883799212598425
0
LINE
8
BLACK
6
CONTINUOUS
10
0.4378457874015748
20
0.1883799212598425
11
0.4375374409448819
21
0.1888698031496063
0
LINE
8
BLACK
6
CONTINUOUS
10
0.4375374409448819
20
0.1888698031496063
11
0.435876968503937
21
0.1921907480314961
0
LINE
8
BLACK
6
CONTINUOUS
10
0.435876968503937
20
0.1921907480314961
11
0.4326729921259843
21
0.1953947244094488
0
LINE
8
BLACK
6
CONTINUOUS
10
0.4326729921259843
20
0.1953947244094488
11
0.427291968503937
21
0.1989820472440945
0
LINE
8
BLACK
6
CONTINUOUS
10
0.427291968503937
20
0.1989820472440945
11
0.4272902755905512
21
0.1989834251968504
0
LINE
8
BLACK
6
CONTINUOUS
10
0.4272902755905512
20
0.1989834251968504
11
0.4272894094488189
21
0.1989837795275591
0
LINE
8
BLACK
6
CONTINUOUS
10
0.4272894094488189
20
0.1989837795275591
11
0.4272873622047244
21
0.1989858267716536
0
LINE
8
BLACK
6
CONTINUOUS
10
0.4272873622047244
20
0.1989858267716536
11
0.4268902755905511
21
0.1993110236220473
0
LINE
8
BLACK
6
CONTINUOUS
10
0.4268902755905511
20
0.1993110236220473
11
0.3385826771653543
21
0.1993110236220473
0
LINE
8
BLACK
6
CONTINUOUS
10
0.3385826771653543
20
0.1993110236220473
11
0.3378293700787401
21
0.1994608661417323
0
LINE
8
BLACK
6
CONTINUOUS
10
0.3378293700787401
20
0.1994608661417323
11
0.3367640157480315
21
0.200526220472441
0
LINE
8
BLACK
6
CONTINUOUS
10
0.3367640157480315
20
0.200526220472441
11
0.3366141732283465
21
0.2012795275590551
0
LINE
8
BLACK
6
CONTINUOUS
10
0.3366141732283465
20
0.2012795275590551
11
0.3366141732283465
21
0.2642716535433071
0
LINE
8
BLACK
6
CONTINUOUS
10
0.3366141732283465
20
0.2642716535433071
11
0.3367640157480315
21
0.2650249606299213
0
LINE
8
BLACK
6
CONTINUOUS
10
0.3367640157480315
20
0.2650249606299213
11
0.3378293700787401
21
0.2660903149606299
0
LINE
8
BLACK
6
CONTINUOUS
10
0.3378293700787401
20
0.2660903149606299
11
0.3385826771653543
21
0.2662401574803149
0
LINE
8
BLACK
6
CONTINUOUS
10
0.3385826771653543
20
0.2662401574803149
11
0.425977125984252
21
0.2662401574803149
0
LINE
8
BLACK
6
CONTINUOUS
10
0.425977125984252
20
0.2662401574803149
11
0.425977125984252
21
0.2839285826771654
0
LINE
8
BLACK
6
CONTINUOUS
10
0.425977125984252
20
0.2839285826771654
11
0.4260338582677165
21
0.2845046456692913
0
LINE
8
BLACK
6
CONTINUOUS
10
0.4260338582677165
20
0.2845046456692913
11
0.4264747637795275
21
0.2855690551181102
0
LINE
8
BLACK
6
CONTINUOUS
10
0.4264747637795275
20
0.2855690551181102
11
0.4272894094488189
21
0.2863837007874016
0
LINE
8
BLACK
6
CONTINUOUS
10
0.4272894094488189
20
0.2863837007874016
11
0.4283538188976378
21
0.2868246062992126
0
LINE
8
BLACK
6
CONTINUOUS
10
0.4283538188976378
20
0.2868246062992126
11
0.4295059448818898
21
0.2868246062992126
0
LINE
8
BLACK
6
CONTINUOUS
10
0.4295059448818898
20
0.2868246062992126
11
0.4305703543307087
21
0.2863837007874016
0
LINE
8
BLACK
6
CONTINUOUS
10
0.3405511811023622
20
0.2623031496062992
11
0.3405511811023622
21
0.203248031496063
0
LINE
8
BLACK
6
CONTINUOUS
10
0.3405511811023622
20
0.203248031496063
11
0.4266433858267716
21
0.203248031496063
0
LINE
8
BLACK
6
CONTINUOUS
10
0.4266433858267716
20
0.203248031496063
11
0.4266792913385827
21
0.203283937007874
0
LINE
8
BLACK
6
CONTINUOUS
10
0.4266792913385827
20
0.203283937007874
11
0.4268398031496063
21
0.2035246456692913
0
LINE
8
BLACK
6
CONTINUOUS
10
0.4268398031496063
20
0.2035246456692913
11
0.4270826771653543
21
0.2036873228346457
0
LINE
8
BLACK
6
CONTINUOUS
10
0.4270826771653543
20
0.2036873228346457
11
0.4272894094488189
21
0.2038940157480315
0
LINE
8
BLACK
6
CONTINUOUS
10
0.4272894094488189
20
0.2038940157480315
11
0.4275566929133858
21
0.2040047637795276
0
LINE
8
BLACK
6
CONTINUOUS
10
0.4275566929133858
20
0.2040047637795276
11
0.4277970866141732
21
0.2041657086614173
0
LINE
8
BLACK
6
CONTINUOUS
10
0.4277970866141732
20
0.2041657086614173
11
0.4280837007874015
21
0.2042230708661417
0
LINE
8
BLACK
6
CONTINUOUS
10
0.4280837007874015
20
0.2042230708661417
11
0.4283538188976378
21
0.2043349212598425
0
LINE
8
BLACK
6
CONTINUOUS
10
0.4283538188976378
20
0.2043349212598425
11
0.4289237401574803
21
0.204391062992126
0
LINE
8
BLACK
6
CONTINUOUS
10
0.4289237401574803
20
0.204391062992126
11
0.4289267716535433
21
0.2043916535433071
0
LINE
8
BLACK
6
CONTINUOUS
10
0.4289267716535433
20
0.2043916535433071
11
0.4289277952755906
21
0.2043914566929134
0
LINE
8
BLACK
6
CONTINUOUS
10
0.4289277952755906
20
0.2043914566929134
11
0.4289298818897638
21
0.2043916535433071
0
LINE
8
BLACK
6
CONTINUOUS
10
0.4289298818897638
20
0.2043916535433071
11
0.4507874015748031
21
0.2043916535433071
0
LINE
8
BLACK
6
CONTINUOUS
10
0.4507874015748031
20
0.2043916535433071
11
0.4507874015748031
21
0.2266076377952756
0
LINE
8
BLACK
6
CONTINUOUS
10
0.4507874015748031
20
0.2266076377952756
11
0.4420532283464567
21
0.2266076377952756
0
LINE
8
BLACK
6
CONTINUOUS
10
0.4420532283464567
20
0.2266076377952756
11
0.4414771653543307
21
0.2266643700787402
0
LINE
8
BLACK
6
CONTINUOUS
10
0.4414771653543307
20
0.2266643700787402
11
0.4404127559055118
21
0.2271052755905512
0
LINE
8
BLACK
6
CONTINUOUS
10
0.4404127559055118
20
0.2271052755905512
11
0.4395981102362205
21
0.2279199212598425
0
LINE
8
BLACK
6
CONTINUOUS
10
0.4395981102362205
20
0.2279199212598425
11
0.4391572047244094
21
0.2289843307086614
0
LINE
8
BLACK
6
CONTINUOUS
10
0.4391572047244094
20
0.2289843307086614
11
0.4391572047244094
21
0.2301364566929134
0
LINE
8
BLACK
6
CONTINUOUS
10
0.4391572047244094
20
0.2301364566929134
11
0.4395981102362205
21
0.2312008661417323
0
LINE
8
BLACK
6
CONTINUOUS
10
0.4395981102362205
20
0.2312008661417323
11
0.4404127559055118
21
0.2320155118110236
0
LINE
8
BLACK
6
CONTINUOUS
10
0.4404127559055118
20
0.2320155118110236
11
0.4414771653543307
21
0.2324564173228346
0
LINE
8
BLACK
6
CONTINUOUS
10
0.4414771653543307
20
0.2324564173228346
11
0.4420532283464567
21
0.2325131496062992
0
LINE
8
BLACK
6
CONTINUOUS
10
0.4420532283464567
20
0.2325131496062992
11
0.4507874015748031
21
0.2325131496062992
0
LINE
8
BLACK
6
CONTINUOUS
10
0.4507874015748031
20
0.2325131496062992
11
0.4507874015748031
21
0.2434805118110236
0
LINE
8
BLACK
6
CONTINUOUS
10
0.4507874015748031
20
0.2434805118110236
11
0.4420532283464567
21
0.2434805118110236
0
LINE
8
BLACK
6
CONTINUOUS
10
0.4420532283464567
20
0.2434805118110236
11
0.4414771653543307
21
0.2435372440944882
0
LINE
8
BLACK
6
CONTINUOUS
10
0.4414771653543307
20
0.2435372440944882
11
0.4404127559055118
21
0.2439781496062992
0
LINE
8
BLACK
6
CONTINUOUS
10
0.4404127559055118
20
0.2439781496062992
11
0.4395981102362205
21
0.2447927952755906
0
LINE
8
BLACK
6
CONTINUOUS
10
0.4395981102362205
20
0.2447927952755906
11
0.4391572047244094
21
0.2458572047244094
0
LINE
8
BLACK
6
CONTINUOUS
10
0.4391572047244094
20
0.2458572047244094
11
0.4391572047244094
21
0.2470093307086614
0
LINE
8
BLACK
6
CONTINUOUS
10
0.4391572047244094
20
0.2470093307086614
11
0.4395981102362205
21
0.2480737401574803
0
LINE
8
BLACK
6
CONTINUOUS
10
0.4395981102362205
20
0.2480737401574803
11
0.4404127559055118
21
0.2488883858267716
0
LINE
8
BLACK
6
CONTINUOUS
10
0.4404127559055118
20
0.2488883858267716
11
0.4414771653543307
21
0.2493292913385827
0
LINE
8
BLACK
6
CONTINUOUS
10
0.4414771653543307
20
0.2493292913385827
11
0.4420532283464567
21
0.2493860236220472
0
LINE
8
BLACK
6
CONTINUOUS
10
0.4420532283464567
20
0.2493860236220472
11
0.4491096062992126
21
0.2493860236220472
0
LINE
8
BLACK
6
CONTINUOUS
10
0.4491096062992126
20
0.2493860236220472
11
0.4362674803149606
21
0.262228188976378
0
LINE
8
BLACK
6
CONTINUOUS
10
0.4362674803149606
20
0.262228188976378
11
0.4289298818897638
21
0.262228188976378
0
LINE
8
BLACK
6
CONTINUOUS
10
0.4289298818897638
20
0.262228188976378
11
0.4283538188976378
21
0.2622849212598425
0
LINE
8
BLACK
6
CONTINUOUS
10
0.4283538188976378
20
0.2622849212598425
11
0.4283098031496063
21
0.2623031496062992
0
LINE
8
BLACK
6
CONTINUOUS
10
0.4283098031496063
20
0.2623031496062992
11
0.3405511811023622
21
0.2623031496062992
0
LINE
8
BLACK
6
CONTINUOUS
10
0.4547244094488189
20
0.2325131496062992
11
0.4619785826771654
21
0.2325131496062992
0
LINE
8
BLACK
6
CONTINUOUS
10
0.4619785826771654
20
0.2325131496062992
11
0.4642243307086614
21
0.2336360236220472
0
LINE
8
BLACK
6
CONTINUOUS
10
0.4642243307086614
20
0.2336360236220472
11
0.4653472047244094
21
0.2358817322834646
0
LINE
8
BLACK
6
CONTINUOUS
10
0.4653472047244094
20
0.2358817322834646
11
0.4653472047244094
21
0.2401119291338583
0
LINE
8
BLACK
6
CONTINUOUS
10
0.4653472047244094
20
0.2401119291338583
11
0.4639984645669291
21
0.2428094094488189
0
LINE
8
BLACK
6
CONTINUOUS
10
0.4639984645669291
20
0.2428094094488189
11
0.4633273228346457
21
0.2434805118110236
0
LINE
8
BLACK
6
CONTINUOUS
10
0.4633273228346457
20
0.2434805118110236
11
0.4547244094488189
21
0.2434805118110236
0
LINE
8
BLACK
6
CONTINUOUS
10
0.4547244094488189
20
0.2434805118110236
11
0.4547244094488189
21
0.2325131496062992
0
LINE
8
BLACK
6
CONTINUOUS
10
0.5666432283464566
20
0.2339493700787401
11
0.5666432677165354
21
0.2330454724409449
0
LINE
8
BLACK
6
CONTINUOUS
10
0.5666432677165354
20
0.2330454724409449
11
0.5663872440944882
21
0.2326622440944882
0
LINE
8
BLACK
6
CONTINUOUS
10
0.5663872440944882
20
0.2326622440944882
11
0.5658344488188977
21
0.2321094488188976
0
LINE
8
BLACK
6
CONTINUOUS
10
0.5658344488188977
20
0.2321094488188976
11
0.5652333464566929
21
0.2303061811023622
0
LINE
8
BLACK
6
CONTINUOUS
10
0.5652333464566929
20
0.2303061811023622
11
0.5652333464566929
21
0.2291896062992126
0
LINE
8
BLACK
6
CONTINUOUS
10
0.5652333464566929
20
0.2291896062992126
11
0.5658344488188977
21
0.2273862598425197
0
LINE
8
BLACK
6
CONTINUOUS
10
0.5658344488188977
20
0.2273862598425197
11
0.5670016141732284
21
0.2262191338582677
0
LINE
8
BLACK
6
CONTINUOUS
10
0.5670016141732284
20
0.2262191338582677
11
0.5682140157480314
21
0.2256129527559055
0
LINE
8
BLACK
6
CONTINUOUS
10
0.5682140157480314
20
0.2256129527559055
11
0.5709467716535432
21
0.2249297244094488
0
LINE
8
BLACK
6
CONTINUOUS
10
0.5709467716535432
20
0.2249297244094488
11
0.5729057874015748
21
0.2249297244094488
0
LINE
8
BLACK
6
CONTINUOUS
10
0.5729057874015748
20
0.2249297244094488
11
0.5756384645669291
21
0.2256129133858268
0
LINE
8
BLACK
6
CONTINUOUS
10
0.5756384645669291
20
0.2256129133858268
11
0.5768509448818897
21
0.2262191732283464
0
LINE
8
BLACK
6
CONTINUOUS
10
0.5768509448818897
20
0.2262191732283464
11
0.5780179921259843
21
0.2273862204724409
0
LINE
8
BLACK
6
CONTINUOUS
10
0.5780179921259843
20
0.2273862204724409
11
0.5786191732283464
21
0.2291896850393701
0
LINE
8
BLACK
6
CONTINUOUS
10
0.5786191732283464
20
0.2291896850393701
11
0.5786191732283464
21
0.2303061023622047
0
LINE
8
BLACK
6
CONTINUOUS
10
0.5786191732283464
20
0.2303061023622047
11
0.5780179921259843
21
0.2321095669291338
0
LINE
8
BLACK
6
CONTINUOUS
10
0.5780179921259843
20
0.2321095669291338
11
0.5774653149606299
21
0.2326622440944882
0
LINE
8
BLACK
6
CONTINUOUS
10
0.5774653149606299
20
0.2326622440944882
11
0.5772092913385827
21
0.2330454330708661
0
LINE
8
BLACK
6
CONTINUOUS
10
0.5772092913385827
20
0.2330454330708661
11
0.5772092913385827
21
0.2339493700787401
0
LINE
8
BLACK
6
CONTINUOUS
10
0.5772092913385827
20
0.2339493700787401
11
0.5778485039370078
21
0.2345885826771653
0
LINE
8
BLACK
6
CONTINUOUS
10
0.5778485039370078
20
0.2345885826771653
11
0.5787524409448819
21
0.2345885826771653
0
LINE
8
BLACK
6
CONTINUOUS
10
0.5787524409448819
20
0.2345885826771653
11
0.5791356299212598
21
0.2343325590551181
0
LINE
8
BLACK
6
CONTINUOUS
10
0.5791356299212598
20
0.2343325590551181
11
0.5798855511811023
21
0.2335826377952756
0
LINE
8
BLACK
6
CONTINUOUS
10
0.5798855511811023
20
0.2335826377952756
11
0.5799183858267717
21
0.2335334645669291
0
LINE
8
BLACK
6
CONTINUOUS
10
0.5799183858267717
20
0.2335334645669291
11
0.5799426377952756
21
0.2335213385826772
0
LINE
8
BLACK
6
CONTINUOUS
10
0.5799426377952756
20
0.2335213385826772
11
0.5800363385826771
21
0.233356968503937
0
LINE
8
BLACK
6
CONTINUOUS
10
0.5800363385826771
20
0.233356968503937
11
0.5801416141732283
21
0.2331994488188976
0
LINE
8
BLACK
6
CONTINUOUS
10
0.5801416141732283
20
0.2331994488188976
11
0.5801416141732283
21
0.2331723622047244
0
LINE
8
BLACK
6
CONTINUOUS
10
0.5801416141732283
20
0.2331723622047244
11
0.5801709055118111
21
0.2331209842519685
0
LINE
8
BLACK
6
CONTINUOUS
10
0.5801709055118111
20
0.2331209842519685
11
0.5809207874015748
21
0.2308712992125984
0
LINE
8
BLACK
6
CONTINUOUS
10
0.5809207874015748
20
0.2308712992125984
11
0.5809444488188976
21
0.2306834251968504
0
LINE
8
BLACK
6
CONTINUOUS
10
0.5809444488188976
20
0.2306834251968504
11
0.5809813779527558
21
0.2304977952755906
0
LINE
8
BLACK
6
CONTINUOUS
10
0.5809813779527558
20
0.2304977952755906
11
0.5809813779527558
21
0.2289979527559055
0
LINE
8
BLACK
6
CONTINUOUS
10
0.5809813779527558
20
0.2289979527559055
11
0.5809444094488189
21
0.2288123228346457
0
LINE
8
BLACK
6
CONTINUOUS
10
0.5809444094488189
20
0.2288123228346457
11
0.5809207874015748
21
0.2286244881889764
0
LINE
8
BLACK
6
CONTINUOUS
10
0.5809207874015748
20
0.2286244881889764
11
0.5801709055118111
21
0.2263747244094488
0
LINE
8
BLACK
6
CONTINUOUS
10
0.5801709055118111
20
0.2263747244094488
11
0.5801415748031495
21
0.2263233070866142
0
LINE
8
BLACK
6
CONTINUOUS
10
0.5801415748031495
20
0.2263233070866142
11
0.5801415748031495
21
0.2262962598425197
0
LINE
8
BLACK
6
CONTINUOUS
10
0.5801415748031495
20
0.2262962598425197
11
0.5800364173228346
21
0.2261388976377953
0
LINE
8
BLACK
6
CONTINUOUS
10
0.5800364173228346
20
0.2261388976377953
11
0.5799426377952756
21
0.2259743700787402
0
LINE
8
BLACK
6
CONTINUOUS
10
0.5799426377952756
20
0.2259743700787402
11
0.5799184251968503
21
0.2259622834645669
0
LINE
8
BLACK
6
CONTINUOUS
10
0.5799184251968503
20
0.2259622834645669
11
0.5798855511811023
21
0.225913031496063
0
LINE
8
BLACK
6
CONTINUOUS
10
0.5798855511811023
20
0.225913031496063
11
0.5783857086614174
21
0.2244132677165354
0
LINE
8
BLACK
6
CONTINUOUS
10
0.5783857086614174
20
0.2244132677165354
11
0.5782282283464567
21
0.2243080708661417
0
LINE
8
BLACK
6
CONTINUOUS
10
0.5782282283464567
20
0.2243080708661417
11
0.5780787401574803
21
0.2241920078740157
0
LINE
8
BLACK
6
CONTINUOUS
10
0.5780787401574803
20
0.2241920078740157
11
0.576578937007874
21
0.223442125984252
0
LINE
8
BLACK
6
CONTINUOUS
10
0.576578937007874
20
0.223442125984252
11
0.5764541338582677
21
0.2234079921259843
0
LINE
8
BLACK
6
CONTINUOUS
10
0.5764541338582677
20
0.2234079921259843
11
0.5763372047244094
21
0.2233527165354331
0
LINE
8
BLACK
6
CONTINUOUS
10
0.5763372047244094
20
0.2233527165354331
11
0.5733375984251968
21
0.2226027952755905
0
LINE
8
BLACK
6
CONTINUOUS
10
0.5733375984251968
20
0.2226027952755905
11
0.5731931102362204
21
0.2225957874015748
0
LINE
8
BLACK
6
CONTINUOUS
10
0.5731931102362204
20
0.2225957874015748
11
0.5730511417322834
21
0.2225675196850394
0
LINE
8
BLACK
6
CONTINUOUS
10
0.5730511417322834
20
0.2225675196850394
11
0.5708014173228346
21
0.2225675196850394
0
LINE
8
BLACK
6
CONTINUOUS
10
0.5708014173228346
20
0.2225675196850394
11
0.5706594094488189
21
0.2225957874015748
0
LINE
8
BLACK
6
CONTINUOUS
10
0.5706594094488189
20
0.2225957874015748
11
0.5705149606299212
21
0.2226027952755905
0
LINE
8
BLACK
6
CONTINUOUS
10
0.5705149606299212
20
0.2226027952755905
11
0.5675153149606299
21
0.2233527165354331
0
LINE
8
BLACK
6
CONTINUOUS
10
0.5675153149606299
20
0.2233527165354331
11
0.5673983464566928
21
0.2234079921259843
0
LINE
8
BLACK
6
CONTINUOUS
10
0.5673983464566928
20
0.2234079921259843
11
0.5672735826771653
21
0.223442125984252
0
LINE
8
BLACK
6
CONTINUOUS
10
0.5672735826771653
20
0.223442125984252
11
0.565773779527559
21
0.2241920078740157
0
LINE
8
BLACK
6
CONTINUOUS
10
0.565773779527559
20
0.2241920078740157
11
0.5656241338582677
21
0.2243081496062992
0
LINE
8
BLACK
6
CONTINUOUS
10
0.5656241338582677
20
0.2243081496062992
11
0.5654667716535433
21
0.2244132677165354
0
LINE
8
BLACK
6
CONTINUOUS
10
0.5654667716535433
20
0.2244132677165354
11
0.5639670078740158
21
0.2259130708661417
0
LINE
8
BLACK
6
CONTINUOUS
10
0.5639670078740158
20
0.2259130708661417
11
0.5639341338582677
21
0.2259622834645669
0
LINE
8
BLACK
6
CONTINUOUS
10
0.5639341338582677
20
0.2259622834645669
11
0.5639099212598425
21
0.2259743700787402
0
LINE
8
BLACK
6
CONTINUOUS
10
0.5639099212598425
20
0.2259743700787402
11
0.5638161417322834
21
0.2261388582677165
0
LINE
8
BLACK
6
CONTINUOUS
10
0.5638161417322834
20
0.2261388582677165
11
0.5637109842519685
21
0.2262962598425197
0
LINE
8
BLACK
6
CONTINUOUS
10
0.5637109842519685
20
0.2262962598425197
11
0.5637109842519685
21
0.2263233464566929
0
LINE
8
BLACK
6
CONTINUOUS
10
0.5637109842519685
20
0.2263233464566929
11
0.5636816929133858
21
0.2263747244094488
0
LINE
8
BLACK
6
CONTINUOUS
10
0.5636816929133858
20
0.2263747244094488
11
0.5629317716535432
21
0.2286244488188976
0
LINE
8
BLACK
6
CONTINUOUS
10
0.5629317716535432
20
0.2286244488188976
11
0.5629081102362204
21
0.2288120866141732
0
LINE
8
BLACK
6
CONTINUOUS
10
0.5629081102362204
20
0.2288120866141732
11
0.5628711417322835
21
0.2289979527559055
0
LINE
8
BLACK
6
CONTINUOUS
10
0.5628711417322835
20
0.2289979527559055
11
0.5628711417322835
21
0.2304977952755906
0
LINE
8
BLACK
6
CONTINUOUS
10
0.5628711417322835
20
0.2304977952755906
11
0.5629081102362204
21
0.2306837007874016
0
LINE
8
BLACK
6
CONTINUOUS
10
0.5629081102362204
20
0.2306837007874016
11
0.5629317716535432
21
0.2308712992125984
0
LINE
8
BLACK
6
CONTINUOUS
10
0.5629317716535432
20
0.2308712992125984
11
0.5636816929133858
21
0.2331209842519685
0
LINE
8
BLACK
6
CONTINUOUS
10
0.5636816929133858
20
0.2331209842519685
11
0.5637109448818898
21
0.2331723228346457
0
LINE
8
BLACK
6
CONTINUOUS
10
0.5637109448818898
20
0.2331723228346457
11
0.5637109448818898
21
0.2331994094488189
0
LINE
8
BLACK
6
CONTINUOUS
10
0.5637109448818898
20
0.2331994094488189
11
0.5638162992125985
21
0.233357125984252
0
LINE
8
BLACK
6
CONTINUOUS
10
0.5638162992125985
20
0.233357125984252
11
0.5639099212598425
21
0.2335213385826772
0
LINE
8
BLACK
6
CONTINUOUS
10
0.5639099212598425
20
0.2335213385826772
11
0.5639340551181102
21
0.2335334251968504
0
LINE
8
BLACK
6
CONTINUOUS
10
0.5639340551181102
20
0.2335334251968504
11
0.563966968503937
21
0.2335826377952756
0
LINE
8
BLACK
6
CONTINUOUS
10
0.563966968503937
20
0.2335826377952756
11
0.5647168503937008
21
0.2343325196850394
0
LINE
8
BLACK
6
CONTINUOUS
10
0.5647168503937008
20
0.2343325196850394
11
0.5651000393700787
21
0.2345885826771653
0
LINE
8
BLACK
6
CONTINUOUS
10
0.5651000393700787
20
0.2345885826771653
11
0.5660039763779527
21
0.2345886220472441
0
LINE
8
BLACK
6
CONTINUOUS
10
0.5660039763779527
20
0.2345886220472441
11
0.5666432283464566
21
0.2339493700787401
0
LINE
8
BLACK
6
CONTINUOUS
10
0.5756421259842519
20
0.2496974409448819
11
0.5757320472440944
21
0.2492454330708661
0
LINE
8
BLACK
6
CONTINUOUS
10
0.5757320472440944
20
0.2492454330708661
11
0.5757320472440944
21
0.248176811023622
0
LINE
8
BLACK
6
CONTINUOUS
10
0.5757320472440944
20
0.248176811023622
11
0.5798002755905511
21
0.248176811023622
0
LINE
8
BLACK
6
CONTINUOUS
10
0.5798002755905511
20
0.248176811023622
11
0.5802522834645669
21
0.2480868897637795
0
LINE
8
BLACK
6
CONTINUOUS
10
0.5802522834645669
20
0.2480868897637795
11
0.5808914566929134
21
0.2474477165354331
0
LINE
8
BLACK
6
CONTINUOUS
10
0.5808914566929134
20
0.2474477165354331
11
0.5808914566929134
21
0.2465437007874016
0
LINE
8
BLACK
6
CONTINUOUS
10
0.5808914566929134
20
0.2465437007874016
11
0.5802522834645669
21
0.2459045275590551
0
LINE
8
BLACK
6
CONTINUOUS
10
0.5802522834645669
20
0.2459045275590551
11
0.5798002755905511
21
0.2458146062992126
0
LINE
8
BLACK
6
CONTINUOUS
10
0.5798002755905511
20
0.2458146062992126
11
0.5757320472440944
21
0.2458146062992126
0
LINE
8
BLACK
6
CONTINUOUS
10
0.5757320472440944
20
0.2458146062992126
11
0.5757320472440944
21
0.2394966535433071
0
LINE
8
BLACK
6
CONTINUOUS
10
0.5757320472440944
20
0.2394966535433071
11
0.5756421259842519
21
0.2390446456692913
0
LINE
8
BLACK
6
CONTINUOUS
10
0.5756421259842519
20
0.2390446456692913
11
0.5755046456692913
21
0.2389071653543307
0
LINE
8
BLACK
6
CONTINUOUS
10
0.5755046456692913
20
0.2389071653543307
11
0.5754431889763779
21
0.2387227952755905
0
LINE
8
BLACK
6
CONTINUOUS
10
0.5754431889763779
20
0.2387227952755905
11
0.5751973622047244
21
0.2385998818897638
0
LINE
8
BLACK
6
CONTINUOUS
10
0.5751973622047244
20
0.2385998818897638
11
0.5750029527559055
21
0.2384054724409449
0
LINE
8
BLACK
6
CONTINUOUS
10
0.5750029527559055
20
0.2384054724409449
11
0.5748085433070866
21
0.2384054724409449
0
LINE
8
BLACK
6
CONTINUOUS
10
0.5748085433070866
20
0.2384054724409449
11
0.5746346850393701
21
0.2383185433070866
0
LINE
8
BLACK
6
CONTINUOUS
10
0.5746346850393701
20
0.2383185433070866
11
0.5741774409448819
21
0.2383761811023622
0
LINE
8
BLACK
6
CONTINUOUS
10
0.5741774409448819
20
0.2383761811023622
11
0.5629288582677165
21
0.2421257086614173
0
LINE
8
BLACK
6
CONTINUOUS
10
0.5629288582677165
20
0.2421257086614173
11
0.5625285039370078
21
0.242353937007874
0
LINE
8
BLACK
6
CONTINUOUS
10
0.5625285039370078
20
0.242353937007874
11
0.5621242519685039
21
0.2431624409448819
0
LINE
8
BLACK
6
CONTINUOUS
10
0.5621242519685039
20
0.2431624409448819
11
0.5624101181102362
21
0.2440200393700787
0
LINE
8
BLACK
6
CONTINUOUS
10
0.5624101181102362
20
0.2440200393700787
11
0.563218622047244
21
0.2444242913385827
0
LINE
8
BLACK
6
CONTINUOUS
10
0.563218622047244
20
0.2444242913385827
11
0.5636758661417323
21
0.2443666535433071
0
LINE
8
BLACK
6
CONTINUOUS
10
0.5636758661417323
20
0.2443666535433071
11
0.573369842519685
21
0.2411353543307087
0
LINE
8
BLACK
6
CONTINUOUS
10
0.573369842519685
20
0.2411353543307087
11
0.573369842519685
21
0.2458146062992126
0
LINE
8
BLACK
6
CONTINUOUS
10
0.573369842519685
20
0.2458146062992126
11
0.5693015748031496
21
0.2458146062992126
0
LINE
8
BLACK
6
CONTINUOUS
10
0.5693015748031496
20
0.2458146062992126
11
0.5688495669291338
21
0.2459045275590551
0
LINE
8
BLACK
6
CONTINUOUS
10
0.5688495669291338
20
0.2459045275590551
11
0.5682103937007874
21
0.2465437007874016
0
LINE
8
BLACK
6
CONTINUOUS
10
0.5682103937007874
20
0.2465437007874016
11
0.5682103937007874
21
0.2474477165354331
0
LINE
8
BLACK
6
CONTINUOUS
10
0.5682103937007874
20
0.2474477165354331
11
0.5688495669291338
21
0.2480868897637795
0
LINE
8
BLACK
6
CONTINUOUS
10
0.5688495669291338
20
0.2480868897637795
11
0.5693015748031496
21
0.248176811023622
0
LINE
8
BLACK
6
CONTINUOUS
10
0.5693015748031496
20
0.248176811023622
11
0.573369842519685
21
0.248176811023622
0
LINE
8
BLACK
6
CONTINUOUS
10
0.573369842519685
20
0.248176811023622
11
0.573369842519685
21
0.2492454330708661
0
LINE
8
BLACK
6
CONTINUOUS
10
0.573369842519685
20
0.2492454330708661
11
0.5734597637795276
21
0.2496974409448819
0
LINE
8
BLACK
6
CONTINUOUS
10
0.5734597637795276
20
0.2496974409448819
11
0.574098937007874
21
0.2503366141732283
0
LINE
8
BLACK
6
CONTINUOUS
10
0.574098937007874
20
0.2503366141732283
11
0.5750029527559055
21
0.2503366141732283
0
LINE
8
BLACK
6
CONTINUOUS
10
0.5750029527559055
20
0.2503366141732283
11
0.5756421259842519
21
0.2496974409448819
0
LINE
8
BLACK
6
CONTINUOUS
10
0.5891391338582677
20
0.2694367716535433
11
0.5902044881889764
21
0.2683714173228346
0
LINE
8
BLACK
6
CONTINUOUS
10
0.5902044881889764
20
0.2683714173228346
11
0.5903543307086614
21
0.2676181102362205
0
LINE
8
BLACK
6
CONTINUOUS
10
0.5903543307086614
20
0.2676181102362205
11
0.5903543307086614
21
0.2046259842519685
0
LINE
8
BLACK
6
CONTINUOUS
10
0.5903543307086614
20
0.2046259842519685
11
0.5902044881889764
21
0.2038726771653543
0
LINE
8
BLACK
6
CONTINUOUS
10
0.5902044881889764
20
0.2038726771653543
11
0.5891391338582677
21
0.2028073228346457
0
LINE
8
BLACK
6
CONTINUOUS
10
0.5891391338582677
20
0.2028073228346457
11
0.5883858267716535
21
0.2026574803149606
0
LINE
8
BLACK
6
CONTINUOUS
10
0.5883858267716535
20
0.2026574803149606
11
0.5568897637795276
21
0.2026574803149606
0
LINE
8
BLACK
6
CONTINUOUS
10
0.5568897637795276
20
0.2026574803149606
11
0.5561364566929133
21
0.2028073228346457
0
LINE
8
BLACK
6
CONTINUOUS
10
0.5561364566929133
20
0.2028073228346457
11
0.5550711023622047
21
0.2038726771653543
0
LINE
8
BLACK
6
CONTINUOUS
10
0.5550711023622047
20
0.2038726771653543
11
0.5549212598425197
21
0.2046259842519685
0
LINE
8
BLACK
6
CONTINUOUS
10
0.5549212598425197
20
0.2046259842519685
11
0.5549212598425197
21
0.2676181102362205
0
LINE
8
BLACK
6
CONTINUOUS
10
0.5549212598425197
20
0.2676181102362205
11
0.5550711023622047
21
0.2683714173228346
0
LINE
8
BLACK
6
CONTINUOUS
10
0.5550711023622047
20
0.2683714173228346
11
0.5561364566929133
21
0.2694367716535433
0
LINE
8
BLACK
6
CONTINUOUS
10
0.5561364566929133
20
0.2694367716535433
11
0.5568897637795276
21
0.2695866141732283
0
LINE
8
BLACK
6
CONTINUOUS
10
0.5568897637795276
20
0.2695866141732283
11
0.5883858267716535
21
0.2695866141732283
0
LINE
8
BLACK
6
CONTINUOUS
10
0.5883858267716535
20
0.2695866141732283
11
0.5891391338582677
21
0.2694367716535433
0
LINE
8
BLACK
6
CONTINUOUS
10
0.5588582677165355
20
0.2656496062992126
11
0.5588582677165355
21
0.2065944881889764
0
LINE
8
BLACK
6
CONTINUOUS
10
0.5588582677165355
20
0.2065944881889764
11
0.5864173228346456
21
0.2065944881889764
0
LINE
8
BLACK
6
CONTINUOUS
10
0.5864173228346456
20
0.2065944881889764
11
0.5864173228346456
21
0.2656496062992126
0
LINE
8
BLACK
6
CONTINUOUS
10
0.5864173228346456
20
0.2656496062992126
11
0.5588582677165355
21
0.2656496062992126
0
LINE
8
BLACK
6
CONTINUOUS
10
0.7119705118110236
20
0.2807780708661417
11
0.7121203543307086
21
0.2800247637795276
0
LINE
8
BLACK
6
CONTINUOUS
10
0.7121203543307086
20
0.2800247637795276
11
0.7121203543307086
21
0.2613668897637795
0
LINE
8
BLACK
6
CONTINUOUS
10
0.7121203543307086
20
0.2613668897637795
11
0.7128945669291339
21
0.2598184251968504
0
LINE
8
BLACK
6
CONTINUOUS
10
0.7128945669291339
20
0.2598184251968504
11
0.7135675984251968
21
0.2591453937007874
0
LINE
8
BLACK
6
CONTINUOUS
10
0.7135675984251968
20
0.2591453937007874
11
0.7151159448818898
21
0.2583712204724409
0
LINE
8
BLACK
6
CONTINUOUS
10
0.7151159448818898
20
0.2583712204724409
11
0.7186859842519685
21
0.2583712204724409
0
LINE
8
BLACK
6
CONTINUOUS
10
0.7186859842519685
20
0.2583712204724409
11
0.7202343307086614
21
0.2591453937007874
0
LINE
8
BLACK
6
CONTINUOUS
10
0.7202343307086614
20
0.2591453937007874
11
0.7209074409448819
21
0.2598185433070866
0
LINE
8
BLACK
6
CONTINUOUS
10
0.7209074409448819
20
0.2598185433070866
11
0.721681653543307
21
0.2613668897637795
0
LINE
8
BLACK
6
CONTINUOUS
10
0.721681653543307
20
0.2613668897637795
11
0.721681653543307
21
0.2800247637795276
0
LINE
8
BLACK
6
CONTINUOUS
10
0.721681653543307
20
0.2800247637795276
11
0.7218314960629921
21
0.2807780708661417
0
LINE
8
BLACK
6
CONTINUOUS
10
0.7218314960629921
20
0.2807780708661417
11
0.7228968503937008
21
0.2818434251968504
0
LINE
8
BLACK
6
CONTINUOUS
10
0.7228968503937008
20
0.2818434251968504
11
0.7244034645669292
21
0.2818434251968504
0
LINE
8
BLACK
6
CONTINUOUS
10
0.7244034645669292
20
0.2818434251968504
11
0.7254688188976378
21
0.2807780708661417
0
LINE
8
BLACK
6
CONTINUOUS
10
0.7254688188976378
20
0.2807780708661417
11
0.7256186614173228
21
0.2800247637795276
0
LINE
8
BLACK
6
CONTINUOUS
10
0.7256186614173228
20
0.2800247637795276
11
0.7256186614173228
21
0.2609021653543307
0
LINE
8
BLACK
6
CONTINUOUS
10
0.7256186614173228
20
0.2609021653543307
11
0.7255994094488188
21
0.2608054724409449
0
LINE
8
BLACK
6
CONTINUOUS
10
0.7255994094488188
20
0.2608054724409449
11
0.7256137007874015
21
0.2607625984251968
0
LINE
8
BLACK
6
CONTINUOUS
10
0.7256137007874015
20
0.2607625984251968
11
0.7255303543307087
21
0.2604583858267717
0
LINE
8
BLACK
6
CONTINUOUS
10
0.7255303543307087
20
0.2604583858267717
11
0.7254688188976378
21
0.2601488582677166
0
LINE
8
BLACK
6
CONTINUOUS
10
0.7254688188976378
20
0.2601488582677166
11
0.7254368503937008
21
0.2601169291338583
0
LINE
8
BLACK
6
CONTINUOUS
10
0.7254368503937008
20
0.2601169291338583
11
0.7254108267716535
21
0.260021811023622
0
LINE
8
BLACK
6
CONTINUOUS
10
0.7254108267716535
20
0.260021811023622
11
0.7242859448818898
21
0.2577720866141732
0
LINE
8
BLACK
6
CONTINUOUS
10
0.7242859448818898
20
0.2577720866141732
11
0.724092559055118
21
0.2575229527559055
0
LINE
8
BLACK
6
CONTINUOUS
10
0.724092559055118
20
0.2575229527559055
11
0.7239172440944882
21
0.2572605118110236
0
LINE
8
BLACK
6
CONTINUOUS
10
0.7239172440944882
20
0.2572605118110236
11
0.7227924015748032
21
0.2561356299212598
0
LINE
8
BLACK
6
CONTINUOUS
10
0.7227924015748032
20
0.2561356299212598
11
0.7225299212598425
21
0.2559602755905512
0
LINE
8
BLACK
6
CONTINUOUS
10
0.7225299212598425
20
0.2559602755905512
11
0.7222807874015748
21
0.2557668897637795
0
LINE
8
BLACK
6
CONTINUOUS
10
0.7222807874015748
20
0.2557668897637795
11
0.7200310236220472
21
0.2546420078740158
0
LINE
8
BLACK
6
CONTINUOUS
10
0.7200310236220472
20
0.2546420078740158
11
0.719935905511811
21
0.2546159842519685
0
LINE
8
BLACK
6
CONTINUOUS
10
0.719935905511811
20
0.2546159842519685
11
0.7199040157480315
21
0.2545840551181102
0
LINE
8
BLACK
6
CONTINUOUS
10
0.7199040157480315
20
0.2545840551181102
11
0.7195945275590551
21
0.2545225196850394
0
LINE
8
BLACK
6
CONTINUOUS
10
0.7195945275590551
20
0.2545225196850394
11
0.7192902362204724
21
0.2544391732283465
0
LINE
8
BLACK
6
CONTINUOUS
10
0.7192902362204724
20
0.2544391732283465
11
0.7192474015748032
21
0.2544534645669291
0
LINE
8
BLACK
6
CONTINUOUS
10
0.7192474015748032
20
0.2544534645669291
11
0.7191507086614173
21
0.2544342125984252
0
LINE
8
BLACK
6
CONTINUOUS
10
0.7191507086614173
20
0.2544342125984252
11
0.7146512598425196
21
0.2544342125984252
0
LINE
8
BLACK
6
CONTINUOUS
10
0.7146512598425196
20
0.2544342125984252
11
0.7145545275590551
21
0.2544534645669291
0
LINE
8
BLACK
6
CONTINUOUS
10
0.7145545275590551
20
0.2544534645669291
11
0.7145117322834645
21
0.2544391732283465
0
LINE
8
BLACK
6
CONTINUOUS
10
0.7145117322834645
20
0.2544391732283465
11
0.7142075984251969
21
0.2545224803149606
0
LINE
8
BLACK
6
CONTINUOUS
10
0.7142075984251969
20
0.2545224803149606
11
0.7138979527559055
21
0.2545840551181102
0
LINE
8
BLACK
6
CONTINUOUS
10
0.7138979527559055
20
0.2545840551181102
11
0.7138659842519685
21
0.2546160236220472
0
LINE
8
BLACK
6
CONTINUOUS
10
0.7138659842519685
20
0.2546160236220472
11
0.7137709448818897
21
0.2546420472440945
0
LINE
8
BLACK
6
CONTINUOUS
10
0.7137709448818897
20
0.2546420472440945
11
0.7115212204724409
21
0.2557668897637795
0
LINE
8
BLACK
6
CONTINUOUS
10
0.7115212204724409
20
0.2557668897637795
11
0.711271811023622
21
0.2559604330708661
0
LINE
8
BLACK
6
CONTINUOUS
10
0.711271811023622
20
0.2559604330708661
11
0.7110096456692914
21
0.2561356299212598
0
LINE
8
BLACK
6
CONTINUOUS
10
0.7110096456692914
20
0.2561356299212598
11
0.7098847637795276
21
0.2572605118110236
0
LINE
8
BLACK
6
CONTINUOUS
10
0.7098847637795276
20
0.2572605118110236
11
0.7097095275590551
21
0.2575227165354331
0
LINE
8
BLACK
6
CONTINUOUS
10
0.7097095275590551
20
0.2575227165354331
11
0.7095160236220472
21
0.2577720866141732
0
LINE
8
BLACK
6
CONTINUOUS
10
0.7095160236220472
20
0.2577720866141732
11
0.7083911417322835
21
0.2600218503937008
0
LINE
8
BLACK
6
CONTINUOUS
10
0.7083911417322835
20
0.2600218503937008
11
0.7083650787401574
21
0.260116968503937
0
LINE
8
BLACK
6
CONTINUOUS
10
0.7083650787401574
20
0.260116968503937
11
0.708333188976378
21
0.2601488582677166
0
LINE
8
BLACK
6
CONTINUOUS
10
0.708333188976378
20
0.2601488582677166
11
0.7082716141732284
21
0.2604583464566929
0
LINE
8
BLACK
6
CONTINUOUS
10
0.7082716141732284
20
0.2604583464566929
11
0.7081883070866142
21
0.2607626377952756
0
LINE
8
BLACK
6
CONTINUOUS
10
0.7081883070866142
20
0.2607626377952756
11
0.7082025590551181
21
0.2608054724409449
0
LINE
8
BLACK
6
CONTINUOUS
10
0.7082025590551181
20
0.2608054724409449
11
0.7081833464566929
21
0.2609021653543307
0
LINE
8
BLACK
6
CONTINUOUS
10
0.7081833464566929
20
0.2609021653543307
11
0.7081833464566929
21
0.2800247637795276
0
LINE
8
BLACK
6
CONTINUOUS
10
0.7081833464566929
20
0.2800247637795276
11
0.708333188976378
21
0.2807780708661417
0
LINE
8
BLACK
6
CONTINUOUS
10
0.708333188976378
20
0.2807780708661417
11
0.7093985433070866
21
0.2818434251968504
0
LINE
8
BLACK
6
CONTINUOUS
10
0.7093985433070866
20
0.2818434251968504
11
0.7109051574803149
21
0.2818434251968504
0
LINE
8
BLACK
6
CONTINUOUS
10
0.7109051574803149
20
0.2818434251968504
11
0.7119705118110236
21
0.2807780708661417
0
LINE
8
BLACK
6
CONTINUOUS
10
0.7428694488188976
20
0.2819740551181102
11
0.7429122834645669
21
0.2819883070866142
0
LINE
8
BLACK
6
CONTINUOUS
10
0.7429122834645669
20
0.2819883070866142
11
0.7432165748031496
21
0.281905
0
LINE
8
BLACK
6
CONTINUOUS
10
0.7432165748031496
20
0.281905
11
0.743526062992126
21
0.2818434251968504
0
LINE
8
BLACK
6
CONTINUOUS
10
0.743526062992126
20
0.2818434251968504
11
0.7435579527559055
21
0.2818115354330709
0
LINE
8
BLACK
6
CONTINUOUS
10
0.7435579527559055
20
0.2818115354330709
11
0.7436530708661417
21
0.2817854724409449
0
LINE
8
BLACK
6
CONTINUOUS
10
0.7436530708661417
20
0.2817854724409449
11
0.7459028346456693
21
0.2806605905511811
0
LINE
8
BLACK
6
CONTINUOUS
10
0.7459028346456693
20
0.2806605905511811
11
0.7461519685039369
21
0.2804672440944882
0
LINE
8
BLACK
6
CONTINUOUS
10
0.7461519685039369
20
0.2804672440944882
11
0.7464144488188976
21
0.2802918503937008
0
LINE
8
BLACK
6
CONTINUOUS
10
0.7464144488188976
20
0.2802918503937008
11
0.7475392913385827
21
0.279166968503937
0
LINE
8
BLACK
6
CONTINUOUS
10
0.7475392913385827
20
0.279166968503937
11
0.7477146456692914
21
0.2789045275590551
0
LINE
8
BLACK
6
CONTINUOUS
10
0.7477146456692914
20
0.2789045275590551
11
0.747908031496063
21
0.2786553543307086
0
LINE
8
BLACK
6
CONTINUOUS
10
0.747908031496063
20
0.2786553543307086
11
0.749032874015748
21
0.2764056299212598
0
LINE
8
BLACK
6
CONTINUOUS
10
0.749032874015748
20
0.2764056299212598
11
0.7490588976377952
21
0.2763105511811024
0
LINE
8
BLACK
6
CONTINUOUS
10
0.7490588976377952
20
0.2763105511811024
11
0.7490908267716535
21
0.2762786220472441
0
LINE
8
BLACK
6
CONTINUOUS
10
0.7490908267716535
20
0.2762786220472441
11
0.7491523622047244
21
0.2759691732283465
0
LINE
8
BLACK
6
CONTINUOUS
10
0.7491523622047244
20
0.2759691732283465
11
0.7492357086614173
21
0.275664842519685
0
LINE
8
BLACK
6
CONTINUOUS
10
0.7492357086614173
20
0.275664842519685
11
0.7492214173228346
21
0.2756220472440945
0
LINE
8
BLACK
6
CONTINUOUS
10
0.7492214173228346
20
0.2756220472440945
11
0.7492406692913386
21
0.2755253149606299
0
LINE
8
BLACK
6
CONTINUOUS
10
0.7492406692913386
20
0.2755253149606299
11
0.7492406692913386
21
0.2732755905511811
0
LINE
8
BLACK
6
CONTINUOUS
10
0.7492406692913386
20
0.2732755905511811
11
0.749179094488189
21
0.2729661023622047
0
LINE
8
BLACK
6
CONTINUOUS
10
0.749179094488189
20
0.2729661023622047
11
0.7491396456692914
21
0.2726530708661417
0
LINE
8
BLACK
6
CONTINUOUS
10
0.7491396456692914
20
0.2726530708661417
11
0.7480148031496063
21
0.2692785433070866
0
LINE
8
BLACK
6
CONTINUOUS
10
0.7480148031496063
20
0.2692785433070866
11
0.7479659842519685
21
0.2691929133858268
0
LINE
8
BLACK
6
CONTINUOUS
10
0.7479659842519685
20
0.2691929133858268
11
0.7479659842519685
21
0.2691477165354331
0
LINE
8
BLACK
6
CONTINUOUS
10
0.7479659842519685
20
0.2691477165354331
11
0.747790748031496
21
0.2688855118110236
0
LINE
8
BLACK
6
CONTINUOUS
10
0.747790748031496
20
0.2688855118110236
11
0.7476344488188976
21
0.2686112598425197
0
LINE
8
BLACK
6
CONTINUOUS
10
0.7476344488188976
20
0.2686112598425197
11
0.7475939763779528
21
0.268591062992126
0
LINE
8
BLACK
6
CONTINUOUS
10
0.7475939763779528
20
0.268591062992126
11
0.7475392519685039
21
0.268509094488189
0
LINE
8
BLACK
6
CONTINUOUS
10
0.7475392519685039
20
0.268509094488189
11
0.7374013779527558
21
0.2583712204724409
0
LINE
8
BLACK
6
CONTINUOUS
10
0.7374013779527558
20
0.2583712204724409
11
0.7472721653543307
21
0.2583712204724409
0
LINE
8
BLACK
6
CONTINUOUS
10
0.7472721653543307
20
0.2583712204724409
11
0.7480254724409449
21
0.2582213779527559
0
LINE
8
BLACK
6
CONTINUOUS
10
0.7480254724409449
20
0.2582213779527559
11
0.7490908267716535
21
0.2571560236220473
0
LINE
8
BLACK
6
CONTINUOUS
10
0.7490908267716535
20
0.2571560236220473
11
0.7490908267716535
21
0.2556494094488189
0
LINE
8
BLACK
6
CONTINUOUS
10
0.7490908267716535
20
0.2556494094488189
11
0.7480254724409449
21
0.2545840551181102
0
LINE
8
BLACK
6
CONTINUOUS
10
0.7480254724409449
20
0.2545840551181102
11
0.7472721653543307
21
0.2544342125984252
0
LINE
8
BLACK
6
CONTINUOUS
10
0.7472721653543307
20
0.2544342125984252
11
0.7326490157480314
21
0.2544342125984252
0
LINE
8
BLACK
6
CONTINUOUS
10
0.7326490157480314
20
0.2544342125984252
11
0.7318957086614173
21
0.2545840551181102
0
LINE
8
BLACK
6
CONTINUOUS
10
0.7318957086614173
20
0.2545840551181102
11
0.7308303543307086
21
0.2556494094488189
0
LINE
8
BLACK
6
CONTINUOUS
10
0.7308303543307086
20
0.2556494094488189
11
0.7308303543307086
21
0.2571560236220473
0
LINE
8
BLACK
6
CONTINUOUS
10
0.7308303543307086
20
0.2571560236220473
11
0.7312570866141732
21
0.2577946456692913
0
LINE
8
BLACK
6
CONTINUOUS
10
0.7312570866141732
20
0.2577946456692913
11
0.7444267716535433
21
0.2709643700787401
0
LINE
8
BLACK
6
CONTINUOUS
10
0.7444267716535433
20
0.2709643700787401
11
0.7453036614173228
21
0.273595
0
LINE
8
BLACK
6
CONTINUOUS
10
0.7453036614173228
20
0.273595
11
0.7453036614173228
21
0.2750606299212598
0
LINE
8
BLACK
6
CONTINUOUS
10
0.7453036614173228
20
0.2750606299212598
11
0.7445294488188976
21
0.2766090157480315
0
LINE
8
BLACK
6
CONTINUOUS
10
0.7445294488188976
20
0.2766090157480315
11
0.7438563779527559
21
0.2772821259842519
0
LINE
8
BLACK
6
CONTINUOUS
10
0.7438563779527559
20
0.2772821259842519
11
0.7423080314960629
21
0.2780562598425197
0
LINE
8
BLACK
6
CONTINUOUS
10
0.7423080314960629
20
0.2780562598425197
11
0.7376131496062992
21
0.2780562598425197
0
LINE
8
BLACK
6
CONTINUOUS
10
0.7376131496062992
20
0.2780562598425197
11
0.7360647244094488
21
0.2772820472440945
0
LINE
8
BLACK
6
CONTINUOUS
10
0.7360647244094488
20
0.2772820472440945
11
0.7351657874015748
21
0.2763831102362205
0
LINE
8
BLACK
6
CONTINUOUS
10
0.7351657874015748
20
0.2763831102362205
11
0.7345271653543307
21
0.2759563779527559
0
LINE
8
BLACK
6
CONTINUOUS
10
0.7345271653543307
20
0.2759563779527559
11
0.7330205511811023
21
0.2759563779527559
0
LINE
8
BLACK
6
CONTINUOUS
10
0.7330205511811023
20
0.2759563779527559
11
0.7319551968503937
21
0.2770217322834646
0
LINE
8
BLACK
6
CONTINUOUS
10
0.7319551968503937
20
0.2770217322834646
11
0.7319551968503937
21
0.2785283464566929
0
LINE
8
BLACK
6
CONTINUOUS
10
0.7319551968503937
20
0.2785283464566929
11
0.7323819291338582
21
0.279166968503937
0
LINE
8
BLACK
6
CONTINUOUS
10
0.7323819291338582
20
0.279166968503937
11
0.733506811023622
21
0.2802918503937008
0
LINE
8
BLACK
6
CONTINUOUS
10
0.733506811023622
20
0.2802918503937008
11
0.7337690551181102
21
0.2804671259842519
0
LINE
8
BLACK
6
CONTINUOUS
10
0.7337690551181102
20
0.2804671259842519
11
0.7340184251968503
21
0.2806606299212598
0
LINE
8
BLACK
6
CONTINUOUS
10
0.7340184251968503
20
0.2806606299212598
11
0.7362681496062992
21
0.2817854724409449
0
LINE
8
BLACK
6
CONTINUOUS
10
0.7362681496062992
20
0.2817854724409449
11
0.7363632283464566
21
0.2818115354330709
0
LINE
8
BLACK
6
CONTINUOUS
10
0.7363632283464566
20
0.2818115354330709
11
0.7363951574803149
21
0.2818434251968504
0
LINE
8
BLACK
6
CONTINUOUS
10
0.7363951574803149
20
0.2818434251968504
11
0.7367046062992125
21
0.281905
0
LINE
8
BLACK
6
CONTINUOUS
10
0.7367046062992125
20
0.281905
11
0.737008937007874
21
0.2819883070866142
0
LINE
8
BLACK
6
CONTINUOUS
10
0.737008937007874
20
0.2819883070866142
11
0.7370517322834645
21
0.2819740551181102
0
LINE
8
BLACK
6
CONTINUOUS
10
0.7370517322834645
20
0.2819740551181102
11
0.7371484645669291
21
0.2819932677165354
0
LINE
8
BLACK
6
CONTINUOUS
10
0.7371484645669291
20
0.2819932677165354
11
0.7427727559055118
21
0.2819932677165354
0
LINE
8
BLACK
6
CONTINUOUS
10
0.7427727559055118
20
0.2819932677165354
11
0.7428694488188976
21
0.2819740551181102
0
LINE
8
BLACK
6
CONTINUOUS
10
0.787958031496063
20
0.3279997637795276
11
0.7890233858267717
21
0.3269344094488189
0
LINE
8
BLACK
6
CONTINUOUS
10
0.7890233858267717
20
0.3269344094488189
11
0.7891732283464566
21
0.3261811023622047
0
LINE
8
BLACK
6
CONTINUOUS
10
0.7891732283464566
20
0.3261811023622047
11
0.7891732283464566
21
0.2474409448818898
0
LINE
8
BLACK
6
CONTINUOUS
10
0.7891732283464566
20
0.2474409448818898
11
0.7890233858267717
21
0.2466876377952756
0
LINE
8
BLACK
6
CONTINUOUS
10
0.7890233858267717
20
0.2466876377952756
11
0.7885966929133859
21
0.2460490157480315
0
LINE
8
BLACK
6
CONTINUOUS
10
0.7885966929133859
20
0.2460490157480315
11
0.7492265748031496
21
0.206678937007874
0
LINE
8
BLACK
6
CONTINUOUS
10
0.7492265748031496
20
0.206678937007874
11
0.7485879527559055
21
0.2062522047244094
0
LINE
8
BLACK
6
CONTINUOUS
10
0.7485879527559055
20
0.2062522047244094
11
0.7478346456692914
21
0.2061023622047244
0
LINE
8
BLACK
6
CONTINUOUS
10
0.7478346456692914
20
0.2061023622047244
11
0.6690944881889763
21
0.2061023622047244
0
LINE
8
BLACK
6
CONTINUOUS
10
0.6690944881889763
20
0.2061023622047244
11
0.6683411811023622
21
0.2062522047244094
0
LINE
8
BLACK
6
CONTINUOUS
10
0.6683411811023622
20
0.2062522047244094
11
0.6672758267716535
21
0.2073175590551181
0
LINE
8
BLACK
6
CONTINUOUS
10
0.6672758267716535
20
0.2073175590551181
11
0.6671259842519685
21
0.2080708661417323
0
LINE
8
BLACK
6
CONTINUOUS
10
0.6671259842519685
20
0.2080708661417323
11
0.6671259842519685
21
0.3261811023622047
0
LINE
8
BLACK
6
CONTINUOUS
10
0.6671259842519685
20
0.3261811023622047
11
0.6672758267716535
21
0.3269344094488189
0
LINE
8
BLACK
6
CONTINUOUS
10
0.6672758267716535
20
0.3269344094488189
11
0.6683411811023622
21
0.3279997637795276
0
LINE
8
BLACK
6
CONTINUOUS
10
0.6683411811023622
20
0.3279997637795276
11
0.6690944881889763
21
0.3281496062992126
0
LINE
8
BLACK
6
CONTINUOUS
10
0.6690944881889763
20
0.3281496062992126
11
0.7872047244094488
21
0.3281496062992126
0
LINE
8
BLACK
6
CONTINUOUS
10
0.7872047244094488
20
0.3281496062992126
11
0.787958031496063
21
0.3279997637795276
0
LINE
8
BLACK
6
CONTINUOUS
10
0.6710629921259842
20
0.3242125984251968
11
0.6710629921259842
21
0.2100393700787402
0
LINE
8
BLACK
6
CONTINUOUS
10
0.6710629921259842
20
0.2100393700787402
11
0.7470192913385827
21
0.2100393700787402
0
LINE
8
BLACK
6
CONTINUOUS
10
0.7470192913385827
20
0.2100393700787402
11
0.7852362204724409
21
0.2482563385826771
0
LINE
8
BLACK
6
CONTINUOUS
10
0.7852362204724409
20
0.2482563385826771
11
0.7852362204724409
21
0.3242125984251968
0
LINE
8
BLACK
6
CONTINUOUS
10
0.7852362204724409
20
0.3242125984251968
11
0.6710629921259842
21
0.3242125984251968
0
LINE
8
BLACK
6
CONTINUOUS
10
0.4965152362204724
20
0.3238790157480315
11
0.4973298818897638
21
0.3230643700787402
0
LINE
8
BLACK
6
CONTINUOUS
10
0.4973298818897638
20
0.3230643700787402
11
0.4977707874015748
21
0.3219999606299213
0
LINE
8
BLACK
6
CONTINUOUS
10
0.4977707874015748
20
0.3219999606299213
11
0.4978275196850394
21
0.3214238976377953
0
LINE
8
BLACK
6
CONTINUOUS
10
0.4978275196850394
20
0.3214238976377953
11
0.4978275196850394
21
0.3056290157480315
0
LINE
8
BLACK
6
CONTINUOUS
10
0.4978275196850394
20
0.3056290157480315
11
0.5106696456692913
21
0.3056290157480315
0
LINE
8
BLACK
6
CONTINUOUS
10
0.5106696456692913
20
0.3056290157480315
11
0.5106696456692913
21
0.3157996062992126
0
LINE
8
BLACK
6
CONTINUOUS
10
0.5106696456692913
20
0.3157996062992126
11
0.5107263779527559
21
0.3163756692913386
0
LINE
8
BLACK
6
CONTINUOUS
10
0.5107263779527559
20
0.3163756692913386
11
0.511167283464567
21
0.3174400787401574
0
LINE
8
BLACK
6
CONTINUOUS
10
0.511167283464567
20
0.3174400787401574
11
0.5119819291338582
21
0.3182547244094488
0
LINE
8
BLACK
6
CONTINUOUS
10
0.5119819291338582
20
0.3182547244094488
11
0.5130463385826771
21
0.3186956299212598
0
LINE
8
BLACK
6
CONTINUOUS
10
0.5130463385826771
20
0.3186956299212598
11
0.5141984645669291
21
0.3186956299212598
0
LINE
8
BLACK
6
CONTINUOUS
10
0.5141984645669291
20
0.3186956299212598
11
0.515262874015748
21
0.3182547244094488
0
LINE
8
BLACK
6
CONTINUOUS
10
0.515262874015748
20
0.3182547244094488
11
0.5160775196850393
21
0.3174400787401574
0
LINE
8
BLACK
6
CONTINUOUS
10
0.5160775196850393
20
0.3174400787401574
11
0.5165184251968504
21
0.3163756692913386
0
LINE
8
BLACK
6
CONTINUOUS
10
0.5165184251968504
20
0.3163756692913386
11
0.5165751574803149
21
0.3157996062992126
0
LINE
8
BLACK
6
CONTINUOUS
10
0.5165751574803149
20
0.3157996062992126
11
0.5165751574803149
21
0.3056290157480315
0
LINE
8
BLACK
6
CONTINUOUS
10
0.5165751574803149
20
0.3056290157480315
11
0.5342448425196851
21
0.3056290157480315
0
LINE
8
BLACK
6
CONTINUOUS
10
0.5342448425196851
20
0.3056290157480315
11
0.5348209055118111
21
0.3055722834645669
0
LINE
8
BLACK
6
CONTINUOUS
10
0.5348209055118111
20
0.3055722834645669
11
0.5358853149606299
21
0.3051313779527559
0
LINE
8
BLACK
6
CONTINUOUS
10
0.5358853149606299
20
0.3051313779527559
11
0.5366999606299212
21
0.3043167322834646
0
LINE
8
BLACK
6
CONTINUOUS
10
0.5366999606299212
20
0.3043167322834646
11
0.5371408661417323
21
0.3032523228346456
0
LINE
8
BLACK
6
CONTINUOUS
10
0.5371408661417323
20
0.3032523228346456
11
0.5371408661417323
21
0.3021001968503937
0
LINE
8
BLACK
6
CONTINUOUS
10
0.5371408661417323
20
0.3021001968503937
11
0.5366999606299212
21
0.3010357874015748
0
LINE
8
BLACK
6
CONTINUOUS
10
0.5366999606299212
20
0.3010357874015748
11
0.5358853149606299
21
0.3002211417322835
0
LINE
8
BLACK
6
CONTINUOUS
10
0.5358853149606299
20
0.3002211417322835
11
0.5348209055118111
21
0.2997802362204725
0
LINE
8
BLACK
6
CONTINUOUS
10
0.5348209055118111
20
0.2997802362204725
11
0.5342448425196851
21
0.2997235039370079
0
LINE
8
BLACK
6
CONTINUOUS
10
0.5342448425196851
20
0.2997235039370079
11
0.4948747637795275
21
0.2997235039370079
0
LINE
8
BLACK
6
CONTINUOUS
10
0.4948747637795275
20
0.2997235039370079
11
0.4942987007874016
21
0.2997802362204725
0
LINE
8
BLACK
6
CONTINUOUS
10
0.4942987007874016
20
0.2997802362204725
11
0.4932342913385827
21
0.3002211417322835
0
LINE
8
BLACK
6
CONTINUOUS
10
0.4932342913385827
20
0.3002211417322835
11
0.4924196456692913
21
0.3010357874015748
0
LINE
8
BLACK
6
CONTINUOUS
10
0.4924196456692913
20
0.3010357874015748
11
0.4919787401574803
21
0.3021001968503937
0
LINE
8
BLACK
6
CONTINUOUS
10
0.4919787401574803
20
0.3021001968503937
11
0.4919220078740157
21
0.3026762598425197
0
LINE
8
BLACK
6
CONTINUOUS
10
0.4919220078740157
20
0.3026762598425197
11
0.4919220078740157
21
0.3214238976377953
0
LINE
8
BLACK
6
CONTINUOUS
10
0.4919220078740157
20
0.3214238976377953
11
0.4919787401574803
21
0.3219999606299213
0
LINE
8
BLACK
6
CONTINUOUS
10
0.4919787401574803
20
0.3219999606299213
11
0.4924196456692913
21
0.3230643700787402
0
LINE
8
BLACK
6
CONTINUOUS
10
0.4924196456692913
20
0.3230643700787402
11
0.4932342913385827
21
0.3238790157480315
0
LINE
8
BLACK
6
CONTINUOUS
10
0.4932342913385827
20
0.3238790157480315
11
0.4942987007874016
21
0.3243199212598425
0
LINE
8
BLACK
6
CONTINUOUS
10
0.4942987007874016
20
0.3243199212598425
11
0.4954508267716535
21
0.3243199212598425
0
LINE
8
BLACK
6
CONTINUOUS
10
0.4954508267716535
20
0.3243199212598425
11
0.4965152362204724
21
0.3238790157480315
0
LINE
8
BLACK
6
CONTINUOUS
10
0.5889561811023621
20
0.3334543700787401
11
0.5897708267716535
21
0.3326397244094488
0
LINE
8
BLACK
6
CONTINUOUS
10
0.5897708267716535
20
0.3326397244094488
11
0.5902117322834646
21
0.3315753149606299
0
LINE
8
BLACK
6
CONTINUOUS
10
0.5902117322834646
20
0.3315753149606299
11
0.5902684645669292
21
0.3309992519685039
0
LINE
8
BLACK
6
CONTINUOUS
10
0.5902684645669292
20
0.3309992519685039
11
0.5902684645669292
21
0.3085020866141732
0
LINE
8
BLACK
6
CONTINUOUS
10
0.5902684645669292
20
0.3085020866141732
11
0.5902117322834646
21
0.3079260236220472
0
LINE
8
BLACK
6
CONTINUOUS
10
0.5902117322834646
20
0.3079260236220472
11
0.5897708267716535
21
0.3068616141732283
0
LINE
8
BLACK
6
CONTINUOUS
10
0.5897708267716535
20
0.3068616141732283
11
0.5889561811023621
21
0.306046968503937
0
LINE
8
BLACK
6
CONTINUOUS
10
0.5889561811023621
20
0.306046968503937
11
0.5878917716535433
21
0.305606062992126
0
LINE
8
BLACK
6
CONTINUOUS
10
0.5878917716535433
20
0.305606062992126
11
0.5867396456692914
21
0.305606062992126
0
LINE
8
BLACK
6
CONTINUOUS
10
0.5867396456692914
20
0.305606062992126
11
0.5856752362204725
21
0.306046968503937
0
LINE
8
BLACK
6
CONTINUOUS
10
0.5856752362204725
20
0.306046968503937
11
0.5848605905511811
21
0.3068616141732283
0
LINE
8
BLACK
6
CONTINUOUS
10
0.5848605905511811
20
0.3068616141732283
11
0.58441968503937
21
0.3079260236220472
0
LINE
8
BLACK
6
CONTINUOUS
10
0.58441968503937
20
0.3079260236220472
11
0.5843629527559056
21
0.3085020866141732
0
LINE
8
BLACK
6
CONTINUOUS
10
0.5843629527559056
20
0.3085020866141732
11
0.5843629527559056
21
0.3167979133858267
0
LINE
8
BLACK
6
CONTINUOUS
10
0.5843629527559056
20
0.3167979133858267
11
0.5569489763779527
21
0.3167979133858267
0
LINE
8
BLACK
6
CONTINUOUS
10
0.5569489763779527
20
0.3167979133858267
11
0.5594073622047244
21
0.3143395275590551
0
LINE
8
BLACK
6
CONTINUOUS
10
0.5594073622047244
20
0.3143395275590551
11
0.5595931889763779
21
0.3141131496062992
0
LINE
8
BLACK
6
CONTINUOUS
10
0.5595931889763779
20
0.3141131496062992
11
0.559652125984252
21
0.3140620078740157
0
LINE
8
BLACK
6
CONTINUOUS
10
0.559652125984252
20
0.3140620078740157
11
0.5597079921259842
21
0.3139732677165354
0
LINE
8
BLACK
6
CONTINUOUS
10
0.5597079921259842
20
0.3139732677165354
11
0.5597746062992126
21
0.3138920866141732
0
LINE
8
BLACK
6
CONTINUOUS
10
0.5597746062992126
20
0.3138920866141732
11
0.5598044488188976
21
0.3138199606299212
0
LINE
8
BLACK
6
CONTINUOUS
10
0.5598044488188976
20
0.3138199606299212
11
0.5599604724409448
21
0.3135721259842519
0
LINE
8
BLACK
6
CONTINUOUS
10
0.5599604724409448
20
0.3135721259842519
11
0.5618352362204724
21
0.3098225984251968
0
LINE
8
BLACK
6
CONTINUOUS
10
0.5618352362204724
20
0.3098225984251968
11
0.562042125984252
21
0.3092820078740157
0
LINE
8
BLACK
6
CONTINUOUS
10
0.562042125984252
20
0.3092820078740157
11
0.5621237795275591
21
0.3081327952755906
0
LINE
8
BLACK
6
CONTINUOUS
10
0.5621237795275591
20
0.3081327952755906
11
0.5617594488188976
21
0.3070398031496063
0
LINE
8
BLACK
6
CONTINUOUS
10
0.5617594488188976
20
0.3070398031496063
11
0.5610046062992126
21
0.3061694488188976
0
LINE
8
BLACK
6
CONTINUOUS
10
0.5610046062992126
20
0.3061694488188976
11
0.5599740944881889
21
0.3056541732283464
0
LINE
8
BLACK
6
CONTINUOUS
10
0.5599740944881889
20
0.3056541732283464
11
0.5588248818897638
21
0.3055725196850393
0
LINE
8
BLACK
6
CONTINUOUS
10
0.5588248818897638
20
0.3055725196850393
11
0.5577319291338583
21
0.3059368503937008
0
LINE
8
BLACK
6
CONTINUOUS
10
0.5577319291338583
20
0.3059368503937008
11
0.5568615354330708
21
0.3066916929133858
0
LINE
8
BLACK
6
CONTINUOUS
10
0.5568615354330708
20
0.3066916929133858
11
0.556553188976378
21
0.3071815748031496
0
LINE
8
BLACK
6
CONTINUOUS
10
0.556553188976378
20
0.3071815748031496
11
0.554892716535433
21
0.3105025196850393
0
LINE
8
BLACK
6
CONTINUOUS
10
0.554892716535433
20
0.3105025196850393
11
0.5516887401574803
21
0.3137064960629921
0
LINE
8
BLACK
6
CONTINUOUS
10
0.5516887401574803
20
0.3137064960629921
11
0.5463077165354331
21
0.3172938188976378
0
LINE
8
BLACK
6
CONTINUOUS
10
0.5463077165354331
20
0.3172938188976378
11
0.5463060236220473
21
0.3172951968503937
0
LINE
8
BLACK
6
CONTINUOUS
10
0.5463060236220473
20
0.3172951968503937
11
0.5463051574803149
21
0.3172955511811024
0
LINE
8
BLACK
6
CONTINUOUS
10
0.5463051574803149
20
0.3172955511811024
11
0.5463031102362205
21
0.3172975984251968
0
LINE
8
BLACK
6
CONTINUOUS
10
0.5463031102362205
20
0.3172975984251968
11
0.5458598818897638
21
0.3176605905511811
0
LINE
8
BLACK
6
CONTINUOUS
10
0.5458598818897638
20
0.3176605905511811
11
0.5456972047244094
21
0.3179035039370079
0
LINE
8
BLACK
6
CONTINUOUS
10
0.5456972047244094
20
0.3179035039370079
11
0.5454905118110236
21
0.3181101968503937
0
LINE
8
BLACK
6
CONTINUOUS
10
0.5454905118110236
20
0.3181101968503937
11
0.5453797637795276
21
0.3183775196850394
0
LINE
8
BLACK
6
CONTINUOUS
10
0.5453797637795276
20
0.3183775196850394
11
0.5452188188976378
21
0.318617874015748
0
LINE
8
BLACK
6
CONTINUOUS
10
0.5452188188976378
20
0.318617874015748
11
0.5451614566929134
21
0.3189045275590551
0
LINE
8
BLACK
6
CONTINUOUS
10
0.5451614566929134
20
0.3189045275590551
11
0.5450496062992126
21
0.3191746062992126
0
LINE
8
BLACK
6
CONTINUOUS
10
0.5450496062992126
20
0.3191746062992126
11
0.5450496062992126
21
0.319463937007874
0
LINE
8
BLACK
6
CONTINUOUS
10
0.5450496062992126
20
0.319463937007874
11
0.544992874015748
21
0.3197475590551181
0
LINE
8
BLACK
6
CONTINUOUS
10
0.544992874015748
20
0.3197475590551181
11
0.5450496062992126
21
0.3200343700787401
0
LINE
8
BLACK
6
CONTINUOUS
10
0.5450496062992126
20
0.3200343700787401
11
0.5450496062992126
21
0.3203267322834645
0
LINE
8
BLACK
6
CONTINUOUS
10
0.5450496062992126
20
0.3203267322834645
11
0.5451603149606299
21
0.3205940157480315
0
LINE
8
BLACK
6
CONTINUOUS
10
0.5451603149606299
20
0.3205940157480315
11
0.5452164566929134
21
0.3208777952755906
0
LINE
8
BLACK
6
CONTINUOUS
10
0.5452164566929134
20
0.3208777952755906
11
0.5453786220472441
21
0.3211210629921259
0
LINE
8
BLACK
6
CONTINUOUS
10
0.5453786220472441
20
0.3211210629921259
11
0.5454905118110236
21
0.3213911417322834
0
LINE
8
BLACK
6
CONTINUOUS
10
0.5454905118110236
20
0.3213911417322834
11
0.5456950393700787
21
0.3215957086614173
0
LINE
8
BLACK
6
CONTINUOUS
10
0.5456950393700787
20
0.3215957086614173
11
0.5458555511811024
21
0.3218364173228346
0
LINE
8
BLACK
6
CONTINUOUS
10
0.5458555511811024
20
0.3218364173228346
11
0.5460984251968504
21
0.321999094488189
0
LINE
8
BLACK
6
CONTINUOUS
10
0.5460984251968504
20
0.321999094488189
11
0.5463051574803149
21
0.3222057874015748
0
LINE
8
BLACK
6
CONTINUOUS
10
0.5463051574803149
20
0.3222057874015748
11
0.5465724409448819
21
0.3223165354330709
0
LINE
8
BLACK
6
CONTINUOUS
10
0.5465724409448819
20
0.3223165354330709
11
0.5468128346456693
21
0.3224774803149606
0
LINE
8
BLACK
6
CONTINUOUS
10
0.5468128346456693
20
0.3224774803149606
11
0.5470994488188976
21
0.322534842519685
0
LINE
8
BLACK
6
CONTINUOUS
10
0.5470994488188976
20
0.322534842519685
11
0.5473695669291339
21
0.3226466929133858
0
LINE
8
BLACK
6
CONTINUOUS
10
0.5473695669291339
20
0.3226466929133858
11
0.5479394881889764
21
0.3227028346456693
0
LINE
8
BLACK
6
CONTINUOUS
10
0.5479394881889764
20
0.3227028346456693
11
0.5479425196850394
21
0.3227034251968504
0
LINE
8
BLACK
6
CONTINUOUS
10
0.5479425196850394
20
0.3227034251968504
11
0.5479435433070866
21
0.3227032283464567
0
LINE
8
BLACK
6
CONTINUOUS
10
0.5479435433070866
20
0.3227032283464567
11
0.5479456299212598
21
0.3227034251968504
0
LINE
8
BLACK
6
CONTINUOUS
10
0.5479456299212598
20
0.3227034251968504
11
0.5843629527559056
21
0.3227034251968504
0
LINE
8
BLACK
6
CONTINUOUS
10
0.5843629527559056
20
0.3227034251968504
11
0.5843629527559056
21
0.3309992519685039
0
LINE
8
BLACK
6
CONTINUOUS
10
0.5843629527559056
20
0.3309992519685039
11
0.58441968503937
21
0.3315753149606299
0
LINE
8
BLACK
6
CONTINUOUS
10
0.58441968503937
20
0.3315753149606299
11
0.5848605905511811
21
0.3326397244094488
0
LINE
8
BLACK
6
CONTINUOUS
10
0.5848605905511811
20
0.3326397244094488
11
0.5856752362204725
21
0.3334543700787401
0
LINE
8
BLACK
6
CONTINUOUS
10
0.5856752362204725
20
0.3334543700787401
11
0.5867396456692914
21
0.3338952755905512
0
LINE
8
BLACK
6
CONTINUOUS
10
0.5867396456692914
20
0.3338952755905512
11
0.5878917716535433
21
0.3338952755905512
0
LINE
8
BLACK
6
CONTINUOUS
10
0.5878917716535433
20
0.3338952755905512
11
0.5889561811023621
21
0.3334543700787401
0
LINE
8
BLACK
6
CONTINUOUS
10
0.5189941338582678
20
0.430576968503937
11
0.5200585433070866
21
0.430136062992126
0
LINE
8
BLACK
6
CONTINUOUS
10
0.5200585433070866
20
0.430136062992126
11
0.5208731889763779
21
0.4293214173228346
0
LINE
8
BLACK
6
CONTINUOUS
10
0.5208731889763779
20
0.4293214173228346
11
0.521314094488189
21
0.4282570078740157
0
LINE
8
BLACK
6
CONTINUOUS
10
0.521314094488189
20
0.4282570078740157
11
0.521314094488189
21
0.4271048818897638
0
LINE
8
BLACK
6
CONTINUOUS
10
0.521314094488189
20
0.4271048818897638
11
0.5208731889763779
21
0.4260404724409449
0
LINE
8
BLACK
6
CONTINUOUS
10
0.5208731889763779
20
0.4260404724409449
11
0.5202263779527559
21
0.4253937007874016
0
LINE
8
BLACK
6
CONTINUOUS
10
0.5202263779527559
20
0.4253937007874016
11
0.5288582677165354
21
0.4253937007874016
0
LINE
8
BLACK
6
CONTINUOUS
10
0.5288582677165354
20
0.4253937007874016
11
0.5296115748031496
21
0.4252438582677165
0
LINE
8
BLACK
6
CONTINUOUS
10
0.5296115748031496
20
0.4252438582677165
11
0.5306769291338582
21
0.4241785039370078
0
LINE
8
BLACK
6
CONTINUOUS
10
0.5306769291338582
20
0.4241785039370078
11
0.5308267716535433
21
0.4234251968503937
0
LINE
8
BLACK
6
CONTINUOUS
10
0.5308267716535433
20
0.4234251968503937
11
0.5308267716535433
21
0.3604330708661417
0
LINE
8
BLACK
6
CONTINUOUS
10
0.5308267716535433
20
0.3604330708661417
11
0.5306769291338582
21
0.3596797637795275
0
LINE
8
BLACK
6
CONTINUOUS
10
0.5306769291338582
20
0.3596797637795275
11
0.5296115748031496
21
0.3586144094488189
0
LINE
8
BLACK
6
CONTINUOUS
10
0.5296115748031496
20
0.3586144094488189
11
0.5288582677165354
21
0.3584645669291339
0
LINE
8
BLACK
6
CONTINUOUS
10
0.5288582677165354
20
0.3584645669291339
11
0.520488937007874
21
0.3584645669291339
0
LINE
8
BLACK
6
CONTINUOUS
10
0.520488937007874
20
0.3584645669291339
11
0.5208731889763779
21
0.3580803149606299
0
LINE
8
BLACK
6
CONTINUOUS
10
0.5208731889763779
20
0.3580803149606299
11
0.521314094488189
21
0.357015905511811
0
LINE
8
BLACK
6
CONTINUOUS
10
0.521314094488189
20
0.357015905511811
11
0.5213708267716536
21
0.356439842519685
0
LINE
8
BLACK
6
CONTINUOUS
10
0.5213708267716536
20
0.356439842519685
11
0.5213708267716536
21
0.3339426771653543
0
LINE
8
BLACK
6
CONTINUOUS
10
0.5213708267716536
20
0.3339426771653543
11
0.521314094488189
21
0.3333666141732283
0
LINE
8
BLACK
6
CONTINUOUS
10
0.521314094488189
20
0.3333666141732283
11
0.5208731889763779
21
0.3323022047244095
0
LINE
8
BLACK
6
CONTINUOUS
10
0.5208731889763779
20
0.3323022047244095
11
0.5200585433070866
21
0.3314875590551181
0
LINE
8
BLACK
6
CONTINUOUS
10
0.5200585433070866
20
0.3314875590551181
11
0.5189941338582678
21
0.3310466535433071
0
LINE
8
BLACK
6
CONTINUOUS
10
0.5189941338582678
20
0.3310466535433071
11
0.5178420078740157
21
0.3310466535433071
0
LINE
8
BLACK
6
CONTINUOUS
10
0.5178420078740157
20
0.3310466535433071
11
0.5167775984251969
21
0.3314875590551181
0
LINE
8
BLACK
6
CONTINUOUS
10
0.5167775984251969
20
0.3314875590551181
11
0.5159629527559055
21
0.3323022047244095
0
LINE
8
BLACK
6
CONTINUOUS
10
0.5159629527559055
20
0.3323022047244095
11
0.5155220472440945
21
0.3333666141732283
0
LINE
8
BLACK
6
CONTINUOUS
10
0.5155220472440945
20
0.3333666141732283
11
0.5154653149606299
21
0.3339426771653543
0
LINE
8
BLACK
6
CONTINUOUS
10
0.5154653149606299
20
0.3339426771653543
11
0.5154653149606299
21
0.3422385039370079
0
LINE
8
BLACK
6
CONTINUOUS
10
0.5154653149606299
20
0.3422385039370079
11
0.4880513385826771
21
0.3422385039370079
0
LINE
8
BLACK
6
CONTINUOUS
10
0.4880513385826771
20
0.3422385039370079
11
0.4905097244094488
21
0.3397801181102362
0
LINE
8
BLACK
6
CONTINUOUS
10
0.4905097244094488
20
0.3397801181102362
11
0.4906955511811024
21
0.3395537401574803
0
LINE
8
BLACK
6
CONTINUOUS
10
0.4906955511811024
20
0.3395537401574803
11
0.4907544881889764
21
0.3395025984251969
0
LINE
8
BLACK
6
CONTINUOUS
10
0.4907544881889764
20
0.3395025984251969
11
0.4908103543307086
21
0.3394138582677165
0
LINE
8
BLACK
6
CONTINUOUS
10
0.4908103543307086
20
0.3394138582677165
11
0.490876968503937
21
0.3393326771653543
0
LINE
8
BLACK
6
CONTINUOUS
10
0.490876968503937
20
0.3393326771653543
11
0.490906811023622
21
0.3392605511811024
0
LINE
8
BLACK
6
CONTINUOUS
10
0.490906811023622
20
0.3392605511811024
11
0.4910628346456693
21
0.3390127165354331
0
LINE
8
BLACK
6
CONTINUOUS
10
0.4910628346456693
20
0.3390127165354331
11
0.4929375984251969
21
0.335263188976378
0
LINE
8
BLACK
6
CONTINUOUS
10
0.4929375984251969
20
0.335263188976378
11
0.4931444881889764
21
0.3347225984251969
0
LINE
8
BLACK
6
CONTINUOUS
10
0.4931444881889764
20
0.3347225984251969
11
0.4932261417322835
21
0.3335733858267717
0
LINE
8
BLACK
6
CONTINUOUS
10
0.4932261417322835
20
0.3335733858267717
11
0.492861811023622
21
0.3324803937007874
0
LINE
8
BLACK
6
CONTINUOUS
10
0.492861811023622
20
0.3324803937007874
11
0.492106968503937
21
0.3316100393700787
0
LINE
8
BLACK
6
CONTINUOUS
10
0.492106968503937
20
0.3316100393700787
11
0.4910764566929134
21
0.3310947637795276
0
LINE
8
BLACK
6
CONTINUOUS
10
0.4910764566929134
20
0.3310947637795276
11
0.4899272440944882
21
0.3310131102362205
0
LINE
8
BLACK
6
CONTINUOUS
10
0.4899272440944882
20
0.3310131102362205
11
0.4888342913385827
21
0.3313774409448819
0
LINE
8
BLACK
6
CONTINUOUS
10
0.4888342913385827
20
0.3313774409448819
11
0.4879638976377952
21
0.3321322834645669
0
LINE
8
BLACK
6
CONTINUOUS
10
0.4879638976377952
20
0.3321322834645669
11
0.4876555511811024
21
0.3326221653543307
0
LINE
8
BLACK
6
CONTINUOUS
10
0.4876555511811024
20
0.3326221653543307
11
0.4859950787401575
21
0.3359431102362205
0
LINE
8
BLACK
6
CONTINUOUS
10
0.4859950787401575
20
0.3359431102362205
11
0.4827911023622047
21
0.3391470866141732
0
LINE
8
BLACK
6
CONTINUOUS
10
0.4827911023622047
20
0.3391470866141732
11
0.4774100787401575
21
0.3427344094488189
0
LINE
8
BLACK
6
CONTINUOUS
10
0.4774100787401575
20
0.3427344094488189
11
0.4774083858267716
21
0.3427357874015748
0
LINE
8
BLACK
6
CONTINUOUS
10
0.4774083858267716
20
0.3427357874015748
11
0.4774075196850394
21
0.3427361417322835
0
LINE
8
BLACK
6
CONTINUOUS
10
0.4774075196850394
20
0.3427361417322835
11
0.4774054724409449
21
0.3427381889763779
0
LINE
8
BLACK
6
CONTINUOUS
10
0.4774054724409449
20
0.3427381889763779
11
0.4769622440944882
21
0.3431011811023622
0
LINE
8
BLACK
6
CONTINUOUS
10
0.4769622440944882
20
0.3431011811023622
11
0.4767995669291338
21
0.343344094488189
0
LINE
8
BLACK
6
CONTINUOUS
10
0.4767995669291338
20
0.343344094488189
11
0.476592874015748
21
0.3435507874015748
0
LINE
8
BLACK
6
CONTINUOUS
10
0.476592874015748
20
0.3435507874015748
11
0.4764821259842519
21
0.3438181102362204
0
LINE
8
BLACK
6
CONTINUOUS
10
0.4764821259842519
20
0.3438181102362204
11
0.4763211811023622
21
0.3440584645669291
0
LINE
8
BLACK
6
CONTINUOUS
10
0.4763211811023622
20
0.3440584645669291
11
0.4762638188976378
21
0.3443451181102362
0
LINE
8
BLACK
6
CONTINUOUS
10
0.4762638188976378
20
0.3443451181102362
11
0.476151968503937
21
0.3446151968503937
0
LINE
8
BLACK
6
CONTINUOUS
10
0.476151968503937
20
0.3446151968503937
11
0.476151968503937
21
0.3449045275590551
0
LINE
8
BLACK
6
CONTINUOUS
10
0.476151968503937
20
0.3449045275590551
11
0.4760952362204725
21
0.3451881496062992
0
LINE
8
BLACK
6
CONTINUOUS
10
0.4760952362204725
20
0.3451881496062992
11
0.476151968503937
21
0.3454749606299213
0
LINE
8
BLACK
6
CONTINUOUS
10
0.476151968503937
20
0.3454749606299213
11
0.476151968503937
21
0.3457673228346457
0
LINE
8
BLACK
6
CONTINUOUS
10
0.476151968503937
20
0.3457673228346457
11
0.4762626771653543
21
0.3460346062992126
0
LINE
8
BLACK
6
CONTINUOUS
10
0.4762626771653543
20
0.3460346062992126
11
0.4763188188976378
21
0.3463183858267717
0
LINE
8
BLACK
6
CONTINUOUS
10
0.4763188188976378
20
0.3463183858267717
11
0.4764809842519685
21
0.3465616535433071
0
LINE
8
BLACK
6
CONTINUOUS
10
0.4764809842519685
20
0.3465616535433071
11
0.476592874015748
21
0.3468317322834645
0
LINE
8
BLACK
6
CONTINUOUS
10
0.476592874015748
20
0.3468317322834645
11
0.4767974015748032
21
0.3470362992125984
0
LINE
8
BLACK
6
CONTINUOUS
10
0.4767974015748032
20
0.3470362992125984
11
0.4769579133858268
21
0.3472770078740157
0
LINE
8
BLACK
6
CONTINUOUS
10
0.4769579133858268
20
0.3472770078740157
11
0.4772007874015748
21
0.3474396850393701
0
LINE
8
BLACK
6
CONTINUOUS
10
0.4772007874015748
20
0.3474396850393701
11
0.4774075196850394
21
0.3476463779527559
0
LINE
8
BLACK
6
CONTINUOUS
10
0.4774075196850394
20
0.3476463779527559
11
0.4776748031496063
21
0.347757125984252
0
LINE
8
BLACK
6
CONTINUOUS
10
0.4776748031496063
20
0.347757125984252
11
0.4779151968503937
21
0.3479180708661417
0
LINE
8
BLACK
6
CONTINUOUS
10
0.4779151968503937
20
0.3479180708661417
11
0.478201811023622
21
0.3479754330708661
0
LINE
8
BLACK
6
CONTINUOUS
10
0.478201811023622
20
0.3479754330708661
11
0.4784719291338583
21
0.3480872834645669
0
LINE
8
BLACK
6
CONTINUOUS
10
0.4784719291338583
20
0.3480872834645669
11
0.4790418503937008
21
0.3481434251968504
0
LINE
8
BLACK
6
CONTINUOUS
10
0.4790418503937008
20
0.3481434251968504
11
0.4790448818897638
21
0.3481440157480315
0
LINE
8
BLACK
6
CONTINUOUS
10
0.4790448818897638
20
0.3481440157480315
11
0.479045905511811
21
0.3481438188976378
0
LINE
8
BLACK
6
CONTINUOUS
10
0.479045905511811
20
0.3481438188976378
11
0.4790479921259843
21
0.3481440157480315
0
LINE
8
BLACK
6
CONTINUOUS
10
0.4790479921259843
20
0.3481440157480315
11
0.5154653149606299
21
0.3481440157480315
0
LINE
8
BLACK
6
CONTINUOUS
10
0.5154653149606299
20
0.3481440157480315
11
0.5154653149606299
21
0.356439842519685
0
LINE
8
BLACK
6
CONTINUOUS
10
0.5154653149606299
20
0.356439842519685
11
0.5155220472440945
21
0.357015905511811
0
LINE
8
BLACK
6
CONTINUOUS
10
0.5155220472440945
20
0.357015905511811
11
0.5159629527559055
21
0.3580803149606299
0
LINE
8
BLACK
6
CONTINUOUS
10
0.5159629527559055
20
0.3580803149606299
11
0.5163472047244094
21
0.3584645669291339
0
LINE
8
BLACK
6
CONTINUOUS
10
0.5163472047244094
20
0.3584645669291339
11
0.4973622047244095
21
0.3584645669291339
0
LINE
8
BLACK
6
CONTINUOUS
10
0.4973622047244095
20
0.3584645669291339
11
0.4966088976377953
21
0.3586144094488189
0
LINE
8
BLACK
6
CONTINUOUS
10
0.4966088976377953
20
0.3586144094488189
11
0.4955435433070866
21
0.3596797637795275
0
LINE
8
BLACK
6
CONTINUOUS
10
0.4955435433070866
20
0.3596797637795275
11
0.4953937007874016
21
0.3604330708661417
0
LINE
8
BLACK
6
CONTINUOUS
10
0.4953937007874016
20
0.3604330708661417
11
0.4953937007874016
21
0.3684852362204724
0
LINE
8
BLACK
6
CONTINUOUS
10
0.4953937007874016
20
0.3684852362204724
11
0.4940461023622047
21
0.3684852362204724
0
LINE
8
BLACK
6
CONTINUOUS
10
0.4940461023622047
20
0.3684852362204724
11
0.4939455511811023
21
0.368495157480315
0
LINE
8
BLACK
6
CONTINUOUS
10
0.4939455511811023
20
0.368495157480315
11
0.4939025590551181
21
0.3684887401574803
0
LINE
8
BLACK
6
CONTINUOUS
10
0.4939025590551181
20
0.3684887401574803
11
0.4936870472440945
21
0.3685206299212598
0
LINE
8
BLACK
6
CONTINUOUS
10
0.4936870472440945
20
0.3685206299212598
11
0.4934700393700787
21
0.368541968503937
0
LINE
8
BLACK
6
CONTINUOUS
10
0.4934700393700787
20
0.368541968503937
11
0.4934298031496063
21
0.3685586220472441
0
LINE
8
BLACK
6
CONTINUOUS
10
0.4934298031496063
20
0.3685586220472441
11
0.4933299606299212
21
0.3685733858267716
0
LINE
8
BLACK
6
CONTINUOUS
10
0.4933299606299212
20
0.3685733858267716
11
0.485830905511811
21
0.3704481496062992
0
LINE
8
BLACK
6
CONTINUOUS
10
0.485830905511811
20
0.3704481496062992
11
0.4857883858267716
21
0.3704633464566929
0
LINE
8
BLACK
6
CONTINUOUS
10
0.4857883858267716
20
0.3704633464566929
11
0.485767125984252
21
0.370464842519685
0
LINE
8
BLACK
6
CONTINUOUS
10
0.485767125984252
20
0.370464842519685
11
0.4855273622047244
21
0.3705566141732283
0
LINE
8
BLACK
6
CONTINUOUS
10
0.4855273622047244
20
0.3705566141732283
11
0.4852857874015748
21
0.3706429133858268
0
LINE
8
BLACK
6
CONTINUOUS
10
0.4852857874015748
20
0.3706429133858268
11
0.4852686220472441
21
0.3706556299212598
0
LINE
8
BLACK
6
CONTINUOUS
10
0.4852686220472441
20
0.3706556299212598
11
0.4852265354330709
21
0.3706717322834646
0
LINE
8
BLACK
6
CONTINUOUS
10
0.4852265354330709
20
0.3706717322834646
11
0.4814770078740158
21
0.3725464960629921
0
LINE
8
BLACK
6
CONTINUOUS
10
0.4814770078740158
20
0.3725464960629921
11
0.4812289763779528
21
0.3727025984251968
0
LINE
8
BLACK
6
CONTINUOUS
10
0.4812289763779528
20
0.3727025984251968
11
0.4811570472440945
21
0.3727324015748031
0
LINE
8
BLACK
6
CONTINUOUS
10
0.4811570472440945
20
0.3727324015748031
11
0.481076062992126
21
0.3727988976377953
0
LINE
8
BLACK
6
CONTINUOUS
10
0.481076062992126
20
0.3727988976377953
11
0.480987125984252
21
0.372854842519685
0
LINE
8
BLACK
6
CONTINUOUS
10
0.480987125984252
20
0.372854842519685
11
0.4809359448818897
21
0.3729138582677165
0
LINE
8
BLACK
6
CONTINUOUS
10
0.4809359448818897
20
0.3729138582677165
11
0.4807096062992126
21
0.3730996062992126
0
LINE
8
BLACK
6
CONTINUOUS
10
0.4807096062992126
20
0.3730996062992126
11
0.4788348425196851
21
0.3749743700787401
0
LINE
8
BLACK
6
CONTINUOUS
10
0.4788348425196851
20
0.3749743700787401
11
0.4786490551181102
21
0.3752007480314961
0
LINE
8
BLACK
6
CONTINUOUS
10
0.4786490551181102
20
0.3752007480314961
11
0.4785900787401575
21
0.3752518897637795
0
LINE
8
BLACK
6
CONTINUOUS
10
0.4785900787401575
20
0.3752518897637795
11
0.478534094488189
21
0.3753408661417323
0
LINE
8
BLACK
6
CONTINUOUS
10
0.478534094488189
20
0.3753408661417323
11
0.4784676377952756
21
0.375421811023622
0
LINE
8
BLACK
6
CONTINUOUS
10
0.4784676377952756
20
0.375421811023622
11
0.4784377952755905
21
0.375493779527559
0
LINE
8
BLACK
6
CONTINUOUS
10
0.4784377952755905
20
0.375493779527559
11
0.4782817322834645
21
0.3757417716535433
0
LINE
8
BLACK
6
CONTINUOUS
10
0.4782817322834645
20
0.3757417716535433
11
0.476406968503937
21
0.3794912992125984
0
LINE
8
BLACK
6
CONTINUOUS
10
0.476406968503937
20
0.3794912992125984
11
0.4762000787401575
21
0.3800319291338582
0
LINE
8
BLACK
6
CONTINUOUS
10
0.4762000787401575
20
0.3800319291338582
11
0.4761925590551181
21
0.3801377559055118
0
LINE
8
BLACK
6
CONTINUOUS
10
0.4761925590551181
20
0.3801377559055118
11
0.476151968503937
21
0.3802357480314961
0
LINE
8
BLACK
6
CONTINUOUS
10
0.476151968503937
20
0.3802357480314961
11
0.4760952362204725
21
0.380811811023622
0
LINE
8
BLACK
6
CONTINUOUS
10
0.4760952362204725
20
0.380811811023622
11
0.4760952362204725
21
0.3845613385826772
0
LINE
8
BLACK
6
CONTINUOUS
10
0.4760952362204725
20
0.3845613385826772
11
0.476151968503937
21
0.3851374015748031
0
LINE
8
BLACK
6
CONTINUOUS
10
0.476151968503937
20
0.3851374015748031
11
0.4761925590551181
21
0.3852354330708661
0
LINE
8
BLACK
6
CONTINUOUS
10
0.4761925590551181
20
0.3852354330708661
11
0.4762000787401575
21
0.385341220472441
0
LINE
8
BLACK
6
CONTINUOUS
10
0.4762000787401575
20
0.385341220472441
11
0.476406968503937
21
0.3858818503937008
0
LINE
8
BLACK
6
CONTINUOUS
10
0.476406968503937
20
0.3858818503937008
11
0.4782817322834645
21
0.3896313779527559
0
LINE
8
BLACK
6
CONTINUOUS
10
0.4782817322834645
20
0.3896313779527559
11
0.4784377952755905
21
0.3898794094488189
0
LINE
8
BLACK
6
CONTINUOUS
10
0.4784377952755905
20
0.3898794094488189
11
0.4784676377952756
21
0.3899513385826772
0
LINE
8
BLACK
6
CONTINUOUS
10
0.4784676377952756
20
0.3899513385826772
11
0.478534094488189
21
0.3900323228346457
0
LINE
8
BLACK
6
CONTINUOUS
10
0.478534094488189
20
0.3900323228346457
11
0.4785900787401575
21
0.3901212598425197
0
LINE
8
BLACK
6
CONTINUOUS
10
0.4785900787401575
20
0.3901212598425197
11
0.4786490551181102
21
0.3901724409448819
0
LINE
8
BLACK
6
CONTINUOUS
10
0.4786490551181102
20
0.3901724409448819
11
0.4788348425196851
21
0.390398779527559
0
LINE
8
BLACK
6
CONTINUOUS
10
0.4788348425196851
20
0.390398779527559
11
0.4807096062992126
21
0.3922735433070866
0
LINE
8
BLACK
6
CONTINUOUS
10
0.4807096062992126
20
0.3922735433070866
11
0.4809359448818897
21
0.3924593307086614
0
LINE
8
BLACK
6
CONTINUOUS
10
0.4809359448818897
20
0.3924593307086614
11
0.480987125984252
21
0.3925183070866142
0
LINE
8
BLACK
6
CONTINUOUS
10
0.480987125984252
20
0.3925183070866142
11
0.481076062992126
21
0.3925742913385827
0
LINE
8
BLACK
6
CONTINUOUS
10
0.481076062992126
20
0.3925742913385827
11
0.4811570472440945
21
0.3926407480314961
0
LINE
8
BLACK
6
CONTINUOUS
10
0.4811570472440945
20
0.3926407480314961
11
0.4812289763779528
21
0.3926705905511811
0
LINE
8
BLACK
6
CONTINUOUS
10
0.4812289763779528
20
0.3926705905511811
11
0.4814770078740158
21
0.3928266535433071
0
LINE
8
BLACK
6
CONTINUOUS
10
0.4814770078740158
20
0.3928266535433071
11
0.4852265354330709
21
0.3947014173228346
0
LINE
8
BLACK
6
CONTINUOUS
10
0.4852265354330709
20
0.3947014173228346
11
0.4852686220472441
21
0.3947175590551181
0
LINE
8
BLACK
6
CONTINUOUS
10
0.4852686220472441
20
0.3947175590551181
11
0.4852857874015748
21
0.3947302362204724
0
LINE
8
BLACK
6
CONTINUOUS
10
0.4852857874015748
20
0.3947302362204724
11
0.4855273622047244
21
0.3948165748031496
0
LINE
8
BLACK
6
CONTINUOUS
10
0.4855273622047244
20
0.3948165748031496
11
0.485767125984252
21
0.3949083070866142
0
LINE
8
BLACK
6
CONTINUOUS
10
0.485767125984252
20
0.3949083070866142
11
0.4857883858267716
21
0.394909842519685
0
LINE
8
BLACK
6
CONTINUOUS
10
0.4857883858267716
20
0.394909842519685
11
0.485830905511811
21
0.394925
0
LINE
8
BLACK
6
CONTINUOUS
10
0.485830905511811
20
0.394925
11
0.4933299606299212
21
0.3967997637795275
0
LINE
8
BLACK
6
CONTINUOUS
10
0.4933299606299212
20
0.3967997637795275
11
0.4934298031496063
21
0.3968145669291339
0
LINE
8
BLACK
6
CONTINUOUS
10
0.4934298031496063
20
0.3968145669291339
11
0.4934700393700787
21
0.3968311811023622
0
LINE
8
BLACK
6
CONTINUOUS
10
0.4934700393700787
20
0.3968311811023622
11
0.4936870472440945
21
0.3968525590551181
0
LINE
8
BLACK
6
CONTINUOUS
10
0.4936870472440945
20
0.3968525590551181
11
0.4939025590551181
21
0.3968844094488189
0
LINE
8
BLACK
6
CONTINUOUS
10
0.4939025590551181
20
0.3968844094488189
11
0.4939455511811023
21
0.396878031496063
0
LINE
8
BLACK
6
CONTINUOUS
10
0.4939455511811023
20
0.396878031496063
11
0.4940461023622047
21
0.3968879133858267
0
LINE
8
BLACK
6
CONTINUOUS
10
0.4940461023622047
20
0.3968879133858267
11
0.4953937007874016
21
0.3968879133858267
0
LINE
8
BLACK
6
CONTINUOUS
10
0.4953937007874016
20
0.3968879133858267
11
0.4953937007874016
21
0.4078553149606299
0
LINE
8
BLACK
6
CONTINUOUS
10
0.4953937007874016
20
0.4078553149606299
11
0.4921713385826771
21
0.4078553149606299
0
LINE
8
BLACK
6
CONTINUOUS
10
0.4921713385826771
20
0.4078553149606299
11
0.4915952755905512
21
0.4079120472440945
0
LINE
8
BLACK
6
CONTINUOUS
10
0.4915952755905512
20
0.4079120472440945
11
0.4905308661417322
21
0.4083529527559055
0
LINE
8
BLACK
6
CONTINUOUS
10
0.4905308661417322
20
0.4083529527559055
11
0.489716220472441
21
0.4091675984251968
0
LINE
8
BLACK
6
CONTINUOUS
10
0.489716220472441
20
0.4091675984251968
11
0.4892753149606299
21
0.4102320078740158
0
LINE
8
BLACK
6
CONTINUOUS
10
0.4892753149606299
20
0.4102320078740158
11
0.4892753149606299
21
0.4113841338582677
0
LINE
8
BLACK
6
CONTINUOUS
10
0.4892753149606299
20
0.4113841338582677
11
0.489716220472441
21
0.4124485433070866
0
LINE
8
BLACK
6
CONTINUOUS
10
0.489716220472441
20
0.4124485433070866
11
0.4905308661417322
21
0.4132631889763779
0
LINE
8
BLACK
6
CONTINUOUS
10
0.4905308661417322
20
0.4132631889763779
11
0.4915952755905512
21
0.413704094488189
0
LINE
8
BLACK
6
CONTINUOUS
10
0.4915952755905512
20
0.413704094488189
11
0.4921713385826771
21
0.4137608267716535
0
LINE
8
BLACK
6
CONTINUOUS
10
0.4921713385826771
20
0.4137608267716535
11
0.4953937007874016
21
0.4137608267716535
0
LINE
8
BLACK
6
CONTINUOUS
10
0.4953937007874016
20
0.4137608267716535
11
0.4953937007874016
21
0.4234251968503937
0
LINE
8
BLACK
6
CONTINUOUS
10
0.4953937007874016
20
0.4234251968503937
11
0.4955435433070866
21
0.4241785039370078
0
LINE
8
BLACK
6
CONTINUOUS
10
0.4955435433070866
20
0.4241785039370078
11
0.4960932283464567
21
0.4247281889763779
0
LINE
8
BLACK
6
CONTINUOUS
10
0.4960932283464567
20
0.4247281889763779
11
0.4921713385826771
21
0.4247281889763779
0
LINE
8
BLACK
6
CONTINUOUS
10
0.4921713385826771
20
0.4247281889763779
11
0.4915952755905512
21
0.4247849212598425
0
LINE
8
BLACK
6
CONTINUOUS
10
0.4915952755905512
20
0.4247849212598425
11
0.4905308661417322
21
0.4252258267716535
0
LINE
8
BLACK
6
CONTINUOUS
10
0.4905308661417322
20
0.4252258267716535
11
0.489716220472441
21
0.4260404724409449
0
LINE
8
BLACK
6
CONTINUOUS
10
0.489716220472441
20
0.4260404724409449
11
0.4892753149606299
21
0.4271048818897638
0
LINE
8
BLACK
6
CONTINUOUS
10
0.4892753149606299
20
0.4271048818897638
11
0.4892753149606299
21
0.4282570078740157
0
LINE
8
BLACK
6
CONTINUOUS
10
0.4892753149606299
20
0.4282570078740157
11
0.489716220472441
21
0.4293214173228346
0
LINE
8
BLACK
6
CONTINUOUS
10
0.489716220472441
20
0.4293214173228346
11
0.4905308661417322
21
0.430136062992126
0
LINE
8
BLACK
6
CONTINUOUS
10
0.4905308661417322
20
0.430136062992126
11
0.4915952755905512
21
0.430576968503937
0
LINE
8
BLACK
6
CONTINUOUS
10
0.4915952755905512
20
0.430576968503937
11
0.4921713385826771
21
0.4306337007874015
0
LINE
8
BLACK
6
CONTINUOUS
10
0.4921713385826771
20
0.4306337007874015
11
0.5184180708661417
21
0.4306337007874015
0
LINE
8
BLACK
6
CONTINUOUS
10
0.5184180708661417
20
0.4306337007874015
11
0.5189941338582678
21
0.430576968503937
0
LINE
8
BLACK
6
CONTINUOUS
10
0.5213708267716536
20
0.4214566929133858
11
0.5213708267716536
21
0.4164323622047244
0
LINE
8
BLACK
6
CONTINUOUS
10
0.5213708267716536
20
0.4164323622047244
11
0.521314094488189
21
0.4158562992125984
0
LINE
8
BLACK
6
CONTINUOUS
10
0.521314094488189
20
0.4158562992125984
11
0.5212735039370079
21
0.4157583464566929
0
LINE
8
BLACK
6
CONTINUOUS
10
0.5212735039370079
20
0.4157583464566929
11
0.5212659842519685
21
0.4156524409448819
0
LINE
8
BLACK
6
CONTINUOUS
10
0.5212659842519685
20
0.4156524409448819
11
0.521059094488189
21
0.4151118503937008
0
LINE
8
BLACK
6
CONTINUOUS
10
0.521059094488189
20
0.4151118503937008
11
0.5191843307086614
21
0.4113623228346456
0
LINE
8
BLACK
6
CONTINUOUS
10
0.5191843307086614
20
0.4113623228346456
11
0.5191236614173228
21
0.4112659842519685
0
LINE
8
BLACK
6
CONTINUOUS
10
0.5191236614173228
20
0.4112659842519685
11
0.5191085433070866
21
0.4112205511811023
0
LINE
8
BLACK
6
CONTINUOUS
10
0.5191085433070866
20
0.4112205511811023
11
0.5190594881889764
21
0.4111640157480315
0
LINE
8
BLACK
6
CONTINUOUS
10
0.5190594881889764
20
0.4111640157480315
11
0.5188759842519685
21
0.4108724409448819
0
LINE
8
BLACK
6
CONTINUOUS
10
0.5188759842519685
20
0.4108724409448819
11
0.5185961417322834
21
0.4106298031496063
0
LINE
8
BLACK
6
CONTINUOUS
10
0.5185961417322834
20
0.4106298031496063
11
0.5183536614173229
21
0.4103501574803149
0
LINE
8
BLACK
6
CONTINUOUS
10
0.5183536614173229
20
0.4103501574803149
11
0.5180621653543307
21
0.4101666929133858
0
LINE
8
BLACK
6
CONTINUOUS
10
0.5180621653543307
20
0.4101666929133858
11
0.5180055905511811
21
0.4101175984251968
0
LINE
8
BLACK
6
CONTINUOUS
10
0.5180055905511811
20
0.4101175984251968
11
0.5179601181102362
21
0.4101024803149606
0
LINE
8
BLACK
6
CONTINUOUS
10
0.5179601181102362
20
0.4101024803149606
11
0.5178638188976378
21
0.410041811023622
0
LINE
8
BLACK
6
CONTINUOUS
10
0.5178638188976378
20
0.410041811023622
11
0.5141142519685039
21
0.4081670472440945
0
LINE
8
BLACK
6
CONTINUOUS
10
0.5141142519685039
20
0.4081670472440945
11
0.5135736220472441
21
0.4079601574803149
0
LINE
8
BLACK
6
CONTINUOUS
10
0.5135736220472441
20
0.4079601574803149
11
0.5134677952755905
21
0.4079526771653543
0
LINE
8
BLACK
6
CONTINUOUS
10
0.5134677952755905
20
0.4079526771653543
11
0.5133698031496063
21
0.4079120472440945
0
LINE
8
BLACK
6
CONTINUOUS
10
0.5133698031496063
20
0.4079120472440945
11
0.5127937401574802
21
0.4078553149606299
0
LINE
8
BLACK
6
CONTINUOUS
10
0.5127937401574802
20
0.4078553149606299
11
0.4993307086614173
21
0.4078553149606299
0
LINE
8
BLACK
6
CONTINUOUS
10
0.4993307086614173
20
0.4078553149606299
11
0.4993307086614173
21
0.3968879133858267
0
LINE
8
BLACK
6
CONTINUOUS
10
0.4993307086614173
20
0.3968879133858267
11
0.5034199212598425
21
0.3968879133858267
0
LINE
8
BLACK
6
CONTINUOUS
10
0.5034199212598425
20
0.3968879133858267
11
0.5035204330708661
21
0.396878031496063
0
LINE
8
BLACK
6
CONTINUOUS
10
0.5035204330708661
20
0.396878031496063
11
0.5035403543307087
21
0.3968810236220472
0
LINE
8
BLACK
6
CONTINUOUS
10
0.5035403543307087
20
0.3968810236220472
11
0.5034682677165354
21
0.3970252362204724
0
LINE
8
BLACK
6
CONTINUOUS
10
0.5034682677165354
20
0.3970252362204724
11
0.5034526377952756
21
0.3970823228346457
0
LINE
8
BLACK
6
CONTINUOUS
10
0.5034526377952756
20
0.3970823228346457
11
0.5034335039370078
21
0.3971014566929134
0
LINE
8
BLACK
6
CONTINUOUS
10
0.5034335039370078
20
0.3971014566929134
11
0.5033965354330708
21
0.3972872440944882
0
LINE
8
BLACK
6
CONTINUOUS
10
0.5033965354330708
20
0.3972872440944882
11
0.5033465748031496
21
0.3974697637795275
0
LINE
8
BLACK
6
CONTINUOUS
10
0.5033465748031496
20
0.3974697637795275
11
0.5033551181102363
21
0.3974954330708662
0
LINE
8
BLACK
6
CONTINUOUS
10
0.5033551181102363
20
0.3974954330708662
11
0.5033435826771654
21
0.3975534645669291
0
LINE
8
BLACK
6
CONTINUOUS
10
0.5033435826771654
20
0.3975534645669291
11
0.5033435826771654
21
0.4013029921259842
0
LINE
8
BLACK
6
CONTINUOUS
10
0.5033435826771654
20
0.4013029921259842
11
0.5033551181102363
21
0.401361062992126
0
LINE
8
BLACK
6
CONTINUOUS
10
0.5033551181102363
20
0.401361062992126
11
0.5033465748031496
21
0.4013866929133858
0
LINE
8
BLACK
6
CONTINUOUS
10
0.5033465748031496
20
0.4013866929133858
11
0.5033965354330708
21
0.4015692519685039
0
LINE
8
BLACK
6
CONTINUOUS
10
0.5033965354330708
20
0.4015692519685039
11
0.5034335039370078
21
0.401755
0
LINE
8
BLACK
6
CONTINUOUS
10
0.5034335039370078
20
0.401755
11
0.5034526377952756
21
0.4017741732283465
0
LINE
8
BLACK
6
CONTINUOUS
10
0.5034526377952756
20
0.4017741732283465
11
0.5034682677165354
21
0.4018312204724409
0
LINE
8
BLACK
6
CONTINUOUS
10
0.5034682677165354
20
0.4018312204724409
11
0.5042181889763779
21
0.4033310236220473
0
LINE
8
BLACK
6
CONTINUOUS
10
0.5042181889763779
20
0.4033310236220473
11
0.5043342125984251
21
0.4034805118110236
0
LINE
8
BLACK
6
CONTINUOUS
10
0.5043342125984251
20
0.4034805118110236
11
0.5044394094488189
21
0.4036379527559055
0
LINE
8
BLACK
6
CONTINUOUS
10
0.5044394094488189
20
0.4036379527559055
11
0.5051892913385827
21
0.4043878346456693
0
LINE
8
BLACK
6
CONTINUOUS
10
0.5051892913385827
20
0.4043878346456693
11
0.5053466535433071
21
0.404493031496063
0
LINE
8
BLACK
6
CONTINUOUS
10
0.5053466535433071
20
0.404493031496063
11
0.5054962992125984
21
0.4046091338582677
0
LINE
8
BLACK
6
CONTINUOUS
10
0.5054962992125984
20
0.4046091338582677
11
0.5069961417322835
21
0.4053590157480315
0
LINE
8
BLACK
6
CONTINUOUS
10
0.5069961417322835
20
0.4053590157480315
11
0.5070531496062992
21
0.4053746456692913
0
LINE
8
BLACK
6
CONTINUOUS
10
0.5070531496062992
20
0.4053746456692913
11
0.5070723228346457
21
0.4053937795275591
0
LINE
8
BLACK
6
CONTINUOUS
10
0.5070723228346457
20
0.4053937795275591
11
0.5072581102362205
21
0.405430748031496
0
LINE
8
BLACK
6
CONTINUOUS
10
0.5072581102362205
20
0.405430748031496
11
0.5074406299212598
21
0.4054807086614173
0
LINE
8
BLACK
6
CONTINUOUS
10
0.5074406299212598
20
0.4054807086614173
11
0.5074662598425197
21
0.4054721653543307
0
LINE
8
BLACK
6
CONTINUOUS
10
0.5074662598425197
20
0.4054721653543307
11
0.5075243307086614
21
0.4054837007874016
0
LINE
8
BLACK
6
CONTINUOUS
10
0.5075243307086614
20
0.4054837007874016
11
0.5090241338582677
21
0.4054837007874016
0
LINE
8
BLACK
6
CONTINUOUS
10
0.5090241338582677
20
0.4054837007874016
11
0.5092097244094488
21
0.405446811023622
0
LINE
8
BLACK
6
CONTINUOUS
10
0.5092097244094488
20
0.405446811023622
11
0.5093976377952756
21
0.4054231102362205
0
LINE
8
BLACK
6
CONTINUOUS
10
0.5093976377952756
20
0.4054231102362205
11
0.5116473622047244
21
0.4046732283464567
0
LINE
8
BLACK
6
CONTINUOUS
10
0.5116473622047244
20
0.4046732283464567
11
0.5116988188976378
21
0.4046438976377953
0
LINE
8
BLACK
6
CONTINUOUS
10
0.5116988188976378
20
0.4046438976377953
11
0.5117258267716536
21
0.4046438976377953
0
LINE
8
BLACK
6
CONTINUOUS
10
0.5117258267716536
20
0.4046438976377953
11
0.5118830708661417
21
0.4045388582677165
0
LINE
8
BLACK
6
CONTINUOUS
10
0.5118830708661417
20
0.4045388582677165
11
0.512047716535433
21
0.4044449606299212
0
LINE
8
BLACK
6
CONTINUOUS
10
0.512047716535433
20
0.4044449606299212
11
0.5120598031496063
21
0.4044207480314961
0
LINE
8
BLACK
6
CONTINUOUS
10
0.5120598031496063
20
0.4044207480314961
11
0.5121090157480315
21
0.4043878740157481
0
LINE
8
BLACK
6
CONTINUOUS
10
0.5121090157480315
20
0.4043878740157481
11
0.5190916141732284
21
0.3974052755905512
0
LINE
8
BLACK
6
CONTINUOUS
10
0.5190916141732284
20
0.3974052755905512
11
0.5190916141732284
21
0.4043025984251968
0
LINE
8
BLACK
6
CONTINUOUS
10
0.5190916141732284
20
0.4043025984251968
11
0.5191815354330709
21
0.4047546062992126
0
LINE
8
BLACK
6
CONTINUOUS
10
0.5191815354330709
20
0.4047546062992126
11
0.5198207086614173
21
0.4053937795275591
0
LINE
8
BLACK
6
CONTINUOUS
10
0.5198207086614173
20
0.4053937795275591
11
0.5207247244094488
21
0.4053937795275591
0
LINE
8
BLACK
6
CONTINUOUS
10
0.5207247244094488
20
0.4053937795275591
11
0.5213638976377952
21
0.4047546062992126
0
LINE
8
BLACK
6
CONTINUOUS
10
0.5213638976377952
20
0.4047546062992126
11
0.5214538188976378
21
0.4043025984251968
0
LINE
8
BLACK
6
CONTINUOUS
10
0.5214538188976378
20
0.4043025984251968
11
0.5214538188976378
21
0.3945538188976378
0
LINE
8
BLACK
6
CONTINUOUS
10
0.5214538188976378
20
0.3945538188976378
11
0.5213638976377952
21
0.394101811023622
0
LINE
8
BLACK
6
CONTINUOUS
10
0.5213638976377952
20
0.394101811023622
11
0.5207247244094488
21
0.3934626377952756
0
LINE
8
BLACK
6
CONTINUOUS
10
0.5207247244094488
20
0.3934626377952756
11
0.5207246850393701
21
0.3934625984251968
0
LINE
8
BLACK
6
CONTINUOUS
10
0.5207246850393701
20
0.3934625984251968
11
0.519820748031496
21
0.3934626377952756
0
LINE
8
BLACK
6
CONTINUOUS
10
0.519820748031496
20
0.3934626377952756
11
0.5198207086614173
21
0.3934626377952756
0
LINE
8
BLACK
6
CONTINUOUS
10
0.5198207086614173
20
0.3934626377952756
11
0.5198205905511811
21
0.3934627559055118
0
LINE
8
BLACK
6
CONTINUOUS
10
0.5198205905511811
20
0.3934627559055118
11
0.5194375590551181
21
0.3937186614173228
0
LINE
8
BLACK
6
CONTINUOUS
10
0.5194375590551181
20
0.3937186614173228
11
0.5106358661417323
21
0.4025203937007874
0
LINE
8
BLACK
6
CONTINUOUS
10
0.5106358661417323
20
0.4025203937007874
11
0.5088324015748031
21
0.4031214960629921
0
LINE
8
BLACK
6
CONTINUOUS
10
0.5088324015748031
20
0.4031214960629921
11
0.5078031496062992
21
0.4031214960629921
0
LINE
8
BLACK
6
CONTINUOUS
10
0.5078031496062992
20
0.4031214960629921
11
0.5067241732283464
21
0.4025820472440945
0
LINE
8
BLACK
6
CONTINUOUS
10
0.5067241732283464
20
0.4025820472440945
11
0.5062452755905512
21
0.4021031496062992
0
LINE
8
BLACK
6
CONTINUOUS
10
0.5062452755905512
20
0.4021031496062992
11
0.5057057874015748
21
0.4010241338582677
0
LINE
8
BLACK
6
CONTINUOUS
10
0.5057057874015748
20
0.4010241338582677
11
0.5057057874015748
21
0.3978323228346456
0
LINE
8
BLACK
6
CONTINUOUS
10
0.5057057874015748
20
0.3978323228346456
11
0.5062452755905512
21
0.3967533464566929
0
LINE
8
BLACK
6
CONTINUOUS
10
0.5062452755905512
20
0.3967533464566929
11
0.5068596850393701
21
0.3961388976377953
0
LINE
8
BLACK
6
CONTINUOUS
10
0.5068596850393701
20
0.3961388976377953
11
0.506875748031496
21
0.396114842519685
0
LINE
8
BLACK
6
CONTINUOUS
10
0.506875748031496
20
0.396114842519685
11
0.5116351181102362
21
0.394925
0
LINE
8
BLACK
6
CONTINUOUS
10
0.5116351181102362
20
0.394925
11
0.5116775984251969
21
0.394909842519685
0
LINE
8
BLACK
6
CONTINUOUS
10
0.5116775984251969
20
0.394909842519685
11
0.5116988582677165
21
0.3949083070866142
0
LINE
8
BLACK
6
CONTINUOUS
10
0.5116988582677165
20
0.3949083070866142
11
0.5119382677165354
21
0.3948166929133858
0
LINE
8
BLACK
6
CONTINUOUS
10
0.5119382677165354
20
0.3948166929133858
11
0.5121802362204725
21
0.3947302362204724
0
LINE
8
BLACK
6
CONTINUOUS
10
0.5121802362204725
20
0.3947302362204724
11
0.5121973622047244
21
0.3947175590551181
0
LINE
8
BLACK
6
CONTINUOUS
10
0.5121973622047244
20
0.3947175590551181
11
0.5122394881889764
21
0.3947014173228346
0
LINE
8
BLACK
6
CONTINUOUS
10
0.5122394881889764
20
0.3947014173228346
11
0.5159890157480315
21
0.3928266535433071
0
LINE
8
BLACK
6
CONTINUOUS
10
0.5159890157480315
20
0.3928266535433071
11
0.5162368897637795
21
0.3926706299212598
0
LINE
8
BLACK
6
CONTINUOUS
10
0.5162368897637795
20
0.3926706299212598
11
0.5163089370078741
21
0.3926407874015748
0
LINE
8
BLACK
6
CONTINUOUS
10
0.5163089370078741
20
0.3926407874015748
11
0.5163899606299213
21
0.3925742913385827
0
LINE
8
BLACK
6
CONTINUOUS
10
0.5163899606299213
20
0.3925742913385827
11
0.5164788976377953
21
0.3925183070866142
0
LINE
8
BLACK
6
CONTINUOUS
10
0.5164788976377953
20
0.3925183070866142
11
0.5165300393700787
21
0.3924593307086614
0
LINE
8
BLACK
6
CONTINUOUS
10
0.5165300393700787
20
0.3924593307086614
11
0.5167563779527559
21
0.3922735826771653
0
LINE
8
BLACK
6
CONTINUOUS
10
0.5167563779527559
20
0.3922735826771653
11
0.5186311811023622
21
0.3903988188976378
0
LINE
8
BLACK
6
CONTINUOUS
10
0.5186311811023622
20
0.3903988188976378
11
0.5186337795275591
21
0.3903956692913386
0
LINE
8
BLACK
6
CONTINUOUS
10
0.5186337795275591
20
0.3903956692913386
11
0.5192248818897638
21
0.3903956692913386
0
LINE
8
BLACK
6
CONTINUOUS
10
0.5192248818897638
20
0.3903956692913386
11
0.5196080708661417
21
0.3901396456692913
0
LINE
8
BLACK
6
CONTINUOUS
10
0.5196080708661417
20
0.3901396456692913
11
0.5203579921259842
21
0.3893897244094488
0
LINE
8
BLACK
6
CONTINUOUS
10
0.5203579921259842
20
0.3893897244094488
11
0.5203908267716535
21
0.3893405511811023
0
LINE
8
BLACK
6
CONTINUOUS
10
0.5203908267716535
20
0.3893405511811023
11
0.5204150787401575
21
0.3893284251968504
0
LINE
8
BLACK
6
CONTINUOUS
10
0.5204150787401575
20
0.3893284251968504
11
0.520508779527559
21
0.3891640551181103
0
LINE
8
BLACK
6
CONTINUOUS
10
0.520508779527559
20
0.3891640551181103
11
0.5206140551181102
21
0.3890065354330708
0
LINE
8
BLACK
6
CONTINUOUS
10
0.5206140551181102
20
0.3890065354330708
11
0.5206140551181102
21
0.3889794488188976
0
LINE
8
BLACK
6
CONTINUOUS
10
0.5206140551181102
20
0.3889794488188976
11
0.5206433464566929
21
0.3889280708661417
0
LINE
8
BLACK
6
CONTINUOUS
10
0.5206433464566929
20
0.3889280708661417
11
0.5213932283464566
21
0.3866783858267717
0
LINE
8
BLACK
6
CONTINUOUS
10
0.5213932283464566
20
0.3866783858267717
11
0.5214168897637795
21
0.3864905118110236
0
LINE
8
BLACK
6
CONTINUOUS
10
0.5214168897637795
20
0.3864905118110236
11
0.5214538188976378
21
0.3863048818897638
0
LINE
8
BLACK
6
CONTINUOUS
10
0.5214538188976378
20
0.3863048818897638
11
0.5214538188976378
21
0.3848050393700787
0
LINE
8
BLACK
6
CONTINUOUS
10
0.5214538188976378
20
0.3848050393700787
11
0.5214168503937008
21
0.3846194094488189
0
LINE
8
BLACK
6
CONTINUOUS
10
0.5214168503937008
20
0.3846194094488189
11
0.5213932283464566
21
0.3844315748031496
0
LINE
8
BLACK
6
CONTINUOUS
10
0.5213932283464566
20
0.3844315748031496
11
0.5213708267716536
21
0.3843643700787401
0
LINE
8
BLACK
6
CONTINUOUS
10
0.5213708267716536
20
0.3843643700787401
11
0.5213708267716536
21
0.380811811023622
0
LINE
8
BLACK
6
CONTINUOUS
10
0.5213708267716536
20
0.380811811023622
11
0.521314094488189
21
0.3802357480314961
0
LINE
8
BLACK
6
CONTINUOUS
10
0.521314094488189
20
0.3802357480314961
11
0.5212735039370079
21
0.3801377952755906
0
LINE
8
BLACK
6
CONTINUOUS
10
0.5212735039370079
20
0.3801377952755906
11
0.5212659842519685
21
0.3800318897637795
0
LINE
8
BLACK
6
CONTINUOUS
10
0.5212659842519685
20
0.3800318897637795
11
0.521059094488189
21
0.3794912992125984
0
LINE
8
BLACK
6
CONTINUOUS
10
0.521059094488189
20
0.3794912992125984
11
0.5191843307086614
21
0.3757417716535433
0
LINE
8
BLACK
6
CONTINUOUS
10
0.5191843307086614
20
0.3757417716535433
11
0.5190282283464567
21
0.375493779527559
0
LINE
8
BLACK
6
CONTINUOUS
10
0.5190282283464567
20
0.375493779527559
11
0.5189984251968504
21
0.375421811023622
0
LINE
8
BLACK
6
CONTINUOUS
10
0.5189984251968504
20
0.375421811023622
11
0.518931968503937
21
0.3753408661417323
0
LINE
8
BLACK
6
CONTINUOUS
10
0.518931968503937
20
0.3753408661417323
11
0.5188759842519685
21
0.3752518897637795
0
LINE
8
BLACK
6
CONTINUOUS
10
0.5188759842519685
20
0.3752518897637795
11
0.5188169291338582
21
0.3752007086614173
0
LINE
8
BLACK
6
CONTINUOUS
10
0.5188169291338582
20
0.3752007086614173
11
0.5186311811023622
21
0.3749743307086614
0
LINE
8
BLACK
6
CONTINUOUS
10
0.5186311811023622
20
0.3749743307086614
11
0.5167563779527559
21
0.3730995669291339
0
LINE
8
BLACK
6
CONTINUOUS
10
0.5167563779527559
20
0.3730995669291339
11
0.5165300393700787
21
0.3729138582677165
0
LINE
8
BLACK
6
CONTINUOUS
10
0.5165300393700787
20
0.3729138582677165
11
0.5164788976377953
21
0.372854842519685
0
LINE
8
BLACK
6
CONTINUOUS
10
0.5164788976377953
20
0.372854842519685
11
0.5163899606299213
21
0.3727988976377953
0
LINE
8
BLACK
6
CONTINUOUS
10
0.5163899606299213
20
0.3727988976377953
11
0.5163089370078741
21
0.3727323622047244
0
LINE
8
BLACK
6
CONTINUOUS
10
0.5163089370078741
20
0.3727323622047244
11
0.5162368897637795
21
0.3727025590551181
0
LINE
8
BLACK
6
CONTINUOUS
10
0.5162368897637795
20
0.3727025590551181
11
0.5159890157480315
21
0.3725464960629921
0
LINE
8
BLACK
6
CONTINUOUS
10
0.5159890157480315
20
0.3725464960629921
11
0.5122394881889764
21
0.3706717322834646
0
LINE
8
BLACK
6
CONTINUOUS
10
0.5122394881889764
20
0.3706717322834646
11
0.5121973622047244
21
0.3706556299212598
0
LINE
8
BLACK
6
CONTINUOUS
10
0.5121973622047244
20
0.3706556299212598
11
0.5121802362204725
21
0.3706429133858268
0
LINE
8
BLACK
6
CONTINUOUS
10
0.5121802362204725
20
0.3706429133858268
11
0.5119382677165354
21
0.3705564960629921
0
LINE
8
BLACK
6
CONTINUOUS
10
0.5119382677165354
20
0.3705564960629921
11
0.5116988582677165
21
0.370464842519685
0
LINE
8
BLACK
6
CONTINUOUS
10
0.5116988582677165
20
0.370464842519685
11
0.5116775984251969
21
0.3704633464566929
0
LINE
8
BLACK
6
CONTINUOUS
10
0.5116775984251969
20
0.3704633464566929
11
0.5116351181102362
21
0.3704481496062992
0
LINE
8
BLACK
6
CONTINUOUS
10
0.5116351181102362
20
0.3704481496062992
11
0.504136062992126
21
0.3685733858267716
0
LINE
8
BLACK
6
CONTINUOUS
10
0.504136062992126
20
0.3685733858267716
11
0.5040361811023621
21
0.3685586220472441
0
LINE
8
BLACK
6
CONTINUOUS
10
0.5040361811023621
20
0.3685586220472441
11
0.5039959842519685
21
0.368541968503937
0
LINE
8
BLACK
6
CONTINUOUS
10
0.5039959842519685
20
0.368541968503937
11
0.503778937007874
21
0.3685206299212598
0
LINE
8
BLACK
6
CONTINUOUS
10
0.503778937007874
20
0.3685206299212598
11
0.5035634645669291
21
0.3684887401574803
0
LINE
8
BLACK
6
CONTINUOUS
10
0.5035634645669291
20
0.3684887401574803
11
0.5035204330708661
21
0.368495157480315
0
LINE
8
BLACK
6
CONTINUOUS
10
0.5035204330708661
20
0.368495157480315
11
0.5034199212598425
21
0.3684852362204724
0
LINE
8
BLACK
6
CONTINUOUS
10
0.5034199212598425
20
0.3684852362204724
11
0.4993307086614173
21
0.3684852362204724
0
LINE
8
BLACK
6
CONTINUOUS
10
0.4993307086614173
20
0.3684852362204724
11
0.4993307086614173
21
0.3624015748031496
0
LINE
8
BLACK
6
CONTINUOUS
10
0.4993307086614173
20
0.3624015748031496
11
0.5268897637795276
21
0.3624015748031496
0
LINE
8
BLACK
6
CONTINUOUS
10
0.5268897637795276
20
0.3624015748031496
11
0.5268897637795276
21
0.4214566929133858
0
LINE
8
BLACK
6
CONTINUOUS
10
0.5268897637795276
20
0.4214566929133858
11
0.5213708267716536
21
0.4214566929133858
0
LINE
8
BLACK
6
CONTINUOUS
10
0.4993307086614173
20
0.3743907480314961
11
0.5030563779527559
21
0.3743907480314961
0
LINE
8
BLACK
6
CONTINUOUS
10
0.5030563779527559
20
0.3743907480314961
11
0.5098884251968504
21
0.376098779527559
0
LINE
8
BLACK
6
CONTINUOUS
10
0.5098884251968504
20
0.376098779527559
11
0.5129194094488189
21
0.3776142913385827
0
LINE
8
BLACK
6
CONTINUOUS
10
0.5129194094488189
20
0.3776142913385827
11
0.5137101574803149
21
0.3784050393700787
0
LINE
8
BLACK
6
CONTINUOUS
10
0.5137101574803149
20
0.3784050393700787
11
0.5136655511811024
21
0.378402874015748
0
LINE
8
BLACK
6
CONTINUOUS
10
0.5136655511811024
20
0.378402874015748
11
0.5135235826771654
21
0.3783746062992126
0
LINE
8
BLACK
6
CONTINUOUS
10
0.5135235826771654
20
0.3783746062992126
11
0.5112738582677165
21
0.3783746062992126
0
LINE
8
BLACK
6
CONTINUOUS
10
0.5112738582677165
20
0.3783746062992126
11
0.5111318503937008
21
0.378402874015748
0
LINE
8
BLACK
6
CONTINUOUS
10
0.5111318503937008
20
0.378402874015748
11
0.5109874015748032
21
0.3784098818897638
0
LINE
8
BLACK
6
CONTINUOUS
10
0.5109874015748032
20
0.3784098818897638
11
0.5079877559055118
21
0.3791598031496063
0
LINE
8
BLACK
6
CONTINUOUS
10
0.5079877559055118
20
0.3791598031496063
11
0.5078707874015748
21
0.3792150787401575
0
LINE
8
BLACK
6
CONTINUOUS
10
0.5078707874015748
20
0.3792150787401575
11
0.5077460236220472
21
0.3792492125984252
0
LINE
8
BLACK
6
CONTINUOUS
10
0.5077460236220472
20
0.3792492125984252
11
0.5062462204724409
21
0.379999094488189
0
LINE
8
BLACK
6
CONTINUOUS
10
0.5062462204724409
20
0.379999094488189
11
0.5060965748031496
21
0.3801152362204724
0
LINE
8
BLACK
6
CONTINUOUS
10
0.5060965748031496
20
0.3801152362204724
11
0.5059392125984252
21
0.3802203543307087
0
LINE
8
BLACK
6
CONTINUOUS
10
0.5059392125984252
20
0.3802203543307087
11
0.5044394488188976
21
0.381720157480315
0
LINE
8
BLACK
6
CONTINUOUS
10
0.5044394488188976
20
0.381720157480315
11
0.5044065748031495
21
0.3817693700787401
0
LINE
8
BLACK
6
CONTINUOUS
10
0.5044065748031495
20
0.3817693700787401
11
0.5043823622047244
21
0.3817814566929134
0
LINE
8
BLACK
6
CONTINUOUS
10
0.5043823622047244
20
0.3817814566929134
11
0.5042885826771654
21
0.3819459448818898
0
LINE
8
BLACK
6
CONTINUOUS
10
0.5042885826771654
20
0.3819459448818898
11
0.5041834251968503
21
0.3821033464566929
0
LINE
8
BLACK
6
CONTINUOUS
10
0.5041834251968503
20
0.3821033464566929
11
0.5041834251968503
21
0.3821304330708661
0
LINE
8
BLACK
6
CONTINUOUS
10
0.5041834251968503
20
0.3821304330708661
11
0.5041541338582677
21
0.382181811023622
0
LINE
8
BLACK
6
CONTINUOUS
10
0.5041541338582677
20
0.382181811023622
11
0.5034042125984252
21
0.3844315354330708
0
LINE
8
BLACK
6
CONTINUOUS
10
0.5034042125984252
20
0.3844315354330708
11
0.5033805511811024
21
0.3846191732283464
0
LINE
8
BLACK
6
CONTINUOUS
10
0.5033805511811024
20
0.3846191732283464
11
0.5033435826771654
21
0.3848050393700787
0
LINE
8
BLACK
6
CONTINUOUS
10
0.5033435826771654
20
0.3848050393700787
11
0.5033435826771654
21
0.3863048818897638
0
LINE
8
BLACK
6
CONTINUOUS
10
0.5033435826771654
20
0.3863048818897638
11
0.5033805511811024
21
0.3864907874015748
0
LINE
8
BLACK
6
CONTINUOUS
10
0.5033805511811024
20
0.3864907874015748
11
0.5034042125984252
21
0.3866783858267717
0
LINE
8
BLACK
6
CONTINUOUS
10
0.5034042125984252
20
0.3866783858267717
11
0.5041541338582677
21
0.3889280708661417
0
LINE
8
BLACK
6
CONTINUOUS
10
0.5041541338582677
20
0.3889280708661417
11
0.5041833858267717
21
0.3889794094488189
0
LINE
8
BLACK
6
CONTINUOUS
10
0.5041833858267717
20
0.3889794094488189
11
0.5041833858267717
21
0.3890064960629921
0
LINE
8
BLACK
6
CONTINUOUS
10
0.5041833858267717
20
0.3890064960629921
11
0.5042887401574803
21
0.3891642125984252
0
LINE
8
BLACK
6
CONTINUOUS
10
0.5042887401574803
20
0.3891642125984252
11
0.5043823622047244
21
0.3893284251968504
0
LINE
8
BLACK
6
CONTINUOUS
10
0.5043823622047244
20
0.3893284251968504
11
0.5044064960629921
21
0.3893405118110236
0
LINE
8
BLACK
6
CONTINUOUS
10
0.5044064960629921
20
0.3893405118110236
11
0.5044394094488189
21
0.3893897244094488
0
LINE
8
BLACK
6
CONTINUOUS
10
0.5044394094488189
20
0.3893897244094488
11
0.5051892913385827
21
0.3901396062992126
0
LINE
8
BLACK
6
CONTINUOUS
10
0.5051892913385827
20
0.3901396062992126
11
0.5055264173228347
21
0.3903649212598425
0
LINE
8
BLACK
6
CONTINUOUS
10
0.5055264173228347
20
0.3903649212598425
11
0.5030563779527559
21
0.3909824015748031
0
LINE
8
BLACK
6
CONTINUOUS
10
0.5030563779527559
20
0.3909824015748031
11
0.4993307086614173
21
0.3909824015748031
0
LINE
8
BLACK
6
CONTINUOUS
10
0.4993307086614173
20
0.3909824015748031
11
0.4993307086614173
21
0.3743907480314961
0
LINE
8
BLACK
6
CONTINUOUS
10
0.4875775984251968
20
0.3892744094488189
11
0.4845466141732284
21
0.3877588976377953
0
LINE
8
BLACK
6
CONTINUOUS
10
0.4845466141732284
20
0.3877588976377953
11
0.4833494881889764
21
0.3865617716535433
0
LINE
8
BLACK
6
CONTINUOUS
10
0.4833494881889764
20
0.3865617716535433
11
0.4820007480314961
21
0.3838642913385827
0
LINE
8
BLACK
6
CONTINUOUS
10
0.4820007480314961
20
0.3838642913385827
11
0.4820007480314961
21
0.3815088582677165
0
LINE
8
BLACK
6
CONTINUOUS
10
0.4820007480314961
20
0.3815088582677165
11
0.4833494881889764
21
0.3788113779527559
0
LINE
8
BLACK
6
CONTINUOUS
10
0.4833494881889764
20
0.3788113779527559
11
0.4845466141732284
21
0.377614251968504
0
LINE
8
BLACK
6
CONTINUOUS
10
0.4845466141732284
20
0.377614251968504
11
0.4875775984251968
21
0.376098779527559
0
LINE
8
BLACK
6
CONTINUOUS
10
0.4875775984251968
20
0.376098779527559
11
0.4944096456692914
21
0.3743907480314961
0
LINE
8
BLACK
6
CONTINUOUS
10
0.4944096456692914
20
0.3743907480314961
11
0.4953937007874016
21
0.3743907480314961
0
LINE
8
BLACK
6
CONTINUOUS
10
0.4953937007874016
20
0.3743907480314961
11
0.4953937007874016
21
0.3909824015748031
0
LINE
8
BLACK
6
CONTINUOUS
10
0.4953937007874016
20
0.3909824015748031
11
0.4944096456692914
21
0.3909824015748031
0
LINE
8
BLACK
6
CONTINUOUS
10
0.4944096456692914
20
0.3909824015748031
11
0.4875775984251968
21
0.3892744094488189
0
LINE
8
BLACK
6
CONTINUOUS
10
0.5071156692913386
20
0.3897564566929134
11
0.5071157086614173
21
0.3888525590551181
0
LINE
8
BLACK
6
CONTINUOUS
10
0.5071157086614173
20
0.3888525590551181
11
0.5068596850393701
21
0.3884693307086614
0
LINE
8
BLACK
6
CONTINUOUS
10
0.5068596850393701
20
0.3884693307086614
11
0.5063068897637795
21
0.3879165354330709
0
LINE
8
BLACK
6
CONTINUOUS
10
0.5063068897637795
20
0.3879165354330709
11
0.5057057874015748
21
0.3861132677165354
0
LINE
8
BLACK
6
CONTINUOUS
10
0.5057057874015748
20
0.3861132677165354
11
0.5057057874015748
21
0.3849966929133858
0
LINE
8
BLACK
6
CONTINUOUS
10
0.5057057874015748
20
0.3849966929133858
11
0.5063068897637795
21
0.3831933464566929
0
LINE
8
BLACK
6
CONTINUOUS
10
0.5063068897637795
20
0.3831933464566929
11
0.5074740551181103
21
0.3820262204724409
0
LINE
8
BLACK
6
CONTINUOUS
10
0.5074740551181103
20
0.3820262204724409
11
0.5086864566929133
21
0.3814200393700787
0
LINE
8
BLACK
6
CONTINUOUS
10
0.5086864566929133
20
0.3814200393700787
11
0.5114192125984252
21
0.3807368110236221
0
LINE
8
BLACK
6
CONTINUOUS
10
0.5114192125984252
20
0.3807368110236221
11
0.5133782283464566
21
0.3807368110236221
0
LINE
8
BLACK
6
CONTINUOUS
10
0.5133782283464566
20
0.3807368110236221
11
0.5153222834645669
21
0.381222874015748
0
LINE
8
BLACK
6
CONTINUOUS
10
0.5153222834645669
20
0.381222874015748
11
0.5154653149606299
21
0.3815088582677165
0
LINE
8
BLACK
6
CONTINUOUS
10
0.5154653149606299
20
0.3815088582677165
11
0.5154653149606299
21
0.3838642913385827
0
LINE
8
BLACK
6
CONTINUOUS
10
0.5154653149606299
20
0.3838642913385827
11
0.5141165748031495
21
0.3865617716535433
0
LINE
8
BLACK
6
CONTINUOUS
10
0.5141165748031495
20
0.3865617716535433
11
0.5129194094488189
21
0.3877588976377953
0
LINE
8
BLACK
6
CONTINUOUS
10
0.5129194094488189
20
0.3877588976377953
11
0.5098884251968504
21
0.3892744094488189
0
LINE
8
BLACK
6
CONTINUOUS
10
0.5098884251968504
20
0.3892744094488189
11
0.5068341338582677
21
0.3900379921259842
0
LINE
8
BLACK
6
CONTINUOUS
10
0.5068341338582677
20
0.3900379921259842
11
0.5071156692913386
21
0.3897564566929134
0
LINE
8
BLACK
6
CONTINUOUS
10
0.4993307086614173
20
0.4214566929133858
11
0.4993307086614173
21
0.4137608267716535
0
LINE
8
BLACK
6
CONTINUOUS
10
0.4993307086614173
20
0.4137608267716535
11
0.5120966929133858
21
0.4137608267716535
0
LINE
8
BLACK
6
CONTINUOUS
10
0.5120966929133858
20
0.4137608267716535
11
0.5143424409448819
21
0.4148837007874016
0
LINE
8
BLACK
6
CONTINUOUS
10
0.5143424409448819
20
0.4148837007874016
11
0.5154653149606299
21
0.4171294094488189
0
LINE
8
BLACK
6
CONTINUOUS
10
0.5154653149606299
20
0.4171294094488189
11
0.5154653149606299
21
0.4213596062992126
0
LINE
8
BLACK
6
CONTINUOUS
10
0.5154653149606299
20
0.4213596062992126
11
0.5154167716535433
21
0.4214566929133858
0
LINE
8
BLACK
6
CONTINUOUS
10
0.5154167716535433
20
0.4214566929133858
11
0.4993307086614173
21
0.4214566929133858
0
LINE
8
BLACK
6
CONTINUOUS
10
0.5724180708661417
20
0.4089327559055118
11
0.5724611023622047
21
0.4089391338582677
0
LINE
8
BLACK
6
CONTINUOUS
10
0.5724611023622047
20
0.4089391338582677
11
0.5726765748031496
21
0.4089072834645669
0
LINE
8
BLACK
6
CONTINUOUS
10
0.5726765748031496
20
0.4089072834645669
11
0.572893622047244
21
0.408885905511811
0
LINE
8
BLACK
6
CONTINUOUS
10
0.572893622047244
20
0.408885905511811
11
0.5729338188976378
21
0.4088692913385827
0
LINE
8
BLACK
6
CONTINUOUS
10
0.5729338188976378
20
0.4088692913385827
11
0.5730337007874016
21
0.4088544881889764
0
LINE
8
BLACK
6
CONTINUOUS
10
0.5730337007874016
20
0.4088544881889764
11
0.5805327559055118
21
0.4069797244094488
0
LINE
8
BLACK
6
CONTINUOUS
10
0.5805327559055118
20
0.4069797244094488
11
0.5805752362204725
21
0.4069645669291339
0
LINE
8
BLACK
6
CONTINUOUS
10
0.5805752362204725
20
0.4069645669291339
11
0.5805964960629921
21
0.406963031496063
0
LINE
8
BLACK
6
CONTINUOUS
10
0.5805964960629921
20
0.406963031496063
11
0.580835905511811
21
0.4068714173228347
0
LINE
8
BLACK
6
CONTINUOUS
10
0.580835905511811
20
0.4068714173228347
11
0.5810778740157481
21
0.4067849606299213
0
LINE
8
BLACK
6
CONTINUOUS
10
0.5810778740157481
20
0.4067849606299213
11
0.581095
21
0.4067722834645669
0
LINE
8
BLACK
6
CONTINUOUS
10
0.581095
20
0.4067722834645669
11
0.5811371259842519
21
0.4067561417322835
0
LINE
8
BLACK
6
CONTINUOUS
10
0.5811371259842519
20
0.4067561417322835
11
0.584886653543307
21
0.4048813779527559
0
LINE
8
BLACK
6
CONTINUOUS
10
0.584886653543307
20
0.4048813779527559
11
0.5851345275590552
21
0.4047253543307087
0
LINE
8
BLACK
6
CONTINUOUS
10
0.5851345275590552
20
0.4047253543307087
11
0.5852065748031496
21
0.4046955118110236
0
LINE
8
BLACK
6
CONTINUOUS
10
0.5852065748031496
20
0.4046955118110236
11
0.5852875984251968
21
0.4046290157480315
0
LINE
8
BLACK
6
CONTINUOUS
10
0.5852875984251968
20
0.4046290157480315
11
0.5853765354330709
21
0.404573031496063
0
LINE
8
BLACK
6
CONTINUOUS
10
0.5853765354330709
20
0.404573031496063
11
0.5854276771653543
21
0.4045140551181102
0
LINE
8
BLACK
6
CONTINUOUS
10
0.5854276771653543
20
0.4045140551181102
11
0.5856540157480314
21
0.4043283070866142
0
LINE
8
BLACK
6
CONTINUOUS
10
0.5856540157480314
20
0.4043283070866142
11
0.5875288188976378
21
0.4024535433070866
0
LINE
8
BLACK
6
CONTINUOUS
10
0.5875288188976378
20
0.4024535433070866
11
0.5877145669291338
21
0.4022272047244094
0
LINE
8
BLACK
6
CONTINUOUS
10
0.5877145669291338
20
0.4022272047244094
11
0.587773622047244
21
0.4021759842519685
0
LINE
8
BLACK
6
CONTINUOUS
10
0.587773622047244
20
0.4021759842519685
11
0.5878296062992125
21
0.4020870472440945
0
LINE
8
BLACK
6
CONTINUOUS
10
0.5878296062992125
20
0.4020870472440945
11
0.5878960629921259
21
0.402006062992126
0
LINE
8
BLACK
6
CONTINUOUS
10
0.5878960629921259
20
0.402006062992126
11
0.5879258661417323
21
0.4019341338582677
0
LINE
8
BLACK
6
CONTINUOUS
10
0.5879258661417323
20
0.4019341338582677
11
0.588081968503937
21
0.4016861023622047
0
LINE
8
BLACK
6
CONTINUOUS
10
0.588081968503937
20
0.4016861023622047
11
0.5899567322834646
21
0.3979365748031496
0
LINE
8
BLACK
6
CONTINUOUS
10
0.5899567322834646
20
0.3979365748031496
11
0.590163622047244
21
0.3973959842519685
0
LINE
8
BLACK
6
CONTINUOUS
10
0.590163622047244
20
0.3973959842519685
11
0.5901711417322835
21
0.3972901181102362
0
LINE
8
BLACK
6
CONTINUOUS
10
0.5901711417322835
20
0.3972901181102362
11
0.5902117322834646
21
0.397192125984252
0
LINE
8
BLACK
6
CONTINUOUS
10
0.5902117322834646
20
0.397192125984252
11
0.5902684645669292
21
0.396616062992126
0
LINE
8
BLACK
6
CONTINUOUS
10
0.5902684645669292
20
0.396616062992126
11
0.5902684645669292
21
0.3928665354330709
0
LINE
8
BLACK
6
CONTINUOUS
10
0.5902684645669292
20
0.3928665354330709
11
0.5902117322834646
21
0.3922904724409449
0
LINE
8
BLACK
6
CONTINUOUS
10
0.5902117322834646
20
0.3922904724409449
11
0.5901711417322835
21
0.3921925196850394
0
LINE
8
BLACK
6
CONTINUOUS
10
0.5901711417322835
20
0.3921925196850394
11
0.590163622047244
21
0.3920866141732283
0
LINE
8
BLACK
6
CONTINUOUS
10
0.590163622047244
20
0.3920866141732283
11
0.5899567322834646
21
0.3915460236220472
0
LINE
8
BLACK
6
CONTINUOUS
10
0.5899567322834646
20
0.3915460236220472
11
0.5891779133858268
21
0.3899884251968504
0
LINE
8
BLACK
6
CONTINUOUS
10
0.5891779133858268
20
0.3899884251968504
11
0.5894133070866142
21
0.3899099606299212
0
LINE
8
BLACK
6
CONTINUOUS
10
0.5894133070866142
20
0.3899099606299212
11
0.5899418503937007
21
0.3896739763779528
0
LINE
8
BLACK
6
CONTINUOUS
10
0.5899418503937007
20
0.3896739763779528
11
0.590021968503937
21
0.3896044881889764
0
LINE
8
BLACK
6
CONTINUOUS
10
0.590021968503937
20
0.3896044881889764
11
0.5901200393700787
21
0.3895638582677165
0
LINE
8
BLACK
6
CONTINUOUS
10
0.5901200393700787
20
0.3895638582677165
11
0.5905674803149606
21
0.3891966535433071
0
LINE
8
BLACK
6
CONTINUOUS
10
0.5905674803149606
20
0.3891966535433071
11
0.5943170078740158
21
0.385447125984252
0
LINE
8
BLACK
6
CONTINUOUS
10
0.5943170078740158
20
0.385447125984252
11
0.5945028346456693
21
0.385220748031496
0
LINE
8
BLACK
6
CONTINUOUS
10
0.5945028346456693
20
0.385220748031496
11
0.5945617716535433
21
0.3851696062992126
0
LINE
8
BLACK
6
CONTINUOUS
10
0.5945617716535433
20
0.3851696062992126
11
0.5946176377952755
21
0.3850808661417323
0
LINE
8
BLACK
6
CONTINUOUS
10
0.5946176377952755
20
0.3850808661417323
11
0.5946842519685039
21
0.38499968503937
0
LINE
8
BLACK
6
CONTINUOUS
10
0.5946842519685039
20
0.38499968503937
11
0.594714094488189
21
0.3849275590551181
0
LINE
8
BLACK
6
CONTINUOUS
10
0.594714094488189
20
0.3849275590551181
11
0.5948701181102362
21
0.3846797244094488
0
LINE
8
BLACK
6
CONTINUOUS
10
0.5948701181102362
20
0.3846797244094488
11
0.5967448818897637
21
0.3809301968503937
0
LINE
8
BLACK
6
CONTINUOUS
10
0.5967448818897637
20
0.3809301968503937
11
0.5967609842519684
21
0.3808881102362205
0
LINE
8
BLACK
6
CONTINUOUS
10
0.5967609842519684
20
0.3808881102362205
11
0.5967737007874016
21
0.3808709448818898
0
LINE
8
BLACK
6
CONTINUOUS
10
0.5967737007874016
20
0.3808709448818898
11
0.5968597637795275
21
0.3806300393700787
0
LINE
8
BLACK
6
CONTINUOUS
10
0.5968597637795275
20
0.3806300393700787
11
0.5969517716535433
21
0.3803896062992126
0
LINE
8
BLACK
6
CONTINUOUS
10
0.5969517716535433
20
0.3803896062992126
11
0.5969532677165355
21
0.3803683464566929
0
LINE
8
BLACK
6
CONTINUOUS
10
0.5969532677165355
20
0.3803683464566929
11
0.5969684645669291
21
0.3803258267716536
0
LINE
8
BLACK
6
CONTINUOUS
10
0.5969684645669291
20
0.3803258267716536
11
0.5988432283464566
21
0.3728267716535433
0
LINE
8
BLACK
6
CONTINUOUS
10
0.5988432283464566
20
0.3728267716535433
11
0.5988579921259842
21
0.3727269291338582
0
LINE
8
BLACK
6
CONTINUOUS
10
0.5988579921259842
20
0.3727269291338582
11
0.5988746456692913
21
0.3726866929133858
0
LINE
8
BLACK
6
CONTINUOUS
10
0.5988746456692913
20
0.3726866929133858
11
0.5988959842519684
21
0.3724696850393701
0
LINE
8
BLACK
6
CONTINUOUS
10
0.5988959842519684
20
0.3724696850393701
11
0.598927874015748
21
0.3722541732283465
0
LINE
8
BLACK
6
CONTINUOUS
10
0.598927874015748
20
0.3722541732283465
11
0.5989214566929134
21
0.3722111811023622
0
LINE
8
BLACK
6
CONTINUOUS
10
0.5989214566929134
20
0.3722111811023622
11
0.5989313779527559
21
0.3721106299212598
0
LINE
8
BLACK
6
CONTINUOUS
10
0.5989313779527559
20
0.3721106299212598
11
0.5989313779527559
21
0.3664863385826772
0
LINE
8
BLACK
6
CONTINUOUS
10
0.5989313779527559
20
0.3664863385826772
11
0.5989214566929134
21
0.3663858267716535
0
LINE
8
BLACK
6
CONTINUOUS
10
0.5989214566929134
20
0.3663858267716535
11
0.598927874015748
21
0.3663427952755905
0
LINE
8
BLACK
6
CONTINUOUS
10
0.598927874015748
20
0.3663427952755905
11
0.5988959842519684
21
0.3661273228346457
0
LINE
8
BLACK
6
CONTINUOUS
10
0.5988959842519684
20
0.3661273228346457
11
0.5988746456692913
21
0.3659102755905512
0
LINE
8
BLACK
6
CONTINUOUS
10
0.5988746456692913
20
0.3659102755905512
11
0.5988579921259842
21
0.3658700787401575
0
LINE
8
BLACK
6
CONTINUOUS
10
0.5988579921259842
20
0.3658700787401575
11
0.5988432283464566
21
0.3657701968503937
0
LINE
8
BLACK
6
CONTINUOUS
10
0.5988432283464566
20
0.3657701968503937
11
0.5969684645669291
21
0.3582711417322835
0
LINE
8
BLACK
6
CONTINUOUS
10
0.5969684645669291
20
0.3582711417322835
11
0.5969532677165355
21
0.3582286614173228
0
LINE
8
BLACK
6
CONTINUOUS
10
0.5969532677165355
20
0.3582286614173228
11
0.5969517716535433
21
0.3582073622047244
0
LINE
8
BLACK
6
CONTINUOUS
10
0.5969517716535433
20
0.3582073622047244
11
0.5968599999999999
21
0.3579676377952756
0
LINE
8
BLACK
6
CONTINUOUS
10
0.5968599999999999
20
0.3579676377952756
11
0.5967737007874016
21
0.3577260236220473
0
LINE
8
BLACK
6
CONTINUOUS
10
0.5967737007874016
20
0.3577260236220473
11
0.5967609842519684
21
0.3577088976377953
0
LINE
8
BLACK
6
CONTINUOUS
10
0.5967609842519684
20
0.3577088976377953
11
0.5967448818897637
21
0.3576667716535433
0
LINE
8
BLACK
6
CONTINUOUS
10
0.5967448818897637
20
0.3576667716535433
11
0.5948701181102362
21
0.3539172440944882
0
LINE
8
BLACK
6
CONTINUOUS
10
0.5948701181102362
20
0.3539172440944882
11
0.5947140551181103
21
0.3536693700787402
0
LINE
8
BLACK
6
CONTINUOUS
10
0.5947140551181103
20
0.3536693700787402
11
0.5946842519685039
21
0.3535973228346457
0
LINE
8
BLACK
6
CONTINUOUS
10
0.5946842519685039
20
0.3535973228346457
11
0.594617716535433
21
0.3535162992125984
0
LINE
8
BLACK
6
CONTINUOUS
10
0.594617716535433
20
0.3535162992125984
11
0.5945617716535433
21
0.3534273622047244
0
LINE
8
BLACK
6
CONTINUOUS
10
0.5945617716535433
20
0.3534273622047244
11
0.5945027559055118
21
0.3533762204724409
0
LINE
8
BLACK
6
CONTINUOUS
10
0.5945027559055118
20
0.3533762204724409
11
0.5943170472440945
21
0.3531498818897638
0
LINE
8
BLACK
6
CONTINUOUS
10
0.5943170472440945
20
0.3531498818897638
11
0.5905674803149606
21
0.3494002755905511
0
LINE
8
BLACK
6
CONTINUOUS
10
0.5905674803149606
20
0.3494002755905511
11
0.5901200393700787
21
0.3490330708661417
0
LINE
8
BLACK
6
CONTINUOUS
10
0.5901200393700787
20
0.3490330708661417
11
0.590021968503937
21
0.3489924803149606
0
LINE
8
BLACK
6
CONTINUOUS
10
0.590021968503937
20
0.3489924803149606
11
0.5899418503937007
21
0.3489229527559055
0
LINE
8
BLACK
6
CONTINUOUS
10
0.5899418503937007
20
0.3489229527559055
11
0.5894133070866142
21
0.348686968503937
0
LINE
8
BLACK
6
CONTINUOUS
10
0.5894133070866142
20
0.348686968503937
11
0.5851302362204724
21
0.3472592913385827
0
LINE
8
BLACK
6
CONTINUOUS
10
0.5851302362204724
20
0.3472592913385827
11
0.584886653543307
21
0.347105905511811
0
LINE
8
BLACK
6
CONTINUOUS
10
0.584886653543307
20
0.347105905511811
11
0.5811371259842519
21
0.3452311417322835
0
LINE
8
BLACK
6
CONTINUOUS
10
0.5811371259842519
20
0.3452311417322835
11
0.581095
21
0.3452150393700787
0
LINE
8
BLACK
6
CONTINUOUS
10
0.581095
20
0.3452150393700787
11
0.5810778740157481
21
0.3452023228346456
0
LINE
8
BLACK
6
CONTINUOUS
10
0.5810778740157481
20
0.3452023228346456
11
0.580835905511811
21
0.345115905511811
0
LINE
8
BLACK
6
CONTINUOUS
10
0.580835905511811
20
0.345115905511811
11
0.5805964960629921
21
0.3450242519685039
0
LINE
8
BLACK
6
CONTINUOUS
10
0.5805964960629921
20
0.3450242519685039
11
0.5805752362204725
21
0.3450227559055118
0
LINE
8
BLACK
6
CONTINUOUS
10
0.5805752362204725
20
0.3450227559055118
11
0.5805327559055118
21
0.3450075590551181
0
LINE
8
BLACK
6
CONTINUOUS
10
0.5805327559055118
20
0.3450075590551181
11
0.5730337007874016
21
0.3431327952755905
0
LINE
8
BLACK
6
CONTINUOUS
10
0.5730337007874016
20
0.3431327952755905
11
0.5729338188976378
21
0.343118031496063
0
LINE
8
BLACK
6
CONTINUOUS
10
0.5729338188976378
20
0.343118031496063
11
0.572893622047244
21
0.3431013779527559
0
LINE
8
BLACK
6
CONTINUOUS
10
0.572893622047244
20
0.3431013779527559
11
0.5726765748031496
21
0.3430800393700787
0
LINE
8
BLACK
6
CONTINUOUS
10
0.5726765748031496
20
0.3430800393700787
11
0.5724611023622047
21
0.3430481496062992
0
LINE
8
BLACK
6
CONTINUOUS
10
0.5724611023622047
20
0.3430481496062992
11
0.5724180708661417
21
0.3430545669291338
0
LINE
8
BLACK
6
CONTINUOUS
10
0.5724180708661417
20
0.3430545669291338
11
0.5723175590551181
21
0.3430446456692913
0
LINE
8
BLACK
6
CONTINUOUS
10
0.5723175590551181
20
0.3430446456692913
11
0.5629437401574803
21
0.3430446456692913
0
LINE
8
BLACK
6
CONTINUOUS
10
0.5629437401574803
20
0.3430446456692913
11
0.562843188976378
21
0.3430545669291338
0
LINE
8
BLACK
6
CONTINUOUS
10
0.562843188976378
20
0.3430545669291338
11
0.5628001968503937
21
0.3430481496062992
0
LINE
8
BLACK
6
CONTINUOUS
10
0.5628001968503937
20
0.3430481496062992
11
0.5625846850393701
21
0.3430800393700787
0
LINE
8
BLACK
6
CONTINUOUS
10
0.5625846850393701
20
0.3430800393700787
11
0.5623676771653543
21
0.3431013779527559
0
LINE
8
BLACK
6
CONTINUOUS
10
0.5623676771653543
20
0.3431013779527559
11
0.5623274409448819
21
0.343118031496063
0
LINE
8
BLACK
6
CONTINUOUS
10
0.5623274409448819
20
0.343118031496063
11
0.5622275984251969
21
0.3431327952755905
0
LINE
8
BLACK
6
CONTINUOUS
10
0.5622275984251969
20
0.3431327952755905
11
0.5547285433070867
21
0.3450075590551181
0
LINE
8
BLACK
6
CONTINUOUS
10
0.5547285433070867
20
0.3450075590551181
11
0.5546860236220472
21
0.3450227559055118
0
LINE
8
BLACK
6
CONTINUOUS
10
0.5546860236220472
20
0.3450227559055118
11
0.5546647637795276
21
0.3450242519685039
0
LINE
8
BLACK
6
CONTINUOUS
10
0.5546647637795276
20
0.3450242519685039
11
0.5544249999999999
21
0.3451160236220472
0
LINE
8
BLACK
6
CONTINUOUS
10
0.5544249999999999
20
0.3451160236220472
11
0.5541834251968504
21
0.3452023228346456
0
LINE
8
BLACK
6
CONTINUOUS
10
0.5541834251968504
20
0.3452023228346456
11
0.5541662598425197
21
0.3452150393700787
0
LINE
8
BLACK
6
CONTINUOUS
10
0.5541662598425197
20
0.3452150393700787
11
0.5541241732283464
21
0.3452311417322835
0
LINE
8
BLACK
6
CONTINUOUS
10
0.5541241732283464
20
0.3452311417322835
11
0.5503746456692913
21
0.347105905511811
0
LINE
8
BLACK
6
CONTINUOUS
10
0.5503746456692913
20
0.347105905511811
11
0.5501266141732283
21
0.3472620078740157
0
LINE
8
BLACK
6
CONTINUOUS
10
0.5501266141732283
20
0.3472620078740157
11
0.5500546850393701
21
0.3472918110236221
0
LINE
8
BLACK
6
CONTINUOUS
10
0.5500546850393701
20
0.3472918110236221
11
0.5499737007874016
21
0.3473583070866141
0
LINE
8
BLACK
6
CONTINUOUS
10
0.5499737007874016
20
0.3473583070866141
11
0.5498847637795276
21
0.347414251968504
0
LINE
8
BLACK
6
CONTINUOUS
10
0.5498847637795276
20
0.347414251968504
11
0.5498335826771653
21
0.3474732677165354
0
LINE
8
BLACK
6
CONTINUOUS
10
0.5498335826771653
20
0.3474732677165354
11
0.5496072440944881
21
0.3476590157480315
0
LINE
8
BLACK
6
CONTINUOUS
10
0.5496072440944881
20
0.3476590157480315
11
0.5477324803149606
21
0.349533779527559
0
LINE
8
BLACK
6
CONTINUOUS
10
0.5477324803149606
20
0.349533779527559
11
0.5475466929133859
21
0.349760157480315
0
LINE
8
BLACK
6
CONTINUOUS
10
0.5475466929133859
20
0.349760157480315
11
0.547487716535433
21
0.3498112992125984
0
LINE
8
BLACK
6
CONTINUOUS
10
0.547487716535433
20
0.3498112992125984
11
0.5474317322834645
21
0.3499002755905511
0
LINE
8
BLACK
6
CONTINUOUS
10
0.5474317322834645
20
0.3499002755905511
11
0.5473652755905511
21
0.349981220472441
0
LINE
8
BLACK
6
CONTINUOUS
10
0.5473652755905511
20
0.349981220472441
11
0.5473354330708662
21
0.3500531889763779
0
LINE
8
BLACK
6
CONTINUOUS
10
0.5473354330708662
20
0.3500531889763779
11
0.5471793700787402
21
0.3503011811023622
0
LINE
8
BLACK
6
CONTINUOUS
10
0.5471793700787402
20
0.3503011811023622
11
0.5453046062992126
21
0.3540507086614173
0
LINE
8
BLACK
6
CONTINUOUS
10
0.5453046062992126
20
0.3540507086614173
11
0.545097716535433
21
0.3545913385826772
0
LINE
8
BLACK
6
CONTINUOUS
10
0.545097716535433
20
0.3545913385826772
11
0.5450901968503937
21
0.3546971653543307
0
LINE
8
BLACK
6
CONTINUOUS
10
0.5450901968503937
20
0.3546971653543307
11
0.5450496062992126
21
0.3547951574803149
0
LINE
8
BLACK
6
CONTINUOUS
10
0.5450496062992126
20
0.3547951574803149
11
0.544992874015748
21
0.355371220472441
0
LINE
8
BLACK
6
CONTINUOUS
10
0.544992874015748
20
0.355371220472441
11
0.544992874015748
21
0.3579092913385827
0
LINE
8
BLACK
6
CONTINUOUS
10
0.544992874015748
20
0.3579092913385827
11
0.5399891338582677
21
0.3579092913385827
0
LINE
8
BLACK
6
CONTINUOUS
10
0.5399891338582677
20
0.3579092913385827
11
0.5369125984251968
21
0.3486796850393701
0
LINE
8
BLACK
6
CONTINUOUS
10
0.5369125984251968
20
0.3486796850393701
11
0.5366766141732283
21
0.3481511023622047
0
LINE
8
BLACK
6
CONTINUOUS
10
0.5366766141732283
20
0.3481511023622047
11
0.5359217322834645
21
0.3472807480314961
0
LINE
8
BLACK
6
CONTINUOUS
10
0.5359217322834645
20
0.3472807480314961
11
0.5348912992125984
21
0.3467655511811024
0
LINE
8
BLACK
6
CONTINUOUS
10
0.5348912992125984
20
0.3467655511811024
11
0.5337420866141732
21
0.3466838582677165
0
LINE
8
BLACK
6
CONTINUOUS
10
0.5337420866141732
20
0.3466838582677165
11
0.5326490551181102
21
0.347048188976378
0
LINE
8
BLACK
6
CONTINUOUS
10
0.5326490551181102
20
0.347048188976378
11
0.5317787007874015
21
0.3478030708661417
0
LINE
8
BLACK
6
CONTINUOUS
10
0.5317787007874015
20
0.3478030708661417
11
0.5312635039370078
21
0.3488335039370078
0
LINE
8
BLACK
6
CONTINUOUS
10
0.5312635039370078
20
0.3488335039370078
11
0.5311818110236221
21
0.3499827165354331
0
LINE
8
BLACK
6
CONTINUOUS
10
0.5311818110236221
20
0.3499827165354331
11
0.531310157480315
21
0.3505471653543307
0
LINE
8
BLACK
6
CONTINUOUS
10
0.531310157480315
20
0.3505471653543307
11
0.5444335039370078
21
0.3899172440944882
0
LINE
8
BLACK
6
CONTINUOUS
10
0.5444335039370078
20
0.3899172440944882
11
0.5446694881889763
21
0.3904457874015748
0
LINE
8
BLACK
6
CONTINUOUS
10
0.5446694881889763
20
0.3904457874015748
11
0.5448076771653543
21
0.3906051574803149
0
LINE
8
BLACK
6
CONTINUOUS
10
0.5448076771653543
20
0.3906051574803149
11
0.5449020472440945
21
0.3907938582677165
0
LINE
8
BLACK
6
CONTINUOUS
10
0.5449020472440945
20
0.3907938582677165
11
0.5451818897637796
21
0.3910366141732283
0
LINE
8
BLACK
6
CONTINUOUS
10
0.5451818897637796
20
0.3910366141732283
11
0.5454212992125984
21
0.3913126377952756
0
LINE
8
BLACK
6
CONTINUOUS
10
0.5454212992125984
20
0.3913126377952756
11
0.5453046062992126
21
0.3915460236220472
0
LINE
8
BLACK
6
CONTINUOUS
10
0.5453046062992126
20
0.3915460236220472
11
0.545097716535433
21
0.3920866535433071
0
LINE
8
BLACK
6
CONTINUOUS
10
0.545097716535433
20
0.3920866535433071
11
0.5450901968503937
21
0.3921924803149606
0
LINE
8
BLACK
6
CONTINUOUS
10
0.5450901968503937
20
0.3921924803149606
11
0.5450496062992126
21
0.3922904724409449
0
LINE
8
BLACK
6
CONTINUOUS
10
0.5450496062992126
20
0.3922904724409449
11
0.544992874015748
21
0.3928665354330709
0
LINE
8
BLACK
6
CONTINUOUS
10
0.544992874015748
20
0.3928665354330709
11
0.544992874015748
21
0.396616062992126
0
LINE
8
BLACK
6
CONTINUOUS
10
0.544992874015748
20
0.396616062992126
11
0.5450496062992126
21
0.397192125984252
0
LINE
8
BLACK
6
CONTINUOUS
10
0.5450496062992126
20
0.397192125984252
11
0.5450901968503937
21
0.3972901574803149
0
LINE
8
BLACK
6
CONTINUOUS
10
0.5450901968503937
20
0.3972901574803149
11
0.545097716535433
21
0.3973959448818897
0
LINE
8
BLACK
6
CONTINUOUS
10
0.545097716535433
20
0.3973959448818897
11
0.5453046062992126
21
0.3979365748031496
0
LINE
8
BLACK
6
CONTINUOUS
10
0.5453046062992126
20
0.3979365748031496
11
0.5471793700787402
21
0.4016861023622047
0
LINE
8
BLACK
6
CONTINUOUS
10
0.5471793700787402
20
0.4016861023622047
11
0.5473354330708662
21
0.4019341338582677
0
LINE
8
BLACK
6
CONTINUOUS
10
0.5473354330708662
20
0.4019341338582677
11
0.5473652755905511
21
0.402006062992126
0
LINE
8
BLACK
6
CONTINUOUS
10
0.5473652755905511
20
0.402006062992126
11
0.5474317322834645
21
0.4020870472440945
0
LINE
8
BLACK
6
CONTINUOUS
10
0.5474317322834645
20
0.4020870472440945
11
0.547487716535433
21
0.4021759842519685
0
LINE
8
BLACK
6
CONTINUOUS
10
0.547487716535433
20
0.4021759842519685
11
0.5475466929133859
21
0.4022271653543307
0
LINE
8
BLACK
6
CONTINUOUS
10
0.5475466929133859
20
0.4022271653543307
11
0.5477324803149606
21
0.4024535039370079
0
LINE
8
BLACK
6
CONTINUOUS
10
0.5477324803149606
20
0.4024535039370079
11
0.5496072440944881
21
0.4043282677165354
0
LINE
8
BLACK
6
CONTINUOUS
10
0.5496072440944881
20
0.4043282677165354
11
0.5498335826771653
21
0.4045140551181102
0
LINE
8
BLACK
6
CONTINUOUS
10
0.5498335826771653
20
0.4045140551181102
11
0.5498847637795276
21
0.404573031496063
0
LINE
8
BLACK
6
CONTINUOUS
10
0.5498847637795276
20
0.404573031496063
11
0.5499737007874016
21
0.4046290157480315
0
LINE
8
BLACK
6
CONTINUOUS
10
0.5499737007874016
20
0.4046290157480315
11
0.5500546850393701
21
0.4046954724409449
0
LINE
8
BLACK
6
CONTINUOUS
10
0.5500546850393701
20
0.4046954724409449
11
0.5501266141732283
21
0.4047253149606299
0
LINE
8
BLACK
6
CONTINUOUS
10
0.5501266141732283
20
0.4047253149606299
11
0.5503746456692913
21
0.4048813779527559
0
LINE
8
BLACK
6
CONTINUOUS
10
0.5503746456692913
20
0.4048813779527559
11
0.5541241732283464
21
0.4067561417322835
0
LINE
8
BLACK
6
CONTINUOUS
10
0.5541241732283464
20
0.4067561417322835
11
0.5541662598425197
21
0.4067722834645669
0
LINE
8
BLACK
6
CONTINUOUS
10
0.5541662598425197
20
0.4067722834645669
11
0.5541834251968504
21
0.4067849606299213
0
LINE
8
BLACK
6
CONTINUOUS
10
0.5541834251968504
20
0.4067849606299213
11
0.5544249999999999
21
0.4068712992125984
0
LINE
8
BLACK
6
CONTINUOUS
10
0.5544249999999999
20
0.4068712992125984
11
0.5546647637795276
21
0.406963031496063
0
LINE
8
BLACK
6
CONTINUOUS
10
0.5546647637795276
20
0.406963031496063
11
0.5546860236220472
21
0.4069645669291339
0
LINE
8
BLACK
6
CONTINUOUS
10
0.5546860236220472
20
0.4069645669291339
11
0.5547285433070867
21
0.4069797244094488
0
LINE
8
BLACK
6
CONTINUOUS
10
0.5547285433070867
20
0.4069797244094488
11
0.5622275984251969
21
0.4088544881889764
0
LINE
8
BLACK
6
CONTINUOUS
10
0.5622275984251969
20
0.4088544881889764
11
0.5623274409448819
21
0.4088692913385827
0
LINE
8
BLACK
6
CONTINUOUS
10
0.5623274409448819
20
0.4088692913385827
11
0.5623676771653543
21
0.408885905511811
0
LINE
8
BLACK
6
CONTINUOUS
10
0.5623676771653543
20
0.408885905511811
11
0.5625846850393701
21
0.4089072834645669
0
LINE
8
BLACK
6
CONTINUOUS
10
0.5625846850393701
20
0.4089072834645669
11
0.5628001968503937
21
0.4089391338582677
0
LINE
8
BLACK
6
CONTINUOUS
10
0.5628001968503937
20
0.4089391338582677
11
0.562843188976378
21
0.4089327559055118
0
LINE
8
BLACK
6
CONTINUOUS
10
0.562843188976378
20
0.4089327559055118
11
0.5629437401574803
21
0.4089426377952756
0
LINE
8
BLACK
6
CONTINUOUS
10
0.5629437401574803
20
0.4089426377952756
11
0.5723175590551181
21
0.4089426377952756
0
LINE
8
BLACK
6
CONTINUOUS
10
0.5723175590551181
20
0.4089426377952756
11
0.5724180708661417
21
0.4089327559055118
0
LINE
8
BLACK
6
CONTINUOUS
10
0.5585569291338582
20
0.3643542519685039
11
0.5631592913385827
21
0.3505471653543307
0
LINE
8
BLACK
6
CONTINUOUS
10
0.5631592913385827
20
0.3505471653543307
11
0.5632876377952756
21
0.3499827559055118
0
LINE
8
BLACK
6
CONTINUOUS
10
0.5632876377952756
20
0.3499827559055118
11
0.5632158267716535
21
0.348973031496063
0
LINE
8
BLACK
6
CONTINUOUS
10
0.5632158267716535
20
0.348973031496063
11
0.5633072834645669
21
0.3489501574803149
0
LINE
8
BLACK
6
CONTINUOUS
10
0.5633072834645669
20
0.3489501574803149
11
0.5706215748031496
21
0.3489501574803149
0
LINE
8
BLACK
6
CONTINUOUS
10
0.5706215748031496
20
0.3489501574803149
11
0.5705854330708662
21
0.3490373622047244
0
LINE
8
BLACK
6
CONTINUOUS
10
0.5705854330708662
20
0.3490373622047244
11
0.5705287007874016
21
0.3496134251968504
0
LINE
8
BLACK
6
CONTINUOUS
10
0.5705287007874016
20
0.3496134251968504
11
0.5705287007874016
21
0.365541811023622
0
LINE
8
BLACK
6
CONTINUOUS
10
0.5705287007874016
20
0.365541811023622
11
0.5633072834645669
21
0.365541811023622
0
LINE
8
BLACK
6
CONTINUOUS
10
0.5633072834645669
20
0.365541811023622
11
0.5585569291338582
21
0.3643542519685039
0
LINE
8
BLACK
6
CONTINUOUS
10
0.5508983858267716
20
0.3560682677165354
11
0.552247125984252
21
0.3533707874015748
0
LINE
8
BLACK
6
CONTINUOUS
10
0.552247125984252
20
0.3533707874015748
11
0.5534442519685039
21
0.3521736614173228
0
LINE
8
BLACK
6
CONTINUOUS
10
0.5534442519685039
20
0.3521736614173228
11
0.5564752362204725
21
0.350658188976378
0
LINE
8
BLACK
6
CONTINUOUS
10
0.5564752362204725
20
0.350658188976378
11
0.5569357086614173
21
0.3505430708661417
0
LINE
8
BLACK
6
CONTINUOUS
10
0.5569357086614173
20
0.3505430708661417
11
0.5544803149606299
21
0.3579092913385827
0
LINE
8
BLACK
6
CONTINUOUS
10
0.5544803149606299
20
0.3579092913385827
11
0.5508983858267716
21
0.3579092913385827
0
LINE
8
BLACK
6
CONTINUOUS
10
0.5508983858267716
20
0.3579092913385827
11
0.5508983858267716
21
0.3560682677165354
0
LINE
8
BLACK
6
CONTINUOUS
10
0.5764342125984252
20
0.3525661811023622
11
0.5822095275590551
21
0.3525661811023622
0
LINE
8
BLACK
6
CONTINUOUS
10
0.5822095275590551
20
0.3525661811023622
11
0.5830142125984252
21
0.3533708267716535
0
LINE
8
BLACK
6
CONTINUOUS
10
0.5830142125984252
20
0.3533708267716535
11
0.5843629527559056
21
0.3560682677165354
0
LINE
8
BLACK
6
CONTINUOUS
10
0.5843629527559056
20
0.3560682677165354
11
0.5843629527559056
21
0.3584237007874015
0
LINE
8
BLACK
6
CONTINUOUS
10
0.5843629527559056
20
0.3584237007874015
11
0.5830142125984252
21
0.3611211811023622
0
LINE
8
BLACK
6
CONTINUOUS
10
0.5830142125984252
20
0.3611211811023622
11
0.5818170472440944
21
0.3623183070866142
0
LINE
8
BLACK
6
CONTINUOUS
10
0.5818170472440944
20
0.3623183070866142
11
0.578786062992126
21
0.3638338188976378
0
LINE
8
BLACK
6
CONTINUOUS
10
0.578786062992126
20
0.3638338188976378
11
0.5764342125984252
21
0.364421811023622
0
LINE
8
BLACK
6
CONTINUOUS
10
0.5764342125984252
20
0.364421811023622
11
0.5764342125984252
21
0.3525661811023622
0
LINE
8
BLACK
6
CONTINUOUS
10
0.5854276771653543
20
0.3849685826771653
11
0.5853765354330709
21
0.3849095669291339
0
LINE
8
BLACK
6
CONTINUOUS
10
0.5853765354330709
20
0.3849095669291339
11
0.5852875984251968
21
0.3848536220472441
0
LINE
8
BLACK
6
CONTINUOUS
10
0.5852875984251968
20
0.3848536220472441
11
0.5852065748031496
21
0.3847870866141732
0
LINE
8
BLACK
6
CONTINUOUS
10
0.5852065748031496
20
0.3847870866141732
11
0.5851345275590552
21
0.3847572834645669
0
LINE
8
BLACK
6
CONTINUOUS
10
0.5851345275590552
20
0.3847572834645669
11
0.584886653543307
21
0.3846012204724409
0
LINE
8
BLACK
6
CONTINUOUS
10
0.584886653543307
20
0.3846012204724409
11
0.5811371259842519
21
0.3827264566929134
0
LINE
8
BLACK
6
CONTINUOUS
10
0.5811371259842519
20
0.3827264566929134
11
0.581095
21
0.3827103543307087
0
LINE
8
BLACK
6
CONTINUOUS
10
0.581095
20
0.3827103543307087
11
0.5810778740157481
21
0.3826976377952756
0
LINE
8
BLACK
6
CONTINUOUS
10
0.5810778740157481
20
0.3826976377952756
11
0.580835905511811
21
0.3826112204724409
0
LINE
8
BLACK
6
CONTINUOUS
10
0.580835905511811
20
0.3826112204724409
11
0.5805964960629921
21
0.3825195669291339
0
LINE
8
BLACK
6
CONTINUOUS
10
0.5805964960629921
20
0.3825195669291339
11
0.5805752362204725
21
0.3825180708661417
0
LINE
8
BLACK
6
CONTINUOUS
10
0.5805752362204725
20
0.3825180708661417
11
0.5805327559055118
21
0.382502874015748
0
LINE
8
BLACK
6
CONTINUOUS
10
0.5805327559055118
20
0.382502874015748
11
0.5764342125984252
21
0.3814782677165354
0
LINE
8
BLACK
6
CONTINUOUS
10
0.5764342125984252
20
0.3814782677165354
11
0.5764342125984252
21
0.3705090551181102
0
LINE
8
BLACK
6
CONTINUOUS
10
0.5764342125984252
20
0.3705090551181102
11
0.5805327559055118
21
0.3694844094488189
0
LINE
8
BLACK
6
CONTINUOUS
10
0.5805327559055118
20
0.3694844094488189
11
0.5805752362204725
21
0.3694692519685039
0
LINE
8
BLACK
6
CONTINUOUS
10
0.5805752362204725
20
0.3694692519685039
11
0.5805964960629921
21
0.3694677165354331
0
LINE
8
BLACK
6
CONTINUOUS
10
0.5805964960629921
20
0.3694677165354331
11
0.580835905511811
21
0.3693761023622047
0
LINE
8
BLACK
6
CONTINUOUS
10
0.580835905511811
20
0.3693761023622047
11
0.5810778740157481
21
0.3692896456692913
0
LINE
8
BLACK
6
CONTINUOUS
10
0.5810778740157481
20
0.3692896456692913
11
0.581095
21
0.369276968503937
0
LINE
8
BLACK
6
CONTINUOUS
10
0.581095
20
0.369276968503937
11
0.5811371259842519
21
0.3692608267716536
0
LINE
8
BLACK
6
CONTINUOUS
10
0.5811371259842519
20
0.3692608267716536
11
0.584886653543307
21
0.367386062992126
0
LINE
8
BLACK
6
CONTINUOUS
10
0.584886653543307
20
0.367386062992126
11
0.5851345275590552
21
0.3672300393700788
0
LINE
8
BLACK
6
CONTINUOUS
10
0.5851345275590552
20
0.3672300393700788
11
0.5852065748031496
21
0.3672001968503937
0
LINE
8
BLACK
6
CONTINUOUS
10
0.5852065748031496
20
0.3672001968503937
11
0.5852875984251968
21
0.3671337007874015
0
LINE
8
BLACK
6
CONTINUOUS
10
0.5852875984251968
20
0.3671337007874015
11
0.5853765354330709
21
0.3670777165354331
0
LINE
8
BLACK
6
CONTINUOUS
10
0.5853765354330709
20
0.3670777165354331
11
0.5854276771653543
21
0.3670187401574803
0
LINE
8
BLACK
6
CONTINUOUS
10
0.5854276771653543
20
0.3670187401574803
11
0.5856540157480314
21
0.3668329921259842
0
LINE
8
BLACK
6
CONTINUOUS
10
0.5856540157480314
20
0.3668329921259842
11
0.5875288188976378
21
0.3649582283464567
0
LINE
8
BLACK
6
CONTINUOUS
10
0.5875288188976378
20
0.3649582283464567
11
0.5877145669291338
21
0.3647318897637795
0
LINE
8
BLACK
6
CONTINUOUS
10
0.5877145669291338
20
0.3647318897637795
11
0.587773622047244
21
0.3646806692913386
0
LINE
8
BLACK
6
CONTINUOUS
10
0.587773622047244
20
0.3646806692913386
11
0.5878296062992125
21
0.3645917322834645
0
LINE
8
BLACK
6
CONTINUOUS
10
0.5878296062992125
20
0.3645917322834645
11
0.5878960629921259
21
0.3645107480314961
0
LINE
8
BLACK
6
CONTINUOUS
10
0.5878960629921259
20
0.3645107480314961
11
0.5879258661417323
21
0.3644388188976378
0
LINE
8
BLACK
6
CONTINUOUS
10
0.5879258661417323
20
0.3644388188976378
11
0.588081968503937
21
0.3641907874015748
0
LINE
8
BLACK
6
CONTINUOUS
10
0.588081968503937
20
0.3641907874015748
11
0.5899567322834646
21
0.3604412598425197
0
LINE
8
BLACK
6
CONTINUOUS
10
0.5899567322834646
20
0.3604412598425197
11
0.590163622047244
21
0.3599006692913386
0
LINE
8
BLACK
6
CONTINUOUS
10
0.590163622047244
20
0.3599006692913386
11
0.5901711417322835
21
0.3597948031496063
0
LINE
8
BLACK
6
CONTINUOUS
10
0.5901711417322835
20
0.3597948031496063
11
0.5902117322834646
21
0.3596968110236221
0
LINE
8
BLACK
6
CONTINUOUS
10
0.5902117322834646
20
0.3596968110236221
11
0.5902684645669292
21
0.3591207480314961
0
LINE
8
BLACK
6
CONTINUOUS
10
0.5902684645669292
20
0.3591207480314961
11
0.5902684645669292
21
0.3579191338582677
0
LINE
8
BLACK
6
CONTINUOUS
10
0.5902684645669292
20
0.3579191338582677
11
0.5913178346456692
21
0.3600178346456693
0
LINE
8
BLACK
6
CONTINUOUS
10
0.5913178346456692
20
0.3600178346456693
11
0.5930258661417322
21
0.3668498818897638
0
LINE
8
BLACK
6
CONTINUOUS
10
0.5930258661417322
20
0.3668498818897638
11
0.5930258661417322
21
0.3717470866141732
0
LINE
8
BLACK
6
CONTINUOUS
10
0.5930258661417322
20
0.3717470866141732
11
0.5913178346456692
21
0.3785791338582677
0
LINE
8
BLACK
6
CONTINUOUS
10
0.5913178346456692
20
0.3785791338582677
11
0.5898023622047244
21
0.3816101181102362
0
LINE
8
BLACK
6
CONTINUOUS
10
0.5898023622047244
20
0.3816101181102362
11
0.5868845275590551
21
0.3845279527559055
0
LINE
8
BLACK
6
CONTINUOUS
10
0.5868845275590551
20
0.3845279527559055
11
0.5854666535433071
21
0.3850005905511811
0
LINE
8
BLACK
6
CONTINUOUS
10
0.5854666535433071
20
0.3850005905511811
11
0.5854276771653543
21
0.3849685826771653
0
LINE
8
BLACK
6
CONTINUOUS
10
0.5419576377952756
20
0.3638148031496063
11
0.5469913779527559
21
0.3638148031496063
0
LINE
8
BLACK
6
CONTINUOUS
10
0.5469913779527559
20
0.3638148031496063
11
0.5471793700787402
21
0.3641907874015748
0
LINE
8
BLACK
6
CONTINUOUS
10
0.5471793700787402
20
0.3641907874015748
11
0.5473354330708662
21
0.3644388188976378
0
LINE
8
BLACK
6
CONTINUOUS
10
0.5473354330708662
20
0.3644388188976378
11
0.5473652755905511
21
0.3645107480314961
0
LINE
8
BLACK
6
CONTINUOUS
10
0.5473652755905511
20
0.3645107480314961
11
0.5474317322834645
21
0.3645917322834645
0
LINE
8
BLACK
6
CONTINUOUS
10
0.5474317322834645
20
0.3645917322834645
11
0.547487716535433
21
0.3646806692913386
0
LINE
8
BLACK
6
CONTINUOUS
10
0.547487716535433
20
0.3646806692913386
11
0.5475466929133859
21
0.3647318503937008
0
LINE
8
BLACK
6
CONTINUOUS
10
0.5475466929133859
20
0.3647318503937008
11
0.5477324803149606
21
0.3649581889763779
0
LINE
8
BLACK
6
CONTINUOUS
10
0.5477324803149606
20
0.3649581889763779
11
0.5496072440944881
21
0.3668329527559055
0
LINE
8
BLACK
6
CONTINUOUS
10
0.5496072440944881
20
0.3668329527559055
11
0.5498335826771653
21
0.3670187401574803
0
LINE
8
BLACK
6
CONTINUOUS
10
0.5498335826771653
20
0.3670187401574803
11
0.5498847637795276
21
0.3670777165354331
0
LINE
8
BLACK
6
CONTINUOUS
10
0.5498847637795276
20
0.3670777165354331
11
0.5499737007874016
21
0.3671337007874015
0
LINE
8
BLACK
6
CONTINUOUS
10
0.5499737007874016
20
0.3671337007874015
11
0.5500546850393701
21
0.3672001574803149
0
LINE
8
BLACK
6
CONTINUOUS
10
0.5500546850393701
20
0.3672001574803149
11
0.5501266141732283
21
0.36723
0
LINE
8
BLACK
6
CONTINUOUS
10
0.5501266141732283
20
0.36723
11
0.5503746456692913
21
0.367386062992126
0
LINE
8
BLACK
6
CONTINUOUS
10
0.5503746456692913
20
0.367386062992126
11
0.5511861417322834
21
0.3677918503937008
0
LINE
8
BLACK
6
CONTINUOUS
10
0.5511861417322834
20
0.3677918503937008
11
0.5472347244094488
21
0.3796461023622047
0
LINE
8
BLACK
6
CONTINUOUS
10
0.5472347244094488
20
0.3796461023622047
11
0.5419576377952756
21
0.3638148031496063
0
LINE
8
BLACK
6
CONTINUOUS
10
0.5566838976377952
20
0.3699732677165354
11
0.5622275984251969
21
0.3713591732283464
0
LINE
8
BLACK
6
CONTINUOUS
10
0.5622275984251969
20
0.3713591732283464
11
0.5623274409448819
21
0.3713739763779528
0
LINE
8
BLACK
6
CONTINUOUS
10
0.5623274409448819
20
0.3713739763779528
11
0.5623676771653543
21
0.3713905905511811
0
LINE
8
BLACK
6
CONTINUOUS
10
0.5623676771653543
20
0.3713905905511811
11
0.5625846850393701
21
0.371411968503937
0
LINE
8
BLACK
6
CONTINUOUS
10
0.5625846850393701
20
0.371411968503937
11
0.5628001968503937
21
0.3714438188976378
0
LINE
8
BLACK
6
CONTINUOUS
10
0.5628001968503937
20
0.3714438188976378
11
0.562843188976378
21
0.3714374409448819
0
LINE
8
BLACK
6
CONTINUOUS
10
0.562843188976378
20
0.3714374409448819
11
0.5629437401574803
21
0.3714473228346457
0
LINE
8
BLACK
6
CONTINUOUS
10
0.5629437401574803
20
0.3714473228346457
11
0.5705287007874016
21
0.3714473228346457
0
LINE
8
BLACK
6
CONTINUOUS
10
0.5705287007874016
20
0.3714473228346457
11
0.5705287007874016
21
0.3805399606299212
0
LINE
8
BLACK
6
CONTINUOUS
10
0.5705287007874016
20
0.3805399606299212
11
0.5629437401574803
21
0.3805399606299212
0
LINE
8
BLACK
6
CONTINUOUS
10
0.5629437401574803
20
0.3805399606299212
11
0.562843188976378
21
0.3805498818897638
0
LINE
8
BLACK
6
CONTINUOUS
10
0.562843188976378
20
0.3805498818897638
11
0.5628001968503937
21
0.3805434645669291
0
LINE
8
BLACK
6
CONTINUOUS
10
0.5628001968503937
20
0.3805434645669291
11
0.5625846850393701
21
0.3805753543307087
0
LINE
8
BLACK
6
CONTINUOUS
10
0.5625846850393701
20
0.3805753543307087
11
0.5623676771653543
21
0.3805966929133858
0
LINE
8
BLACK
6
CONTINUOUS
10
0.5623676771653543
20
0.3805966929133858
11
0.5623274409448819
21
0.3806133464566929
0
LINE
8
BLACK
6
CONTINUOUS
10
0.5623274409448819
20
0.3806133464566929
11
0.5622275984251969
21
0.3806281102362205
0
LINE
8
BLACK
6
CONTINUOUS
10
0.5622275984251969
20
0.3806281102362205
11
0.5547285433070867
21
0.382502874015748
0
LINE
8
BLACK
6
CONTINUOUS
10
0.5547285433070867
20
0.382502874015748
11
0.5546860236220472
21
0.3825180708661417
0
LINE
8
BLACK
6
CONTINUOUS
10
0.5546860236220472
20
0.3825180708661417
11
0.5546647637795276
21
0.3825195669291339
0
LINE
8
BLACK
6
CONTINUOUS
10
0.5546647637795276
20
0.3825195669291339
11
0.5544249999999999
21
0.3826113385826772
0
LINE
8
BLACK
6
CONTINUOUS
10
0.5544249999999999
20
0.3826113385826772
11
0.5541834251968504
21
0.3826976377952756
0
LINE
8
BLACK
6
CONTINUOUS
10
0.5541834251968504
20
0.3826976377952756
11
0.5541662598425197
21
0.3827103543307087
0
LINE
8
BLACK
6
CONTINUOUS
10
0.5541662598425197
20
0.3827103543307087
11
0.5541241732283464
21
0.3827264566929134
0
LINE
8
BLACK
6
CONTINUOUS
10
0.5541241732283464
20
0.3827264566929134
11
0.5520946062992126
21
0.3837412598425197
0
LINE
8
BLACK
6
CONTINUOUS
10
0.5520946062992126
20
0.3837412598425197
11
0.5566838976377952
21
0.3699732677165354
0
LINE
8
BLACK
6
CONTINUOUS
10
0.5564752362204725
20
0.4013291338582677
11
0.5534442519685039
21
0.3998136220472441
0
LINE
8
BLACK
6
CONTINUOUS
10
0.5534442519685039
20
0.3998136220472441
11
0.552247125984252
21
0.3986164960629921
0
LINE
8
BLACK
6
CONTINUOUS
10
0.552247125984252
20
0.3986164960629921
11
0.5508983858267716
21
0.3959190157480315
0
LINE
8
BLACK
6
CONTINUOUS
10
0.5508983858267716
20
0.3959190157480315
11
0.5508983858267716
21
0.3935635826771653
0
LINE
8
BLACK
6
CONTINUOUS
10
0.5508983858267716
20
0.3935635826771653
11
0.552247125984252
21
0.3908661023622047
0
LINE
8
BLACK
6
CONTINUOUS
10
0.552247125984252
20
0.3908661023622047
11
0.5534442519685039
21
0.3896689763779527
0
LINE
8
BLACK
6
CONTINUOUS
10
0.5534442519685039
20
0.3896689763779527
11
0.5564752362204725
21
0.3881535039370079
0
LINE
8
BLACK
6
CONTINUOUS
10
0.5564752362204725
20
0.3881535039370079
11
0.5633072834645669
21
0.3864454724409448
0
LINE
8
BLACK
6
CONTINUOUS
10
0.5633072834645669
20
0.3864454724409448
11
0.5705287007874016
21
0.3864454724409448
0
LINE
8
BLACK
6
CONTINUOUS
10
0.5705287007874016
20
0.3864454724409448
11
0.5705287007874016
21
0.3889835039370079
0
LINE
8
BLACK
6
CONTINUOUS
10
0.5705287007874016
20
0.3889835039370079
11
0.5705854330708662
21
0.3895595669291338
0
LINE
8
BLACK
6
CONTINUOUS
10
0.5705854330708662
20
0.3895595669291338
11
0.5710263385826772
21
0.3906239763779528
0
LINE
8
BLACK
6
CONTINUOUS
10
0.5710263385826772
20
0.3906239763779528
11
0.5718409842519685
21
0.3914386220472441
0
LINE
8
BLACK
6
CONTINUOUS
10
0.5718409842519685
20
0.3914386220472441
11
0.5729053937007874
21
0.3918795275590551
0
LINE
8
BLACK
6
CONTINUOUS
10
0.5729053937007874
20
0.3918795275590551
11
0.5734814566929134
21
0.3919362598425197
0
LINE
8
BLACK
6
CONTINUOUS
10
0.5734814566929134
20
0.3919362598425197
11
0.5828552755905512
21
0.3919362598425197
0
LINE
8
BLACK
6
CONTINUOUS
10
0.5828552755905512
20
0.3919362598425197
11
0.583146811023622
21
0.3919075590551181
0
LINE
8
BLACK
6
CONTINUOUS
10
0.583146811023622
20
0.3919075590551181
11
0.5832245669291338
21
0.3919130708661417
0
LINE
8
BLACK
6
CONTINUOUS
10
0.5832245669291338
20
0.3919130708661417
11
0.583326811023622
21
0.391889842519685
0
LINE
8
BLACK
6
CONTINUOUS
10
0.583326811023622
20
0.391889842519685
11
0.5834313385826772
21
0.3918795275590551
0
LINE
8
BLACK
6
CONTINUOUS
10
0.5834313385826772
20
0.3918795275590551
11
0.5835034251968504
21
0.3918496850393701
0
LINE
8
BLACK
6
CONTINUOUS
10
0.5835034251968504
20
0.3918496850393701
11
0.5835057086614173
21
0.3918491732283464
0
LINE
8
BLACK
6
CONTINUOUS
10
0.5835057086614173
20
0.3918491732283464
11
0.5843629527559056
21
0.3935635826771653
0
LINE
8
BLACK
6
CONTINUOUS
10
0.5843629527559056
20
0.3935635826771653
11
0.5843629527559056
21
0.3959190157480315
0
LINE
8
BLACK
6
CONTINUOUS
10
0.5843629527559056
20
0.3959190157480315
11
0.5830142125984252
21
0.3986164960629921
0
LINE
8
BLACK
6
CONTINUOUS
10
0.5830142125984252
20
0.3986164960629921
11
0.5818170472440944
21
0.3998136220472441
0
LINE
8
BLACK
6
CONTINUOUS
10
0.5818170472440944
20
0.3998136220472441
11
0.578786062992126
21
0.4013291338582677
0
LINE
8
BLACK
6
CONTINUOUS
10
0.578786062992126
20
0.4013291338582677
11
0.5719540157480315
21
0.403037125984252
0
LINE
8
BLACK
6
CONTINUOUS
10
0.5719540157480315
20
0.403037125984252
11
0.5633072834645669
21
0.403037125984252
0
LINE
8
BLACK
6
CONTINUOUS
10
0.5633072834645669
20
0.403037125984252
11
0.5564752362204725
21
0.4013291338582677
0
LINE
8
BLACK
6
CONTINUOUS
10
0.2841233858267717
20
0.3784661811023622
11
0.2841490551181102
21
0.3784747244094488
0
LINE
8
BLACK
6
CONTINUOUS
10
0.2841490551181102
20
0.3784747244094488
11
0.2843315354330709
21
0.3784247637795276
0
LINE
8
BLACK
6
CONTINUOUS
10
0.2843315354330709
20
0.3784247637795276
11
0.2845173622047244
21
0.3783877952755905
0
LINE
8
BLACK
6
CONTINUOUS
10
0.2845173622047244
20
0.3783877952755905
11
0.2845364960629921
21
0.3783686614173228
0
LINE
8
BLACK
6
CONTINUOUS
10
0.2845364960629921
20
0.3783686614173228
11
0.2845935433070866
21
0.378353031496063
0
LINE
8
BLACK
6
CONTINUOUS
10
0.2845935433070866
20
0.378353031496063
11
0.2860934251968504
21
0.3776031102362205
0
LINE
8
BLACK
6
CONTINUOUS
10
0.2860934251968504
20
0.3776031102362205
11
0.2862431496062992
21
0.3774868897637795
0
LINE
8
BLACK
6
CONTINUOUS
10
0.2862431496062992
20
0.3774868897637795
11
0.2864003543307087
21
0.3773818503937008
0
LINE
8
BLACK
6
CONTINUOUS
10
0.2864003543307087
20
0.3773818503937008
11
0.2871502755905512
21
0.376631968503937
0
LINE
8
BLACK
6
CONTINUOUS
10
0.2871502755905512
20
0.376631968503937
11
0.2872555118110236
21
0.3764744488188976
0
LINE
8
BLACK
6
CONTINUOUS
10
0.2872555118110236
20
0.3764744488188976
11
0.2873714960629921
21
0.3763250393700787
0
LINE
8
BLACK
6
CONTINUOUS
10
0.2873714960629921
20
0.3763250393700787
11
0.2881214173228346
21
0.3748251968503937
0
LINE
8
BLACK
6
CONTINUOUS
10
0.2881214173228346
20
0.3748251968503937
11
0.2881370078740157
21
0.3747681889763779
0
LINE
8
BLACK
6
CONTINUOUS
10
0.2881370078740157
20
0.3747681889763779
11
0.2881561811023622
21
0.3747490157480315
0
LINE
8
BLACK
6
CONTINUOUS
10
0.2881561811023622
20
0.3747490157480315
11
0.2881930708661417
21
0.3745635433070866
0
LINE
8
BLACK
6
CONTINUOUS
10
0.2881930708661417
20
0.3745635433070866
11
0.2882431496062992
21
0.3743807086614173
0
LINE
8
BLACK
6
CONTINUOUS
10
0.2882431496062992
20
0.3743807086614173
11
0.2882345669291339
21
0.374355
0
LINE
8
BLACK
6
CONTINUOUS
10
0.2882345669291339
20
0.374355
11
0.2882427952755905
21
0.3743135039370079
0
LINE
8
BLACK
6
CONTINUOUS
10
0.2882427952755905
20
0.3743135039370079
11
0.2938867322834646
21
0.3782642125984252
0
LINE
8
BLACK
6
CONTINUOUS
10
0.2938867322834646
20
0.3782642125984252
11
0.2943085826771654
21
0.3784497244094488
0
LINE
8
BLACK
6
CONTINUOUS
10
0.2943085826771654
20
0.3784497244094488
11
0.2951987795275591
21
0.3782926377952756
0
LINE
8
BLACK
6
CONTINUOUS
10
0.2951987795275591
20
0.3782926377952756
11
0.2957171653543307
21
0.3775520472440945
0
LINE
8
BLACK
6
CONTINUOUS
10
0.2957171653543307
20
0.3775520472440945
11
0.2955600787401575
21
0.3766618897637795
0
LINE
8
BLACK
6
CONTINUOUS
10
0.2955600787401575
20
0.3766618897637795
11
0.2952413385826771
21
0.3763290157480315
0
LINE
8
BLACK
6
CONTINUOUS
10
0.2952413385826771
20
0.3763290157480315
11
0.2882461023622047
21
0.3714323622047244
0
LINE
8
BLACK
6
CONTINUOUS
10
0.2882461023622047
20
0.3714323622047244
11
0.2882461023622047
21
0.3694788582677165
0
LINE
8
BLACK
6
CONTINUOUS
10
0.2882461023622047
20
0.3694788582677165
11
0.2945640551181102
21
0.3694788582677165
0
LINE
8
BLACK
6
CONTINUOUS
10
0.2945640551181102
20
0.3694788582677165
11
0.295016062992126
21
0.369388937007874
0
LINE
8
BLACK
6
CONTINUOUS
10
0.295016062992126
20
0.369388937007874
11
0.2956552362204725
21
0.3687497637795276
0
LINE
8
BLACK
6
CONTINUOUS
10
0.2956552362204725
20
0.3687497637795276
11
0.2956552362204725
21
0.3678457480314961
0
LINE
8
BLACK
6
CONTINUOUS
10
0.2956552362204725
20
0.3678457480314961
11
0.295016062992126
21
0.3672065748031496
0
LINE
8
BLACK
6
CONTINUOUS
10
0.295016062992126
20
0.3672065748031496
11
0.2945640551181102
21
0.3671166535433071
0
LINE
8
BLACK
6
CONTINUOUS
10
0.2945640551181102
20
0.3671166535433071
11
0.2788160236220472
21
0.3671166535433071
0
LINE
8
BLACK
6
CONTINUOUS
10
0.2788160236220472
20
0.3671166535433071
11
0.2783640157480315
21
0.3672065748031496
0
LINE
8
BLACK
6
CONTINUOUS
10
0.2783640157480315
20
0.3672065748031496
11
0.277724842519685
21
0.3678457480314961
0
LINE
8
BLACK
6
CONTINUOUS
10
0.277724842519685
20
0.3678457480314961
11
0.2776349212598425
21
0.3682977559055118
0
LINE
8
BLACK
6
CONTINUOUS
10
0.2776349212598425
20
0.3682977559055118
11
0.2776349212598425
21
0.3742970078740158
0
LINE
8
BLACK
6
CONTINUOUS
10
0.2776349212598425
20
0.3742970078740158
11
0.2776464566929134
21
0.3743550787401575
0
LINE
8
BLACK
6
CONTINUOUS
10
0.2776464566929134
20
0.3743550787401575
11
0.2776379133858268
21
0.3743807086614173
0
LINE
8
BLACK
6
CONTINUOUS
10
0.2776379133858268
20
0.3743807086614173
11
0.277687874015748
21
0.3745632677165354
0
LINE
8
BLACK
6
CONTINUOUS
10
0.277687874015748
20
0.3745632677165354
11
0.277724842519685
21
0.3747490157480315
0
LINE
8
BLACK
6
CONTINUOUS
10
0.277724842519685
20
0.3747490157480315
11
0.2777439763779527
21
0.3747681889763779
0
LINE
8
BLACK
6
CONTINUOUS
10
0.2777439763779527
20
0.3747681889763779
11
0.2777596062992126
21
0.3748252362204724
0
LINE
8
BLACK
6
CONTINUOUS
10
0.2777596062992126
20
0.3748252362204724
11
0.2785095275590551
21
0.3763250393700787
0
LINE
8
BLACK
6
CONTINUOUS
10
0.2785095275590551
20
0.3763250393700787
11
0.278625748031496
21
0.3764748031496063
0
LINE
8
BLACK
6
CONTINUOUS
10
0.278625748031496
20
0.3764748031496063
11
0.2787307874015748
21
0.376631968503937
0
LINE
8
BLACK
6
CONTINUOUS
10
0.2787307874015748
20
0.376631968503937
11
0.2794806692913386
21
0.3773818897637795
0
LINE
8
BLACK
6
CONTINUOUS
10
0.2794806692913386
20
0.3773818897637795
11
0.2796383858267716
21
0.3774872834645669
0
LINE
8
BLACK
6
CONTINUOUS
10
0.2796383858267716
20
0.3774872834645669
11
0.2797876377952756
21
0.3776031102362205
0
LINE
8
BLACK
6
CONTINUOUS
10
0.2797876377952756
20
0.3776031102362205
11
0.2812874803149606
21
0.378353031496063
0
LINE
8
BLACK
6
CONTINUOUS
10
0.2812874803149606
20
0.378353031496063
11
0.2813444881889764
21
0.3783686614173228
0
LINE
8
BLACK
6
CONTINUOUS
10
0.2813444881889764
20
0.3783686614173228
11
0.2813636614173228
21
0.3783877952755905
0
LINE
8
BLACK
6
CONTINUOUS
10
0.2813636614173228
20
0.3783877952755905
11
0.2815491338582677
21
0.3784247244094488
0
LINE
8
BLACK
6
CONTINUOUS
10
0.2815491338582677
20
0.3784247244094488
11
0.281731968503937
21
0.3784747637795275
0
LINE
8
BLACK
6
CONTINUOUS
10
0.281731968503937
20
0.3784747637795275
11
0.2817576771653543
21
0.3784662204724409
0
LINE
8
BLACK
6
CONTINUOUS
10
0.2817576771653543
20
0.3784662204724409
11
0.2818156692913386
21
0.3784777165354331
0
LINE
8
BLACK
6
CONTINUOUS
10
0.2818156692913386
20
0.3784777165354331
11
0.2840653543307087
21
0.3784777165354331
0
LINE
8
BLACK
6
CONTINUOUS
10
0.2840653543307087
20
0.3784777165354331
11
0.2841233858267717
21
0.3784661811023622
0
LINE
8
BLACK
6
CONTINUOUS
10
0.2810154724409449
20
0.3755760236220472
11
0.2805366141732283
21
0.3750972047244094
0
LINE
8
BLACK
6
CONTINUOUS
10
0.2805366141732283
20
0.3750972047244094
11
0.279997125984252
21
0.3740181496062992
0
LINE
8
BLACK
6
CONTINUOUS
10
0.279997125984252
20
0.3740181496062992
11
0.279997125984252
21
0.3694788582677165
0
LINE
8
BLACK
6
CONTINUOUS
10
0.279997125984252
20
0.3694788582677165
11
0.2858838976377953
21
0.3694788582677165
0
LINE
8
BLACK
6
CONTINUOUS
10
0.2858838976377953
20
0.3694788582677165
11
0.2858838976377953
21
0.3740181496062992
0
LINE
8
BLACK
6
CONTINUOUS
10
0.2858838976377953
20
0.3740181496062992
11
0.2853443307086614
21
0.3750972047244094
0
LINE
8
BLACK
6
CONTINUOUS
10
0.2853443307086614
20
0.3750972047244094
11
0.2848655511811023
21
0.3755760236220472
0
LINE
8
BLACK
6
CONTINUOUS
10
0.2848655511811023
20
0.3755760236220472
11
0.2837865354330709
21
0.3761155118110236
0
LINE
8
BLACK
6
CONTINUOUS
10
0.2837865354330709
20
0.3761155118110236
11
0.2820945275590551
21
0.3761155118110236
0
LINE
8
BLACK
6
CONTINUOUS
10
0.2820945275590551
20
0.3761155118110236
11
0.2810154724409449
21
0.3755760236220472
0
LINE
8
BLACK
6
CONTINUOUS
10
0.2956552362204725
20
0.3927467322834646
11
0.2957451574803149
21
0.3922947244094488
0
LINE
8
BLACK
6
CONTINUOUS
10
0.2957451574803149
20
0.3922947244094488
11
0.2957451574803149
21
0.3832958661417323
0
LINE
8
BLACK
6
CONTINUOUS
10
0.2957451574803149
20
0.3832958661417323
11
0.2956552362204725
21
0.3828438582677166
0
LINE
8
BLACK
6
CONTINUOUS
10
0.2956552362204725
20
0.3828438582677166
11
0.295016062992126
21
0.3822046850393701
0
LINE
8
BLACK
6
CONTINUOUS
10
0.295016062992126
20
0.3822046850393701
11
0.2941120472440945
21
0.3822046850393701
0
LINE
8
BLACK
6
CONTINUOUS
10
0.2941120472440945
20
0.3822046850393701
11
0.293472874015748
21
0.3828438582677166
0
LINE
8
BLACK
6
CONTINUOUS
10
0.293472874015748
20
0.3828438582677166
11
0.2933829527559055
21
0.3832958661417323
0
LINE
8
BLACK
6
CONTINUOUS
10
0.2933829527559055
20
0.3832958661417323
11
0.2933829527559055
21
0.3866142125984252
0
LINE
8
BLACK
6
CONTINUOUS
10
0.2933829527559055
20
0.3866142125984252
11
0.2824173228346457
21
0.3866142125984252
0
LINE
8
BLACK
6
CONTINUOUS
10
0.2824173228346457
20
0.3866142125984252
11
0.2834007086614173
21
0.3856308661417323
0
LINE
8
BLACK
6
CONTINUOUS
10
0.2834007086614173
20
0.3856308661417323
11
0.2835058267716535
21
0.3854735039370079
0
LINE
8
BLACK
6
CONTINUOUS
10
0.2835058267716535
20
0.3854735039370079
11
0.283621968503937
21
0.3853238976377953
0
LINE
8
BLACK
6
CONTINUOUS
10
0.283621968503937
20
0.3853238976377953
11
0.2843718897637795
21
0.3838240551181102
0
LINE
8
BLACK
6
CONTINUOUS
10
0.2843718897637795
20
0.3838240551181102
11
0.2844936220472441
21
0.3833795669291338
0
LINE
8
BLACK
6
CONTINUOUS
10
0.2844936220472441
20
0.3833795669291338
11
0.2842077559055118
21
0.3825220472440945
0
LINE
8
BLACK
6
CONTINUOUS
10
0.2842077559055118
20
0.3825220472440945
11
0.2833991732283465
21
0.3821177165354331
0
LINE
8
BLACK
6
CONTINUOUS
10
0.2833991732283465
20
0.3821177165354331
11
0.2825416535433071
21
0.3824035826771653
0
LINE
8
BLACK
6
CONTINUOUS
10
0.2825416535433071
20
0.3824035826771653
11
0.2822590551181102
21
0.3827676377952756
0
LINE
8
BLACK
6
CONTINUOUS
10
0.2822590551181102
20
0.3827676377952756
11
0.281594842519685
21
0.384096062992126
0
LINE
8
BLACK
6
CONTINUOUS
10
0.281594842519685
20
0.384096062992126
11
0.2803133464566929
21
0.3853775590551181
0
LINE
8
BLACK
6
CONTINUOUS
10
0.2803133464566929
20
0.3853775590551181
11
0.2781608661417323
21
0.3868125984251968
0
LINE
8
BLACK
6
CONTINUOUS
10
0.2781608661417323
20
0.3868125984251968
11
0.2778346456692913
21
0.3871381496062992
0
LINE
8
BLACK
6
CONTINUOUS
10
0.2778346456692913
20
0.3871381496062992
11
0.2778107874015748
21
0.3872573622047244
0
LINE
8
BLACK
6
CONTINUOUS
10
0.2778107874015748
20
0.3872573622047244
11
0.277724842519685
21
0.3873433070866142
0
LINE
8
BLACK
6
CONTINUOUS
10
0.277724842519685
20
0.3873433070866142
11
0.277724842519685
21
0.3876871653543307
0
LINE
8
BLACK
6
CONTINUOUS
10
0.277724842519685
20
0.3876871653543307
11
0.2776573622047244
21
0.3880245275590551
0
LINE
8
BLACK
6
CONTINUOUS
10
0.2776573622047244
20
0.3880245275590551
11
0.277724842519685
21
0.3881257480314961
0
LINE
8
BLACK
6
CONTINUOUS
10
0.277724842519685
20
0.3881257480314961
11
0.277724842519685
21
0.3882473228346456
0
LINE
8
BLACK
6
CONTINUOUS
10
0.277724842519685
20
0.3882473228346456
11
0.2779680708661417
21
0.3884905905511811
0
LINE
8
BLACK
6
CONTINUOUS
10
0.2779680708661417
20
0.3884905905511811
11
0.2781588582677165
21
0.3887766929133858
0
LINE
8
BLACK
6
CONTINUOUS
10
0.2781588582677165
20
0.3887766929133858
11
0.278278031496063
21
0.3888005511811023
0
LINE
8
BLACK
6
CONTINUOUS
10
0.278278031496063
20
0.3888005511811023
11
0.2783640157480315
21
0.3888864960629921
0
LINE
8
BLACK
6
CONTINUOUS
10
0.2783640157480315
20
0.3888864960629921
11
0.2788160236220472
21
0.3889764173228346
0
LINE
8
BLACK
6
CONTINUOUS
10
0.2788160236220472
20
0.3889764173228346
11
0.2933829527559055
21
0.3889764173228346
0
LINE
8
BLACK
6
CONTINUOUS
10
0.2933829527559055
20
0.3889764173228346
11
0.2933829527559055
21
0.3922947244094488
0
LINE
8
BLACK
6
CONTINUOUS
10
0.2933829527559055
20
0.3922947244094488
11
0.293472874015748
21
0.3927467322834646
0
LINE
8
BLACK
6
CONTINUOUS
10
0.293472874015748
20
0.3927467322834646
11
0.2941120472440945
21
0.393385905511811
0
LINE
8
BLACK
6
CONTINUOUS
10
0.2941120472440945
20
0.393385905511811
11
0.295016062992126
21
0.393385905511811
0
LINE
8
BLACK
6
CONTINUOUS
10
0.295016062992126
20
0.393385905511811
11
0.2956552362204725
21
0.3927467322834646
0
LINE
8
BLACK
6
CONTINUOUS
10
0.3043950393700787
20
0.4132359842519685
11
0.3054603937007874
21
0.4121706299212599
0
LINE
8
BLACK
6
CONTINUOUS
10
0.3054603937007874
20
0.4121706299212599
11
0.3056102362204725
21
0.4114173228346457
0
LINE
8
BLACK
6
CONTINUOUS
10
0.3056102362204725
20
0.4114173228346457
11
0.3056102362204725
21
0.3484251968503937
0
LINE
8
BLACK
6
CONTINUOUS
10
0.3056102362204725
20
0.3484251968503937
11
0.3054603937007874
21
0.3476718897637795
0
LINE
8
BLACK
6
CONTINUOUS
10
0.3054603937007874
20
0.3476718897637795
11
0.3043950393700787
21
0.3466065354330709
0
LINE
8
BLACK
6
CONTINUOUS
10
0.3043950393700787
20
0.3466065354330709
11
0.3036417322834646
21
0.3464566929133858
0
LINE
8
BLACK
6
CONTINUOUS
10
0.3036417322834646
20
0.3464566929133858
11
0.2711614173228347
21
0.3464566929133858
0
LINE
8
BLACK
6
CONTINUOUS
10
0.2711614173228347
20
0.3464566929133858
11
0.2704081102362205
21
0.3466065354330709
0
LINE
8
BLACK
6
CONTINUOUS
10
0.2704081102362205
20
0.3466065354330709
11
0.2693427559055118
21
0.3476718897637795
0
LINE
8
BLACK
6
CONTINUOUS
10
0.2693427559055118
20
0.3476718897637795
11
0.2691929133858268
21
0.3484251968503937
0
LINE
8
BLACK
6
CONTINUOUS
10
0.2691929133858268
20
0.3484251968503937
11
0.2691929133858268
21
0.4114173228346457
0
LINE
8
BLACK
6
CONTINUOUS
10
0.2691929133858268
20
0.4114173228346457
11
0.2693427559055118
21
0.4121706299212599
0
LINE
8
BLACK
6
CONTINUOUS
10
0.2693427559055118
20
0.4121706299212599
11
0.2704081102362205
21
0.4132359842519685
0
LINE
8
BLACK
6
CONTINUOUS
10
0.2704081102362205
20
0.4132359842519685
11
0.2711614173228347
21
0.4133858267716535
0
LINE
8
BLACK
6
CONTINUOUS
10
0.2711614173228347
20
0.4133858267716535
11
0.3036417322834646
21
0.4133858267716535
0
LINE
8
BLACK
6
CONTINUOUS
10
0.3036417322834646
20
0.4133858267716535
11
0.3043950393700787
21
0.4132359842519685
0
LINE
8
BLACK
6
CONTINUOUS
10
0.2731299212598425
20
0.4094488188976378
11
0.2731299212598425
21
0.3503937007874016
0
LINE
8
BLACK
6
CONTINUOUS
10
0.2731299212598425
20
0.3503937007874016
11
0.3016732283464567
21
0.3503937007874016
0
LINE
8
BLACK
6
CONTINUOUS
10
0.3016732283464567
20
0.3503937007874016
11
0.3016732283464567
21
0.4094488188976378
0
LINE
8
BLACK
6
CONTINUOUS
10
0.3016732283464567
20
0.4094488188976378
11
0.2731299212598425
21
0.4094488188976378
0
LINE
8
BLACK
6
CONTINUOUS
10
0.6281411811023622
20
0.3919075590551181
11
0.628218937007874
21
0.3919130708661417
0
LINE
8
BLACK
6
CONTINUOUS
10
0.628218937007874
20
0.3919130708661417
11
0.6283211811023622
21
0.391889842519685
0
LINE
8
BLACK
6
CONTINUOUS
10
0.6283211811023622
20
0.391889842519685
11
0.6284257086614173
21
0.3918795275590551
0
LINE
8
BLACK
6
CONTINUOUS
10
0.6284257086614173
20
0.3918795275590551
11
0.6284977952755906
21
0.3918496850393701
0
LINE
8
BLACK
6
CONTINUOUS
10
0.6284977952755906
20
0.3918496850393701
11
0.6287833858267716
21
0.3917847244094488
0
LINE
8
BLACK
6
CONTINUOUS
10
0.6287833858267716
20
0.3917847244094488
11
0.6344076771653543
21
0.3899099606299212
0
LINE
8
BLACK
6
CONTINUOUS
10
0.6344076771653543
20
0.3899099606299212
11
0.6349362204724409
21
0.3896739763779528
0
LINE
8
BLACK
6
CONTINUOUS
10
0.6349362204724409
20
0.3896739763779528
11
0.6358065748031496
21
0.388919094488189
0
LINE
8
BLACK
6
CONTINUOUS
10
0.6358065748031496
20
0.388919094488189
11
0.6363218110236221
21
0.3878886614173228
0
LINE
8
BLACK
6
CONTINUOUS
10
0.6363218110236221
20
0.3878886614173228
11
0.6364035039370078
21
0.3867394488188976
0
LINE
8
BLACK
6
CONTINUOUS
10
0.6364035039370078
20
0.3867394488188976
11
0.6360391732283465
21
0.3856464566929134
0
LINE
8
BLACK
6
CONTINUOUS
10
0.6360391732283465
20
0.3856464566929134
11
0.6352842913385827
21
0.384776062992126
0
LINE
8
BLACK
6
CONTINUOUS
10
0.6352842913385827
20
0.384776062992126
11
0.6342538188976378
21
0.3842608661417323
0
LINE
8
BLACK
6
CONTINUOUS
10
0.6342538188976378
20
0.3842608661417323
11
0.6331046062992126
21
0.3841791732283464
0
LINE
8
BLACK
6
CONTINUOUS
10
0.6331046062992126
20
0.3841791732283464
11
0.6325401574803149
21
0.3843075196850393
0
LINE
8
BLACK
6
CONTINUOUS
10
0.6325401574803149
20
0.3843075196850393
11
0.6273705118110237
21
0.3860307480314961
0
LINE
8
BLACK
6
CONTINUOUS
10
0.6273705118110237
20
0.3860307480314961
11
0.6191728740157481
21
0.3860307480314961
0
LINE
8
BLACK
6
CONTINUOUS
10
0.6191728740157481
20
0.3860307480314961
11
0.6164753937007874
21
0.3846820078740157
0
LINE
8
BLACK
6
CONTINUOUS
10
0.6164753937007874
20
0.3846820078740157
11
0.6152782677165354
21
0.3834848818897638
0
LINE
8
BLACK
6
CONTINUOUS
10
0.6152782677165354
20
0.3834848818897638
11
0.6139295275590551
21
0.3807874015748031
0
LINE
8
BLACK
6
CONTINUOUS
10
0.6139295275590551
20
0.3807874015748031
11
0.6139295275590551
21
0.378431968503937
0
LINE
8
BLACK
6
CONTINUOUS
10
0.6139295275590551
20
0.378431968503937
11
0.6152782677165354
21
0.3757344881889764
0
LINE
8
BLACK
6
CONTINUOUS
10
0.6152782677165354
20
0.3757344881889764
11
0.6164753937007874
21
0.3745373622047244
0
LINE
8
BLACK
6
CONTINUOUS
10
0.6164753937007874
20
0.3745373622047244
11
0.6195063779527559
21
0.3730218897637795
0
LINE
8
BLACK
6
CONTINUOUS
10
0.6195063779527559
20
0.3730218897637795
11
0.6266910236220472
21
0.3712257086614173
0
LINE
8
BLACK
6
CONTINUOUS
10
0.6266910236220472
20
0.3712257086614173
11
0.6267335039370079
21
0.3712105511811024
0
LINE
8
BLACK
6
CONTINUOUS
10
0.6267335039370079
20
0.3712105511811024
11
0.6267547637795275
21
0.3712090157480315
0
LINE
8
BLACK
6
CONTINUOUS
10
0.6267547637795275
20
0.3712090157480315
11
0.6269941732283465
21
0.3711174015748032
0
LINE
8
BLACK
6
CONTINUOUS
10
0.6269941732283465
20
0.3711174015748032
11
0.6272361417322835
21
0.3710309448818898
0
LINE
8
BLACK
6
CONTINUOUS
10
0.6272361417322835
20
0.3710309448818898
11
0.6272532677165354
21
0.3710182677165354
0
LINE
8
BLACK
6
CONTINUOUS
10
0.6272532677165354
20
0.3710182677165354
11
0.6272953937007874
21
0.371002125984252
0
LINE
8
BLACK
6
CONTINUOUS
10
0.6272953937007874
20
0.371002125984252
11
0.6310449212598425
21
0.3691273622047244
0
LINE
8
BLACK
6
CONTINUOUS
10
0.6310449212598425
20
0.3691273622047244
11
0.6312929133858267
21
0.3689712992125984
0
LINE
8
BLACK
6
CONTINUOUS
10
0.6312929133858267
20
0.3689712992125984
11
0.6313648818897638
21
0.3689414566929134
0
LINE
8
BLACK
6
CONTINUOUS
10
0.6313648818897638
20
0.3689414566929134
11
0.6314458267716535
21
0.368875
0
LINE
8
BLACK
6
CONTINUOUS
10
0.6314458267716535
20
0.368875
11
0.6315348031496063
21
0.3688190157480315
0
LINE
8
BLACK
6
CONTINUOUS
10
0.6315348031496063
20
0.3688190157480315
11
0.6315859448818898
21
0.3687600393700787
0
LINE
8
BLACK
6
CONTINUOUS
10
0.6315859448818898
20
0.3687600393700787
11
0.6318123228346456
21
0.3685742519685039
0
LINE
8
BLACK
6
CONTINUOUS
10
0.6318123228346456
20
0.3685742519685039
11
0.6336870866141732
21
0.3666994881889764
0
LINE
8
BLACK
6
CONTINUOUS
10
0.6336870866141732
20
0.3666994881889764
11
0.6338728346456692
21
0.3664731496062992
0
LINE
8
BLACK
6
CONTINUOUS
10
0.6338728346456692
20
0.3664731496062992
11
0.6339318503937008
21
0.366421968503937
0
LINE
8
BLACK
6
CONTINUOUS
10
0.6339318503937008
20
0.366421968503937
11
0.6339877952755906
21
0.366333031496063
0
LINE
8
BLACK
6
CONTINUOUS
10
0.6339877952755906
20
0.366333031496063
11
0.6340542913385827
21
0.3662520472440945
0
LINE
8
BLACK
6
CONTINUOUS
10
0.6340542913385827
20
0.3662520472440945
11
0.6340840944881889
21
0.3661801181102362
0
LINE
8
BLACK
6
CONTINUOUS
10
0.6340840944881889
20
0.3661801181102362
11
0.6342401968503937
21
0.3659320866141732
0
LINE
8
BLACK
6
CONTINUOUS
10
0.6342401968503937
20
0.3659320866141732
11
0.6361149606299212
21
0.3621825590551181
0
LINE
8
BLACK
6
CONTINUOUS
10
0.6361149606299212
20
0.3621825590551181
11
0.6363218503937008
21
0.361641968503937
0
LINE
8
BLACK
6
CONTINUOUS
10
0.6363218503937008
20
0.361641968503937
11
0.6363293700787401
21
0.3615361023622047
0
LINE
8
BLACK
6
CONTINUOUS
10
0.6363293700787401
20
0.3615361023622047
11
0.6363699606299212
21
0.3614381102362205
0
LINE
8
BLACK
6
CONTINUOUS
10
0.6363699606299212
20
0.3614381102362205
11
0.6364266929133858
21
0.3608620472440945
0
LINE
8
BLACK
6
CONTINUOUS
10
0.6364266929133858
20
0.3608620472440945
11
0.6364266929133858
21
0.3571125196850394
0
LINE
8
BLACK
6
CONTINUOUS
10
0.6364266929133858
20
0.3571125196850394
11
0.6363699606299212
21
0.3565364566929134
0
LINE
8
BLACK
6
CONTINUOUS
10
0.6363699606299212
20
0.3565364566929134
11
0.6363293700787401
21
0.3564385039370079
0
LINE
8
BLACK
6
CONTINUOUS
10
0.6363293700787401
20
0.3564385039370079
11
0.6363218503937008
21
0.3563325984251968
0
LINE
8
BLACK
6
CONTINUOUS
10
0.6363218503937008
20
0.3563325984251968
11
0.6361149606299212
21
0.3557920078740157
0
LINE
8
BLACK
6
CONTINUOUS
10
0.6361149606299212
20
0.3557920078740157
11
0.6342401968503937
21
0.3520424803149606
0
LINE
8
BLACK
6
CONTINUOUS
10
0.6342401968503937
20
0.3520424803149606
11
0.6340841338582677
21
0.3517946062992126
0
LINE
8
BLACK
6
CONTINUOUS
10
0.6340841338582677
20
0.3517946062992126
11
0.6340543307086614
21
0.3517225590551181
0
LINE
8
BLACK
6
CONTINUOUS
10
0.6340543307086614
20
0.3517225590551181
11
0.6339877952755906
21
0.3516415354330709
0
LINE
8
BLACK
6
CONTINUOUS
10
0.6339877952755906
20
0.3516415354330709
11
0.6339318503937008
21
0.3515525984251968
0
LINE
8
BLACK
6
CONTINUOUS
10
0.6339318503937008
20
0.3515525984251968
11
0.6338728346456692
21
0.3515014566929134
0
LINE
8
BLACK
6
CONTINUOUS
10
0.6338728346456692
20
0.3515014566929134
11
0.6336870866141732
21
0.3512750787401575
0
LINE
8
BLACK
6
CONTINUOUS
10
0.6336870866141732
20
0.3512750787401575
11
0.6318123622047244
21
0.3494003149606299
0
LINE
8
BLACK
6
CONTINUOUS
10
0.6318123622047244
20
0.3494003149606299
11
0.6315859842519684
21
0.3492145669291338
0
LINE
8
BLACK
6
CONTINUOUS
10
0.6315859842519684
20
0.3492145669291338
11
0.6315348031496063
21
0.3491555118110236
0
LINE
8
BLACK
6
CONTINUOUS
10
0.6315348031496063
20
0.3491555118110236
11
0.6314458267716535
21
0.3490995275590551
0
LINE
8
BLACK
6
CONTINUOUS
10
0.6314458267716535
20
0.3490995275590551
11
0.6313648818897638
21
0.3490330708661417
0
LINE
8
BLACK
6
CONTINUOUS
10
0.6313648818897638
20
0.3490330708661417
11
0.6312929133858267
21
0.3490032677165354
0
LINE
8
BLACK
6
CONTINUOUS
10
0.6312929133858267
20
0.3490032677165354
11
0.6310449212598425
21
0.3488471653543307
0
LINE
8
BLACK
6
CONTINUOUS
10
0.6310449212598425
20
0.3488471653543307
11
0.6272953937007874
21
0.3469724015748031
0
LINE
8
BLACK
6
CONTINUOUS
10
0.6272953937007874
20
0.3469724015748031
11
0.6267547637795275
21
0.3467655118110236
0
LINE
8
BLACK
6
CONTINUOUS
10
0.6267547637795275
20
0.3467655118110236
11
0.6266489370078741
21
0.346758031496063
0
LINE
8
BLACK
6
CONTINUOUS
10
0.6266489370078741
20
0.346758031496063
11
0.6265509448818898
21
0.3467174015748031
0
LINE
8
BLACK
6
CONTINUOUS
10
0.6265509448818898
20
0.3467174015748031
11
0.6259748818897638
21
0.3466606692913386
0
LINE
8
BLACK
6
CONTINUOUS
10
0.6259748818897638
20
0.3466606692913386
11
0.616601062992126
21
0.3466606692913386
0
LINE
8
BLACK
6
CONTINUOUS
10
0.616601062992126
20
0.3466606692913386
11
0.6163094488188976
21
0.3466894094488189
0
LINE
8
BLACK
6
CONTINUOUS
10
0.6163094488188976
20
0.3466894094488189
11
0.6162317322834645
21
0.3466838582677165
0
LINE
8
BLACK
6
CONTINUOUS
10
0.6162317322834645
20
0.3466838582677165
11
0.6161294488188976
21
0.346707125984252
0
LINE
8
BLACK
6
CONTINUOUS
10
0.6161294488188976
20
0.346707125984252
11
0.6160249999999999
21
0.3467174015748031
0
LINE
8
BLACK
6
CONTINUOUS
10
0.6160249999999999
20
0.3467174015748031
11
0.6159529133858268
21
0.3467472834645669
0
LINE
8
BLACK
6
CONTINUOUS
10
0.6159529133858268
20
0.3467472834645669
11
0.6156672834645669
21
0.3468122047244094
0
LINE
8
BLACK
6
CONTINUOUS
10
0.6156672834645669
20
0.3468122047244094
11
0.610043031496063
21
0.348686968503937
0
LINE
8
BLACK
6
CONTINUOUS
10
0.610043031496063
20
0.348686968503937
11
0.6095144488188976
21
0.3489229527559055
0
LINE
8
BLACK
6
CONTINUOUS
10
0.6095144488188976
20
0.3489229527559055
11
0.608644094488189
21
0.3496778346456693
0
LINE
8
BLACK
6
CONTINUOUS
10
0.608644094488189
20
0.3496778346456693
11
0.6081288976377952
21
0.3507082677165354
0
LINE
8
BLACK
6
CONTINUOUS
10
0.6081288976377952
20
0.3507082677165354
11
0.6080472047244094
21
0.3518574803149606
0
LINE
8
BLACK
6
CONTINUOUS
10
0.6080472047244094
20
0.3518574803149606
11
0.6084115354330708
21
0.3529505118110236
0
LINE
8
BLACK
6
CONTINUOUS
10
0.6084115354330708
20
0.3529505118110236
11
0.6091664173228346
21
0.3538208661417322
0
LINE
8
BLACK
6
CONTINUOUS
10
0.6091664173228346
20
0.3538208661417322
11
0.6101968503937008
21
0.354336062992126
0
LINE
8
BLACK
6
CONTINUOUS
10
0.6101968503937008
20
0.354336062992126
11
0.611346062992126
21
0.3544177559055118
0
LINE
8
BLACK
6
CONTINUOUS
10
0.611346062992126
20
0.3544177559055118
11
0.6119105118110236
21
0.3542894094488189
0
LINE
8
BLACK
6
CONTINUOUS
10
0.6119105118110236
20
0.3542894094488189
11
0.6170801968503937
21
0.3525661811023622
0
LINE
8
BLACK
6
CONTINUOUS
10
0.6170801968503937
20
0.3525661811023622
11
0.6252778346456693
21
0.3525661811023622
0
LINE
8
BLACK
6
CONTINUOUS
10
0.6252778346456693
20
0.3525661811023622
11
0.6279752755905512
21
0.3539149212598425
0
LINE
8
BLACK
6
CONTINUOUS
10
0.6279752755905512
20
0.3539149212598425
11
0.6291724015748031
21
0.3551120866141732
0
LINE
8
BLACK
6
CONTINUOUS
10
0.6291724015748031
20
0.3551120866141732
11
0.6305211811023622
21
0.3578095669291338
0
LINE
8
BLACK
6
CONTINUOUS
10
0.6305211811023622
20
0.3578095669291338
11
0.6305211811023622
21
0.360165
0
LINE
8
BLACK
6
CONTINUOUS
10
0.6305211811023622
20
0.360165
11
0.6291724409448819
21
0.3628624803149606
0
LINE
8
BLACK
6
CONTINUOUS
10
0.6291724409448819
20
0.3628624803149606
11
0.6279753149606299
21
0.3640596062992126
0
LINE
8
BLACK
6
CONTINUOUS
10
0.6279753149606299
20
0.3640596062992126
11
0.6249443307086614
21
0.3655751181102362
0
LINE
8
BLACK
6
CONTINUOUS
10
0.6249443307086614
20
0.3655751181102362
11
0.6177596850393701
21
0.3673712598425197
0
LINE
8
BLACK
6
CONTINUOUS
10
0.6177596850393701
20
0.3673712598425197
11
0.6177171653543307
21
0.3673864566929134
0
LINE
8
BLACK
6
CONTINUOUS
10
0.6177171653543307
20
0.3673864566929134
11
0.617695905511811
21
0.3673879527559055
0
LINE
8
BLACK
6
CONTINUOUS
10
0.617695905511811
20
0.3673879527559055
11
0.6174561417322835
21
0.3674797244094488
0
LINE
8
BLACK
6
CONTINUOUS
10
0.6174561417322835
20
0.3674797244094488
11
0.6172145669291338
21
0.3675660236220472
0
LINE
8
BLACK
6
CONTINUOUS
10
0.6172145669291338
20
0.3675660236220472
11
0.6171974015748032
21
0.3675787401574803
0
LINE
8
BLACK
6
CONTINUOUS
10
0.6171974015748032
20
0.3675787401574803
11
0.6171553149606299
21
0.367594842519685
0
LINE
8
BLACK
6
CONTINUOUS
10
0.6171553149606299
20
0.367594842519685
11
0.6134057874015748
21
0.3694696062992126
0
LINE
8
BLACK
6
CONTINUOUS
10
0.6134057874015748
20
0.3694696062992126
11
0.6131577559055118
21
0.3696257086614173
0
LINE
8
BLACK
6
CONTINUOUS
10
0.6131577559055118
20
0.3696257086614173
11
0.6130858267716536
21
0.3696555118110236
0
LINE
8
BLACK
6
CONTINUOUS
10
0.6130858267716536
20
0.3696555118110236
11
0.613004842519685
21
0.3697220078740157
0
LINE
8
BLACK
6
CONTINUOUS
10
0.613004842519685
20
0.3697220078740157
11
0.612915905511811
21
0.3697779527559055
0
LINE
8
BLACK
6
CONTINUOUS
10
0.612915905511811
20
0.3697779527559055
11
0.6128647244094488
21
0.369836968503937
0
LINE
8
BLACK
6
CONTINUOUS
10
0.6128647244094488
20
0.369836968503937
11
0.6126383858267717
21
0.3700227165354331
0
LINE
8
BLACK
6
CONTINUOUS
10
0.6126383858267717
20
0.3700227165354331
11
0.6107636220472441
21
0.3718974803149606
0
LINE
8
BLACK
6
CONTINUOUS
10
0.6107636220472441
20
0.3718974803149606
11
0.6105778346456693
21
0.3721238582677165
0
LINE
8
BLACK
6
CONTINUOUS
10
0.6105778346456693
20
0.3721238582677165
11
0.6105188582677166
21
0.372175
0
LINE
8
BLACK
6
CONTINUOUS
10
0.6105188582677166
20
0.372175
11
0.6104628740157481
21
0.3722639763779527
0
LINE
8
BLACK
6
CONTINUOUS
10
0.6104628740157481
20
0.3722639763779527
11
0.6103964173228347
21
0.3723449212598425
0
LINE
8
BLACK
6
CONTINUOUS
10
0.6103964173228347
20
0.3723449212598425
11
0.6103665748031496
21
0.3724168897637795
0
LINE
8
BLACK
6
CONTINUOUS
10
0.6103665748031496
20
0.3724168897637795
11
0.6102105118110236
21
0.3726648818897638
0
LINE
8
BLACK
6
CONTINUOUS
10
0.6102105118110236
20
0.3726648818897638
11
0.608335748031496
21
0.3764144094488189
0
LINE
8
BLACK
6
CONTINUOUS
10
0.608335748031496
20
0.3764144094488189
11
0.6081288582677166
21
0.3769550393700787
0
LINE
8
BLACK
6
CONTINUOUS
10
0.6081288582677166
20
0.3769550393700787
11
0.6081213385826771
21
0.3770608661417323
0
LINE
8
BLACK
6
CONTINUOUS
10
0.6081213385826771
20
0.3770608661417323
11
0.608080748031496
21
0.3771588582677165
0
LINE
8
BLACK
6
CONTINUOUS
10
0.608080748031496
20
0.3771588582677165
11
0.6080240157480314
21
0.3777349212598425
0
LINE
8
BLACK
6
CONTINUOUS
10
0.6080240157480314
20
0.3777349212598425
11
0.6080240157480314
21
0.3814844488188976
0
LINE
8
BLACK
6
CONTINUOUS
10
0.6080240157480314
20
0.3814844488188976
11
0.608080748031496
21
0.3820605118110236
0
LINE
8
BLACK
6
CONTINUOUS
10
0.608080748031496
20
0.3820605118110236
11
0.6081213385826771
21
0.3821585433070866
0
LINE
8
BLACK
6
CONTINUOUS
10
0.6081213385826771
20
0.3821585433070866
11
0.6081288582677166
21
0.3822643307086614
0
LINE
8
BLACK
6
CONTINUOUS
10
0.6081288582677166
20
0.3822643307086614
11
0.608335748031496
21
0.3828049606299213
0
LINE
8
BLACK
6
CONTINUOUS
10
0.608335748031496
20
0.3828049606299213
11
0.6102105118110236
21
0.3865544881889764
0
LINE
8
BLACK
6
CONTINUOUS
10
0.6102105118110236
20
0.3865544881889764
11
0.6103665748031496
21
0.3868025196850394
0
LINE
8
BLACK
6
CONTINUOUS
10
0.6103665748031496
20
0.3868025196850394
11
0.6103964173228347
21
0.3868744488188977
0
LINE
8
BLACK
6
CONTINUOUS
10
0.6103964173228347
20
0.3868744488188977
11
0.6104628740157481
21
0.3869554330708661
0
LINE
8
BLACK
6
CONTINUOUS
10
0.6104628740157481
20
0.3869554330708661
11
0.6105188582677166
21
0.3870443700787402
0
LINE
8
BLACK
6
CONTINUOUS
10
0.6105188582677166
20
0.3870443700787402
11
0.6105778346456693
21
0.3870955511811023
0
LINE
8
BLACK
6
CONTINUOUS
10
0.6105778346456693
20
0.3870955511811023
11
0.6107636220472441
21
0.3873218897637795
0
LINE
8
BLACK
6
CONTINUOUS
10
0.6107636220472441
20
0.3873218897637795
11
0.6126383858267717
21
0.3891966535433071
0
LINE
8
BLACK
6
CONTINUOUS
10
0.6126383858267717
20
0.3891966535433071
11
0.6128647244094488
21
0.3893824409448819
0
LINE
8
BLACK
6
CONTINUOUS
10
0.6128647244094488
20
0.3893824409448819
11
0.612915905511811
21
0.3894414173228347
0
LINE
8
BLACK
6
CONTINUOUS
10
0.612915905511811
20
0.3894414173228347
11
0.613004842519685
21
0.3894974015748031
0
LINE
8
BLACK
6
CONTINUOUS
10
0.613004842519685
20
0.3894974015748031
11
0.6130858267716536
21
0.3895638582677165
0
LINE
8
BLACK
6
CONTINUOUS
10
0.6130858267716536
20
0.3895638582677165
11
0.6131577559055118
21
0.3895937007874016
0
LINE
8
BLACK
6
CONTINUOUS
10
0.6131577559055118
20
0.3895937007874016
11
0.6134057874015748
21
0.3897497637795275
0
LINE
8
BLACK
6
CONTINUOUS
10
0.6134057874015748
20
0.3897497637795275
11
0.6171553149606299
21
0.3916245275590551
0
LINE
8
BLACK
6
CONTINUOUS
10
0.6171553149606299
20
0.3916245275590551
11
0.617695905511811
21
0.3918314173228347
0
LINE
8
BLACK
6
CONTINUOUS
10
0.617695905511811
20
0.3918314173228347
11
0.6178017716535433
21
0.3918389763779527
0
LINE
8
BLACK
6
CONTINUOUS
10
0.6178017716535433
20
0.3918389763779527
11
0.6178997637795276
21
0.3918795275590551
0
LINE
8
BLACK
6
CONTINUOUS
10
0.6178997637795276
20
0.3918795275590551
11
0.6184758267716536
21
0.3919362598425197
0
LINE
8
BLACK
6
CONTINUOUS
10
0.6184758267716536
20
0.3919362598425197
11
0.6278496456692914
21
0.3919362598425197
0
LINE
8
BLACK
6
CONTINUOUS
10
0.6278496456692914
20
0.3919362598425197
11
0.6281411811023622
21
0.3919075590551181
0
LINE
8
BLACK
6
CONTINUOUS
10
0.6600043307086614
20
0.3918795275590551
11
0.6602967322834645
21
0.3918795275590551
0
LINE
8
BLACK
6
CONTINUOUS
10
0.6602967322834645
20
0.3918795275590551
11
0.6605639763779527
21
0.3917688188976378
0
LINE
8
BLACK
6
CONTINUOUS
10
0.6605639763779527
20
0.3917688188976378
11
0.6608477952755906
21
0.3917126771653543
0
LINE
8
BLACK
6
CONTINUOUS
10
0.6608477952755906
20
0.3917126771653543
11
0.6610910629921259
21
0.3915505118110236
0
LINE
8
BLACK
6
CONTINUOUS
10
0.6610910629921259
20
0.3915505118110236
11
0.6613611417322834
21
0.3914386220472441
0
LINE
8
BLACK
6
CONTINUOUS
10
0.6613611417322834
20
0.3914386220472441
11
0.6615655905511811
21
0.3912341732283465
0
LINE
8
BLACK
6
CONTINUOUS
10
0.6615655905511811
20
0.3912341732283465
11
0.6618064173228346
21
0.3910736220472441
0
LINE
8
BLACK
6
CONTINUOUS
10
0.6618064173228346
20
0.3910736220472441
11
0.6619691338582677
21
0.3908306299212598
0
LINE
8
BLACK
6
CONTINUOUS
10
0.6619691338582677
20
0.3908306299212598
11
0.6621757874015748
21
0.3906239763779528
0
LINE
8
BLACK
6
CONTINUOUS
10
0.6621757874015748
20
0.3906239763779528
11
0.6622864566929134
21
0.3903567716535433
0
LINE
8
BLACK
6
CONTINUOUS
10
0.6622864566929134
20
0.3903567716535433
11
0.6624474803149606
21
0.3901163385826771
0
LINE
8
BLACK
6
CONTINUOUS
10
0.6624474803149606
20
0.3901163385826771
11
0.6625048031496062
21
0.38982968503937
0
LINE
8
BLACK
6
CONTINUOUS
10
0.6625048031496062
20
0.38982968503937
11
0.6626166929133858
21
0.3895595669291338
0
LINE
8
BLACK
6
CONTINUOUS
10
0.6626166929133858
20
0.3895595669291338
11
0.6626727952755905
21
0.3889896456692913
0
LINE
8
BLACK
6
CONTINUOUS
10
0.6626727952755905
20
0.3889896456692913
11
0.6626734251968504
21
0.3889866141732283
0
LINE
8
BLACK
6
CONTINUOUS
10
0.6626734251968504
20
0.3889866141732283
11
0.6626731889763779
21
0.3889855905511811
0
LINE
8
BLACK
6
CONTINUOUS
10
0.6626731889763779
20
0.3889855905511811
11
0.6626734251968504
21
0.3889835039370079
0
LINE
8
BLACK
6
CONTINUOUS
10
0.6626734251968504
20
0.3889835039370079
11
0.6626734251968504
21
0.3525661811023622
0
LINE
8
BLACK
6
CONTINUOUS
10
0.6626734251968504
20
0.3525661811023622
11
0.6709692519685039
21
0.3525661811023622
0
LINE
8
BLACK
6
CONTINUOUS
10
0.6709692519685039
20
0.3525661811023622
11
0.6715453149606299
21
0.3525094488188976
0
LINE
8
BLACK
6
CONTINUOUS
10
0.6715453149606299
20
0.3525094488188976
11
0.6726097244094488
21
0.3520685433070866
0
LINE
8
BLACK
6
CONTINUOUS
10
0.6726097244094488
20
0.3520685433070866
11
0.6734243700787401
21
0.3512538976377952
0
LINE
8
BLACK
6
CONTINUOUS
10
0.6734243700787401
20
0.3512538976377952
11
0.6738652755905512
21
0.3501894881889764
0
LINE
8
BLACK
6
CONTINUOUS
10
0.6738652755905512
20
0.3501894881889764
11
0.6738652755905512
21
0.3490373622047244
0
LINE
8
BLACK
6
CONTINUOUS
10
0.6738652755905512
20
0.3490373622047244
11
0.6734243700787401
21
0.3479729527559055
0
LINE
8
BLACK
6
CONTINUOUS
10
0.6734243700787401
20
0.3479729527559055
11
0.6726097244094488
21
0.3471583070866142
0
LINE
8
BLACK
6
CONTINUOUS
10
0.6726097244094488
20
0.3471583070866142
11
0.6715453149606299
21
0.3467174015748031
0
LINE
8
BLACK
6
CONTINUOUS
10
0.6715453149606299
20
0.3467174015748031
11
0.6709692519685039
21
0.3466606692913386
0
LINE
8
BLACK
6
CONTINUOUS
10
0.6709692519685039
20
0.3466606692913386
11
0.6484720866141732
21
0.3466606692913386
0
LINE
8
BLACK
6
CONTINUOUS
10
0.6484720866141732
20
0.3466606692913386
11
0.6478960236220472
21
0.3467174015748031
0
LINE
8
BLACK
6
CONTINUOUS
10
0.6478960236220472
20
0.3467174015748031
11
0.6468316141732283
21
0.3471583070866142
0
LINE
8
BLACK
6
CONTINUOUS
10
0.6468316141732283
20
0.3471583070866142
11
0.646016968503937
21
0.3479729527559055
0
LINE
8
BLACK
6
CONTINUOUS
10
0.646016968503937
20
0.3479729527559055
11
0.645576062992126
21
0.3490373622047244
0
LINE
8
BLACK
6
CONTINUOUS
10
0.645576062992126
20
0.3490373622047244
11
0.645576062992126
21
0.3501894881889764
0
LINE
8
BLACK
6
CONTINUOUS
10
0.645576062992126
20
0.3501894881889764
11
0.646016968503937
21
0.3512538976377952
0
LINE
8
BLACK
6
CONTINUOUS
10
0.646016968503937
20
0.3512538976377952
11
0.6468316141732283
21
0.3520685433070866
0
LINE
8
BLACK
6
CONTINUOUS
10
0.6468316141732283
20
0.3520685433070866
11
0.6478960236220472
21
0.3525094488188976
0
LINE
8
BLACK
6
CONTINUOUS
10
0.6478960236220472
20
0.3525094488188976
11
0.6484720866141732
21
0.3525661811023622
0
LINE
8
BLACK
6
CONTINUOUS
10
0.6484720866141732
20
0.3525661811023622
11
0.6567679133858267
21
0.3525661811023622
0
LINE
8
BLACK
6
CONTINUOUS
10
0.6567679133858267
20
0.3525661811023622
11
0.6567679133858267
21
0.3799801574803149
0
LINE
8
BLACK
6
CONTINUOUS
10
0.6567679133858267
20
0.3799801574803149
11
0.6543095275590551
21
0.3775217716535433
0
LINE
8
BLACK
6
CONTINUOUS
10
0.6543095275590551
20
0.3775217716535433
11
0.6540831496062992
21
0.3773360236220472
0
LINE
8
BLACK
6
CONTINUOUS
10
0.6540831496062992
20
0.3773360236220472
11
0.6540320078740157
21
0.3772770078740157
0
LINE
8
BLACK
6
CONTINUOUS
10
0.6540320078740157
20
0.3772770078740157
11
0.653943031496063
21
0.377221062992126
0
LINE
8
BLACK
6
CONTINUOUS
10
0.653943031496063
20
0.377221062992126
11
0.6538620866141732
21
0.3771545669291338
0
LINE
8
BLACK
6
CONTINUOUS
10
0.6538620866141732
20
0.3771545669291338
11
0.6537901181102362
21
0.3771247637795275
0
LINE
8
BLACK
6
CONTINUOUS
10
0.6537901181102362
20
0.3771247637795275
11
0.653542125984252
21
0.3769686614173228
0
LINE
8
BLACK
6
CONTINUOUS
10
0.653542125984252
20
0.3769686614173228
11
0.6497925984251969
21
0.3750938976377953
0
LINE
8
BLACK
6
CONTINUOUS
10
0.6497925984251969
20
0.3750938976377953
11
0.649251968503937
21
0.3748870078740157
0
LINE
8
BLACK
6
CONTINUOUS
10
0.649251968503937
20
0.3748870078740157
11
0.6481027559055118
21
0.3748053543307087
0
LINE
8
BLACK
6
CONTINUOUS
10
0.6481027559055118
20
0.3748053543307087
11
0.6470098031496063
21
0.3751696850393701
0
LINE
8
BLACK
6
CONTINUOUS
10
0.6470098031496063
20
0.3751696850393701
11
0.6461394094488189
21
0.3759245275590551
0
LINE
8
BLACK
6
CONTINUOUS
10
0.6461394094488189
20
0.3759245275590551
11
0.6456241732283464
21
0.3769550393700787
0
LINE
8
BLACK
6
CONTINUOUS
10
0.6456241732283464
20
0.3769550393700787
11
0.6455425196850394
21
0.3781042519685039
0
LINE
8
BLACK
6
CONTINUOUS
10
0.6455425196850394
20
0.3781042519685039
11
0.6459068503937008
21
0.3791972047244094
0
LINE
8
BLACK
6
CONTINUOUS
10
0.6459068503937008
20
0.3791972047244094
11
0.6466616929133858
21
0.3800675984251968
0
LINE
8
BLACK
6
CONTINUOUS
10
0.6466616929133858
20
0.3800675984251968
11
0.6471515748031496
21
0.3803759448818897
0
LINE
8
BLACK
6
CONTINUOUS
10
0.6471515748031496
20
0.3803759448818897
11
0.6504725196850394
21
0.3820364173228346
0
LINE
8
BLACK
6
CONTINUOUS
10
0.6504725196850394
20
0.3820364173228346
11
0.6536764173228347
21
0.3852403149606299
0
LINE
8
BLACK
6
CONTINUOUS
10
0.6536764173228347
20
0.3852403149606299
11
0.6572638188976377
21
0.3906214173228346
0
LINE
8
BLACK
6
CONTINUOUS
10
0.6572638188976377
20
0.3906214173228346
11
0.657265157480315
21
0.3906231102362205
0
LINE
8
BLACK
6
CONTINUOUS
10
0.657265157480315
20
0.3906231102362205
11
0.6572655511811023
21
0.3906239763779528
0
LINE
8
BLACK
6
CONTINUOUS
10
0.6572655511811023
20
0.3906239763779528
11
0.6572675590551181
21
0.3906260236220472
0
LINE
8
BLACK
6
CONTINUOUS
10
0.6572675590551181
20
0.3906260236220472
11
0.6576305905511811
21
0.391069251968504
0
LINE
8
BLACK
6
CONTINUOUS
10
0.6576305905511811
20
0.391069251968504
11
0.6578734645669291
21
0.3912319291338582
0
LINE
8
BLACK
6
CONTINUOUS
10
0.6578734645669291
20
0.3912319291338582
11
0.6580801968503937
21
0.3914386220472441
0
LINE
8
BLACK
6
CONTINUOUS
10
0.6580801968503937
20
0.3914386220472441
11
0.6583474803149606
21
0.3915493700787401
0
LINE
8
BLACK
6
CONTINUOUS
10
0.6583474803149606
20
0.3915493700787401
11
0.658587874015748
21
0.3917103149606299
0
LINE
8
BLACK
6
CONTINUOUS
10
0.658587874015748
20
0.3917103149606299
11
0.6588744881889763
21
0.3917676771653543
0
LINE
8
BLACK
6
CONTINUOUS
10
0.6588744881889763
20
0.3917676771653543
11
0.6591446062992126
21
0.3918795275590551
0
LINE
8
BLACK
6
CONTINUOUS
10
0.6591446062992126
20
0.3918795275590551
11
0.6594338976377953
21
0.3918795275590551
0
LINE
8
BLACK
6
CONTINUOUS
10
0.6594338976377953
20
0.3918795275590551
11
0.6597175590551181
21
0.3919362598425197
0
LINE
8
BLACK
6
CONTINUOUS
10
0.6597175590551181
20
0.3919362598425197
11
0.6600043307086614
21
0.3918795275590551
0
LINE
8
BLACK
6
CONTINUOUS
10
0.6974996456692913
20
0.3918795275590551
11
0.6977920472440945
21
0.3918795275590551
0
LINE
8
BLACK
6
CONTINUOUS
10
0.6977920472440945
20
0.3918795275590551
11
0.6980592913385827
21
0.3917688188976378
0
LINE
8
BLACK
6
CONTINUOUS
10
0.6980592913385827
20
0.3917688188976378
11
0.6983431102362204
21
0.3917126771653543
0
LINE
8
BLACK
6
CONTINUOUS
10
0.6983431102362204
20
0.3917126771653543
11
0.6985863779527559
21
0.3915505118110236
0
LINE
8
BLACK
6
CONTINUOUS
10
0.6985863779527559
20
0.3915505118110236
11
0.6988564566929134
21
0.3914386220472441
0
LINE
8
BLACK
6
CONTINUOUS
10
0.6988564566929134
20
0.3914386220472441
11
0.699060905511811
21
0.3912341732283465
0
LINE
8
BLACK
6
CONTINUOUS
10
0.699060905511811
20
0.3912341732283465
11
0.6993017322834646
21
0.3910736220472441
0
LINE
8
BLACK
6
CONTINUOUS
10
0.6993017322834646
20
0.3910736220472441
11
0.6994644488188976
21
0.3908306299212598
0
LINE
8
BLACK
6
CONTINUOUS
10
0.6994644488188976
20
0.3908306299212598
11
0.6996711023622048
21
0.3906239763779528
0
LINE
8
BLACK
6
CONTINUOUS
10
0.6996711023622048
20
0.3906239763779528
11
0.6997817716535433
21
0.3903567716535433
0
LINE
8
BLACK
6
CONTINUOUS
10
0.6997817716535433
20
0.3903567716535433
11
0.6999427952755906
21
0.3901163385826771
0
LINE
8
BLACK
6
CONTINUOUS
10
0.6999427952755906
20
0.3901163385826771
11
0.7000001181102362
21
0.38982968503937
0
LINE
8
BLACK
6
CONTINUOUS
10
0.7000001181102362
20
0.38982968503937
11
0.7001120078740157
21
0.3895595669291338
0
LINE
8
BLACK
6
CONTINUOUS
10
0.7001120078740157
20
0.3895595669291338
11
0.7001681102362205
21
0.3889896456692913
0
LINE
8
BLACK
6
CONTINUOUS
10
0.7001681102362205
20
0.3889896456692913
11
0.7001687401574803
21
0.3889866141732283
0
LINE
8
BLACK
6
CONTINUOUS
10
0.7001687401574803
20
0.3889866141732283
11
0.7001685039370079
21
0.3889855905511811
0
LINE
8
BLACK
6
CONTINUOUS
10
0.7001685039370079
20
0.3889855905511811
11
0.7001687401574803
21
0.3889835039370079
0
LINE
8
BLACK
6
CONTINUOUS
10
0.7001687401574803
20
0.3889835039370079
11
0.7001687401574803
21
0.3525661811023622
0
LINE
8
BLACK
6
CONTINUOUS
10
0.7001687401574803
20
0.3525661811023622
11
0.7084645669291338
21
0.3525661811023622
0
LINE
8
BLACK
6
CONTINUOUS
10
0.7084645669291338
20
0.3525661811023622
11
0.7090406299212598
21
0.3525094488188976
0
LINE
8
BLACK
6
CONTINUOUS
10
0.7090406299212598
20
0.3525094488188976
11
0.7101050393700787
21
0.3520685433070866
0
LINE
8
BLACK
6
CONTINUOUS
10
0.7101050393700787
20
0.3520685433070866
11
0.7109196850393701
21
0.3512538976377952
0
LINE
8
BLACK
6
CONTINUOUS
10
0.7109196850393701
20
0.3512538976377952
11
0.7113605905511811
21
0.3501894881889764
0
LINE
8
BLACK
6
CONTINUOUS
10
0.7113605905511811
20
0.3501894881889764
11
0.7113605905511811
21
0.3490373622047244
0
LINE
8
BLACK
6
CONTINUOUS
10
0.7113605905511811
20
0.3490373622047244
11
0.7109196850393701
21
0.3479729527559055
0
LINE
8
BLACK
6
CONTINUOUS
10
0.7109196850393701
20
0.3479729527559055
11
0.7101050393700787
21
0.3471583070866142
0
LINE
8
BLACK
6
CONTINUOUS
10
0.7101050393700787
20
0.3471583070866142
11
0.7090406299212598
21
0.3467174015748031
0
LINE
8
BLACK
6
CONTINUOUS
10
0.7090406299212598
20
0.3467174015748031
11
0.7084645669291338
21
0.3466606692913386
0
LINE
8
BLACK
6
CONTINUOUS
10
0.7084645669291338
20
0.3466606692913386
11
0.6859674015748032
21
0.3466606692913386
0
LINE
8
BLACK
6
CONTINUOUS
10
0.6859674015748032
20
0.3466606692913386
11
0.6853913385826772
21
0.3467174015748031
0
LINE
8
BLACK
6
CONTINUOUS
10
0.6853913385826772
20
0.3467174015748031
11
0.6843269291338583
21
0.3471583070866142
0
LINE
8
BLACK
6
CONTINUOUS
10
0.6843269291338583
20
0.3471583070866142
11
0.6835122834645669
21
0.3479729527559055
0
LINE
8
BLACK
6
CONTINUOUS
10
0.6835122834645669
20
0.3479729527559055
11
0.6830713779527559
21
0.3490373622047244
0
LINE
8
BLACK
6
CONTINUOUS
10
0.6830713779527559
20
0.3490373622047244
11
0.6830713779527559
21
0.3501894881889764
0
LINE
8
BLACK
6
CONTINUOUS
10
0.6830713779527559
20
0.3501894881889764
11
0.6835122834645669
21
0.3512538976377952
0
LINE
8
BLACK
6
CONTINUOUS
10
0.6835122834645669
20
0.3512538976377952
11
0.6843269291338583
21
0.3520685433070866
0
LINE
8
BLACK
6
CONTINUOUS
10
0.6843269291338583
20
0.3520685433070866
11
0.6853913385826772
21
0.3525094488188976
0
LINE
8
BLACK
6
CONTINUOUS
10
0.6853913385826772
20
0.3525094488188976
11
0.6859674015748032
21
0.3525661811023622
0
LINE
8
BLACK
6
CONTINUOUS
10
0.6859674015748032
20
0.3525661811023622
11
0.6942632283464567
21
0.3525661811023622
0
LINE
8
BLACK
6
CONTINUOUS
10
0.6942632283464567
20
0.3525661811023622
11
0.6942632283464567
21
0.3799801574803149
0
LINE
8
BLACK
6
CONTINUOUS
10
0.6942632283464567
20
0.3799801574803149
11
0.691804842519685
21
0.3775217716535433
0
LINE
8
BLACK
6
CONTINUOUS
10
0.691804842519685
20
0.3775217716535433
11
0.6915784645669291
21
0.3773360236220472
0
LINE
8
BLACK
6
CONTINUOUS
10
0.6915784645669291
20
0.3773360236220472
11
0.6915273228346457
21
0.3772770078740157
0
LINE
8
BLACK
6
CONTINUOUS
10
0.6915273228346457
20
0.3772770078740157
11
0.6914383464566929
21
0.377221062992126
0
LINE
8
BLACK
6
CONTINUOUS
10
0.6914383464566929
20
0.377221062992126
11
0.6913574015748032
21
0.3771545669291338
0
LINE
8
BLACK
6
CONTINUOUS
10
0.6913574015748032
20
0.3771545669291338
11
0.6912854330708661
21
0.3771247637795275
0
LINE
8
BLACK
6
CONTINUOUS
10
0.6912854330708661
20
0.3771247637795275
11
0.6910374409448818
21
0.3769686614173228
0
LINE
8
BLACK
6
CONTINUOUS
10
0.6910374409448818
20
0.3769686614173228
11
0.6872879133858267
21
0.3750938976377953
0
LINE
8
BLACK
6
CONTINUOUS
10
0.6872879133858267
20
0.3750938976377953
11
0.6867472834645669
21
0.3748870078740157
0
LINE
8
BLACK
6
CONTINUOUS
10
0.6867472834645669
20
0.3748870078740157
11
0.6855980708661417
21
0.3748053543307087
0
LINE
8
BLACK
6
CONTINUOUS
10
0.6855980708661417
20
0.3748053543307087
11
0.6845051181102362
21
0.3751696850393701
0
LINE
8
BLACK
6
CONTINUOUS
10
0.6845051181102362
20
0.3751696850393701
11
0.6836347244094488
21
0.3759245275590551
0
LINE
8
BLACK
6
CONTINUOUS
10
0.6836347244094488
20
0.3759245275590551
11
0.6831194881889764
21
0.3769550393700787
0
LINE
8
BLACK
6
CONTINUOUS
10
0.6831194881889764
20
0.3769550393700787
11
0.6830378346456693
21
0.3781042519685039
0
LINE
8
BLACK
6
CONTINUOUS
10
0.6830378346456693
20
0.3781042519685039
11
0.6834021653543307
21
0.3791972047244094
0
LINE
8
BLACK
6
CONTINUOUS
10
0.6834021653543307
20
0.3791972047244094
11
0.6841570078740158
21
0.3800675984251968
0
LINE
8
BLACK
6
CONTINUOUS
10
0.6841570078740158
20
0.3800675984251968
11
0.6846468897637795
21
0.3803759448818897
0
LINE
8
BLACK
6
CONTINUOUS
10
0.6846468897637795
20
0.3803759448818897
11
0.6879678346456692
21
0.3820364173228346
0
LINE
8
BLACK
6
CONTINUOUS
10
0.6879678346456692
20
0.3820364173228346
11
0.6911717322834645
21
0.3852403149606299
0
LINE
8
BLACK
6
CONTINUOUS
10
0.6911717322834645
20
0.3852403149606299
11
0.6947591338582677
21
0.3906214173228346
0
LINE
8
BLACK
6
CONTINUOUS
10
0.6947591338582677
20
0.3906214173228346
11
0.6947604724409449
21
0.3906231102362205
0
LINE
8
BLACK
6
CONTINUOUS
10
0.6947604724409449
20
0.3906231102362205
11
0.6947608661417323
21
0.3906239763779528
0
LINE
8
BLACK
6
CONTINUOUS
10
0.6947608661417323
20
0.3906239763779528
11
0.694762874015748
21
0.3906260236220472
0
LINE
8
BLACK
6
CONTINUOUS
10
0.694762874015748
20
0.3906260236220472
11
0.695125905511811
21
0.391069251968504
0
LINE
8
BLACK
6
CONTINUOUS
10
0.695125905511811
20
0.391069251968504
11
0.695368779527559
21
0.3912319291338582
0
LINE
8
BLACK
6
CONTINUOUS
10
0.695368779527559
20
0.3912319291338582
11
0.6955755118110236
21
0.3914386220472441
0
LINE
8
BLACK
6
CONTINUOUS
10
0.6955755118110236
20
0.3914386220472441
11
0.6958427952755906
21
0.3915493700787401
0
LINE
8
BLACK
6
CONTINUOUS
10
0.6958427952755906
20
0.3915493700787401
11
0.6960831889763779
21
0.3917103149606299
0
LINE
8
BLACK
6
CONTINUOUS
10
0.6960831889763779
20
0.3917103149606299
11
0.6963698031496063
21
0.3917676771653543
0
LINE
8
BLACK
6
CONTINUOUS
10
0.6963698031496063
20
0.3917676771653543
11
0.6966399212598425
21
0.3918795275590551
0
LINE
8
BLACK
6
CONTINUOUS
10
0.6966399212598425
20
0.3918795275590551
11
0.6969292125984252
21
0.3918795275590551
0
LINE
8
BLACK
6
CONTINUOUS
10
0.6969292125984252
20
0.3918795275590551
11
0.6972128740157481
21
0.3919362598425197
0
LINE
8
BLACK
6
CONTINUOUS
10
0.6972128740157481
20
0.3919362598425197
11
0.6974996456692913
21
0.3918795275590551
0
LINE
8
BLACK
6
CONTINUOUS
10
0.7349949606299212
20
0.3918795275590551
11
0.7352873622047243
21
0.3918795275590551
0
LINE
8
BLACK
6
CONTINUOUS
10
0.7352873622047243
20
0.3918795275590551
11
0.7355546062992125
21
0.3917688188976378
0
LINE
8
BLACK
6
CONTINUOUS
10
0.7355546062992125
20
0.3917688188976378
11
0.7358384251968504
21
0.3917126771653543
0
LINE
8
BLACK
6
CONTINUOUS
10
0.7358384251968504
20
0.3917126771653543
11
0.7360816929133858
21
0.3915505118110236
0
LINE
8
BLACK
6
CONTINUOUS
10
0.7360816929133858
20
0.3915505118110236
11
0.7363517716535433
21
0.3914386220472441
0
LINE
8
BLACK
6
CONTINUOUS
10
0.7363517716535433
20
0.3914386220472441
11
0.736556220472441
21
0.3912341732283465
0
LINE
8
BLACK
6
CONTINUOUS
10
0.736556220472441
20
0.3912341732283465
11
0.7367970472440944
21
0.3910736220472441
0
LINE
8
BLACK
6
CONTINUOUS
10
0.7367970472440944
20
0.3910736220472441
11
0.7369597637795275
21
0.3908306299212598
0
LINE
8
BLACK
6
CONTINUOUS
10
0.7369597637795275
20
0.3908306299212598
11
0.7371664173228346
21
0.3906239763779528
0
LINE
8
BLACK
6
CONTINUOUS
10
0.7371664173228346
20
0.3906239763779528
11
0.7372770866141732
21
0.3903567716535433
0
LINE
8
BLACK
6
CONTINUOUS
10
0.7372770866141732
20
0.3903567716535433
11
0.7374381102362204
21
0.3901163385826771
0
LINE
8
BLACK
6
CONTINUOUS
10
0.7374381102362204
20
0.3901163385826771
11
0.7374954330708662
21
0.38982968503937
0
LINE
8
BLACK
6
CONTINUOUS
10
0.7374954330708662
20
0.38982968503937
11
0.7376073228346457
21
0.3895595669291338
0
LINE
8
BLACK
6
CONTINUOUS
10
0.7376073228346457
20
0.3895595669291338
11
0.7376634251968504
21
0.3889896456692913
0
LINE
8
BLACK
6
CONTINUOUS
10
0.7376634251968504
20
0.3889896456692913
11
0.7376640551181102
21
0.3889866141732283
0
LINE
8
BLACK
6
CONTINUOUS
10
0.7376640551181102
20
0.3889866141732283
11
0.7376638188976378
21
0.3889855905511811
0
LINE
8
BLACK
6
CONTINUOUS
10
0.7376638188976378
20
0.3889855905511811
11
0.7376640551181102
21
0.3889835039370079
0
LINE
8
BLACK
6
CONTINUOUS
10
0.7376640551181102
20
0.3889835039370079
11
0.7376640551181102
21
0.3525661811023622
0
LINE
8
BLACK
6
CONTINUOUS
10
0.7376640551181102
20
0.3525661811023622
11
0.7459598818897638
21
0.3525661811023622
0
LINE
8
BLACK
6
CONTINUOUS
10
0.7459598818897638
20
0.3525661811023622
11
0.7465359448818898
21
0.3525094488188976
0
LINE
8
BLACK
6
CONTINUOUS
10
0.7465359448818898
20
0.3525094488188976
11
0.7476003543307086
21
0.3520685433070866
0
LINE
8
BLACK
6
CONTINUOUS
10
0.7476003543307086
20
0.3520685433070866
11
0.7484149999999999
21
0.3512538976377952
0
LINE
8
BLACK
6
CONTINUOUS
10
0.7484149999999999
20
0.3512538976377952
11
0.748855905511811
21
0.3501894881889764
0
LINE
8
BLACK
6
CONTINUOUS
10
0.748855905511811
20
0.3501894881889764
11
0.748855905511811
21
0.3490373622047244
0
LINE
8
BLACK
6
CONTINUOUS
10
0.748855905511811
20
0.3490373622047244
11
0.7484149999999999
21
0.3479729527559055
0
LINE
8
BLACK
6
CONTINUOUS
10
0.7484149999999999
20
0.3479729527559055
11
0.7476003543307086
21
0.3471583070866142
0
LINE
8
BLACK
6
CONTINUOUS
10
0.7476003543307086
20
0.3471583070866142
11
0.7465359448818898
21
0.3467174015748031
0
LINE
8
BLACK
6
CONTINUOUS
10
0.7465359448818898
20
0.3467174015748031
11
0.7459598818897638
21
0.3466606692913386
0
LINE
8
BLACK
6
CONTINUOUS
10
0.7459598818897638
20
0.3466606692913386
11
0.723462716535433
21
0.3466606692913386
0
LINE
8
BLACK
6
CONTINUOUS
10
0.723462716535433
20
0.3466606692913386
11
0.7228866535433071
21
0.3467174015748031
0
LINE
8
BLACK
6
CONTINUOUS
10
0.7228866535433071
20
0.3467174015748031
11
0.7218222440944881
21
0.3471583070866142
0
LINE
8
BLACK
6
CONTINUOUS
10
0.7218222440944881
20
0.3471583070866142
11
0.7210075984251968
21
0.3479729527559055
0
LINE
8
BLACK
6
CONTINUOUS
10
0.7210075984251968
20
0.3479729527559055
11
0.7205666929133858
21
0.3490373622047244
0
LINE
8
BLACK
6
CONTINUOUS
10
0.7205666929133858
20
0.3490373622047244
11
0.7205666929133858
21
0.3501894881889764
0
LINE
8
BLACK
6
CONTINUOUS
10
0.7205666929133858
20
0.3501894881889764
11
0.7210075984251968
21
0.3512538976377952
0
LINE
8
BLACK
6
CONTINUOUS
10
0.7210075984251968
20
0.3512538976377952
11
0.7218222440944881
21
0.3520685433070866
0
LINE
8
BLACK
6
CONTINUOUS
10
0.7218222440944881
20
0.3520685433070866
11
0.7228866535433071
21
0.3525094488188976
0
LINE
8
BLACK
6
CONTINUOUS
10
0.7228866535433071
20
0.3525094488188976
11
0.723462716535433
21
0.3525661811023622
0
LINE
8
BLACK
6
CONTINUOUS
10
0.723462716535433
20
0.3525661811023622
11
0.7317585433070866
21
0.3525661811023622
0
LINE
8
BLACK
6
CONTINUOUS
10
0.7317585433070866
20
0.3525661811023622
11
0.7317585433070866
21
0.3799801574803149
0
LINE
8
BLACK
6
CONTINUOUS
10
0.7317585433070866
20
0.3799801574803149
11
0.729300157480315
21
0.3775217716535433
0
LINE
8
BLACK
6
CONTINUOUS
10
0.729300157480315
20
0.3775217716535433
11
0.729073779527559
21
0.3773360236220472
0
LINE
8
BLACK
6
CONTINUOUS
10
0.729073779527559
20
0.3773360236220472
11
0.7290226377952755
21
0.3772770078740157
0
LINE
8
BLACK
6
CONTINUOUS
10
0.7290226377952755
20
0.3772770078740157
11
0.7289336614173229
21
0.377221062992126
0
LINE
8
BLACK
6
CONTINUOUS
10
0.7289336614173229
20
0.377221062992126
11
0.728852716535433
21
0.3771545669291338
0
LINE
8
BLACK
6
CONTINUOUS
10
0.728852716535433
20
0.3771545669291338
11
0.7287807480314961
21
0.3771247637795275
0
LINE
8
BLACK
6
CONTINUOUS
10
0.7287807480314961
20
0.3771247637795275
11
0.7285327559055118
21
0.3769686614173228
0
LINE
8
BLACK
6
CONTINUOUS
10
0.7285327559055118
20
0.3769686614173228
11
0.7247832283464567
21
0.3750938976377953
0
LINE
8
BLACK
6
CONTINUOUS
10
0.7247832283464567
20
0.3750938976377953
11
0.7242425984251968
21
0.3748870078740157
0
LINE
8
BLACK
6
CONTINUOUS
10
0.7242425984251968
20
0.3748870078740157
11
0.7230933858267716
21
0.3748053543307087
0
LINE
8
BLACK
6
CONTINUOUS
10
0.7230933858267716
20
0.3748053543307087
11
0.7220004330708661
21
0.3751696850393701
0
LINE
8
BLACK
6
CONTINUOUS
10
0.7220004330708661
20
0.3751696850393701
11
0.7211300393700787
21
0.3759245275590551
0
LINE
8
BLACK
6
CONTINUOUS
10
0.7211300393700787
20
0.3759245275590551
11
0.7206148031496062
21
0.3769550393700787
0
LINE
8
BLACK
6
CONTINUOUS
10
0.7206148031496062
20
0.3769550393700787
11
0.7205331496062992
21
0.3781042519685039
0
LINE
8
BLACK
6
CONTINUOUS
10
0.7205331496062992
20
0.3781042519685039
11
0.7208974803149606
21
0.3791972047244094
0
LINE
8
BLACK
6
CONTINUOUS
10
0.7208974803149606
20
0.3791972047244094
11
0.7216523228346456
21
0.3800675984251968
0
LINE
8
BLACK
6
CONTINUOUS
10
0.7216523228346456
20
0.3800675984251968
11
0.7221422047244095
21
0.3803759448818897
0
LINE
8
BLACK
6
CONTINUOUS
10
0.7221422047244095
20
0.3803759448818897
11
0.7254631496062992
21
0.3820364173228346
0
LINE
8
BLACK
6
CONTINUOUS
10
0.7254631496062992
20
0.3820364173228346
11
0.7286670472440945
21
0.3852403149606299
0
LINE
8
BLACK
6
CONTINUOUS
10
0.7286670472440945
20
0.3852403149606299
11
0.7322544488188977
21
0.3906214173228346
0
LINE
8
BLACK
6
CONTINUOUS
10
0.7322544488188977
20
0.3906214173228346
11
0.7322557874015748
21
0.3906231102362205
0
LINE
8
BLACK
6
CONTINUOUS
10
0.7322557874015748
20
0.3906231102362205
11
0.7322561811023622
21
0.3906239763779528
0
LINE
8
BLACK
6
CONTINUOUS
10
0.7322561811023622
20
0.3906239763779528
11
0.732258188976378
21
0.3906260236220472
0
LINE
8
BLACK
6
CONTINUOUS
10
0.732258188976378
20
0.3906260236220472
11
0.7326212204724409
21
0.391069251968504
0
LINE
8
BLACK
6
CONTINUOUS
10
0.7326212204724409
20
0.391069251968504
11
0.732864094488189
21
0.3912319291338582
0
LINE
8
BLACK
6
CONTINUOUS
10
0.732864094488189
20
0.3912319291338582
11
0.7330708267716535
21
0.3914386220472441
0
LINE
8
BLACK
6
CONTINUOUS
10
0.7330708267716535
20
0.3914386220472441
11
0.7333381102362204
21
0.3915493700787401
0
LINE
8
BLACK
6
CONTINUOUS
10
0.7333381102362204
20
0.3915493700787401
11
0.7335785039370079
21
0.3917103149606299
0
LINE
8
BLACK
6
CONTINUOUS
10
0.7335785039370079
20
0.3917103149606299
11
0.7338651181102362
21
0.3917676771653543
0
LINE
8
BLACK
6
CONTINUOUS
10
0.7338651181102362
20
0.3917676771653543
11
0.7341352362204724
21
0.3918795275590551
0
LINE
8
BLACK
6
CONTINUOUS
10
0.7341352362204724
20
0.3918795275590551
11
0.7344245275590551
21
0.3918795275590551
0
LINE
8
BLACK
6
CONTINUOUS
10
0.7344245275590551
20
0.3918795275590551
11
0.7347081889763779
21
0.3919362598425197
0
LINE
8
BLACK
6
CONTINUOUS
10
0.7347081889763779
20
0.3919362598425197
11
0.7349949606299212
21
0.3918795275590551
0
LINE
8
BLACK
6
CONTINUOUS
10
0.7821564960629921
20
0.3918795275590551
11
0.783220905511811
21
0.3914386220472441
0
LINE
8
BLACK
6
CONTINUOUS
10
0.783220905511811
20
0.3914386220472441
11
0.7840355511811024
21
0.3906239763779528
0
LINE
8
BLACK
6
CONTINUOUS
10
0.7840355511811024
20
0.3906239763779528
11
0.7844764566929133
21
0.3895595669291338
0
LINE
8
BLACK
6
CONTINUOUS
10
0.7844764566929133
20
0.3895595669291338
11
0.7844764566929133
21
0.3884074409448819
0
LINE
8
BLACK
6
CONTINUOUS
10
0.7844764566929133
20
0.3884074409448819
11
0.7840355511811024
21
0.387343031496063
0
LINE
8
BLACK
6
CONTINUOUS
10
0.7840355511811024
20
0.387343031496063
11
0.783220905511811
21
0.3865283858267716
0
LINE
8
BLACK
6
CONTINUOUS
10
0.783220905511811
20
0.3865283858267716
11
0.7821564960629921
21
0.3860874803149606
0
LINE
8
BLACK
6
CONTINUOUS
10
0.7821564960629921
20
0.3860874803149606
11
0.7815804330708661
21
0.3860307480314961
0
LINE
8
BLACK
6
CONTINUOUS
10
0.7815804330708661
20
0.3860307480314961
11
0.765505
21
0.3860307480314961
0
LINE
8
BLACK
6
CONTINUOUS
10
0.765505
20
0.3860307480314961
11
0.7645278740157481
21
0.3762594881889764
0
LINE
8
BLACK
6
CONTINUOUS
10
0.7645278740157481
20
0.3762594881889764
11
0.765261811023622
21
0.3766264173228346
0
LINE
8
BLACK
6
CONTINUOUS
10
0.765261811023622
20
0.3766264173228346
11
0.7658024015748032
21
0.3768333070866142
0
LINE
8
BLACK
6
CONTINUOUS
10
0.7658024015748032
20
0.3768333070866142
11
0.7659082677165354
21
0.3768408661417323
0
LINE
8
BLACK
6
CONTINUOUS
10
0.7659082677165354
20
0.3768408661417323
11
0.7660062598425197
21
0.3768814173228346
0
LINE
8
BLACK
6
CONTINUOUS
10
0.7660062598425197
20
0.3768814173228346
11
0.7665823228346457
21
0.3769381496062992
0
LINE
8
BLACK
6
CONTINUOUS
10
0.7665823228346457
20
0.3769381496062992
11
0.7759561417322834
21
0.3769381496062992
0
LINE
8
BLACK
6
CONTINUOUS
10
0.7759561417322834
20
0.3769381496062992
11
0.7765322047244094
21
0.3768814173228346
0
LINE
8
BLACK
6
CONTINUOUS
10
0.7765322047244094
20
0.3768814173228346
11
0.7766301968503937
21
0.3768408267716535
0
LINE
8
BLACK
6
CONTINUOUS
10
0.7766301968503937
20
0.3768408267716535
11
0.7767360236220472
21
0.3768333070866142
0
LINE
8
BLACK
6
CONTINUOUS
10
0.7767360236220472
20
0.3768333070866142
11
0.7772766535433071
21
0.3766264173228346
0
LINE
8
BLACK
6
CONTINUOUS
10
0.7772766535433071
20
0.3766264173228346
11
0.7810261811023622
21
0.3747516535433071
0
LINE
8
BLACK
6
CONTINUOUS
10
0.7810261811023622
20
0.3747516535433071
11
0.7812741732283465
21
0.3745955905511811
0
LINE
8
BLACK
6
CONTINUOUS
10
0.7812741732283465
20
0.3745955905511811
11
0.7813461417322835
21
0.3745657480314961
0
LINE
8
BLACK
6
CONTINUOUS
10
0.7813461417322835
20
0.3745657480314961
11
0.7814270866141733
21
0.3744992913385827
0
LINE
8
BLACK
6
CONTINUOUS
10
0.7814270866141733
20
0.3744992913385827
11
0.7815160629921259
21
0.3744433070866142
0
LINE
8
BLACK
6
CONTINUOUS
10
0.7815160629921259
20
0.3744433070866142
11
0.7815672047244094
21
0.3743843307086614
0
LINE
8
BLACK
6
CONTINUOUS
10
0.7815672047244094
20
0.3743843307086614
11
0.7817935826771654
21
0.3741985433070866
0
LINE
8
BLACK
6
CONTINUOUS
10
0.7817935826771654
20
0.3741985433070866
11
0.7836683464566929
21
0.3723237795275591
0
LINE
8
BLACK
6
CONTINUOUS
10
0.7836683464566929
20
0.3723237795275591
11
0.783854094488189
21
0.3720974409448819
0
LINE
8
BLACK
6
CONTINUOUS
10
0.783854094488189
20
0.3720974409448819
11
0.7839131102362205
21
0.3720462598425197
0
LINE
8
BLACK
6
CONTINUOUS
10
0.7839131102362205
20
0.3720462598425197
11
0.7839690551181102
21
0.3719573228346457
0
LINE
8
BLACK
6
CONTINUOUS
10
0.7839690551181102
20
0.3719573228346457
11
0.7840355511811024
21
0.3718763385826772
0
LINE
8
BLACK
6
CONTINUOUS
10
0.7840355511811024
20
0.3718763385826772
11
0.7840653543307087
21
0.3718044094488189
0
LINE
8
BLACK
6
CONTINUOUS
10
0.7840653543307087
20
0.3718044094488189
11
0.7842214566929133
21
0.3715563779527559
0
LINE
8
BLACK
6
CONTINUOUS
10
0.7842214566929133
20
0.3715563779527559
11
0.7860962204724409
21
0.3678068503937008
0
LINE
8
BLACK
6
CONTINUOUS
10
0.7860962204724409
20
0.3678068503937008
11
0.7863031102362205
21
0.3672662598425196
0
LINE
8
BLACK
6
CONTINUOUS
10
0.7863031102362205
20
0.3672662598425196
11
0.7863106299212598
21
0.3671603937007874
0
LINE
8
BLACK
6
CONTINUOUS
10
0.7863106299212598
20
0.3671603937007874
11
0.7863512204724409
21
0.3670624015748031
0
LINE
8
BLACK
6
CONTINUOUS
10
0.7863512204724409
20
0.3670624015748031
11
0.7864079527559055
21
0.3664863385826772
0
LINE
8
BLACK
6
CONTINUOUS
10
0.7864079527559055
20
0.3664863385826772
11
0.7864079527559055
21
0.3571125196850394
0
LINE
8
BLACK
6
CONTINUOUS
10
0.7864079527559055
20
0.3571125196850394
11
0.7863512204724409
21
0.3565364566929134
0
LINE
8
BLACK
6
CONTINUOUS
10
0.7863512204724409
20
0.3565364566929134
11
0.7863106299212598
21
0.3564385039370079
0
LINE
8
BLACK
6
CONTINUOUS
10
0.7863106299212598
20
0.3564385039370079
11
0.7863031102362205
21
0.3563325984251968
0
LINE
8
BLACK
6
CONTINUOUS
10
0.7863031102362205
20
0.3563325984251968
11
0.7860962204724409
21
0.3557920078740157
0
LINE
8
BLACK
6
CONTINUOUS
10
0.7860962204724409
20
0.3557920078740157
11
0.7842214566929133
21
0.3520424803149606
0
LINE
8
BLACK
6
CONTINUOUS
10
0.7842214566929133
20
0.3520424803149606
11
0.7840653937007874
21
0.3517946062992126
0
LINE
8
BLACK
6
CONTINUOUS
10
0.7840653937007874
20
0.3517946062992126
11
0.7840355905511811
21
0.3517225590551181
0
LINE
8
BLACK
6
CONTINUOUS
10
0.7840355905511811
20
0.3517225590551181
11
0.7839690551181102
21
0.3516415354330709
0
LINE
8
BLACK
6
CONTINUOUS
10
0.7839690551181102
20
0.3516415354330709
11
0.7839131102362205
21
0.3515525984251968
0
LINE
8
BLACK
6
CONTINUOUS
10
0.7839131102362205
20
0.3515525984251968
11
0.783854094488189
21
0.3515014566929134
0
LINE
8
BLACK
6
CONTINUOUS
10
0.783854094488189
20
0.3515014566929134
11
0.7836683464566929
21
0.3512750787401575
0
LINE
8
BLACK
6
CONTINUOUS
10
0.7836683464566929
20
0.3512750787401575
11
0.7817936220472441
21
0.3494003149606299
0
LINE
8
BLACK
6
CONTINUOUS
10
0.7817936220472441
20
0.3494003149606299
11
0.7815672440944882
21
0.3492145669291338
0
LINE
8
BLACK
6
CONTINUOUS
10
0.7815672440944882
20
0.3492145669291338
11
0.7815160629921259
21
0.3491555118110236
0
LINE
8
BLACK
6
CONTINUOUS
10
0.7815160629921259
20
0.3491555118110236
11
0.7814270866141733
21
0.3490995275590551
0
LINE
8
BLACK
6
CONTINUOUS
10
0.7814270866141733
20
0.3490995275590551
11
0.7813461417322835
21
0.3490330708661417
0
LINE
8
BLACK
6
CONTINUOUS
10
0.7813461417322835
20
0.3490330708661417
11
0.7812741732283465
21
0.3490032677165354
0
LINE
8
BLACK
6
CONTINUOUS
10
0.7812741732283465
20
0.3490032677165354
11
0.7810261811023622
21
0.3488471653543307
0
LINE
8
BLACK
6
CONTINUOUS
10
0.7810261811023622
20
0.3488471653543307
11
0.7772766535433071
21
0.3469724015748031
0
LINE
8
BLACK
6
CONTINUOUS
10
0.7772766535433071
20
0.3469724015748031
11
0.7767360236220472
21
0.3467655118110236
0
LINE
8
BLACK
6
CONTINUOUS
10
0.7767360236220472
20
0.3467655118110236
11
0.7766301968503937
21
0.346758031496063
0
LINE
8
BLACK
6
CONTINUOUS
10
0.7766301968503937
20
0.346758031496063
11
0.7765322047244094
21
0.3467174015748031
0
LINE
8
BLACK
6
CONTINUOUS
10
0.7765322047244094
20
0.3467174015748031
11
0.7759561417322834
21
0.3466606692913386
0
LINE
8
BLACK
6
CONTINUOUS
10
0.7759561417322834
20
0.3466606692913386
11
0.7665823228346457
21
0.3466606692913386
0
LINE
8
BLACK
6
CONTINUOUS
10
0.7665823228346457
20
0.3466606692913386
11
0.7660062598425197
21
0.3467174015748031
0
LINE
8
BLACK
6
CONTINUOUS
10
0.7660062598425197
20
0.3467174015748031
11
0.7659082677165354
21
0.3467579921259842
0
LINE
8
BLACK
6
CONTINUOUS
10
0.7659082677165354
20
0.3467579921259842
11
0.7658024015748032
21
0.3467655118110236
0
LINE
8
BLACK
6
CONTINUOUS
10
0.7658024015748032
20
0.3467655118110236
11
0.765261811023622
21
0.3469724015748031
0
LINE
8
BLACK
6
CONTINUOUS
10
0.765261811023622
20
0.3469724015748031
11
0.7615122834645669
21
0.3488471653543307
0
LINE
8
BLACK
6
CONTINUOUS
10
0.7615122834645669
20
0.3488471653543307
11
0.7612642519685039
21
0.3490032677165354
0
LINE
8
BLACK
6
CONTINUOUS
10
0.7612642519685039
20
0.3490032677165354
11
0.7611923228346457
21
0.3490330708661417
0
LINE
8
BLACK
6
CONTINUOUS
10
0.7611923228346457
20
0.3490330708661417
11
0.7611113385826771
21
0.3490995275590551
0
LINE
8
BLACK
6
CONTINUOUS
10
0.7611113385826771
20
0.3490995275590551
11
0.7610224015748032
21
0.3491555118110236
0
LINE
8
BLACK
6
CONTINUOUS
10
0.7610224015748032
20
0.3491555118110236
11
0.7609711811023622
21
0.3492145669291338
0
LINE
8
BLACK
6
CONTINUOUS
10
0.7609711811023622
20
0.3492145669291338
11
0.760744842519685
21
0.3494003149606299
0
LINE
8
BLACK
6
CONTINUOUS
10
0.760744842519685
20
0.3494003149606299
11
0.7588700787401574
21
0.3512751181102362
0
LINE
8
BLACK
6
CONTINUOUS
10
0.7588700787401574
20
0.3512751181102362
11
0.758502874015748
21
0.3517225590551181
0
LINE
8
BLACK
6
CONTINUOUS
10
0.758502874015748
20
0.3517225590551181
11
0.7580620078740157
21
0.352786968503937
0
LINE
8
BLACK
6
CONTINUOUS
10
0.7580620078740157
20
0.352786968503937
11
0.7580620078740157
21
0.3539390551181102
0
LINE
8
BLACK
6
CONTINUOUS
10
0.7580620078740157
20
0.3539390551181102
11
0.7585029133858268
21
0.3550034645669291
0
LINE
8
BLACK
6
CONTINUOUS
10
0.7585029133858268
20
0.3550034645669291
11
0.7593175984251969
21
0.3558181496062992
0
LINE
8
BLACK
6
CONTINUOUS
10
0.7593175984251969
20
0.3558181496062992
11
0.7603820078740158
21
0.3562590157480315
0
LINE
8
BLACK
6
CONTINUOUS
10
0.7603820078740158
20
0.3562590157480315
11
0.761534094488189
21
0.3562590157480315
0
LINE
8
BLACK
6
CONTINUOUS
10
0.761534094488189
20
0.3562590157480315
11
0.7625985039370079
21
0.3558181102362205
0
LINE
8
BLACK
6
CONTINUOUS
10
0.7625985039370079
20
0.3558181102362205
11
0.7630459842519685
21
0.3554508661417323
0
LINE
8
BLACK
6
CONTINUOUS
10
0.7630459842519685
20
0.3554508661417323
11
0.7645818897637795
21
0.3539149212598425
0
LINE
8
BLACK
6
CONTINUOUS
10
0.7645818897637795
20
0.3539149212598425
11
0.7672793700787401
21
0.3525661811023622
0
LINE
8
BLACK
6
CONTINUOUS
10
0.7672793700787401
20
0.3525661811023622
11
0.775259094488189
21
0.3525661811023622
0
LINE
8
BLACK
6
CONTINUOUS
10
0.775259094488189
20
0.3525661811023622
11
0.7779565354330709
21
0.3539149212598425
0
LINE
8
BLACK
6
CONTINUOUS
10
0.7779565354330709
20
0.3539149212598425
11
0.7791536614173228
21
0.3551120866141732
0
LINE
8
BLACK
6
CONTINUOUS
10
0.7791536614173228
20
0.3551120866141732
11
0.7805024409448819
21
0.3578095669291338
0
LINE
8
BLACK
6
CONTINUOUS
10
0.7805024409448819
20
0.3578095669291338
11
0.7805024409448819
21
0.3657892913385827
0
LINE
8
BLACK
6
CONTINUOUS
10
0.7805024409448819
20
0.3657892913385827
11
0.7791537007874015
21
0.3684867716535433
0
LINE
8
BLACK
6
CONTINUOUS
10
0.7791537007874015
20
0.3684867716535433
11
0.7779565748031496
21
0.3696838976377952
0
LINE
8
BLACK
6
CONTINUOUS
10
0.7779565748031496
20
0.3696838976377952
11
0.775259094488189
21
0.3710326377952756
0
LINE
8
BLACK
6
CONTINUOUS
10
0.775259094488189
20
0.3710326377952756
11
0.7672793700787401
21
0.3710326377952756
0
LINE
8
BLACK
6
CONTINUOUS
10
0.7672793700787401
20
0.3710326377952756
11
0.7645818897637795
21
0.3696838976377952
0
LINE
8
BLACK
6
CONTINUOUS
10
0.7645818897637795
20
0.3696838976377952
11
0.7630459448818897
21
0.3681479527559055
0
LINE
8
BLACK
6
CONTINUOUS
10
0.7630459448818897
20
0.3681479527559055
11
0.7625985039370079
21
0.3677807480314961
0
LINE
8
BLACK
6
CONTINUOUS
10
0.7625985039370079
20
0.3677807480314961
11
0.7624611417322834
21
0.3677238582677165
0
LINE
8
BLACK
6
CONTINUOUS
10
0.7624611417322834
20
0.3677238582677165
11
0.7623460629921259
21
0.36762968503937
0
LINE
8
BLACK
6
CONTINUOUS
10
0.7623460629921259
20
0.36762968503937
11
0.7619326771653543
21
0.367505
0
LINE
8
BLACK
6
CONTINUOUS
10
0.7619326771653543
20
0.367505
11
0.7615340551181102
21
0.367339842519685
0
LINE
8
BLACK
6
CONTINUOUS
10
0.7615340551181102
20
0.367339842519685
11
0.7613854330708661
21
0.367339842519685
0
LINE
8
BLACK
6
CONTINUOUS
10
0.7613854330708661
20
0.367339842519685
11
0.7612430708661417
21
0.3672968897637795
0
LINE
8
BLACK
6
CONTINUOUS
10
0.7612430708661417
20
0.3672968897637795
11
0.7608135433070866
21
0.367339842519685
0
LINE
8
BLACK
6
CONTINUOUS
10
0.7608135433070866
20
0.367339842519685
11
0.7603820078740158
21
0.367339842519685
0
LINE
8
BLACK
6
CONTINUOUS
10
0.7603820078740158
20
0.367339842519685
11
0.7602446456692913
21
0.3673967716535433
0
LINE
8
BLACK
6
CONTINUOUS
10
0.7602446456692913
20
0.3673967716535433
11
0.760096653543307
21
0.3674115354330709
0
LINE
8
BLACK
6
CONTINUOUS
10
0.760096653543307
20
0.3674115354330709
11
0.7597162598425197
21
0.3676155905511811
0
LINE
8
BLACK
6
CONTINUOUS
10
0.7597162598425197
20
0.3676155905511811
11
0.7593175590551181
21
0.3677807480314961
0
LINE
8
BLACK
6
CONTINUOUS
10
0.7593175590551181
20
0.3677807480314961
11
0.7592123622047244
21
0.3678859448818897
0
LINE
8
BLACK
6
CONTINUOUS
10
0.7592123622047244
20
0.3678859448818897
11
0.7590814173228346
21
0.3679561811023622
0
LINE
8
BLACK
6
CONTINUOUS
10
0.7590814173228346
20
0.3679561811023622
11
0.7588081496062992
21
0.368290157480315
0
LINE
8
BLACK
6
CONTINUOUS
10
0.7588081496062992
20
0.368290157480315
11
0.7585029133858268
21
0.3685953937007874
0
LINE
8
BLACK
6
CONTINUOUS
10
0.7585029133858268
20
0.3685953937007874
11
0.7584459842519685
21
0.3687327559055118
0
LINE
8
BLACK
6
CONTINUOUS
10
0.7584459842519685
20
0.3687327559055118
11
0.7583518503937008
21
0.3688478346456693
0
LINE
8
BLACK
6
CONTINUOUS
10
0.7583518503937008
20
0.3688478346456693
11
0.7582271259842519
21
0.3692612204724409
0
LINE
8
BLACK
6
CONTINUOUS
10
0.7582271259842519
20
0.3692612204724409
11
0.7580620078740157
21
0.369659842519685
0
LINE
8
BLACK
6
CONTINUOUS
10
0.7580620078740157
20
0.369659842519685
11
0.7580620078740157
21
0.3698085039370079
0
LINE
8
BLACK
6
CONTINUOUS
10
0.7580620078740157
20
0.3698085039370079
11
0.7580190551181102
21
0.3699508267716535
0
LINE
8
BLACK
6
CONTINUOUS
10
0.7580190551181102
20
0.3699508267716535
11
0.7580199212598425
21
0.3705296850393701
0
LINE
8
BLACK
6
CONTINUOUS
10
0.7580199212598425
20
0.3705296850393701
11
0.7598946850393701
21
0.3892773228346457
0
LINE
8
BLACK
6
CONTINUOUS
10
0.7598946850393701
20
0.3892773228346457
11
0.7599367716535433
21
0.3894872834645669
0
LINE
8
BLACK
6
CONTINUOUS
10
0.7599367716535433
20
0.3894872834645669
11
0.7599367716535433
21
0.3895595669291338
0
LINE
8
BLACK
6
CONTINUOUS
10
0.7599367716535433
20
0.3895595669291338
11
0.759964842519685
21
0.3896274015748031
0
LINE
8
BLACK
6
CONTINUOUS
10
0.759964842519685
20
0.3896274015748031
11
0.7600084645669292
21
0.3898448818897638
0
LINE
8
BLACK
6
CONTINUOUS
10
0.7600084645669292
20
0.3898448818897638
11
0.7602124803149606
21
0.3902251968503937
0
LINE
8
BLACK
6
CONTINUOUS
10
0.7602124803149606
20
0.3902251968503937
11
0.7603776771653543
21
0.3906239763779528
0
LINE
8
BLACK
6
CONTINUOUS
10
0.7603776771653543
20
0.3906239763779528
11
0.7604828346456692
21
0.3907291732283464
0
LINE
8
BLACK
6
CONTINUOUS
10
0.7604828346456692
20
0.3907291732283464
11
0.7605531102362204
21
0.3908601181102362
0
LINE
8
BLACK
6
CONTINUOUS
10
0.7605531102362204
20
0.3908601181102362
11
0.7608870472440945
21
0.3911333858267717
0
LINE
8
BLACK
6
CONTINUOUS
10
0.7608870472440945
20
0.3911333858267717
11
0.7611923228346457
21
0.3914386220472441
0
LINE
8
BLACK
6
CONTINUOUS
10
0.7611923228346457
20
0.3914386220472441
11
0.7613296456692913
21
0.3914955511811024
0
LINE
8
BLACK
6
CONTINUOUS
10
0.7613296456692913
20
0.3914955511811024
11
0.7614447637795275
21
0.3915896850393701
0
LINE
8
BLACK
6
CONTINUOUS
10
0.7614447637795275
20
0.3915896850393701
11
0.761858031496063
21
0.3917144094488189
0
LINE
8
BLACK
6
CONTINUOUS
10
0.761858031496063
20
0.3917144094488189
11
0.7622567322834646
21
0.3918795275590551
0
LINE
8
BLACK
6
CONTINUOUS
10
0.7622567322834646
20
0.3918795275590551
11
0.7624774015748031
21
0.3919012992125984
0
LINE
8
BLACK
6
CONTINUOUS
10
0.7624774015748031
20
0.3919012992125984
11
0.7625477559055118
21
0.3919224803149606
0
LINE
8
BLACK
6
CONTINUOUS
10
0.7625477559055118
20
0.3919224803149606
11
0.7626197244094488
21
0.3919153149606299
0
LINE
8
BLACK
6
CONTINUOUS
10
0.7626197244094488
20
0.3919153149606299
11
0.7628327952755906
21
0.3919362598425197
0
LINE
8
BLACK
6
CONTINUOUS
10
0.7628327952755906
20
0.3919362598425197
11
0.7815804330708661
21
0.3919362598425197
0
LINE
8
BLACK
6
CONTINUOUS
10
0.7815804330708661
20
0.3919362598425197
11
0.7821564960629921
21
0.3918795275590551
0
LINE
8
BLACK
6
CONTINUOUS
10
0.8287411023622047
20
0.3919075590551181
11
0.8288188582677165
21
0.3919130708661417
0
LINE
8
BLACK
6
CONTINUOUS
10
0.8288188582677165
20
0.3919130708661417
11
0.8289211023622047
21
0.391889842519685
0
LINE
8
BLACK
6
CONTINUOUS
10
0.8289211023622047
20
0.391889842519685
11
0.8290256299212598
21
0.3918795275590551
0
LINE
8
BLACK
6
CONTINUOUS
10
0.8290256299212598
20
0.3918795275590551
11
0.8290977165354331
21
0.3918496850393701
0
LINE
8
BLACK
6
CONTINUOUS
10
0.8290977165354331
20
0.3918496850393701
11
0.8293833070866141
21
0.3917847244094488
0
LINE
8
BLACK
6
CONTINUOUS
10
0.8293833070866141
20
0.3917847244094488
11
0.8350075984251968
21
0.3899099606299212
0
LINE
8
BLACK
6
CONTINUOUS
10
0.8350075984251968
20
0.3899099606299212
11
0.8355361417322834
21
0.3896739763779528
0
LINE
8
BLACK
6
CONTINUOUS
10
0.8355361417322834
20
0.3896739763779528
11
0.8356162598425196
21
0.3896044881889764
0
LINE
8
BLACK
6
CONTINUOUS
10
0.8356162598425196
20
0.3896044881889764
11
0.8357143307086614
21
0.3895638582677165
0
LINE
8
BLACK
6
CONTINUOUS
10
0.8357143307086614
20
0.3895638582677165
11
0.8361617716535433
21
0.3891966535433071
0
LINE
8
BLACK
6
CONTINUOUS
10
0.8361617716535433
20
0.3891966535433071
11
0.8399112992125984
21
0.385447125984252
0
LINE
8
BLACK
6
CONTINUOUS
10
0.8399112992125984
20
0.385447125984252
11
0.8400971259842519
21
0.385220748031496
0
LINE
8
BLACK
6
CONTINUOUS
10
0.8400971259842519
20
0.385220748031496
11
0.840156062992126
21
0.3851696062992126
0
LINE
8
BLACK
6
CONTINUOUS
10
0.840156062992126
20
0.3851696062992126
11
0.8402119291338582
21
0.3850808661417323
0
LINE
8
BLACK
6
CONTINUOUS
10
0.8402119291338582
20
0.3850808661417323
11
0.8402785433070866
21
0.38499968503937
0
LINE
8
BLACK
6
CONTINUOUS
10
0.8402785433070866
20
0.38499968503937
11
0.8403083858267716
21
0.3849275590551181
0
LINE
8
BLACK
6
CONTINUOUS
10
0.8403083858267716
20
0.3849275590551181
11
0.8404644094488188
21
0.3846797244094488
0
LINE
8
BLACK
6
CONTINUOUS
10
0.8404644094488188
20
0.3846797244094488
11
0.8423391732283464
21
0.3809301968503937
0
LINE
8
BLACK
6
CONTINUOUS
10
0.8423391732283464
20
0.3809301968503937
11
0.8423552755905511
21
0.3808881102362205
0
LINE
8
BLACK
6
CONTINUOUS
10
0.8423552755905511
20
0.3808881102362205
11
0.8423679921259842
21
0.3808709448818898
0
LINE
8
BLACK
6
CONTINUOUS
10
0.8423679921259842
20
0.3808709448818898
11
0.8424540551181102
21
0.3806300393700787
0
LINE
8
BLACK
6
CONTINUOUS
10
0.8424540551181102
20
0.3806300393700787
11
0.842546062992126
21
0.3803896062992126
0
LINE
8
BLACK
6
CONTINUOUS
10
0.842546062992126
20
0.3803896062992126
11
0.8425475590551181
21
0.3803683464566929
0
LINE
8
BLACK
6
CONTINUOUS
10
0.8425475590551181
20
0.3803683464566929
11
0.8425627559055118
21
0.3803258267716536
0
LINE
8
BLACK
6
CONTINUOUS
10
0.8425627559055118
20
0.3803258267716536
11
0.8444375196850393
21
0.3728267716535433
0
LINE
8
BLACK
6
CONTINUOUS
10
0.8444375196850393
20
0.3728267716535433
11
0.8444522834645669
21
0.3727269291338582
0
LINE
8
BLACK
6
CONTINUOUS
10
0.8444522834645669
20
0.3727269291338582
11
0.844468937007874
21
0.3726866929133858
0
LINE
8
BLACK
6
CONTINUOUS
10
0.844468937007874
20
0.3726866929133858
11
0.8444902755905511
21
0.3724696850393701
0
LINE
8
BLACK
6
CONTINUOUS
10
0.8444902755905511
20
0.3724696850393701
11
0.8445221653543307
21
0.3722541732283465
0
LINE
8
BLACK
6
CONTINUOUS
10
0.8445221653543307
20
0.3722541732283465
11
0.8445157480314961
21
0.3722111811023622
0
LINE
8
BLACK
6
CONTINUOUS
10
0.8445157480314961
20
0.3722111811023622
11
0.8445256692913385
21
0.3721106299212598
0
LINE
8
BLACK
6
CONTINUOUS
10
0.8445256692913385
20
0.3721106299212598
11
0.8445256692913385
21
0.3664863385826772
0
LINE
8
BLACK
6
CONTINUOUS
10
0.8445256692913385
20
0.3664863385826772
11
0.8445157480314961
21
0.3663858267716535
0
LINE
8
BLACK
6
CONTINUOUS
10
0.8445157480314961
20
0.3663858267716535
11
0.8445221653543307
21
0.3663427952755905
0
LINE
8
BLACK
6
CONTINUOUS
10
0.8445221653543307
20
0.3663427952755905
11
0.8444902755905511
21
0.3661273228346457
0
LINE
8
BLACK
6
CONTINUOUS
10
0.8444902755905511
20
0.3661273228346457
11
0.844468937007874
21
0.3659102755905512
0
LINE
8
BLACK
6
CONTINUOUS
10
0.844468937007874
20
0.3659102755905512
11
0.8444522834645669
21
0.3658700787401575
0
LINE
8
BLACK
6
CONTINUOUS
10
0.8444522834645669
20
0.3658700787401575
11
0.8444375196850393
21
0.3657701968503937
0
LINE
8
BLACK
6
CONTINUOUS
10
0.8444375196850393
20
0.3657701968503937
11
0.8425627559055118
21
0.3582711417322835
0
LINE
8
BLACK
6
CONTINUOUS
10
0.8425627559055118
20
0.3582711417322835
11
0.8425475590551181
21
0.3582286614173228
0
LINE
8
BLACK
6
CONTINUOUS
10
0.8425475590551181
20
0.3582286614173228
11
0.842546062992126
21
0.3582073622047244
0
LINE
8
BLACK
6
CONTINUOUS
10
0.842546062992126
20
0.3582073622047244
11
0.8424542913385826
21
0.3579676377952756
0
LINE
8
BLACK
6
CONTINUOUS
10
0.8424542913385826
20
0.3579676377952756
11
0.8423679921259842
21
0.3577260236220473
0
LINE
8
BLACK
6
CONTINUOUS
10
0.8423679921259842
20
0.3577260236220473
11
0.8423552755905511
21
0.3577088976377953
0
LINE
8
BLACK
6
CONTINUOUS
10
0.8423552755905511
20
0.3577088976377953
11
0.8423391732283464
21
0.3576667716535433
0
LINE
8
BLACK
6
CONTINUOUS
10
0.8423391732283464
20
0.3576667716535433
11
0.8404644094488188
21
0.3539172440944882
0
LINE
8
BLACK
6
CONTINUOUS
10
0.8404644094488188
20
0.3539172440944882
11
0.8403083464566929
21
0.3536693700787402
0
LINE
8
BLACK
6
CONTINUOUS
10
0.8403083464566929
20
0.3536693700787402
11
0.8402785433070866
21
0.3535973228346457
0
LINE
8
BLACK
6
CONTINUOUS
10
0.8402785433070866
20
0.3535973228346457
11
0.8402120078740157
21
0.3535162992125984
0
LINE
8
BLACK
6
CONTINUOUS
10
0.8402120078740157
20
0.3535162992125984
11
0.840156062992126
21
0.3534273622047244
0
LINE
8
BLACK
6
CONTINUOUS
10
0.840156062992126
20
0.3534273622047244
11
0.8400970472440945
21
0.3533762204724409
0
LINE
8
BLACK
6
CONTINUOUS
10
0.8400970472440945
20
0.3533762204724409
11
0.8399113385826772
21
0.3531498818897638
0
LINE
8
BLACK
6
CONTINUOUS
10
0.8399113385826772
20
0.3531498818897638
11
0.8361617716535433
21
0.3494002755905511
0
LINE
8
BLACK
6
CONTINUOUS
10
0.8361617716535433
20
0.3494002755905511
11
0.8357143307086614
21
0.3490330708661417
0
LINE
8
BLACK
6
CONTINUOUS
10
0.8357143307086614
20
0.3490330708661417
11
0.8356162598425196
21
0.3489924803149606
0
LINE
8
BLACK
6
CONTINUOUS
10
0.8356162598425196
20
0.3489924803149606
11
0.8355361417322834
21
0.3489229527559055
0
LINE
8
BLACK
6
CONTINUOUS
10
0.8355361417322834
20
0.3489229527559055
11
0.8350075984251968
21
0.348686968503937
0
LINE
8
BLACK
6
CONTINUOUS
10
0.8350075984251968
20
0.348686968503937
11
0.8293833070866141
21
0.3468122047244094
0
LINE
8
BLACK
6
CONTINUOUS
10
0.8293833070866141
20
0.3468122047244094
11
0.8290977165354331
21
0.3467472834645669
0
LINE
8
BLACK
6
CONTINUOUS
10
0.8290977165354331
20
0.3467472834645669
11
0.8290256299212598
21
0.3467174015748031
0
LINE
8
BLACK
6
CONTINUOUS
10
0.8290256299212598
20
0.3467174015748031
11
0.8289211023622047
21
0.346707125984252
0
LINE
8
BLACK
6
CONTINUOUS
10
0.8289211023622047
20
0.346707125984252
11
0.8288188582677165
21
0.3466838582677165
0
LINE
8
BLACK
6
CONTINUOUS
10
0.8288188582677165
20
0.3466838582677165
11
0.8287411023622047
21
0.3466894094488189
0
LINE
8
BLACK
6
CONTINUOUS
10
0.8287411023622047
20
0.3466894094488189
11
0.8284495669291339
21
0.3466606692913386
0
LINE
8
BLACK
6
CONTINUOUS
10
0.8284495669291339
20
0.3466606692913386
11
0.8190757480314961
21
0.3466606692913386
0
LINE
8
BLACK
6
CONTINUOUS
10
0.8190757480314961
20
0.3466606692913386
11
0.8184996850393701
21
0.3467174015748031
0
LINE
8
BLACK
6
CONTINUOUS
10
0.8184996850393701
20
0.3467174015748031
11
0.8174352755905512
21
0.3471583070866142
0
LINE
8
BLACK
6
CONTINUOUS
10
0.8174352755905512
20
0.3471583070866142
11
0.8166206299212598
21
0.3479729527559055
0
LINE
8
BLACK
6
CONTINUOUS
10
0.8166206299212598
20
0.3479729527559055
11
0.8161797244094487
21
0.3490373622047244
0
LINE
8
BLACK
6
CONTINUOUS
10
0.8161797244094487
20
0.3490373622047244
11
0.8161229921259843
21
0.3496134251968504
0
LINE
8
BLACK
6
CONTINUOUS
10
0.8161229921259843
20
0.3496134251968504
11
0.8161229921259843
21
0.3889835039370079
0
LINE
8
BLACK
6
CONTINUOUS
10
0.8161229921259843
20
0.3889835039370079
11
0.8161797244094487
21
0.3895595669291338
0
LINE
8
BLACK
6
CONTINUOUS
10
0.8161797244094487
20
0.3895595669291338
11
0.8166206299212598
21
0.3906239763779528
0
LINE
8
BLACK
6
CONTINUOUS
10
0.8166206299212598
20
0.3906239763779528
11
0.8174352755905512
21
0.3914386220472441
0
LINE
8
BLACK
6
CONTINUOUS
10
0.8174352755905512
20
0.3914386220472441
11
0.8184996850393701
21
0.3918795275590551
0
LINE
8
BLACK
6
CONTINUOUS
10
0.8184996850393701
20
0.3918795275590551
11
0.8190757480314961
21
0.3919362598425197
0
LINE
8
BLACK
6
CONTINUOUS
10
0.8190757480314961
20
0.3919362598425197
11
0.8284495669291339
21
0.3919362598425197
0
LINE
8
BLACK
6
CONTINUOUS
10
0.8284495669291339
20
0.3919362598425197
11
0.8287411023622047
21
0.3919075590551181
0
LINE
8
BLACK
6
CONTINUOUS
10
0.8220285039370079
20
0.3525661811023622
11
0.8279704330708662
21
0.3525661811023622
0
LINE
8
BLACK
6
CONTINUOUS
10
0.8279704330708662
20
0.3525661811023622
11
0.8324788188976378
21
0.3540690157480315
0
LINE
8
BLACK
6
CONTINUOUS
10
0.8324788188976378
20
0.3540690157480315
11
0.8353966141732283
21
0.3569868503937008
0
LINE
8
BLACK
6
CONTINUOUS
10
0.8353966141732283
20
0.3569868503937008
11
0.8369121259842519
21
0.3600178346456693
0
LINE
8
BLACK
6
CONTINUOUS
10
0.8369121259842519
20
0.3600178346456693
11
0.8386201574803149
21
0.3668498818897638
0
LINE
8
BLACK
6
CONTINUOUS
10
0.8386201574803149
20
0.3668498818897638
11
0.8386201574803149
21
0.3717470866141732
0
LINE
8
BLACK
6
CONTINUOUS
10
0.8386201574803149
20
0.3717470866141732
11
0.8369121259842519
21
0.3785791338582677
0
LINE
8
BLACK
6
CONTINUOUS
10
0.8369121259842519
20
0.3785791338582677
11
0.8353966535433071
21
0.3816101181102362
0
LINE
8
BLACK
6
CONTINUOUS
10
0.8353966535433071
20
0.3816101181102362
11
0.8324788188976378
21
0.3845279527559055
0
LINE
8
BLACK
6
CONTINUOUS
10
0.8324788188976378
20
0.3845279527559055
11
0.8279704330708662
21
0.3860307480314961
0
LINE
8
BLACK
6
CONTINUOUS
10
0.8279704330708662
20
0.3860307480314961
11
0.8220285039370079
21
0.3860307480314961
0
LINE
8
BLACK
6
CONTINUOUS
10
0.8220285039370079
20
0.3860307480314961
11
0.8220285039370079
21
0.3525661811023622
0
LINE
8
BLACK
6
CONTINUOUS
10
0.8758947637795276
20
0.3918795275590551
11
0.8759927559055118
21
0.391838937007874
0
LINE
8
BLACK
6
CONTINUOUS
10
0.8759927559055118
20
0.391838937007874
11
0.8760985826771653
21
0.3918314173228347
0
LINE
8
BLACK
6
CONTINUOUS
10
0.8760985826771653
20
0.3918314173228347
11
0.8766392125984251
21
0.3916245275590551
0
LINE
8
BLACK
6
CONTINUOUS
10
0.8766392125984251
20
0.3916245275590551
11
0.8803887401574803
21
0.3897497637795275
0
LINE
8
BLACK
6
CONTINUOUS
10
0.8803887401574803
20
0.3897497637795275
11
0.8808786220472441
21
0.3894414173228347
0
LINE
8
BLACK
6
CONTINUOUS
10
0.8808786220472441
20
0.3894414173228347
11
0.8816334645669291
21
0.3885710236220473
0
LINE
8
BLACK
6
CONTINUOUS
10
0.8816334645669291
20
0.3885710236220473
11
0.8819977952755905
21
0.3874780708661417
0
LINE
8
BLACK
6
CONTINUOUS
10
0.8819977952755905
20
0.3874780708661417
11
0.8819161417322835
21
0.3863288582677165
0
LINE
8
BLACK
6
CONTINUOUS
10
0.8819161417322835
20
0.3863288582677165
11
0.8814008661417323
21
0.3852983464566929
0
LINE
8
BLACK
6
CONTINUOUS
10
0.8814008661417323
20
0.3852983464566929
11
0.8805305118110236
21
0.3845435039370079
0
LINE
8
BLACK
6
CONTINUOUS
10
0.8805305118110236
20
0.3845435039370079
11
0.8794375196850394
21
0.3841791732283464
0
LINE
8
BLACK
6
CONTINUOUS
10
0.8794375196850394
20
0.3841791732283464
11
0.8782883070866142
21
0.3842608267716535
0
LINE
8
BLACK
6
CONTINUOUS
10
0.8782883070866142
20
0.3842608267716535
11
0.877747716535433
21
0.384467716535433
0
LINE
8
BLACK
6
CONTINUOUS
10
0.877747716535433
20
0.384467716535433
11
0.8746216535433071
21
0.3860307480314961
0
LINE
8
BLACK
6
CONTINUOUS
10
0.8746216535433071
20
0.3860307480314961
11
0.8701735433070866
21
0.3860307480314961
0
LINE
8
BLACK
6
CONTINUOUS
10
0.8701735433070866
20
0.3860307480314961
11
0.8656651574803149
21
0.3845279527559055
0
LINE
8
BLACK
6
CONTINUOUS
10
0.8656651574803149
20
0.3845279527559055
11
0.8627473228346456
21
0.3816101181102362
0
LINE
8
BLACK
6
CONTINUOUS
10
0.8627473228346456
20
0.3816101181102362
11
0.861231811023622
21
0.3785791338582677
0
LINE
8
BLACK
6
CONTINUOUS
10
0.861231811023622
20
0.3785791338582677
11
0.8595238188976377
21
0.3717470866141732
0
LINE
8
BLACK
6
CONTINUOUS
10
0.8595238188976377
20
0.3717470866141732
11
0.8595238188976377
21
0.3668498818897638
0
LINE
8
BLACK
6
CONTINUOUS
10
0.8595238188976377
20
0.3668498818897638
11
0.861231811023622
21
0.3600178346456693
0
LINE
8
BLACK
6
CONTINUOUS
10
0.861231811023622
20
0.3600178346456693
11
0.8627473228346456
21
0.3569868503937008
0
LINE
8
BLACK
6
CONTINUOUS
10
0.8627473228346456
20
0.3569868503937008
11
0.8656651574803149
21
0.3540689763779528
0
LINE
8
BLACK
6
CONTINUOUS
10
0.8656651574803149
20
0.3540689763779528
11
0.8701735433070866
21
0.3525661811023622
0
LINE
8
BLACK
6
CONTINUOUS
10
0.8701735433070866
20
0.3525661811023622
11
0.8729648031496062
21
0.3525661811023622
0
LINE
8
BLACK
6
CONTINUOUS
10
0.8729648031496062
20
0.3525661811023622
11
0.8774731889763779
21
0.3540690157480315
0
LINE
8
BLACK
6
CONTINUOUS
10
0.8774731889763779
20
0.3540690157480315
11
0.8779902362204725
21
0.354586062992126
0
LINE
8
BLACK
6
CONTINUOUS
10
0.8779902362204725
20
0.354586062992126
11
0.8779902362204725
21
0.3635335826771653
0
LINE
8
BLACK
6
CONTINUOUS
10
0.8779902362204725
20
0.3635335826771653
11
0.873443937007874
21
0.3635335826771653
0
LINE
8
BLACK
6
CONTINUOUS
10
0.873443937007874
20
0.3635335826771653
11
0.8728678740157481
21
0.3635903149606299
0
LINE
8
BLACK
6
CONTINUOUS
10
0.8728678740157481
20
0.3635903149606299
11
0.8718034645669291
21
0.364031220472441
0
LINE
8
BLACK
6
CONTINUOUS
10
0.8718034645669291
20
0.364031220472441
11
0.8709888188976378
21
0.3648458661417323
0
LINE
8
BLACK
6
CONTINUOUS
10
0.8709888188976378
20
0.3648458661417323
11
0.8705479133858267
21
0.3659102755905512
0
LINE
8
BLACK
6
CONTINUOUS
10
0.8705479133858267
20
0.3659102755905512
11
0.8705479133858267
21
0.3670624015748031
0
LINE
8
BLACK
6
CONTINUOUS
10
0.8705479133858267
20
0.3670624015748031
11
0.8709888188976378
21
0.368126811023622
0
LINE
8
BLACK
6
CONTINUOUS
10
0.8709888188976378
20
0.368126811023622
11
0.8718034645669291
21
0.3689414566929134
0
LINE
8
BLACK
6
CONTINUOUS
10
0.8718034645669291
20
0.3689414566929134
11
0.8728678740157481
21
0.3693823622047244
0
LINE
8
BLACK
6
CONTINUOUS
10
0.8728678740157481
20
0.3693823622047244
11
0.873443937007874
21
0.369439094488189
0
LINE
8
BLACK
6
CONTINUOUS
10
0.873443937007874
20
0.369439094488189
11
0.8809429921259843
21
0.369439094488189
0
LINE
8
BLACK
6
CONTINUOUS
10
0.8809429921259843
20
0.369439094488189
11
0.8815190551181102
21
0.3693823622047244
0
LINE
8
BLACK
6
CONTINUOUS
10
0.8815190551181102
20
0.3693823622047244
11
0.8825834645669292
21
0.3689414566929134
0
LINE
8
BLACK
6
CONTINUOUS
10
0.8825834645669292
20
0.3689414566929134
11
0.8833981102362205
21
0.368126811023622
0
LINE
8
BLACK
6
CONTINUOUS
10
0.8833981102362205
20
0.368126811023622
11
0.8838390157480315
21
0.3670624015748031
0
LINE
8
BLACK
6
CONTINUOUS
10
0.8838390157480315
20
0.3670624015748031
11
0.8838957480314961
21
0.3664863385826772
0
LINE
8
BLACK
6
CONTINUOUS
10
0.8838957480314961
20
0.3664863385826772
11
0.8838957480314961
21
0.3533629921259843
0
LINE
8
BLACK
6
CONTINUOUS
10
0.8838957480314961
20
0.3533629921259843
11
0.8838390157480315
21
0.3527869291338583
0
LINE
8
BLACK
6
CONTINUOUS
10
0.8838390157480315
20
0.3527869291338583
11
0.8836848031496063
21
0.3524146456692913
0
LINE
8
BLACK
6
CONTINUOUS
10
0.8836848031496063
20
0.3524146456692913
11
0.8833981496062991
21
0.3517225590551181
0
LINE
8
BLACK
6
CONTINUOUS
10
0.8833981496062991
20
0.3517225590551181
11
0.883030905511811
21
0.3512750787401575
0
LINE
8
BLACK
6
CONTINUOUS
10
0.883030905511811
20
0.3512750787401575
11
0.8811561811023622
21
0.3494003149606299
0
LINE
8
BLACK
6
CONTINUOUS
10
0.8811561811023622
20
0.3494003149606299
11
0.8807087007874016
21
0.3490330708661417
0
LINE
8
BLACK
6
CONTINUOUS
10
0.8807087007874016
20
0.3490330708661417
11
0.8806106299212598
21
0.3489924803149606
0
LINE
8
BLACK
6
CONTINUOUS
10
0.8806106299212598
20
0.3489924803149606
11
0.8805305118110236
21
0.3489229527559055
0
LINE
8
BLACK
6
CONTINUOUS
10
0.8805305118110236
20
0.3489229527559055
11
0.880001968503937
21
0.348686968503937
0
LINE
8
BLACK
6
CONTINUOUS
10
0.880001968503937
20
0.348686968503937
11
0.8743776771653543
21
0.3468122047244094
0
LINE
8
BLACK
6
CONTINUOUS
10
0.8743776771653543
20
0.3468122047244094
11
0.8740920866141733
21
0.3467472834645669
0
LINE
8
BLACK
6
CONTINUOUS
10
0.8740920866141733
20
0.3467472834645669
11
0.87402
21
0.3467174015748031
0
LINE
8
BLACK
6
CONTINUOUS
10
0.87402
20
0.3467174015748031
11
0.8739154724409448
21
0.346707125984252
0
LINE
8
BLACK
6
CONTINUOUS
10
0.8739154724409448
20
0.346707125984252
11
0.8738132283464567
21
0.3466838582677165
0
LINE
8
BLACK
6
CONTINUOUS
10
0.8738132283464567
20
0.3466838582677165
11
0.8737354724409448
21
0.3466894094488189
0
LINE
8
BLACK
6
CONTINUOUS
10
0.8737354724409448
20
0.3466894094488189
11
0.873443937007874
21
0.3466606692913386
0
LINE
8
BLACK
6
CONTINUOUS
10
0.873443937007874
20
0.3466606692913386
11
0.8696944094488189
21
0.3466606692913386
0
LINE
8
BLACK
6
CONTINUOUS
10
0.8696944094488189
20
0.3466606692913386
11
0.8694027952755905
21
0.3466894094488189
0
LINE
8
BLACK
6
CONTINUOUS
10
0.8694027952755905
20
0.3466894094488189
11
0.8693250787401574
21
0.3466838582677165
0
LINE
8
BLACK
6
CONTINUOUS
10
0.8693250787401574
20
0.3466838582677165
11
0.8692227952755905
21
0.346707125984252
0
LINE
8
BLACK
6
CONTINUOUS
10
0.8692227952755905
20
0.346707125984252
11
0.8691183464566929
21
0.3467174015748031
0
LINE
8
BLACK
6
CONTINUOUS
10
0.8691183464566929
20
0.3467174015748031
11
0.8690462598425197
21
0.3467472834645669
0
LINE
8
BLACK
6
CONTINUOUS
10
0.8690462598425197
20
0.3467472834645669
11
0.8687606299212598
21
0.3468122047244094
0
LINE
8
BLACK
6
CONTINUOUS
10
0.8687606299212598
20
0.3468122047244094
11
0.8631363779527559
21
0.348686968503937
0
LINE
8
BLACK
6
CONTINUOUS
10
0.8631363779527559
20
0.348686968503937
11
0.8626077952755905
21
0.3489229527559055
0
LINE
8
BLACK
6
CONTINUOUS
10
0.8626077952755905
20
0.3489229527559055
11
0.8625276771653543
21
0.3489924409448819
0
LINE
8
BLACK
6
CONTINUOUS
10
0.8625276771653543
20
0.3489924409448819
11
0.8624296456692914
21
0.349033031496063
0
LINE
8
BLACK
6
CONTINUOUS
10
0.8624296456692914
20
0.349033031496063
11
0.8619822047244095
21
0.3494002755905511
0
LINE
8
BLACK
6
CONTINUOUS
10
0.8619822047244095
20
0.3494002755905511
11
0.8582326771653543
21
0.353149842519685
0
LINE
8
BLACK
6
CONTINUOUS
10
0.8582326771653543
20
0.353149842519685
11
0.8580468897637795
21
0.3533762204724409
0
LINE
8
BLACK
6
CONTINUOUS
10
0.8580468897637795
20
0.3533762204724409
11
0.8579879133858268
21
0.3534273622047244
0
LINE
8
BLACK
6
CONTINUOUS
10
0.8579879133858268
20
0.3534273622047244
11
0.8579319291338583
21
0.3535162992125984
0
LINE
8
BLACK
6
CONTINUOUS
10
0.8579319291338583
20
0.3535162992125984
11
0.8578654330708662
21
0.3535973228346457
0
LINE
8
BLACK
6
CONTINUOUS
10
0.8578654330708662
20
0.3535973228346457
11
0.8578355905511811
21
0.3536693700787402
0
LINE
8
BLACK
6
CONTINUOUS
10
0.8578355905511811
20
0.3536693700787402
11
0.8576795669291338
21
0.3539172440944882
0
LINE
8
BLACK
6
CONTINUOUS
10
0.8576795669291338
20
0.3539172440944882
11
0.8558048031496063
21
0.3576667716535433
0
LINE
8
BLACK
6
CONTINUOUS
10
0.8558048031496063
20
0.3576667716535433
11
0.8557886614173228
21
0.3577088976377953
0
LINE
8
BLACK
6
CONTINUOUS
10
0.8557886614173228
20
0.3577088976377953
11
0.8557759842519684
21
0.3577260236220473
0
LINE
8
BLACK
6
CONTINUOUS
10
0.8557759842519684
20
0.3577260236220473
11
0.8556895275590551
21
0.3579679921259842
0
LINE
8
BLACK
6
CONTINUOUS
10
0.8556895275590551
20
0.3579679921259842
11
0.8555979133858268
21
0.3582074015748031
0
LINE
8
BLACK
6
CONTINUOUS
10
0.8555979133858268
20
0.3582074015748031
11
0.8555963779527559
21
0.3582286614173228
0
LINE
8
BLACK
6
CONTINUOUS
10
0.8555963779527559
20
0.3582286614173228
11
0.8555812204724409
21
0.3582711417322835
0
LINE
8
BLACK
6
CONTINUOUS
10
0.8555812204724409
20
0.3582711417322835
11
0.8537064566929133
21
0.3657701968503937
0
LINE
8
BLACK
6
CONTINUOUS
10
0.8537064566929133
20
0.3657701968503937
11
0.8536916535433071
21
0.3658700787401575
0
LINE
8
BLACK
6
CONTINUOUS
10
0.8536916535433071
20
0.3658700787401575
11
0.8536750393700787
21
0.3659102755905512
0
LINE
8
BLACK
6
CONTINUOUS
10
0.8536750393700787
20
0.3659102755905512
11
0.8536536614173228
21
0.3661273228346457
0
LINE
8
BLACK
6
CONTINUOUS
10
0.8536536614173228
20
0.3661273228346457
11
0.853621811023622
21
0.3663427952755905
0
LINE
8
BLACK
6
CONTINUOUS
10
0.853621811023622
20
0.3663427952755905
11
0.8536281889763779
21
0.3663858267716535
0
LINE
8
BLACK
6
CONTINUOUS
10
0.8536281889763779
20
0.3663858267716535
11
0.8536183070866141
21
0.3664863385826772
0
LINE
8
BLACK
6
CONTINUOUS
10
0.8536183070866141
20
0.3664863385826772
11
0.8536183070866141
21
0.3721106299212598
0
LINE
8
BLACK
6
CONTINUOUS
10
0.8536183070866141
20
0.3721106299212598
11
0.8536281889763779
21
0.3722111811023622
0
LINE
8
BLACK
6
CONTINUOUS
10
0.8536281889763779
20
0.3722111811023622
11
0.853621811023622
21
0.3722541732283465
0
LINE
8
BLACK
6
CONTINUOUS
10
0.853621811023622
20
0.3722541732283465
11
0.8536536614173228
21
0.3724696850393701
0
LINE
8
BLACK
6
CONTINUOUS
10
0.8536536614173228
20
0.3724696850393701
11
0.8536750393700787
21
0.3726866929133858
0
LINE
8
BLACK
6
CONTINUOUS
10
0.8536750393700787
20
0.3726866929133858
11
0.8536916535433071
21
0.3727269291338582
0
LINE
8
BLACK
6
CONTINUOUS
10
0.8536916535433071
20
0.3727269291338582
11
0.8537064566929133
21
0.3728267716535433
0
LINE
8
BLACK
6
CONTINUOUS
10
0.8537064566929133
20
0.3728267716535433
11
0.8555812204724409
21
0.3803258267716536
0
LINE
8
BLACK
6
CONTINUOUS
10
0.8555812204724409
20
0.3803258267716536
11
0.8555963779527559
21
0.3803683464566929
0
LINE
8
BLACK
6
CONTINUOUS
10
0.8555963779527559
20
0.3803683464566929
11
0.8555979133858268
21
0.3803895669291338
0
LINE
8
BLACK
6
CONTINUOUS
10
0.8555979133858268
20
0.3803895669291338
11
0.8556899212598424
21
0.3806300393700787
0
LINE
8
BLACK
6
CONTINUOUS
10
0.8556899212598424
20
0.3806300393700787
11
0.8557759842519684
21
0.3808709448818898
0
LINE
8
BLACK
6
CONTINUOUS
10
0.8557759842519684
20
0.3808709448818898
11
0.8557886614173228
21
0.3808881102362205
0
LINE
8
BLACK
6
CONTINUOUS
10
0.8557886614173228
20
0.3808881102362205
11
0.8558048031496063
21
0.3809301968503937
0
LINE
8
BLACK
6
CONTINUOUS
10
0.8558048031496063
20
0.3809301968503937
11
0.8576795669291338
21
0.3846797244094488
0
LINE
8
BLACK
6
CONTINUOUS
10
0.8576795669291338
20
0.3846797244094488
11
0.8578356299212598
21
0.3849277559055118
0
LINE
8
BLACK
6
CONTINUOUS
10
0.8578356299212598
20
0.3849277559055118
11
0.8578654724409449
21
0.38499968503937
0
LINE
8
BLACK
6
CONTINUOUS
10
0.8578654724409449
20
0.38499968503937
11
0.8579319291338583
21
0.3850806692913386
0
LINE
8
BLACK
6
CONTINUOUS
10
0.8579319291338583
20
0.3850806692913386
11
0.8579879133858268
21
0.3851696062992126
0
LINE
8
BLACK
6
CONTINUOUS
10
0.8579879133858268
20
0.3851696062992126
11
0.8580468897637795
21
0.3852207874015748
0
LINE
8
BLACK
6
CONTINUOUS
10
0.8580468897637795
20
0.3852207874015748
11
0.8582326771653543
21
0.385447125984252
0
LINE
8
BLACK
6
CONTINUOUS
10
0.8582326771653543
20
0.385447125984252
11
0.8619822047244095
21
0.3891966535433071
0
LINE
8
BLACK
6
CONTINUOUS
10
0.8619822047244095
20
0.3891966535433071
11
0.8624296456692914
21
0.3895638976377953
0
LINE
8
BLACK
6
CONTINUOUS
10
0.8624296456692914
20
0.3895638976377953
11
0.8625276771653543
21
0.3896045275590551
0
LINE
8
BLACK
6
CONTINUOUS
10
0.8625276771653543
20
0.3896045275590551
11
0.8626077952755905
21
0.3896739763779528
0
LINE
8
BLACK
6
CONTINUOUS
10
0.8626077952755905
20
0.3896739763779528
11
0.8631363779527559
21
0.3899099606299212
0
LINE
8
BLACK
6
CONTINUOUS
10
0.8631363779527559
20
0.3899099606299212
11
0.8687606299212598
21
0.3917847244094488
0
LINE
8
BLACK
6
CONTINUOUS
10
0.8687606299212598
20
0.3917847244094488
11
0.8690462598425197
21
0.3918496850393701
0
LINE
8
BLACK
6
CONTINUOUS
10
0.8690462598425197
20
0.3918496850393701
11
0.8691183464566929
21
0.3918795275590551
0
LINE
8
BLACK
6
CONTINUOUS
10
0.8691183464566929
20
0.3918795275590551
11
0.8692227952755905
21
0.391889842519685
0
LINE
8
BLACK
6
CONTINUOUS
10
0.8692227952755905
20
0.391889842519685
11
0.8693250787401574
21
0.3919130708661417
0
LINE
8
BLACK
6
CONTINUOUS
10
0.8693250787401574
20
0.3919130708661417
11
0.8694027952755905
21
0.3919075590551181
0
LINE
8
BLACK
6
CONTINUOUS
10
0.8694027952755905
20
0.3919075590551181
11
0.8696944094488189
21
0.3919362598425197
0
LINE
8
BLACK
6
CONTINUOUS
10
0.8696944094488189
20
0.3919362598425197
11
0.8753187007874016
21
0.3919362598425197
0
LINE
8
BLACK
6
CONTINUOUS
10
0.8753187007874016
20
0.3919362598425197
11
0.8758947637795276
21
0.3918795275590551
0
LINE
8
BLACK
6
CONTINUOUS
10
0.9131055511811024
20
0.3919075590551181
11
0.9131833070866141
21
0.3919130708661417
0
LINE
8
BLACK
6
CONTINUOUS
10
0.9131833070866141
20
0.3919130708661417
11
0.9132855511811023
21
0.391889842519685
0
LINE
8
BLACK
6
CONTINUOUS
10
0.9132855511811023
20
0.391889842519685
11
0.9133900787401574
21
0.3918795275590551
0
LINE
8
BLACK
6
CONTINUOUS
10
0.9133900787401574
20
0.3918795275590551
11
0.9134621653543307
21
0.3918496850393701
0
LINE
8
BLACK
6
CONTINUOUS
10
0.9134621653543307
20
0.3918496850393701
11
0.9137477559055118
21
0.3917847244094488
0
LINE
8
BLACK
6
CONTINUOUS
10
0.9137477559055118
20
0.3917847244094488
11
0.9193720472440945
21
0.3899099606299212
0
LINE
8
BLACK
6
CONTINUOUS
10
0.9193720472440945
20
0.3899099606299212
11
0.9199005905511811
21
0.3896739763779528
0
LINE
8
BLACK
6
CONTINUOUS
10
0.9199005905511811
20
0.3896739763779528
11
0.9207709448818897
21
0.388919094488189
0
LINE
8
BLACK
6
CONTINUOUS
10
0.9207709448818897
20
0.388919094488189
11
0.9212861811023622
21
0.3878886614173228
0
LINE
8
BLACK
6
CONTINUOUS
10
0.9212861811023622
20
0.3878886614173228
11
0.921367874015748
21
0.3867394488188976
0
LINE
8
BLACK
6
CONTINUOUS
10
0.921367874015748
20
0.3867394488188976
11
0.9210035433070866
21
0.3856464566929134
0
LINE
8
BLACK
6
CONTINUOUS
10
0.9210035433070866
20
0.3856464566929134
11
0.9202486614173229
21
0.384776062992126
0
LINE
8
BLACK
6
CONTINUOUS
10
0.9202486614173229
20
0.384776062992126
11
0.919218188976378
21
0.3842608661417323
0
LINE
8
BLACK
6
CONTINUOUS
10
0.919218188976378
20
0.3842608661417323
11
0.9180689763779527
21
0.3841791732283464
0
LINE
8
BLACK
6
CONTINUOUS
10
0.9180689763779527
20
0.3841791732283464
11
0.9175045275590551
21
0.3843075196850393
0
LINE
8
BLACK
6
CONTINUOUS
10
0.9175045275590551
20
0.3843075196850393
11
0.9123348818897637
21
0.3860307480314961
0
LINE
8
BLACK
6
CONTINUOUS
10
0.9123348818897637
20
0.3860307480314961
11
0.9041372440944881
21
0.3860307480314961
0
LINE
8
BLACK
6
CONTINUOUS
10
0.9041372440944881
20
0.3860307480314961
11
0.9014397637795275
21
0.3846820078740157
0
LINE
8
BLACK
6
CONTINUOUS
10
0.9014397637795275
20
0.3846820078740157
11
0.9002426377952756
21
0.3834848818897638
0
LINE
8
BLACK
6
CONTINUOUS
10
0.9002426377952756
20
0.3834848818897638
11
0.8988938976377953
21
0.3807874015748031
0
LINE
8
BLACK
6
CONTINUOUS
10
0.8988938976377953
20
0.3807874015748031
11
0.8988938976377953
21
0.378431968503937
0
LINE
8
BLACK
6
CONTINUOUS
10
0.8988938976377953
20
0.378431968503937
11
0.9002426377952756
21
0.3757344881889764
0
LINE
8
BLACK
6
CONTINUOUS
10
0.9002426377952756
20
0.3757344881889764
11
0.9014397637795275
21
0.3745373622047244
0
LINE
8
BLACK
6
CONTINUOUS
10
0.9014397637795275
20
0.3745373622047244
11
0.9044707480314961
21
0.3730218897637795
0
LINE
8
BLACK
6
CONTINUOUS
10
0.9044707480314961
20
0.3730218897637795
11
0.9116553937007874
21
0.3712257086614173
0
LINE
8
BLACK
6
CONTINUOUS
10
0.9116553937007874
20
0.3712257086614173
11
0.911697874015748
21
0.3712105511811024
0
LINE
8
BLACK
6
CONTINUOUS
10
0.911697874015748
20
0.3712105511811024
11
0.9117191338582677
21
0.3712090157480315
0
LINE
8
BLACK
6
CONTINUOUS
10
0.9117191338582677
20
0.3712090157480315
11
0.9119585433070866
21
0.3711174015748032
0
LINE
8
BLACK
6
CONTINUOUS
10
0.9119585433070866
20
0.3711174015748032
11
0.9122005118110236
21
0.3710309448818898
0
LINE
8
BLACK
6
CONTINUOUS
10
0.9122005118110236
20
0.3710309448818898
11
0.9122176377952755
21
0.3710182677165354
0
LINE
8
BLACK
6
CONTINUOUS
10
0.9122176377952755
20
0.3710182677165354
11
0.9122597637795276
21
0.371002125984252
0
LINE
8
BLACK
6
CONTINUOUS
10
0.9122597637795276
20
0.371002125984252
11
0.9160092913385827
21
0.3691273622047244
0
LINE
8
BLACK
6
CONTINUOUS
10
0.9160092913385827
20
0.3691273622047244
11
0.9162572834645669
21
0.3689712992125984
0
LINE
8
BLACK
6
CONTINUOUS
10
0.9162572834645669
20
0.3689712992125984
11
0.9163292519685039
21
0.3689414566929134
0
LINE
8
BLACK
6
CONTINUOUS
10
0.9163292519685039
20
0.3689414566929134
11
0.9164101968503937
21
0.368875
0
LINE
8
BLACK
6
CONTINUOUS
10
0.9164101968503937
20
0.368875
11
0.9164991732283464
21
0.3688190157480315
0
LINE
8
BLACK
6
CONTINUOUS
10
0.9164991732283464
20
0.3688190157480315
11
0.9165503149606299
21
0.3687600393700787
0
LINE
8
BLACK
6
CONTINUOUS
10
0.9165503149606299
20
0.3687600393700787
11
0.9167766929133858
21
0.3685742519685039
0
LINE
8
BLACK
6
CONTINUOUS
10
0.9167766929133858
20
0.3685742519685039
11
0.9186514566929134
21
0.3666994881889764
0
LINE
8
BLACK
6
CONTINUOUS
10
0.9186514566929134
20
0.3666994881889764
11
0.9188372047244094
21
0.3664731496062992
0
LINE
8
BLACK
6
CONTINUOUS
10
0.9188372047244094
20
0.3664731496062992
11
0.9188962204724409
21
0.366421968503937
0
LINE
8
BLACK
6
CONTINUOUS
10
0.9188962204724409
20
0.366421968503937
11
0.9189521653543307
21
0.366333031496063
0
LINE
8
BLACK
6
CONTINUOUS
10
0.9189521653543307
20
0.366333031496063
11
0.9190186614173228
21
0.3662520472440945
0
LINE
8
BLACK
6
CONTINUOUS
10
0.9190186614173228
20
0.3662520472440945
11
0.9190484645669291
21
0.3661801181102362
0
LINE
8
BLACK
6
CONTINUOUS
10
0.9190484645669291
20
0.3661801181102362
11
0.9192045669291339
21
0.3659320866141732
0
LINE
8
BLACK
6
CONTINUOUS
10
0.9192045669291339
20
0.3659320866141732
11
0.9210793307086614
21
0.3621825590551181
0
LINE
8
BLACK
6
CONTINUOUS
10
0.9210793307086614
20
0.3621825590551181
11
0.9212862204724409
21
0.361641968503937
0
LINE
8
BLACK
6
CONTINUOUS
10
0.9212862204724409
20
0.361641968503937
11
0.9212937401574803
21
0.3615361023622047
0
LINE
8
BLACK
6
CONTINUOUS
10
0.9212937401574803
20
0.3615361023622047
11
0.9213343307086614
21
0.3614381102362205
0
LINE
8
BLACK
6
CONTINUOUS
10
0.9213343307086614
20
0.3614381102362205
11
0.9213910629921259
21
0.3608620472440945
0
LINE
8
BLACK
6
CONTINUOUS
10
0.9213910629921259
20
0.3608620472440945
11
0.9213910629921259
21
0.3571125196850394
0
LINE
8
BLACK
6
CONTINUOUS
10
0.9213910629921259
20
0.3571125196850394
11
0.9213343307086614
21
0.3565364566929134
0
LINE
8
BLACK
6
CONTINUOUS
10
0.9213343307086614
20
0.3565364566929134
11
0.9212937401574803
21
0.3564385039370079
0
LINE
8
BLACK
6
CONTINUOUS
10
0.9212937401574803
20
0.3564385039370079
11
0.9212862204724409
21
0.3563325984251968
0
LINE
8
BLACK
6
CONTINUOUS
10
0.9212862204724409
20
0.3563325984251968
11
0.9210793307086614
21
0.3557920078740157
0
LINE
8
BLACK
6
CONTINUOUS
10
0.9210793307086614
20
0.3557920078740157
11
0.9192045669291339
21
0.3520424803149606
0
LINE
8
BLACK
6
CONTINUOUS
10
0.9192045669291339
20
0.3520424803149606
11
0.9190485039370079
21
0.3517946062992126
0
LINE
8
BLACK
6
CONTINUOUS
10
0.9190485039370079
20
0.3517946062992126
11
0.9190187007874016
21
0.3517225590551181
0
LINE
8
BLACK
6
CONTINUOUS
10
0.9190187007874016
20
0.3517225590551181
11
0.9189521653543307
21
0.3516415354330709
0
LINE
8
BLACK
6
CONTINUOUS
10
0.9189521653543307
20
0.3516415354330709
11
0.9188962204724409
21
0.3515525984251968
0
LINE
8
BLACK
6
CONTINUOUS
10
0.9188962204724409
20
0.3515525984251968
11
0.9188372047244094
21
0.3515014566929134
0
LINE
8
BLACK
6
CONTINUOUS
10
0.9188372047244094
20
0.3515014566929134
11
0.9186514566929134
21
0.3512750787401575
0
LINE
8
BLACK
6
CONTINUOUS
10
0.9186514566929134
20
0.3512750787401575
11
0.9167767322834646
21
0.3494003149606299
0
LINE
8
BLACK
6
CONTINUOUS
10
0.9167767322834646
20
0.3494003149606299
11
0.9165503543307086
21
0.3492145669291338
0
LINE
8
BLACK
6
CONTINUOUS
10
0.9165503543307086
20
0.3492145669291338
11
0.9164991732283464
21
0.3491555118110236
0
LINE
8
BLACK
6
CONTINUOUS
10
0.9164991732283464
20
0.3491555118110236
11
0.9164101968503937
21
0.3490995275590551
0
LINE
8
BLACK
6
CONTINUOUS
10
0.9164101968503937
20
0.3490995275590551
11
0.9163292519685039
21
0.3490330708661417
0
LINE
8
BLACK
6
CONTINUOUS
10
0.9163292519685039
20
0.3490330708661417
11
0.9162572834645669
21
0.3490032677165354
0
LINE
8
BLACK
6
CONTINUOUS
10
0.9162572834645669
20
0.3490032677165354
11
0.9160092913385827
21
0.3488471653543307
0
LINE
8
BLACK
6
CONTINUOUS
10
0.9160092913385827
20
0.3488471653543307
11
0.9122597637795276
21
0.3469724015748031
0
LINE
8
BLACK
6
CONTINUOUS
10
0.9122597637795276
20
0.3469724015748031
11
0.9117191338582677
21
0.3467655118110236
0
LINE
8
BLACK
6
CONTINUOUS
10
0.9117191338582677
20
0.3467655118110236
11
0.9116133070866141
21
0.346758031496063
0
LINE
8
BLACK
6
CONTINUOUS
10
0.9116133070866141
20
0.346758031496063
11
0.9115153149606299
21
0.3467174015748031
0
LINE
8
BLACK
6
CONTINUOUS
10
0.9115153149606299
20
0.3467174015748031
11
0.9109392519685039
21
0.3466606692913386
0
LINE
8
BLACK
6
CONTINUOUS
10
0.9109392519685039
20
0.3466606692913386
11
0.9015654330708661
21
0.3466606692913386
0
LINE
8
BLACK
6
CONTINUOUS
10
0.9015654330708661
20
0.3466606692913386
11
0.9012738188976378
21
0.3466894094488189
0
LINE
8
BLACK
6
CONTINUOUS
10
0.9012738188976378
20
0.3466894094488189
11
0.9011961023622047
21
0.3466838582677165
0
LINE
8
BLACK
6
CONTINUOUS
10
0.9011961023622047
20
0.3466838582677165
11
0.9010938188976377
21
0.346707125984252
0
LINE
8
BLACK
6
CONTINUOUS
10
0.9010938188976377
20
0.346707125984252
11
0.9009893700787401
21
0.3467174015748031
0
LINE
8
BLACK
6
CONTINUOUS
10
0.9009893700787401
20
0.3467174015748031
11
0.9009172834645669
21
0.3467472834645669
0
LINE
8
BLACK
6
CONTINUOUS
10
0.9009172834645669
20
0.3467472834645669
11
0.9006316535433071
21
0.3468122047244094
0
LINE
8
BLACK
6
CONTINUOUS
10
0.9006316535433071
20
0.3468122047244094
11
0.8950074015748031
21
0.348686968503937
0
LINE
8
BLACK
6
CONTINUOUS
10
0.8950074015748031
20
0.348686968503937
11
0.8944788188976378
21
0.3489229527559055
0
LINE
8
BLACK
6
CONTINUOUS
10
0.8944788188976378
20
0.3489229527559055
11
0.8936084645669291
21
0.3496778346456693
0
LINE
8
BLACK
6
CONTINUOUS
10
0.8936084645669291
20
0.3496778346456693
11
0.8930932677165354
21
0.3507082677165354
0
LINE
8
BLACK
6
CONTINUOUS
10
0.8930932677165354
20
0.3507082677165354
11
0.8930115748031496
21
0.3518574803149606
0
LINE
8
BLACK
6
CONTINUOUS
10
0.8930115748031496
20
0.3518574803149606
11
0.893375905511811
21
0.3529505118110236
0
LINE
8
BLACK
6
CONTINUOUS
10
0.893375905511811
20
0.3529505118110236
11
0.8941307874015748
21
0.3538208661417322
0
LINE
8
BLACK
6
CONTINUOUS
10
0.8941307874015748
20
0.3538208661417322
11
0.895161220472441
21
0.354336062992126
0
LINE
8
BLACK
6
CONTINUOUS
10
0.895161220472441
20
0.354336062992126
11
0.8963104330708661
21
0.3544177559055118
0
LINE
8
BLACK
6
CONTINUOUS
10
0.8963104330708661
20
0.3544177559055118
11
0.8968748818897637
21
0.3542894094488189
0
LINE
8
BLACK
6
CONTINUOUS
10
0.8968748818897637
20
0.3542894094488189
11
0.9020445669291338
21
0.3525661811023622
0
LINE
8
BLACK
6
CONTINUOUS
10
0.9020445669291338
20
0.3525661811023622
11
0.9102422047244094
21
0.3525661811023622
0
LINE
8
BLACK
6
CONTINUOUS
10
0.9102422047244094
20
0.3525661811023622
11
0.9129396456692913
21
0.3539149212598425
0
LINE
8
BLACK
6
CONTINUOUS
10
0.9129396456692913
20
0.3539149212598425
11
0.9141367716535432
21
0.3551120866141732
0
LINE
8
BLACK
6
CONTINUOUS
10
0.9141367716535432
20
0.3551120866141732
11
0.9154855511811023
21
0.3578095669291338
0
LINE
8
BLACK
6
CONTINUOUS
10
0.9154855511811023
20
0.3578095669291338
11
0.9154855511811023
21
0.360165
0
LINE
8
BLACK
6
CONTINUOUS
10
0.9154855511811023
20
0.360165
11
0.914136811023622
21
0.3628624803149606
0
LINE
8
BLACK
6
CONTINUOUS
10
0.914136811023622
20
0.3628624803149606
11
0.9129396850393701
21
0.3640596062992126
0
LINE
8
BLACK
6
CONTINUOUS
10
0.9129396850393701
20
0.3640596062992126
11
0.9099087007874016
21
0.3655751181102362
0
LINE
8
BLACK
6
CONTINUOUS
10
0.9099087007874016
20
0.3655751181102362
11
0.9027240551181103
21
0.3673712598425197
0
LINE
8
BLACK
6
CONTINUOUS
10
0.9027240551181103
20
0.3673712598425197
11
0.9026815354330708
21
0.3673864566929134
0
LINE
8
BLACK
6
CONTINUOUS
10
0.9026815354330708
20
0.3673864566929134
11
0.9026602755905512
21
0.3673879527559055
0
LINE
8
BLACK
6
CONTINUOUS
10
0.9026602755905512
20
0.3673879527559055
11
0.9024205118110236
21
0.3674797244094488
0
LINE
8
BLACK
6
CONTINUOUS
10
0.9024205118110236
20
0.3674797244094488
11
0.902178937007874
21
0.3675660236220472
0
LINE
8
BLACK
6
CONTINUOUS
10
0.902178937007874
20
0.3675660236220472
11
0.9021617716535433
21
0.3675787401574803
0
LINE
8
BLACK
6
CONTINUOUS
10
0.9021617716535433
20
0.3675787401574803
11
0.90211968503937
21
0.367594842519685
0
LINE
8
BLACK
6
CONTINUOUS
10
0.90211968503937
20
0.367594842519685
11
0.8983701574803149
21
0.3694696062992126
0
LINE
8
BLACK
6
CONTINUOUS
10
0.8983701574803149
20
0.3694696062992126
11
0.8981221259842519
21
0.3696257086614173
0
LINE
8
BLACK
6
CONTINUOUS
10
0.8981221259842519
20
0.3696257086614173
11
0.8980501968503937
21
0.3696555118110236
0
LINE
8
BLACK
6
CONTINUOUS
10
0.8980501968503937
20
0.3696555118110236
11
0.8979692125984252
21
0.3697220078740157
0
LINE
8
BLACK
6
CONTINUOUS
10
0.8979692125984252
20
0.3697220078740157
11
0.8978802755905512
21
0.3697779527559055
0
LINE
8
BLACK
6
CONTINUOUS
10
0.8978802755905512
20
0.3697779527559055
11
0.8978290944881889
21
0.369836968503937
0
LINE
8
BLACK
6
CONTINUOUS
10
0.8978290944881889
20
0.369836968503937
11
0.8976027559055118
21
0.3700227165354331
0
LINE
8
BLACK
6
CONTINUOUS
10
0.8976027559055118
20
0.3700227165354331
11
0.8957279921259842
21
0.3718974803149606
0
LINE
8
BLACK
6
CONTINUOUS
10
0.8957279921259842
20
0.3718974803149606
11
0.8955422047244094
21
0.3721238582677165
0
LINE
8
BLACK
6
CONTINUOUS
10
0.8955422047244094
20
0.3721238582677165
11
0.8954832283464567
21
0.372175
0
LINE
8
BLACK
6
CONTINUOUS
10
0.8954832283464567
20
0.372175
11
0.8954272440944882
21
0.3722639763779527
0
LINE
8
BLACK
6
CONTINUOUS
10
0.8954272440944882
20
0.3722639763779527
11
0.8953607874015748
21
0.3723449212598425
0
LINE
8
BLACK
6
CONTINUOUS
10
0.8953607874015748
20
0.3723449212598425
11
0.8953309448818897
21
0.3724168897637795
0
LINE
8
BLACK
6
CONTINUOUS
10
0.8953309448818897
20
0.3724168897637795
11
0.8951748818897638
21
0.3726648818897638
0
LINE
8
BLACK
6
CONTINUOUS
10
0.8951748818897638
20
0.3726648818897638
11
0.8933001181102362
21
0.3764144094488189
0
LINE
8
BLACK
6
CONTINUOUS
10
0.8933001181102362
20
0.3764144094488189
11
0.8930932283464567
21
0.3769550393700787
0
LINE
8
BLACK
6
CONTINUOUS
10
0.8930932283464567
20
0.3769550393700787
11
0.8930857086614173
21
0.3770608661417323
0
LINE
8
BLACK
6
CONTINUOUS
10
0.8930857086614173
20
0.3770608661417323
11
0.8930451181102362
21
0.3771588582677165
0
LINE
8
BLACK
6
CONTINUOUS
10
0.8930451181102362
20
0.3771588582677165
11
0.8929883858267716
21
0.3777349212598425
0
LINE
8
BLACK
6
CONTINUOUS
10
0.8929883858267716
20
0.3777349212598425
11
0.8929883858267716
21
0.3814844488188976
0
LINE
8
BLACK
6
CONTINUOUS
10
0.8929883858267716
20
0.3814844488188976
11
0.8930451181102362
21
0.3820605118110236
0
LINE
8
BLACK
6
CONTINUOUS
10
0.8930451181102362
20
0.3820605118110236
11
0.8930857086614173
21
0.3821585433070866
0
LINE
8
BLACK
6
CONTINUOUS
10
0.8930857086614173
20
0.3821585433070866
11
0.8930932283464567
21
0.3822643307086614
0
LINE
8
BLACK
6
CONTINUOUS
10
0.8930932283464567
20
0.3822643307086614
11
0.8933001181102362
21
0.3828049606299213
0
LINE
8
BLACK
6
CONTINUOUS
10
0.8933001181102362
20
0.3828049606299213
11
0.8951748818897638
21
0.3865544881889764
0
LINE
8
BLACK
6
CONTINUOUS
10
0.8951748818897638
20
0.3865544881889764
11
0.8953309448818897
21
0.3868025196850394
0
LINE
8
BLACK
6
CONTINUOUS
10
0.8953309448818897
20
0.3868025196850394
11
0.8953607874015748
21
0.3868744488188977
0
LINE
8
BLACK
6
CONTINUOUS
10
0.8953607874015748
20
0.3868744488188977
11
0.8954272440944882
21
0.3869554330708661
0
LINE
8
BLACK
6
CONTINUOUS
10
0.8954272440944882
20
0.3869554330708661
11
0.8954832283464567
21
0.3870443700787402
0
LINE
8
BLACK
6
CONTINUOUS
10
0.8954832283464567
20
0.3870443700787402
11
0.8955422047244094
21
0.3870955511811023
0
LINE
8
BLACK
6
CONTINUOUS
10
0.8955422047244094
20
0.3870955511811023
11
0.8957279921259842
21
0.3873218897637795
0
LINE
8
BLACK
6
CONTINUOUS
10
0.8957279921259842
20
0.3873218897637795
11
0.8976027559055118
21
0.3891966535433071
0
LINE
8
BLACK
6
CONTINUOUS
10
0.8976027559055118
20
0.3891966535433071
11
0.8978290944881889
21
0.3893824409448819
0
LINE
8
BLACK
6
CONTINUOUS
10
0.8978290944881889
20
0.3893824409448819
11
0.8978802755905512
21
0.3894414173228347
0
LINE
8
BLACK
6
CONTINUOUS
10
0.8978802755905512
20
0.3894414173228347
11
0.8979692125984252
21
0.3894974015748031
0
LINE
8
BLACK
6
CONTINUOUS
10
0.8979692125984252
20
0.3894974015748031
11
0.8980501968503937
21
0.3895638582677165
0
LINE
8
BLACK
6
CONTINUOUS
10
0.8980501968503937
20
0.3895638582677165
11
0.8981221259842519
21
0.3895937007874016
0
LINE
8
BLACK
6
CONTINUOUS
10
0.8981221259842519
20
0.3895937007874016
11
0.8983701574803149
21
0.3897497637795275
0
LINE
8
BLACK
6
CONTINUOUS
10
0.8983701574803149
20
0.3897497637795275
11
0.90211968503937
21
0.3916245275590551
0
LINE
8
BLACK
6
CONTINUOUS
10
0.90211968503937
20
0.3916245275590551
11
0.9026602755905512
21
0.3918314173228347
0
LINE
8
BLACK
6
CONTINUOUS
10
0.9026602755905512
20
0.3918314173228347
11
0.9027661417322834
21
0.3918389763779527
0
LINE
8
BLACK
6
CONTINUOUS
10
0.9027661417322834
20
0.3918389763779527
11
0.9028641338582677
21
0.3918795275590551
0
LINE
8
BLACK
6
CONTINUOUS
10
0.9028641338582677
20
0.3918795275590551
11
0.9034401968503937
21
0.3919362598425197
0
LINE
8
BLACK
6
CONTINUOUS
10
0.9034401968503937
20
0.3919362598425197
11
0.9128140157480314
21
0.3919362598425197
0
LINE
8
BLACK
6
CONTINUOUS
10
0.9128140157480314
20
0.3919362598425197
11
0.9131055511811024
21
0.3919075590551181
0
LINE
8
BLACK
6
CONTINUOUS
10
0.8019685826771653
20
0.3914386220472441
11
0.8027832283464567
21
0.3906239763779528
0
LINE
8
BLACK
6
CONTINUOUS
10
0.8027832283464567
20
0.3906239763779528
11
0.8032241338582677
21
0.3895595669291338
0
LINE
8
BLACK
6
CONTINUOUS
10
0.8032241338582677
20
0.3895595669291338
11
0.8032808661417322
21
0.3889835039370079
0
LINE
8
BLACK
6
CONTINUOUS
10
0.8032808661417322
20
0.3889835039370079
11
0.8032808661417322
21
0.3496134251968504
0
LINE
8
BLACK
6
CONTINUOUS
10
0.8032808661417322
20
0.3496134251968504
11
0.8032241338582677
21
0.3490373622047244
0
LINE
8
BLACK
6
CONTINUOUS
10
0.8032241338582677
20
0.3490373622047244
11
0.8027832283464567
21
0.3479729527559055
0
LINE
8
BLACK
6
CONTINUOUS
10
0.8027832283464567
20
0.3479729527559055
11
0.8019685826771653
21
0.3471583070866142
0
LINE
8
BLACK
6
CONTINUOUS
10
0.8019685826771653
20
0.3471583070866142
11
0.8009041732283464
21
0.3467174015748031
0
LINE
8
BLACK
6
CONTINUOUS
10
0.8009041732283464
20
0.3467174015748031
11
0.7997520472440944
21
0.3467174015748031
0
LINE
8
BLACK
6
CONTINUOUS
10
0.7997520472440944
20
0.3467174015748031
11
0.7986876377952755
21
0.3471583070866142
0
LINE
8
BLACK
6
CONTINUOUS
10
0.7986876377952755
20
0.3471583070866142
11
0.7978729921259843
21
0.3479729527559055
0
LINE
8
BLACK
6
CONTINUOUS
10
0.7978729921259843
20
0.3479729527559055
11
0.7974320866141732
21
0.3490373622047244
0
LINE
8
BLACK
6
CONTINUOUS
10
0.7974320866141732
20
0.3490373622047244
11
0.7973753543307086
21
0.3496134251968504
0
LINE
8
BLACK
6
CONTINUOUS
10
0.7973753543307086
20
0.3496134251968504
11
0.7973753543307086
21
0.3889835039370079
0
LINE
8
BLACK
6
CONTINUOUS
10
0.7973753543307086
20
0.3889835039370079
11
0.7974320866141732
21
0.3895595669291338
0
LINE
8
BLACK
6
CONTINUOUS
10
0.7974320866141732
20
0.3895595669291338
11
0.7978729921259843
21
0.3906239763779528
0
LINE
8
BLACK
6
CONTINUOUS
10
0.7978729921259843
20
0.3906239763779528
11
0.7986876377952755
21
0.3914386220472441
0
LINE
8
BLACK
6
CONTINUOUS
10
0.7986876377952755
20
0.3914386220472441
11
0.7997520472440944
21
0.3918795275590551
0
LINE
8
BLACK
6
CONTINUOUS
10
0.7997520472440944
20
0.3918795275590551
11
0.8009041732283464
21
0.3918795275590551
0
LINE
8
BLACK
6
CONTINUOUS
10
0.8009041732283464
20
0.3918795275590551
11
0.8019685826771653
21
0.3914386220472441
0
LINE
8
BLACK
6
CONTINUOUS
10
0.4269575984251968
20
0.3959438582677166
11
0.4269575984251968
21
0.3947385826771653
0
LINE
8
BLACK
6
CONTINUOUS
10
0.4269575984251968
20
0.3947385826771653
11
0.4266162204724409
21
0.3942276771653543
0
LINE
8
BLACK
6
CONTINUOUS
10
0.4266162204724409
20
0.3942276771653543
11
0.4259416929133858
21
0.3935531889763779
0
LINE
8
BLACK
6
CONTINUOUS
10
0.4259416929133858
20
0.3935531889763779
11
0.4252027165354331
21
0.3913361811023622
0
LINE
8
BLACK
6
CONTINUOUS
10
0.4252027165354331
20
0.3913361811023622
11
0.4252027165354331
21
0.3899724803149606
0
LINE
8
BLACK
6
CONTINUOUS
10
0.4252027165354331
20
0.3899724803149606
11
0.4259416929133858
21
0.3877555118110236
0
LINE
8
BLACK
6
CONTINUOUS
10
0.4259416929133858
20
0.3877555118110236
11
0.4273729133858268
21
0.3863242913385826
0
LINE
8
BLACK
6
CONTINUOUS
10
0.4273729133858268
20
0.3863242913385826
11
0.4288644881889764
21
0.3855785433070866
0
LINE
8
BLACK
6
CONTINUOUS
10
0.4288644881889764
20
0.3855785433070866
11
0.4322582677165354
21
0.3847300787401575
0
LINE
8
BLACK
6
CONTINUOUS
10
0.4322582677165354
20
0.3847300787401575
11
0.4346825984251969
21
0.3847300787401575
0
LINE
8
BLACK
6
CONTINUOUS
10
0.4346825984251969
20
0.3847300787401575
11
0.4380763385826771
21
0.3855785433070866
0
LINE
8
BLACK
6
CONTINUOUS
10
0.4380763385826771
20
0.3855785433070866
11
0.4395679133858267
21
0.3863243307086614
0
LINE
8
BLACK
6
CONTINUOUS
10
0.4395679133858267
20
0.3863243307086614
11
0.4409991732283464
21
0.3877555118110236
0
LINE
8
BLACK
6
CONTINUOUS
10
0.4409991732283464
20
0.3877555118110236
11
0.4417381496062992
21
0.3899724409448819
0
LINE
8
BLACK
6
CONTINUOUS
10
0.4417381496062992
20
0.3899724409448819
11
0.4417381496062992
21
0.3913362204724409
0
LINE
8
BLACK
6
CONTINUOUS
10
0.4417381496062992
20
0.3913362204724409
11
0.4409991732283464
21
0.3935531889763779
0
LINE
8
BLACK
6
CONTINUOUS
10
0.4409991732283464
20
0.3935531889763779
11
0.4403246456692913
21
0.3942276377952756
0
LINE
8
BLACK
6
CONTINUOUS
10
0.4403246456692913
20
0.3942276377952756
11
0.4399833070866142
21
0.3947385433070866
0
LINE
8
BLACK
6
CONTINUOUS
10
0.4399833070866142
20
0.3947385433070866
11
0.4399832677165354
21
0.3959438582677166
0
LINE
8
BLACK
6
CONTINUOUS
10
0.4399832677165354
20
0.3959438582677166
11
0.4408355118110236
21
0.3967961023622047
0
LINE
8
BLACK
6
CONTINUOUS
10
0.4408355118110236
20
0.3967961023622047
11
0.4420408267716535
21
0.3967961417322834
0
LINE
8
BLACK
6
CONTINUOUS
10
0.4420408267716535
20
0.3967961417322834
11
0.4425517322834646
21
0.3964548031496063
0
LINE
8
BLACK
6
CONTINUOUS
10
0.4425517322834646
20
0.3964548031496063
11
0.4434891338582677
21
0.3955174409448819
0
LINE
8
BLACK
6
CONTINUOUS
10
0.4434891338582677
20
0.3955174409448819
11
0.4435329921259842
21
0.3954517716535433
0
LINE
8
BLACK
6
CONTINUOUS
10
0.4435329921259842
20
0.3954517716535433
11
0.4435652755905511
21
0.3954356299212599
0
LINE
8
BLACK
6
CONTINUOUS
10
0.4435652755905511
20
0.3954356299212599
11
0.4436900393700787
21
0.3952167322834645
0
LINE
8
BLACK
6
CONTINUOUS
10
0.4436900393700787
20
0.3952167322834645
11
0.4438305118110236
21
0.3950065354330708
0
LINE
8
BLACK
6
CONTINUOUS
10
0.4438305118110236
20
0.3950065354330708
11
0.4438305118110236
21
0.3949703937007874
0
LINE
8
BLACK
6
CONTINUOUS
10
0.4438305118110236
20
0.3949703937007874
11
0.4438695669291339
21
0.3949018503937008
0
LINE
8
BLACK
6
CONTINUOUS
10
0.4438695669291339
20
0.3949018503937008
11
0.444806968503937
21
0.3920896456692913
0
LINE
8
BLACK
6
CONTINUOUS
10
0.444806968503937
20
0.3920896456692913
11
0.4448385039370079
21
0.3918391338582677
0
LINE
8
BLACK
6
CONTINUOUS
10
0.4448385039370079
20
0.3918391338582677
11
0.4448877559055118
21
0.3915916929133858
0
LINE
8
BLACK
6
CONTINUOUS
10
0.4448877559055118
20
0.3915916929133858
11
0.4448877559055118
21
0.3897169291338582
0
LINE
8
BLACK
6
CONTINUOUS
10
0.4448877559055118
20
0.3897169291338582
11
0.4448385039370079
21
0.3894695669291339
0
LINE
8
BLACK
6
CONTINUOUS
10
0.4448385039370079
20
0.3894695669291339
11
0.444806968503937
21
0.389218937007874
0
LINE
8
BLACK
6
CONTINUOUS
10
0.444806968503937
20
0.389218937007874
11
0.4438695669291339
21
0.3864068110236221
0
LINE
8
BLACK
6
CONTINUOUS
10
0.4438695669291339
20
0.3864068110236221
11
0.4438305118110236
21
0.3863383070866142
0
LINE
8
BLACK
6
CONTINUOUS
10
0.4438305118110236
20
0.3863383070866142
11
0.4438305118110236
21
0.386302125984252
0
LINE
8
BLACK
6
CONTINUOUS
10
0.4438305118110236
20
0.386302125984252
11
0.4436901181102362
21
0.3860920866141732
0
LINE
8
BLACK
6
CONTINUOUS
10
0.4436901181102362
20
0.3860920866141732
11
0.4435652755905511
21
0.3858729921259842
0
LINE
8
BLACK
6
CONTINUOUS
10
0.4435652755905511
20
0.3858729921259842
11
0.4435329527559055
21
0.3858568503937008
0
LINE
8
BLACK
6
CONTINUOUS
10
0.4435329527559055
20
0.3858568503937008
11
0.4434891338582677
21
0.3857912204724409
0
LINE
8
BLACK
6
CONTINUOUS
10
0.4434891338582677
20
0.3857912204724409
11
0.4416143307086614
21
0.3839164566929134
0
LINE
8
BLACK
6
CONTINUOUS
10
0.4416143307086614
20
0.3839164566929134
11
0.4414044094488189
21
0.3837762598425197
0
LINE
8
BLACK
6
CONTINUOUS
10
0.4414044094488189
20
0.3837762598425197
11
0.4412050787401575
21
0.3836214960629921
0
LINE
8
BLACK
6
CONTINUOUS
10
0.4412050787401575
20
0.3836214960629921
11
0.4393303149606299
21
0.382684094488189
0
LINE
8
BLACK
6
CONTINUOUS
10
0.4393303149606299
20
0.382684094488189
11
0.4391638976377953
21
0.3826385433070866
0
LINE
8
BLACK
6
CONTINUOUS
10
0.4391638976377953
20
0.3826385433070866
11
0.4390079527559055
21
0.382564842519685
0
LINE
8
BLACK
6
CONTINUOUS
10
0.4390079527559055
20
0.382564842519685
11
0.4352584251968504
21
0.3816274803149606
0
LINE
8
BLACK
6
CONTINUOUS
10
0.4352584251968504
20
0.3816274803149606
11
0.4350656692913386
21
0.3816181102362204
0
LINE
8
BLACK
6
CONTINUOUS
10
0.4350656692913386
20
0.3816181102362204
11
0.4348764960629921
21
0.3815804724409449
0
LINE
8
BLACK
6
CONTINUOUS
10
0.4348764960629921
20
0.3815804724409449
11
0.4320643700787402
21
0.3815804724409449
0
LINE
8
BLACK
6
CONTINUOUS
10
0.4320643700787402
20
0.3815804724409449
11
0.431875157480315
21
0.3816181102362204
0
LINE
8
BLACK
6
CONTINUOUS
10
0.431875157480315
20
0.3816181102362204
11
0.4316824409448819
21
0.3816274803149606
0
LINE
8
BLACK
6
CONTINUOUS
10
0.4316824409448819
20
0.3816274803149606
11
0.4279329133858268
21
0.382564842519685
0
LINE
8
BLACK
6
CONTINUOUS
10
0.4279329133858268
20
0.382564842519685
11
0.4277769291338582
21
0.3826385433070866
0
LINE
8
BLACK
6
CONTINUOUS
10
0.4277769291338582
20
0.3826385433070866
11
0.4276105511811024
21
0.382684094488189
0
LINE
8
BLACK
6
CONTINUOUS
10
0.4276105511811024
20
0.382684094488189
11
0.4257357874015748
21
0.3836214960629921
0
LINE
8
BLACK
6
CONTINUOUS
10
0.4257357874015748
20
0.3836214960629921
11
0.4255364173228346
21
0.3837762204724409
0
LINE
8
BLACK
6
CONTINUOUS
10
0.4255364173228346
20
0.3837762204724409
11
0.4253264960629921
21
0.3839164960629921
0
LINE
8
BLACK
6
CONTINUOUS
10
0.4253264960629921
20
0.3839164960629921
11
0.4234517716535433
21
0.3857912598425197
0
LINE
8
BLACK
6
CONTINUOUS
10
0.4234517716535433
20
0.3857912598425197
11
0.4234079527559055
21
0.3858568503937008
0
LINE
8
BLACK
6
CONTINUOUS
10
0.4234079527559055
20
0.3858568503937008
11
0.4233756299212598
21
0.3858729921259842
0
LINE
8
BLACK
6
CONTINUOUS
10
0.4233756299212598
20
0.3858729921259842
11
0.4232505905511811
21
0.3860923622047244
0
LINE
8
BLACK
6
CONTINUOUS
10
0.4232505905511811
20
0.3860923622047244
11
0.4231103937007874
21
0.3863021653543307
0
LINE
8
BLACK
6
CONTINUOUS
10
0.4231103937007874
20
0.3863021653543307
11
0.4231103937007874
21
0.3863383070866142
0
LINE
8
BLACK
6
CONTINUOUS
10
0.4231103937007874
20
0.3863383070866142
11
0.4230713385826771
21
0.3864068110236221
0
LINE
8
BLACK
6
CONTINUOUS
10
0.4230713385826771
20
0.3864068110236221
11
0.422133937007874
21
0.389218937007874
0
LINE
8
BLACK
6
CONTINUOUS
10
0.422133937007874
20
0.389218937007874
11
0.4221023622047244
21
0.3894692519685039
0
LINE
8
BLACK
6
CONTINUOUS
10
0.4221023622047244
20
0.3894692519685039
11
0.4220531102362204
21
0.3897169291338582
0
LINE
8
BLACK
6
CONTINUOUS
10
0.4220531102362204
20
0.3897169291338582
11
0.4220531102362204
21
0.3915916929133858
0
LINE
8
BLACK
6
CONTINUOUS
10
0.4220531102362204
20
0.3915916929133858
11
0.4221023622047244
21
0.3918394094488189
0
LINE
8
BLACK
6
CONTINUOUS
10
0.4221023622047244
20
0.3918394094488189
11
0.422133937007874
21
0.3920896850393701
0
LINE
8
BLACK
6
CONTINUOUS
10
0.422133937007874
20
0.3920896850393701
11
0.4230713385826771
21
0.3949018503937008
0
LINE
8
BLACK
6
CONTINUOUS
10
0.4230713385826771
20
0.3949018503937008
11
0.4231103937007874
21
0.3949703937007874
0
LINE
8
BLACK
6
CONTINUOUS
10
0.4231103937007874
20
0.3949703937007874
11
0.4231103937007874
21
0.3950064960629921
0
LINE
8
BLACK
6
CONTINUOUS
10
0.4231103937007874
20
0.3950064960629921
11
0.4232505905511811
21
0.3952163385826771
0
LINE
8
BLACK
6
CONTINUOUS
10
0.4232505905511811
20
0.3952163385826771
11
0.4233756299212598
21
0.3954356692913386
0
LINE
8
BLACK
6
CONTINUOUS
10
0.4233756299212598
20
0.3954356692913386
11
0.4234079527559055
21
0.3954518503937008
0
LINE
8
BLACK
6
CONTINUOUS
10
0.4234079527559055
20
0.3954518503937008
11
0.4234517716535433
21
0.3955174015748031
0
LINE
8
BLACK
6
CONTINUOUS
10
0.4234517716535433
20
0.3955174015748031
11
0.4243891338582677
21
0.3964547637795275
0
LINE
8
BLACK
6
CONTINUOUS
10
0.4243891338582677
20
0.3964547637795275
11
0.4249000393700788
21
0.3967961417322834
0
LINE
8
BLACK
6
CONTINUOUS
10
0.4249000393700788
20
0.3967961417322834
11
0.4261053149606299
21
0.3967961417322834
0
LINE
8
BLACK
6
CONTINUOUS
10
0.4261053149606299
20
0.3967961417322834
11
0.4269575984251968
21
0.3959438582677166
0
LINE
8
BLACK
6
CONTINUOUS
10
0.444767874015748
20
0.4146915354330709
11
0.4448877559055118
21
0.4140888976377953
0
LINE
8
BLACK
6
CONTINUOUS
10
0.4448877559055118
20
0.4140888976377953
11
0.4448877559055118
21
0.4028403149606299
0
LINE
8
BLACK
6
CONTINUOUS
10
0.4448877559055118
20
0.4028403149606299
11
0.444767874015748
21
0.4022376771653543
0
LINE
8
BLACK
6
CONTINUOUS
10
0.444767874015748
20
0.4022376771653543
11
0.4439155905511811
21
0.4013853937007874
0
LINE
8
BLACK
6
CONTINUOUS
10
0.4439155905511811
20
0.4013853937007874
11
0.4427103149606299
21
0.4013853937007874
0
LINE
8
BLACK
6
CONTINUOUS
10
0.4427103149606299
20
0.4013853937007874
11
0.441858031496063
21
0.4022376771653543
0
LINE
8
BLACK
6
CONTINUOUS
10
0.441858031496063
20
0.4022376771653543
11
0.4417381496062992
21
0.4028403149606299
0
LINE
8
BLACK
6
CONTINUOUS
10
0.4417381496062992
20
0.4028403149606299
11
0.4417381496062992
21
0.4068898031496063
0
LINE
8
BLACK
6
CONTINUOUS
10
0.4417381496062992
20
0.4068898031496063
11
0.4283672047244094
21
0.4068898031496063
0
LINE
8
BLACK
6
CONTINUOUS
10
0.4283672047244094
20
0.4068898031496063
11
0.4294283858267716
21
0.4058286614173228
0
LINE
8
BLACK
6
CONTINUOUS
10
0.4294283858267716
20
0.4058286614173228
11
0.4295687795275591
21
0.4056185433070866
0
LINE
8
BLACK
6
CONTINUOUS
10
0.4295687795275591
20
0.4056185433070866
11
0.4297233858267717
21
0.4054193307086614
0
LINE
8
BLACK
6
CONTINUOUS
10
0.4297233858267717
20
0.4054193307086614
11
0.4306607480314961
21
0.4035446062992126
0
LINE
8
BLACK
6
CONTINUOUS
10
0.4306607480314961
20
0.4035446062992126
11
0.430823031496063
21
0.402951968503937
0
LINE
8
BLACK
6
CONTINUOUS
10
0.430823031496063
20
0.402951968503937
11
0.4304418503937008
21
0.4018085039370078
0
LINE
8
BLACK
6
CONTINUOUS
10
0.4304418503937008
20
0.4018085039370078
11
0.4293638188976378
21
0.4012694881889763
0
LINE
8
BLACK
6
CONTINUOUS
10
0.4293638188976378
20
0.4012694881889763
11
0.4282203543307087
21
0.4016506692913386
0
LINE
8
BLACK
6
CONTINUOUS
10
0.4282203543307087
20
0.4016506692913386
11
0.4278436614173228
21
0.402136062992126
0
LINE
8
BLACK
6
CONTINUOUS
10
0.4278436614173228
20
0.402136062992126
11
0.4270205905511811
21
0.4037822047244095
0
LINE
8
BLACK
6
CONTINUOUS
10
0.4270205905511811
20
0.4037822047244095
11
0.425436811023622
21
0.4053660236220472
0
LINE
8
BLACK
6
CONTINUOUS
10
0.425436811023622
20
0.4053660236220472
11
0.4227543700787402
21
0.4071542913385827
0
LINE
8
BLACK
6
CONTINUOUS
10
0.4227543700787402
20
0.4071542913385827
11
0.4223194488188976
21
0.4075883070866141
0
LINE
8
BLACK
6
CONTINUOUS
10
0.4223194488188976
20
0.4075883070866141
11
0.4222876377952756
21
0.4077473228346457
0
LINE
8
BLACK
6
CONTINUOUS
10
0.4222876377952756
20
0.4077473228346457
11
0.4221729921259842
21
0.407861968503937
0
LINE
8
BLACK
6
CONTINUOUS
10
0.4221729921259842
20
0.407861968503937
11
0.4221729921259842
21
0.4083206299212598
0
LINE
8
BLACK
6
CONTINUOUS
10
0.4221729921259842
20
0.4083206299212598
11
0.4220830708661417
21
0.4087702362204724
0
LINE
8
BLACK
6
CONTINUOUS
10
0.4220830708661417
20
0.4087702362204724
11
0.4221729921259842
21
0.408905157480315
0
LINE
8
BLACK
6
CONTINUOUS
10
0.4221729921259842
20
0.408905157480315
11
0.4221729921259842
21
0.4090672440944882
0
LINE
8
BLACK
6
CONTINUOUS
10
0.4221729921259842
20
0.4090672440944882
11
0.4224972047244094
21
0.4093914960629921
0
LINE
8
BLACK
6
CONTINUOUS
10
0.4224972047244094
20
0.4093914960629921
11
0.4227516141732283
21
0.4097730708661417
0
LINE
8
BLACK
6
CONTINUOUS
10
0.4227516141732283
20
0.4097730708661417
11
0.4229105905511811
21
0.4098048818897638
0
LINE
8
BLACK
6
CONTINUOUS
10
0.4229105905511811
20
0.4098048818897638
11
0.4230252755905512
21
0.4099195275590551
0
LINE
8
BLACK
6
CONTINUOUS
10
0.4230252755905512
20
0.4099195275590551
11
0.4236279133858268
21
0.4100394094488189
0
LINE
8
BLACK
6
CONTINUOUS
10
0.4236279133858268
20
0.4100394094488189
11
0.4417381496062992
21
0.4100394094488189
0
LINE
8
BLACK
6
CONTINUOUS
10
0.4417381496062992
20
0.4100394094488189
11
0.4417381496062992
21
0.4140888976377953
0
LINE
8
BLACK
6
CONTINUOUS
10
0.4417381496062992
20
0.4140888976377953
11
0.441858031496063
21
0.4146915354330709
0
LINE
8
BLACK
6
CONTINUOUS
10
0.441858031496063
20
0.4146915354330709
11
0.4427103149606299
21
0.4155438188976378
0
LINE
8
BLACK
6
CONTINUOUS
10
0.4427103149606299
20
0.4155438188976378
11
0.4439155905511811
21
0.4155438188976378
0
LINE
8
BLACK
6
CONTINUOUS
10
0.4439155905511811
20
0.4155438188976378
11
0.444767874015748
21
0.4146915354330709
0
LINE
8
BLACK
6
CONTINUOUS
10
0.4597296850393701
20
0.4398107874015748
11
0.4607950393700787
21
0.4387454330708661
0
LINE
8
BLACK
6
CONTINUOUS
10
0.4607950393700787
20
0.4387454330708661
11
0.4609448818897638
21
0.437992125984252
0
LINE
8
BLACK
6
CONTINUOUS
10
0.4609448818897638
20
0.437992125984252
11
0.4609448818897638
21
0.359251968503937
0
LINE
8
BLACK
6
CONTINUOUS
10
0.4609448818897638
20
0.359251968503937
11
0.4607950393700787
21
0.3584986614173228
0
LINE
8
BLACK
6
CONTINUOUS
10
0.4607950393700787
20
0.3584986614173228
11
0.4597296850393701
21
0.3574333070866141
0
LINE
8
BLACK
6
CONTINUOUS
10
0.4597296850393701
20
0.3574333070866141
11
0.4589763779527559
21
0.3572834645669291
0
LINE
8
BLACK
6
CONTINUOUS
10
0.4589763779527559
20
0.3572834645669291
11
0.409763779527559
21
0.3572834645669291
0
LINE
8
BLACK
6
CONTINUOUS
10
0.409763779527559
20
0.3572834645669291
11
0.4090104724409449
21
0.3574333070866141
0
LINE
8
BLACK
6
CONTINUOUS
10
0.4090104724409449
20
0.3574333070866141
11
0.4079451181102362
21
0.3584986614173228
0
LINE
8
BLACK
6
CONTINUOUS
10
0.4079451181102362
20
0.3584986614173228
11
0.4077952755905512
21
0.359251968503937
0
LINE
8
BLACK
6
CONTINUOUS
10
0.4077952755905512
20
0.359251968503937
11
0.4077952755905512
21
0.437992125984252
0
LINE
8
BLACK
6
CONTINUOUS
10
0.4077952755905512
20
0.437992125984252
11
0.4079451181102362
21
0.4387454330708661
0
LINE
8
BLACK
6
CONTINUOUS
10
0.4079451181102362
20
0.4387454330708661
11
0.4090104724409449
21
0.4398107874015748
0
LINE
8
BLACK
6
CONTINUOUS
10
0.4090104724409449
20
0.4398107874015748
11
0.409763779527559
21
0.4399606299212598
0
LINE
8
BLACK
6
CONTINUOUS
10
0.409763779527559
20
0.4399606299212598
11
0.4589763779527559
21
0.4399606299212598
0
LINE
8
BLACK
6
CONTINUOUS
10
0.4589763779527559
20
0.4399606299212598
11
0.4597296850393701
21
0.4398107874015748
0
LINE
8
BLACK
6
CONTINUOUS
10
0.4117322834645669
20
0.4360236220472441
11
0.4117322834645669
21
0.3612204724409449
0
LINE
8
BLACK
6
CONTINUOUS
10
0.4117322834645669
20
0.3612204724409449
11
0.457007874015748
21
0.3612204724409449
0
LINE
8
BLACK
6
CONTINUOUS
10
0.457007874015748
20
0.3612204724409449
11
0.457007874015748
21
0.4360236220472441
0
LINE
8
BLACK
6
CONTINUOUS
10
0.457007874015748
20
0.4360236220472441
11
0.4117322834645669
21
0.4360236220472441
0
LINE
8
BLACK
6
CONTINUOUS
10
0.3586296850393701
20
0.3994344094488189
11
0.3587795275590551
21
0.3986811023622047
0
LINE
8
BLACK
6
CONTINUOUS
10
0.3587795275590551
20
0.3986811023622047
11
0.3587795275590551
21
0.394744094488189
0
LINE
8
BLACK
6
CONTINUOUS
10
0.3587795275590551
20
0.394744094488189
11
0.3646850393700787
21
0.394744094488189
0
LINE
8
BLACK
6
CONTINUOUS
10
0.3646850393700787
20
0.394744094488189
11
0.3649703937007874
21
0.3946873622047244
0
LINE
8
BLACK
6
CONTINUOUS
10
0.3649703937007874
20
0.3946873622047244
11
0.3650670472440945
21
0.3947066535433071
0
LINE
8
BLACK
6
CONTINUOUS
10
0.3650670472440945
20
0.3947066535433071
11
0.3651494488188976
21
0.3946517322834646
0
LINE
8
BLACK
6
CONTINUOUS
10
0.3651494488188976
20
0.3946517322834646
11
0.3654383464566929
21
0.394594251968504
0
LINE
8
BLACK
6
CONTINUOUS
10
0.3654383464566929
20
0.394594251968504
11
0.3658437007874016
21
0.3941888976377952
0
LINE
8
BLACK
6
CONTINUOUS
10
0.3658437007874016
20
0.3941888976377952
11
0.3663206299212599
21
0.3938709448818897
0
LINE
8
BLACK
6
CONTINUOUS
10
0.3663206299212599
20
0.3938709448818897
11
0.3663603543307086
21
0.3936722440944882
0
LINE
8
BLACK
6
CONTINUOUS
10
0.3663603543307086
20
0.3936722440944882
11
0.3665037007874016
21
0.3935288976377952
0
LINE
8
BLACK
6
CONTINUOUS
10
0.3665037007874016
20
0.3935288976377952
11
0.3665037007874016
21
0.3929555905511811
0
LINE
8
BLACK
6
CONTINUOUS
10
0.3665037007874016
20
0.3929555905511811
11
0.3666161023622047
21
0.3923935826771653
0
LINE
8
BLACK
6
CONTINUOUS
10
0.3666161023622047
20
0.3923935826771653
11
0.3665037007874016
21
0.3921214173228346
0
LINE
8
BLACK
6
CONTINUOUS
10
0.3665037007874016
20
0.3921214173228346
11
0.3665037007874016
21
0.3920222834645669
0
LINE
8
BLACK
6
CONTINUOUS
10
0.3665037007874016
20
0.3920222834645669
11
0.366433937007874
21
0.3919525590551181
0
LINE
8
BLACK
6
CONTINUOUS
10
0.366433937007874
20
0.3919525590551181
11
0.3663229133858268
21
0.3916836614173228
0
LINE
8
BLACK
6
CONTINUOUS
10
0.3663229133858268
20
0.3916836614173228
11
0.3604892125984252
21
0.3829330708661417
0
LINE
8
BLACK
6
CONTINUOUS
10
0.3604892125984252
20
0.3829330708661417
11
0.3646850393700787
21
0.3829330708661417
0
LINE
8
BLACK
6
CONTINUOUS
10
0.3646850393700787
20
0.3829330708661417
11
0.3654383464566929
21
0.3827832283464567
0
LINE
8
BLACK
6
CONTINUOUS
10
0.3654383464566929
20
0.3827832283464567
11
0.3665037007874016
21
0.381717874015748
0
LINE
8
BLACK
6
CONTINUOUS
10
0.3665037007874016
20
0.381717874015748
11
0.3665037007874016
21
0.3802112598425197
0
LINE
8
BLACK
6
CONTINUOUS
10
0.3665037007874016
20
0.3802112598425197
11
0.3654383464566929
21
0.379145905511811
0
LINE
8
BLACK
6
CONTINUOUS
10
0.3654383464566929
20
0.379145905511811
11
0.3646850393700787
21
0.378996062992126
0
LINE
8
BLACK
6
CONTINUOUS
10
0.3646850393700787
20
0.378996062992126
11
0.3587795275590551
21
0.378996062992126
0
LINE
8
BLACK
6
CONTINUOUS
10
0.3587795275590551
20
0.378996062992126
11
0.3587795275590551
21
0.3750590551181102
0
LINE
8
BLACK
6
CONTINUOUS
10
0.3587795275590551
20
0.3750590551181102
11
0.3586296850393701
21
0.3743057480314961
0
LINE
8
BLACK
6
CONTINUOUS
10
0.3586296850393701
20
0.3743057480314961
11
0.3575643307086614
21
0.3732403937007874
0
LINE
8
BLACK
6
CONTINUOUS
10
0.3575643307086614
20
0.3732403937007874
11
0.3560577165354331
21
0.3732403937007874
0
LINE
8
BLACK
6
CONTINUOUS
10
0.3560577165354331
20
0.3732403937007874
11
0.3549923622047244
21
0.3743057480314961
0
LINE
8
BLACK
6
CONTINUOUS
10
0.3549923622047244
20
0.3743057480314961
11
0.3548425196850394
21
0.3750590551181102
0
LINE
8
BLACK
6
CONTINUOUS
10
0.3548425196850394
20
0.3750590551181102
11
0.3548425196850394
21
0.378996062992126
0
LINE
8
BLACK
6
CONTINUOUS
10
0.3548425196850394
20
0.378996062992126
11
0.3489370078740157
21
0.378996062992126
0
LINE
8
BLACK
6
CONTINUOUS
10
0.3489370078740157
20
0.378996062992126
11
0.3481837007874016
21
0.379145905511811
0
LINE
8
BLACK
6
CONTINUOUS
10
0.3481837007874016
20
0.379145905511811
11
0.3471183464566929
21
0.3802112598425197
0
LINE
8
BLACK
6
CONTINUOUS
10
0.3471183464566929
20
0.3802112598425197
11
0.3471183464566929
21
0.381717874015748
0
LINE
8
BLACK
6
CONTINUOUS
10
0.3471183464566929
20
0.381717874015748
11
0.3481837007874016
21
0.3827832283464567
0
LINE
8
BLACK
6
CONTINUOUS
10
0.3481837007874016
20
0.3827832283464567
11
0.3489370078740157
21
0.3829330708661417
0
LINE
8
BLACK
6
CONTINUOUS
10
0.3489370078740157
20
0.3829330708661417
11
0.3531328346456693
21
0.3829330708661417
0
LINE
8
BLACK
6
CONTINUOUS
10
0.3531328346456693
20
0.3829330708661417
11
0.347299094488189
21
0.3916836614173228
0
LINE
8
BLACK
6
CONTINUOUS
10
0.347299094488189
20
0.3916836614173228
11
0.347188031496063
21
0.3919525984251969
0
LINE
8
BLACK
6
CONTINUOUS
10
0.347188031496063
20
0.3919525984251969
11
0.3471183464566929
21
0.3920222834645669
0
LINE
8
BLACK
6
CONTINUOUS
10
0.3471183464566929
20
0.3920222834645669
11
0.3471183464566929
21
0.3921214173228346
0
LINE
8
BLACK
6
CONTINUOUS
10
0.3471183464566929
20
0.3921214173228346
11
0.3470059448818897
21
0.3923935826771653
0
LINE
8
BLACK
6
CONTINUOUS
10
0.3470059448818897
20
0.3923935826771653
11
0.3471183464566929
21
0.3929555905511811
0
LINE
8
BLACK
6
CONTINUOUS
10
0.3471183464566929
20
0.3929555905511811
11
0.3471183464566929
21
0.3935288976377952
0
LINE
8
BLACK
6
CONTINUOUS
10
0.3471183464566929
20
0.3935288976377952
11
0.3472616535433071
21
0.3936722440944882
0
LINE
8
BLACK
6
CONTINUOUS
10
0.3472616535433071
20
0.3936722440944882
11
0.3473014173228346
21
0.3938709448818897
0
LINE
8
BLACK
6
CONTINUOUS
10
0.3473014173228346
20
0.3938709448818897
11
0.3477783070866142
21
0.3941888976377952
0
LINE
8
BLACK
6
CONTINUOUS
10
0.3477783070866142
20
0.3941888976377952
11
0.3481837007874016
21
0.394594251968504
0
LINE
8
BLACK
6
CONTINUOUS
10
0.3481837007874016
20
0.394594251968504
11
0.3484725590551181
21
0.3946517322834646
0
LINE
8
BLACK
6
CONTINUOUS
10
0.3484725590551181
20
0.3946517322834646
11
0.348555
21
0.3947066535433071
0
LINE
8
BLACK
6
CONTINUOUS
10
0.348555
20
0.3947066535433071
11
0.3486516141732283
21
0.3946873622047244
0
LINE
8
BLACK
6
CONTINUOUS
10
0.3486516141732283
20
0.3946873622047244
11
0.3489370078740157
21
0.394744094488189
0
LINE
8
BLACK
6
CONTINUOUS
10
0.3489370078740157
20
0.394744094488189
11
0.3548425196850394
21
0.394744094488189
0
LINE
8
BLACK
6
CONTINUOUS
10
0.3548425196850394
20
0.394744094488189
11
0.3548425196850394
21
0.3986811023622047
0
LINE
8
BLACK
6
CONTINUOUS
10
0.3548425196850394
20
0.3986811023622047
11
0.3549923622047244
21
0.3994344094488189
0
LINE
8
BLACK
6
CONTINUOUS
10
0.3549923622047244
20
0.3994344094488189
11
0.3560577165354331
21
0.4004997637795276
0
LINE
8
BLACK
6
CONTINUOUS
10
0.3560577165354331
20
0.4004997637795276
11
0.3575643307086614
21
0.4004997637795276
0
LINE
8
BLACK
6
CONTINUOUS
10
0.3575643307086614
20
0.4004997637795276
11
0.3586296850393701
21
0.3994344094488189
0
LINE
8
BLACK
6
CONTINUOUS
10
0.3526151968503937
20
0.3908070866141732
11
0.3568109842519685
21
0.3845133464566929
0
LINE
8
BLACK
6
CONTINUOUS
10
0.3568109842519685
20
0.3845133464566929
11
0.3610068503937008
21
0.3908070866141732
0
LINE
8
BLACK
6
CONTINUOUS
10
0.3610068503937008
20
0.3908070866141732
11
0.3526151968503937
21
0.3908070866141732
0
LINE
8
BLACK
6
CONTINUOUS
10
0.3752808661417323
20
0.4162477952755905
11
0.3763462204724409
21
0.4151824409448819
0
LINE
8
BLACK
6
CONTINUOUS
10
0.3763462204724409
20
0.4151824409448819
11
0.376496062992126
21
0.4144291338582677
0
LINE
8
BLACK
6
CONTINUOUS
10
0.376496062992126
20
0.4144291338582677
11
0.376496062992126
21
0.363248031496063
0
LINE
8
BLACK
6
CONTINUOUS
10
0.376496062992126
20
0.363248031496063
11
0.3763462204724409
21
0.3624947244094488
0
LINE
8
BLACK
6
CONTINUOUS
10
0.3763462204724409
20
0.3624947244094488
11
0.3752808661417323
21
0.3614293700787402
0
LINE
8
BLACK
6
CONTINUOUS
10
0.3752808661417323
20
0.3614293700787402
11
0.3745275590551181
21
0.3612795275590551
0
LINE
8
BLACK
6
CONTINUOUS
10
0.3745275590551181
20
0.3612795275590551
11
0.3390944881889764
21
0.3612795275590551
0
LINE
8
BLACK
6
CONTINUOUS
10
0.3390944881889764
20
0.3612795275590551
11
0.3383411811023622
21
0.3614293700787402
0
LINE
8
BLACK
6
CONTINUOUS
10
0.3383411811023622
20
0.3614293700787402
11
0.3372758267716535
21
0.3624947244094488
0
LINE
8
BLACK
6
CONTINUOUS
10
0.3372758267716535
20
0.3624947244094488
11
0.3371259842519685
21
0.363248031496063
0
LINE
8
BLACK
6
CONTINUOUS
10
0.3371259842519685
20
0.363248031496063
11
0.3371259842519685
21
0.4144291338582677
0
LINE
8
BLACK
6
CONTINUOUS
10
0.3371259842519685
20
0.4144291338582677
11
0.3372758267716535
21
0.4151824409448819
0
LINE
8
BLACK
6
CONTINUOUS
10
0.3372758267716535
20
0.4151824409448819
11
0.3383411811023622
21
0.4162477952755905
0
LINE
8
BLACK
6
CONTINUOUS
10
0.3383411811023622
20
0.4162477952755905
11
0.3390944881889764
21
0.4163976377952756
0
LINE
8
BLACK
6
CONTINUOUS
10
0.3390944881889764
20
0.4163976377952756
11
0.3745275590551181
21
0.4163976377952756
0
LINE
8
BLACK
6
CONTINUOUS
10
0.3745275590551181
20
0.4163976377952756
11
0.3752808661417323
21
0.4162477952755905
0
LINE
8
BLACK
6
CONTINUOUS
10
0.3410629921259842
20
0.4124606299212598
11
0.3410629921259842
21
0.3652165354330709
0
LINE
8
BLACK
6
CONTINUOUS
10
0.3410629921259842
20
0.3652165354330709
11
0.3725590551181102
21
0.3652165354330709
0
LINE
8
BLACK
6
CONTINUOUS
10
0.3725590551181102
20
0.3652165354330709
11
0.3725590551181102
21
0.4124606299212598
0
LINE
8
BLACK
6
CONTINUOUS
10
0.3725590551181102
20
0.4124606299212598
11
0.3410629921259842
21
0.4124606299212598
0
LINE
8
BLACK
6
CONTINUOUS
10
0.7338466929133858
20
0.5025557874015748
11
0.7348380708661417
21
0.5019688188976378
0
LINE
8
BLACK
6
CONTINUOUS
10
0.7348380708661417
20
0.5019688188976378
11
0.7355293700787401
21
0.5010471259842519
0
LINE
8
BLACK
6
CONTINUOUS
10
0.7355293700787401
20
0.5010471259842519
11
0.7358152755905512
21
0.499931062992126
0
LINE
8
BLACK
6
CONTINUOUS
10
0.7358152755905512
20
0.499931062992126
11
0.7356523622047244
21
0.4987905511811023
0
LINE
8
BLACK
6
CONTINUOUS
10
0.7356523622047244
20
0.4987905511811023
11
0.7350653543307086
21
0.4977991732283464
0
LINE
8
BLACK
6
CONTINUOUS
10
0.7350653543307086
20
0.4977991732283464
11
0.7346385433070866
21
0.4974081496062992
0
LINE
8
BLACK
6
CONTINUOUS
10
0.7346385433070866
20
0.4974081496062992
11
0.7223640157480314
21
0.4882023228346457
0
LINE
8
BLACK
6
CONTINUOUS
10
0.7223640157480314
20
0.4882023228346457
11
0.7228413385826772
21
0.487725
0
LINE
8
BLACK
6
CONTINUOUS
10
0.7228413385826772
20
0.487725
11
0.7328668897637796
21
0.487725
0
LINE
8
BLACK
6
CONTINUOUS
10
0.7328668897637796
20
0.487725
11
0.7334429527559055
21
0.4876682677165354
0
LINE
8
BLACK
6
CONTINUOUS
10
0.7334429527559055
20
0.4876682677165354
11
0.7345073622047243
21
0.4872273622047244
0
LINE
8
BLACK
6
CONTINUOUS
10
0.7345073622047243
20
0.4872273622047244
11
0.7353220078740157
21
0.4864127165354331
0
LINE
8
BLACK
6
CONTINUOUS
10
0.7353220078740157
20
0.4864127165354331
11
0.7357629133858268
21
0.4853483070866141
0
LINE
8
BLACK
6
CONTINUOUS
10
0.7357629133858268
20
0.4853483070866141
11
0.7357629133858268
21
0.4841961811023622
0
LINE
8
BLACK
6
CONTINUOUS
10
0.7357629133858268
20
0.4841961811023622
11
0.7353220078740157
21
0.4831317716535433
0
LINE
8
BLACK
6
CONTINUOUS
10
0.7353220078740157
20
0.4831317716535433
11
0.7345073622047243
21
0.482317125984252
0
LINE
8
BLACK
6
CONTINUOUS
10
0.7345073622047243
20
0.482317125984252
11
0.7334429527559055
21
0.4818762204724409
0
LINE
8
BLACK
6
CONTINUOUS
10
0.7334429527559055
20
0.4818762204724409
11
0.7328668897637796
21
0.4818194881889764
0
LINE
8
BLACK
6
CONTINUOUS
10
0.7328668897637796
20
0.4818194881889764
11
0.7213582677165354
21
0.4818194881889764
0
LINE
8
BLACK
6
CONTINUOUS
10
0.7213582677165354
20
0.4818194881889764
11
0.7213582677165354
21
0.4700705905511811
0
LINE
8
BLACK
6
CONTINUOUS
10
0.7213582677165354
20
0.4700705905511811
11
0.726083937007874
21
0.4688891732283464
0
LINE
8
BLACK
6
CONTINUOUS
10
0.726083937007874
20
0.4688891732283464
11
0.7261264173228347
21
0.4688740157480315
0
LINE
8
BLACK
6
CONTINUOUS
10
0.7261264173228347
20
0.4688740157480315
11
0.7261476771653543
21
0.4688724803149606
0
LINE
8
BLACK
6
CONTINUOUS
10
0.7261476771653543
20
0.4688724803149606
11
0.7263870866141732
21
0.4687808661417323
0
LINE
8
BLACK
6
CONTINUOUS
10
0.7263870866141732
20
0.4687808661417323
11
0.7266290551181103
21
0.4686944094488189
0
LINE
8
BLACK
6
CONTINUOUS
10
0.7266290551181103
20
0.4686944094488189
11
0.7266461811023622
21
0.4686817322834645
0
LINE
8
BLACK
6
CONTINUOUS
10
0.7266461811023622
20
0.4686817322834645
11
0.7266883070866141
21
0.4686655905511811
0
LINE
8
BLACK
6
CONTINUOUS
10
0.7266883070866141
20
0.4686655905511811
11
0.7304378346456692
21
0.4667908267716535
0
LINE
8
BLACK
6
CONTINUOUS
10
0.7304378346456692
20
0.4667908267716535
11
0.7306857086614174
21
0.4666348031496063
0
LINE
8
BLACK
6
CONTINUOUS
10
0.7306857086614174
20
0.4666348031496063
11
0.7307577559055118
21
0.4666049606299212
0
LINE
8
BLACK
6
CONTINUOUS
10
0.7307577559055118
20
0.4666049606299212
11
0.730838779527559
21
0.4665384645669291
0
LINE
8
BLACK
6
CONTINUOUS
10
0.730838779527559
20
0.4665384645669291
11
0.7309277165354331
21
0.4664824803149606
0
LINE
8
BLACK
6
CONTINUOUS
10
0.7309277165354331
20
0.4664824803149606
11
0.7309788582677165
21
0.4664235039370079
0
LINE
8
BLACK
6
CONTINUOUS
10
0.7309788582677165
20
0.4664235039370079
11
0.7312051968503936
21
0.4662377559055118
0
LINE
8
BLACK
6
CONTINUOUS
10
0.7312051968503936
20
0.4662377559055118
11
0.73308
21
0.4643629921259843
0
LINE
8
BLACK
6
CONTINUOUS
10
0.73308
20
0.4643629921259843
11
0.733265748031496
21
0.4641366535433071
0
LINE
8
BLACK
6
CONTINUOUS
10
0.733265748031496
20
0.4641366535433071
11
0.7333248031496062
21
0.4640854330708661
0
LINE
8
BLACK
6
CONTINUOUS
10
0.7333248031496062
20
0.4640854330708661
11
0.7333807874015748
21
0.4639964960629921
0
LINE
8
BLACK
6
CONTINUOUS
10
0.7333807874015748
20
0.4639964960629921
11
0.7334472440944881
21
0.4639155118110236
0
LINE
8
BLACK
6
CONTINUOUS
10
0.7334472440944881
20
0.4639155118110236
11
0.7334770472440945
21
0.4638435826771654
0
LINE
8
BLACK
6
CONTINUOUS
10
0.7334770472440945
20
0.4638435826771654
11
0.7336331496062992
21
0.4635955511811023
0
LINE
8
BLACK
6
CONTINUOUS
10
0.7336331496062992
20
0.4635955511811023
11
0.7355079133858268
21
0.4598460236220472
0
LINE
8
BLACK
6
CONTINUOUS
10
0.7355079133858268
20
0.4598460236220472
11
0.7357148031496062
21
0.4593054330708661
0
LINE
8
BLACK
6
CONTINUOUS
10
0.7357148031496062
20
0.4593054330708661
11
0.7357223228346457
21
0.4591995669291338
0
LINE
8
BLACK
6
CONTINUOUS
10
0.7357223228346457
20
0.4591995669291338
11
0.7357629133858268
21
0.4591015748031496
0
LINE
8
BLACK
6
CONTINUOUS
10
0.7357629133858268
20
0.4591015748031496
11
0.7358196456692914
21
0.4585255118110236
0
LINE
8
BLACK
6
CONTINUOUS
10
0.7358196456692914
20
0.4585255118110236
11
0.7358196456692914
21
0.4547759842519685
0
LINE
8
BLACK
6
CONTINUOUS
10
0.7358196456692914
20
0.4547759842519685
11
0.7357629133858268
21
0.4541999212598425
0
LINE
8
BLACK
6
CONTINUOUS
10
0.7357629133858268
20
0.4541999212598425
11
0.7357223228346457
21
0.454101968503937
0
LINE
8
BLACK
6
CONTINUOUS
10
0.7357223228346457
20
0.454101968503937
11
0.7357148031496062
21
0.453996062992126
0
LINE
8
BLACK
6
CONTINUOUS
10
0.7357148031496062
20
0.453996062992126
11
0.7355079133858268
21
0.4534554724409449
0
LINE
8
BLACK
6
CONTINUOUS
10
0.7355079133858268
20
0.4534554724409449
11
0.7336331496062992
21
0.4497059448818898
0
LINE
8
BLACK
6
CONTINUOUS
10
0.7336331496062992
20
0.4497059448818898
11
0.7334770472440945
21
0.4494579527559055
0
LINE
8
BLACK
6
CONTINUOUS
10
0.7334770472440945
20
0.4494579527559055
11
0.7334472440944881
21
0.4493859842519685
0
LINE
8
BLACK
6
CONTINUOUS
10
0.7334472440944881
20
0.4493859842519685
11
0.7333807874015748
21
0.4493050393700787
0
LINE
8
BLACK
6
CONTINUOUS
10
0.7333807874015748
20
0.4493050393700787
11
0.7333248031496062
21
0.449216062992126
0
LINE
8
BLACK
6
CONTINUOUS
10
0.7333248031496062
20
0.449216062992126
11
0.733265748031496
21
0.4491648818897638
0
LINE
8
BLACK
6
CONTINUOUS
10
0.733265748031496
20
0.4491648818897638
11
0.73308
21
0.4489385039370078
0
LINE
8
BLACK
6
CONTINUOUS
10
0.73308
20
0.4489385039370078
11
0.7312051968503936
21
0.4470637401574803
0
LINE
8
BLACK
6
CONTINUOUS
10
0.7312051968503936
20
0.4470637401574803
11
0.7309788582677165
21
0.446878031496063
0
LINE
8
BLACK
6
CONTINUOUS
10
0.7309788582677165
20
0.446878031496063
11
0.7309277165354331
21
0.4468190157480315
0
LINE
8
BLACK
6
CONTINUOUS
10
0.7309277165354331
20
0.4468190157480315
11
0.730838779527559
21
0.4467630708661417
0
LINE
8
BLACK
6
CONTINUOUS
10
0.730838779527559
20
0.4467630708661417
11
0.7307577559055118
21
0.4466965354330709
0
LINE
8
BLACK
6
CONTINUOUS
10
0.7307577559055118
20
0.4466965354330709
11
0.7306857086614174
21
0.4466667322834645
0
LINE
8
BLACK
6
CONTINUOUS
10
0.7306857086614174
20
0.4466667322834645
11
0.7304378346456692
21
0.4465106692913386
0
LINE
8
BLACK
6
CONTINUOUS
10
0.7304378346456692
20
0.4465106692913386
11
0.7266883070866141
21
0.444635905511811
0
LINE
8
BLACK
6
CONTINUOUS
10
0.7266883070866141
20
0.444635905511811
11
0.7266461811023622
21
0.4446198031496063
0
LINE
8
BLACK
6
CONTINUOUS
10
0.7266461811023622
20
0.4446198031496063
11
0.7266290551181103
21
0.4446070866141732
0
LINE
8
BLACK
6
CONTINUOUS
10
0.7266290551181103
20
0.4446070866141732
11
0.7263870866141732
21
0.4445206692913386
0
LINE
8
BLACK
6
CONTINUOUS
10
0.7263870866141732
20
0.4445206692913386
11
0.7261476771653543
21
0.4444290157480315
0
LINE
8
BLACK
6
CONTINUOUS
10
0.7261476771653543
20
0.4444290157480315
11
0.7261264173228347
21
0.4444275196850394
0
LINE
8
BLACK
6
CONTINUOUS
10
0.7261264173228347
20
0.4444275196850394
11
0.726083937007874
21
0.4444123228346457
0
LINE
8
BLACK
6
CONTINUOUS
10
0.726083937007874
20
0.4444123228346457
11
0.7213582677165354
21
0.443230905511811
0
LINE
8
BLACK
6
CONTINUOUS
10
0.7213582677165354
20
0.443230905511811
11
0.7213582677165354
21
0.4227362204724409
0
LINE
8
BLACK
6
CONTINUOUS
10
0.7213582677165354
20
0.4227362204724409
11
0.7212333464566929
21
0.4221081889763779
0
LINE
8
BLACK
6
CONTINUOUS
10
0.7212333464566929
20
0.4221081889763779
11
0.7299141338582678
21
0.4221081889763779
0
LINE
8
BLACK
6
CONTINUOUS
10
0.7299141338582678
20
0.4221081889763779
11
0.7299141338582678
21
0.4304040157480315
0
LINE
8
BLACK
6
CONTINUOUS
10
0.7299141338582678
20
0.4304040157480315
11
0.7299708661417322
21
0.4309800787401575
0
LINE
8
BLACK
6
CONTINUOUS
10
0.7299708661417322
20
0.4309800787401575
11
0.7304117716535433
21
0.4320444881889764
0
LINE
8
BLACK
6
CONTINUOUS
10
0.7304117716535433
20
0.4320444881889764
11
0.7312264173228347
21
0.4328591338582677
0
LINE
8
BLACK
6
CONTINUOUS
10
0.7312264173228347
20
0.4328591338582677
11
0.7322908267716536
21
0.4333000393700787
0
LINE
8
BLACK
6
CONTINUOUS
10
0.7322908267716536
20
0.4333000393700787
11
0.7334429527559055
21
0.4333000393700787
0
LINE
8
BLACK
6
CONTINUOUS
10
0.7334429527559055
20
0.4333000393700787
11
0.7345073622047243
21
0.4328591338582677
0
LINE
8
BLACK
6
CONTINUOUS
10
0.7345073622047243
20
0.4328591338582677
11
0.7353220078740157
21
0.4320444881889764
0
LINE
8
BLACK
6
CONTINUOUS
10
0.7353220078740157
20
0.4320444881889764
11
0.7357629133858268
21
0.4309800787401575
0
LINE
8
BLACK
6
CONTINUOUS
10
0.7357629133858268
20
0.4309800787401575
11
0.7358196456692914
21
0.4304040157480315
0
LINE
8
BLACK
6
CONTINUOUS
10
0.7358196456692914
20
0.4304040157480315
11
0.7358196456692914
21
0.4079068503937008
0
LINE
8
BLACK
6
CONTINUOUS
10
0.7358196456692914
20
0.4079068503937008
11
0.7357629133858268
21
0.4073307874015748
0
LINE
8
BLACK
6
CONTINUOUS
10
0.7357629133858268
20
0.4073307874015748
11
0.7353220078740157
21
0.4062663779527559
0
LINE
8
BLACK
6
CONTINUOUS
10
0.7353220078740157
20
0.4062663779527559
11
0.7345073622047243
21
0.4054517322834645
0
LINE
8
BLACK
6
CONTINUOUS
10
0.7345073622047243
20
0.4054517322834645
11
0.7334429527559055
21
0.4050108267716535
0
LINE
8
BLACK
6
CONTINUOUS
10
0.7334429527559055
20
0.4050108267716535
11
0.7322908267716536
21
0.4050108267716535
0
LINE
8
BLACK
6
CONTINUOUS
10
0.7322908267716536
20
0.4050108267716535
11
0.7312264173228347
21
0.4054517322834645
0
LINE
8
BLACK
6
CONTINUOUS
10
0.7312264173228347
20
0.4054517322834645
11
0.7304117716535433
21
0.4062663779527559
0
LINE
8
BLACK
6
CONTINUOUS
10
0.7304117716535433
20
0.4062663779527559
11
0.7299708661417322
21
0.4073307874015748
0
LINE
8
BLACK
6
CONTINUOUS
10
0.7299708661417322
20
0.4073307874015748
11
0.7299141338582678
21
0.4079068503937008
0
LINE
8
BLACK
6
CONTINUOUS
10
0.7299141338582678
20
0.4079068503937008
11
0.7299141338582678
21
0.4162026771653543
0
LINE
8
BLACK
6
CONTINUOUS
10
0.7299141338582678
20
0.4162026771653543
11
0.7025001574803149
21
0.4162026771653543
0
LINE
8
BLACK
6
CONTINUOUS
10
0.7025001574803149
20
0.4162026771653543
11
0.7049585433070866
21
0.4137442913385826
0
LINE
8
BLACK
6
CONTINUOUS
10
0.7049585433070866
20
0.4137442913385826
11
0.7051443700787401
21
0.4135179133858268
0
LINE
8
BLACK
6
CONTINUOUS
10
0.7051443700787401
20
0.4135179133858268
11
0.7052033070866142
21
0.4134667716535433
0
LINE
8
BLACK
6
CONTINUOUS
10
0.7052033070866142
20
0.4134667716535433
11
0.7052591732283464
21
0.413378031496063
0
LINE
8
BLACK
6
CONTINUOUS
10
0.7052591732283464
20
0.413378031496063
11
0.7053257874015748
21
0.4132968503937008
0
LINE
8
BLACK
6
CONTINUOUS
10
0.7053257874015748
20
0.4132968503937008
11
0.7053556299212598
21
0.4132247244094488
0
LINE
8
BLACK
6
CONTINUOUS
10
0.7053556299212598
20
0.4132247244094488
11
0.705511653543307
21
0.4129768897637795
0
LINE
8
BLACK
6
CONTINUOUS
10
0.705511653543307
20
0.4129768897637795
11
0.7073864173228346
21
0.4092273622047244
0
LINE
8
BLACK
6
CONTINUOUS
10
0.7073864173228346
20
0.4092273622047244
11
0.7075933070866142
21
0.4086867716535433
0
LINE
8
BLACK
6
CONTINUOUS
10
0.7075933070866142
20
0.4086867716535433
11
0.7076749606299212
21
0.4075375590551181
0
LINE
8
BLACK
6
CONTINUOUS
10
0.7076749606299212
20
0.4075375590551181
11
0.7073106299212598
21
0.4064445669291338
0
LINE
8
BLACK
6
CONTINUOUS
10
0.7073106299212598
20
0.4064445669291338
11
0.7065557874015748
21
0.4055742125984252
0
LINE
8
BLACK
6
CONTINUOUS
10
0.7065557874015748
20
0.4055742125984252
11
0.7055252755905511
21
0.405058937007874
0
LINE
8
BLACK
6
CONTINUOUS
10
0.7055252755905511
20
0.405058937007874
11
0.704376062992126
21
0.4049772834645669
0
LINE
8
BLACK
6
CONTINUOUS
10
0.704376062992126
20
0.4049772834645669
11
0.7032831102362205
21
0.4053416141732283
0
LINE
8
BLACK
6
CONTINUOUS
10
0.7032831102362205
20
0.4053416141732283
11
0.702412716535433
21
0.4060964566929134
0
LINE
8
BLACK
6
CONTINUOUS
10
0.702412716535433
20
0.4060964566929134
11
0.7021043700787402
21
0.4065863385826772
0
LINE
8
BLACK
6
CONTINUOUS
10
0.7021043700787402
20
0.4065863385826772
11
0.7004438976377952
21
0.4099072834645669
0
LINE
8
BLACK
6
CONTINUOUS
10
0.7004438976377952
20
0.4099072834645669
11
0.6972399212598425
21
0.4131112598425197
0
LINE
8
BLACK
6
CONTINUOUS
10
0.6972399212598425
20
0.4131112598425197
11
0.6918588976377953
21
0.4166985826771654
0
LINE
8
BLACK
6
CONTINUOUS
10
0.6918588976377953
20
0.4166985826771654
11
0.6918572047244095
21
0.4166999606299213
0
LINE
8
BLACK
6
CONTINUOUS
10
0.6918572047244095
20
0.4166999606299213
11
0.6918563385826771
21
0.4167003149606299
0
LINE
8
BLACK
6
CONTINUOUS
10
0.6918563385826771
20
0.4167003149606299
11
0.6918542913385827
21
0.4167023622047244
0
LINE
8
BLACK
6
CONTINUOUS
10
0.6918542913385827
20
0.4167023622047244
11
0.691411062992126
21
0.4170653543307086
0
LINE
8
BLACK
6
CONTINUOUS
10
0.691411062992126
20
0.4170653543307086
11
0.6912483858267716
21
0.4173082677165354
0
LINE
8
BLACK
6
CONTINUOUS
10
0.6912483858267716
20
0.4173082677165354
11
0.6910416929133858
21
0.4175149606299213
0
LINE
8
BLACK
6
CONTINUOUS
10
0.6910416929133858
20
0.4175149606299213
11
0.6909309448818898
21
0.4177822834645669
0
LINE
8
BLACK
6
CONTINUOUS
10
0.6909309448818898
20
0.4177822834645669
11
0.69077
21
0.4180226377952756
0
LINE
8
BLACK
6
CONTINUOUS
10
0.69077
20
0.4180226377952756
11
0.6907126377952756
21
0.4183092913385827
0
LINE
8
BLACK
6
CONTINUOUS
10
0.6907126377952756
20
0.4183092913385827
11
0.6906007874015748
21
0.4185793700787401
0
LINE
8
BLACK
6
CONTINUOUS
10
0.6906007874015748
20
0.4185793700787401
11
0.6906007874015748
21
0.4188687007874016
0
LINE
8
BLACK
6
CONTINUOUS
10
0.6906007874015748
20
0.4188687007874016
11
0.6905440551181102
21
0.4191523228346457
0
LINE
8
BLACK
6
CONTINUOUS
10
0.6905440551181102
20
0.4191523228346457
11
0.6906007874015748
21
0.4194391338582677
0
LINE
8
BLACK
6
CONTINUOUS
10
0.6906007874015748
20
0.4194391338582677
11
0.6906007874015748
21
0.4197314960629921
0
LINE
8
BLACK
6
CONTINUOUS
10
0.6906007874015748
20
0.4197314960629921
11
0.6907114960629921
21
0.419998779527559
0
LINE
8
BLACK
6
CONTINUOUS
10
0.6907114960629921
20
0.419998779527559
11
0.6907676377952756
21
0.4202825590551181
0
LINE
8
BLACK
6
CONTINUOUS
10
0.6907676377952756
20
0.4202825590551181
11
0.6909298031496063
21
0.4205258267716535
0
LINE
8
BLACK
6
CONTINUOUS
10
0.6909298031496063
20
0.4205258267716535
11
0.69103
21
0.420767716535433
0
LINE
8
BLACK
6
CONTINUOUS
10
0.69103
20
0.420767716535433
11
0.6869094488188976
21
0.420767716535433
0
LINE
8
BLACK
6
CONTINUOUS
10
0.6869094488188976
20
0.420767716535433
11
0.6861561417322835
21
0.4209175590551181
0
LINE
8
BLACK
6
CONTINUOUS
10
0.6861561417322835
20
0.4209175590551181
11
0.6850907874015748
21
0.4219829133858268
0
LINE
8
BLACK
6
CONTINUOUS
10
0.6850907874015748
20
0.4219829133858268
11
0.6849409448818897
21
0.4227362204724409
0
LINE
8
BLACK
6
CONTINUOUS
10
0.6849409448818897
20
0.4227362204724409
11
0.6849409448818897
21
0.4857283464566929
0
LINE
8
BLACK
6
CONTINUOUS
10
0.6849409448818897
20
0.4857283464566929
11
0.6850907874015748
21
0.4864816535433071
0
LINE
8
BLACK
6
CONTINUOUS
10
0.6850907874015748
20
0.4864816535433071
11
0.6861561417322835
21
0.4875470078740157
0
LINE
8
BLACK
6
CONTINUOUS
10
0.6861561417322835
20
0.4875470078740157
11
0.6869094488188976
21
0.4876968503937008
0
LINE
8
BLACK
6
CONTINUOUS
10
0.6869094488188976
20
0.4876968503937008
11
0.6932109842519685
21
0.4876968503937008
0
LINE
8
BLACK
6
CONTINUOUS
10
0.6932109842519685
20
0.4876968503937008
11
0.693496811023622
21
0.487725
0
LINE
8
BLACK
6
CONTINUOUS
10
0.693496811023622
20
0.487725
11
0.71448968503937
21
0.487725
0
LINE
8
BLACK
6
CONTINUOUS
10
0.71448968503937
20
0.487725
11
0.7045322440944882
21
0.4976824409448819
0
LINE
8
BLACK
6
CONTINUOUS
10
0.7045322440944882
20
0.4976824409448819
11
0.7041650393700787
21
0.4981298818897638
0
LINE
8
BLACK
6
CONTINUOUS
10
0.7041650393700787
20
0.4981298818897638
11
0.7037241338582677
21
0.4991943307086614
0
LINE
8
BLACK
6
CONTINUOUS
10
0.7037241338582677
20
0.4991943307086614
11
0.7037241338582677
21
0.5003463779527559
0
LINE
8
BLACK
6
CONTINUOUS
10
0.7037241338582677
20
0.5003463779527559
11
0.7041650393700787
21
0.5014108267716535
0
LINE
8
BLACK
6
CONTINUOUS
10
0.7041650393700787
20
0.5014108267716535
11
0.70497968503937
21
0.5022254724409448
0
LINE
8
BLACK
6
CONTINUOUS
10
0.70497968503937
20
0.5022254724409448
11
0.7060441338582677
21
0.5026663779527559
0
LINE
8
BLACK
6
CONTINUOUS
10
0.7060441338582677
20
0.5026663779527559
11
0.7071961811023622
21
0.5026663779527559
0
LINE
8
BLACK
6
CONTINUOUS
10
0.7071961811023622
20
0.5026663779527559
11
0.7082606299212598
21
0.5022254724409448
0
LINE
8
BLACK
6
CONTINUOUS
10
0.7082606299212598
20
0.5022254724409448
11
0.7087080708661417
21
0.5018582677165354
0
LINE
8
BLACK
6
CONTINUOUS
10
0.7087080708661417
20
0.5018582677165354
11
0.7181457874015748
21
0.4924205511811023
0
LINE
8
BLACK
6
CONTINUOUS
10
0.7181457874015748
20
0.4924205511811023
11
0.7310952362204725
21
0.5021325590551181
0
LINE
8
BLACK
6
CONTINUOUS
10
0.7310952362204725
20
0.5021325590551181
11
0.7315901181102362
21
0.5024328346456692
0
LINE
8
BLACK
6
CONTINUOUS
10
0.7315901181102362
20
0.5024328346456692
11
0.7327062204724409
21
0.5027187401574803
0
LINE
8
BLACK
6
CONTINUOUS
10
0.7327062204724409
20
0.5027187401574803
11
0.7338466929133858
21
0.5025557874015748
0
LINE
8
BLACK
6
CONTINUOUS
10
0.6888779527559055
20
0.483759842519685
11
0.6888779527559055
21
0.4247047244094488
0
LINE
8
BLACK
6
CONTINUOUS
10
0.6888779527559055
20
0.4247047244094488
11
0.7174212598425197
21
0.4247047244094488
0
LINE
8
BLACK
6
CONTINUOUS
10
0.7174212598425197
20
0.4247047244094488
11
0.7174212598425197
21
0.4424494094488189
0
LINE
8
BLACK
6
CONTINUOUS
10
0.7174212598425197
20
0.4424494094488189
11
0.7114032677165354
21
0.4424494094488189
0
LINE
8
BLACK
6
CONTINUOUS
10
0.7114032677165354
20
0.4424494094488189
11
0.7114032677165354
21
0.4421567716535433
0
LINE
8
BLACK
6
CONTINUOUS
10
0.7114032677165354
20
0.4421567716535433
11
0.710764094488189
21
0.4415175984251968
0
LINE
8
BLACK
6
CONTINUOUS
10
0.710764094488189
20
0.4415175984251968
11
0.7103120866141732
21
0.4414276771653543
0
LINE
8
BLACK
6
CONTINUOUS
10
0.7103120866141732
20
0.4414276771653543
11
0.6945640551181103
21
0.4414276771653543
0
LINE
8
BLACK
6
CONTINUOUS
10
0.6945640551181103
20
0.4414276771653543
11
0.6941120472440945
21
0.4415175984251968
0
LINE
8
BLACK
6
CONTINUOUS
10
0.6941120472440945
20
0.4415175984251968
11
0.693472874015748
21
0.4421567716535433
0
LINE
8
BLACK
6
CONTINUOUS
10
0.693472874015748
20
0.4421567716535433
11
0.6933829527559054
21
0.4426087795275591
0
LINE
8
BLACK
6
CONTINUOUS
10
0.6933829527559054
20
0.4426087795275591
11
0.6933829527559054
21
0.448608031496063
0
LINE
8
BLACK
6
CONTINUOUS
10
0.6933829527559054
20
0.448608031496063
11
0.6933944881889763
21
0.4486661023622047
0
LINE
8
BLACK
6
CONTINUOUS
10
0.6933944881889763
20
0.4486661023622047
11
0.6933859448818898
21
0.4486917322834645
0
LINE
8
BLACK
6
CONTINUOUS
10
0.6933859448818898
20
0.4486917322834645
11
0.693416968503937
21
0.4488052362204724
0
LINE
8
BLACK
6
CONTINUOUS
10
0.693416968503937
20
0.4488052362204724
11
0.6932836614173228
21
0.4489385433070866
0
LINE
8
BLACK
6
CONTINUOUS
10
0.6932836614173228
20
0.4489385433070866
11
0.693097874015748
21
0.4491649212598425
0
LINE
8
BLACK
6
CONTINUOUS
10
0.693097874015748
20
0.4491649212598425
11
0.6930388976377952
21
0.449216062992126
0
LINE
8
BLACK
6
CONTINUOUS
10
0.6930388976377952
20
0.449216062992126
11
0.6929829133858267
21
0.4493050393700787
0
LINE
8
BLACK
6
CONTINUOUS
10
0.6929829133858267
20
0.4493050393700787
11
0.6929164566929134
21
0.4493859842519685
0
LINE
8
BLACK
6
CONTINUOUS
10
0.6929164566929134
20
0.4493859842519685
11
0.6928866141732283
21
0.4494579527559055
0
LINE
8
BLACK
6
CONTINUOUS
10
0.6928866141732283
20
0.4494579527559055
11
0.6927305511811024
21
0.4497059448818898
0
LINE
8
BLACK
6
CONTINUOUS
10
0.6927305511811024
20
0.4497059448818898
11
0.6908557874015748
21
0.4534554724409449
0
LINE
8
BLACK
6
CONTINUOUS
10
0.6908557874015748
20
0.4534554724409449
11
0.6906488976377952
21
0.4539961023622047
0
LINE
8
BLACK
6
CONTINUOUS
10
0.6906488976377952
20
0.4539961023622047
11
0.6906413779527559
21
0.4541019291338583
0
LINE
8
BLACK
6
CONTINUOUS
10
0.6906413779527559
20
0.4541019291338583
11
0.6906007874015748
21
0.4541999212598425
0
LINE
8
BLACK
6
CONTINUOUS
10
0.6906007874015748
20
0.4541999212598425
11
0.6905440551181102
21
0.4547759842519685
0
LINE
8
BLACK
6
CONTINUOUS
10
0.6905440551181102
20
0.4547759842519685
11
0.6905440551181102
21
0.4585255118110236
0
LINE
8
BLACK
6
CONTINUOUS
10
0.6905440551181102
20
0.4585255118110236
11
0.6906007874015748
21
0.4591015748031496
0
LINE
8
BLACK
6
CONTINUOUS
10
0.6906007874015748
20
0.4591015748031496
11
0.6906413779527559
21
0.4591996062992126
0
LINE
8
BLACK
6
CONTINUOUS
10
0.6906413779527559
20
0.4591996062992126
11
0.6906488976377952
21
0.4593053937007874
0
LINE
8
BLACK
6
CONTINUOUS
10
0.6906488976377952
20
0.4593053937007874
11
0.6908557874015748
21
0.4598460236220472
0
LINE
8
BLACK
6
CONTINUOUS
10
0.6908557874015748
20
0.4598460236220472
11
0.6927305511811024
21
0.4635955511811023
0
LINE
8
BLACK
6
CONTINUOUS
10
0.6927305511811024
20
0.4635955511811023
11
0.6928866141732283
21
0.4638435826771654
0
LINE
8
BLACK
6
CONTINUOUS
10
0.6928866141732283
20
0.4638435826771654
11
0.6929164566929134
21
0.4639155118110236
0
LINE
8
BLACK
6
CONTINUOUS
10
0.6929164566929134
20
0.4639155118110236
11
0.6929829133858267
21
0.4639964960629921
0
LINE
8
BLACK
6
CONTINUOUS
10
0.6929829133858267
20
0.4639964960629921
11
0.6930388976377952
21
0.4640854330708661
0
LINE
8
BLACK
6
CONTINUOUS
10
0.6930388976377952
20
0.4640854330708661
11
0.693097874015748
21
0.4641366141732283
0
LINE
8
BLACK
6
CONTINUOUS
10
0.693097874015748
20
0.4641366141732283
11
0.6932836614173228
21
0.4643629527559055
0
LINE
8
BLACK
6
CONTINUOUS
10
0.6932836614173228
20
0.4643629527559055
11
0.6933829527559054
21
0.4644622440944882
0
LINE
8
BLACK
6
CONTINUOUS
10
0.6933829527559054
20
0.4644622440944882
11
0.6933829527559054
21
0.4666057480314961
0
LINE
8
BLACK
6
CONTINUOUS
10
0.6933829527559054
20
0.4666057480314961
11
0.6934484645669291
21
0.4669350787401575
0
LINE
8
BLACK
6
CONTINUOUS
10
0.6934484645669291
20
0.4669350787401575
11
0.6934451968503936
21
0.4669841338582677
0
LINE
8
BLACK
6
CONTINUOUS
10
0.6934451968503936
20
0.4669841338582677
11
0.6934620472440944
21
0.4670034251968504
0
LINE
8
BLACK
6
CONTINUOUS
10
0.6934620472440944
20
0.4670034251968504
11
0.693472874015748
21
0.4670577559055118
0
LINE
8
BLACK
6
CONTINUOUS
10
0.693472874015748
20
0.4670577559055118
11
0.693766968503937
21
0.4673518897637795
0
LINE
8
BLACK
6
CONTINUOUS
10
0.693766968503937
20
0.4673518897637795
11
0.6940405118110236
21
0.4676644488188976
0
LINE
8
BLACK
6
CONTINUOUS
10
0.6940405118110236
20
0.4676644488188976
11
0.6940823228346457
21
0.4676672440944882
0
LINE
8
BLACK
6
CONTINUOUS
10
0.6940823228346457
20
0.4676672440944882
11
0.6941120472440945
21
0.4676969291338582
0
LINE
8
BLACK
6
CONTINUOUS
10
0.6941120472440945
20
0.4676969291338582
11
0.6945274803149606
21
0.4676969291338582
0
LINE
8
BLACK
6
CONTINUOUS
10
0.6945274803149606
20
0.4676969291338582
11
0.6949424409448819
21
0.4677246062992126
0
LINE
8
BLACK
6
CONTINUOUS
10
0.6949424409448819
20
0.4677246062992126
11
0.6949905118110236
21
0.4676969291338582
0
LINE
8
BLACK
6
CONTINUOUS
10
0.6949905118110236
20
0.4676969291338582
11
0.6950160629921259
21
0.4676969291338582
0
LINE
8
BLACK
6
CONTINUOUS
10
0.6950160629921259
20
0.4676969291338582
11
0.695050748031496
21
0.4676622440944882
0
LINE
8
BLACK
6
CONTINUOUS
10
0.695050748031496
20
0.4676622440944882
11
0.695341811023622
21
0.4674946062992126
0
LINE
8
BLACK
6
CONTINUOUS
10
0.695341811023622
20
0.4674946062992126
11
0.6960659842519685
21
0.4668609448818897
0
LINE
8
BLACK
6
CONTINUOUS
10
0.6960659842519685
20
0.4668609448818897
11
0.6996753543307086
21
0.4686655905511811
0
LINE
8
BLACK
6
CONTINUOUS
10
0.6996753543307086
20
0.4686655905511811
11
0.6997174409448819
21
0.4686817322834645
0
LINE
8
BLACK
6
CONTINUOUS
10
0.6997174409448819
20
0.4686817322834645
11
0.6997346062992126
21
0.4686944094488189
0
LINE
8
BLACK
6
CONTINUOUS
10
0.6997346062992126
20
0.4686944094488189
11
0.6999761811023621
21
0.4687807480314961
0
LINE
8
BLACK
6
CONTINUOUS
10
0.6999761811023621
20
0.4687807480314961
11
0.7002159448818898
21
0.4688724803149606
0
LINE
8
BLACK
6
CONTINUOUS
10
0.7002159448818898
20
0.4688724803149606
11
0.7002372047244094
21
0.4688740157480315
0
LINE
8
BLACK
6
CONTINUOUS
10
0.7002372047244094
20
0.4688740157480315
11
0.7002797244094489
21
0.4688891732283464
0
LINE
8
BLACK
6
CONTINUOUS
10
0.7002797244094489
20
0.4688891732283464
11
0.7077787795275591
21
0.470763937007874
0
LINE
8
BLACK
6
CONTINUOUS
10
0.7077787795275591
20
0.470763937007874
11
0.7078786220472441
21
0.4707787401574803
0
LINE
8
BLACK
6
CONTINUOUS
10
0.7078786220472441
20
0.4707787401574803
11
0.7079188582677165
21
0.4707953543307086
0
LINE
8
BLACK
6
CONTINUOUS
10
0.7079188582677165
20
0.4707953543307086
11
0.7081358661417323
21
0.4708167322834645
0
LINE
8
BLACK
6
CONTINUOUS
10
0.7081358661417323
20
0.4708167322834645
11
0.7083513779527559
21
0.4708485826771653
0
LINE
8
BLACK
6
CONTINUOUS
10
0.7083513779527559
20
0.4708485826771653
11
0.7083943700787402
21
0.4708422047244095
0
LINE
8
BLACK
6
CONTINUOUS
10
0.7083943700787402
20
0.4708422047244095
11
0.7084949212598425
21
0.4708520866141732
0
LINE
8
BLACK
6
CONTINUOUS
10
0.7084949212598425
20
0.4708520866141732
11
0.7174212598425197
21
0.4708520866141732
0
LINE
8
BLACK
6
CONTINUOUS
10
0.7174212598425197
20
0.4708520866141732
11
0.7174212598425197
21
0.4818194881889764
0
LINE
8
BLACK
6
CONTINUOUS
10
0.7174212598425197
20
0.4818194881889764
11
0.693496811023622
21
0.4818194881889764
0
LINE
8
BLACK
6
CONTINUOUS
10
0.693496811023622
20
0.4818194881889764
11
0.6929207480314961
21
0.4818762204724409
0
LINE
8
BLACK
6
CONTINUOUS
10
0.6929207480314961
20
0.4818762204724409
11
0.6918563385826771
21
0.482317125984252
0
LINE
8
BLACK
6
CONTINUOUS
10
0.6918563385826771
20
0.482317125984252
11
0.6910416929133858
21
0.4831317716535433
0
LINE
8
BLACK
6
CONTINUOUS
10
0.6910416929133858
20
0.4831317716535433
11
0.6907815354330709
21
0.483759842519685
0
LINE
8
BLACK
6
CONTINUOUS
10
0.6907815354330709
20
0.483759842519685
11
0.6888779527559055
21
0.483759842519685
0
LINE
8
BLACK
6
CONTINUOUS
10
0.695745157480315
20
0.4437898818897638
11
0.7016319291338583
21
0.4437898818897638
0
LINE
8
BLACK
6
CONTINUOUS
10
0.7016319291338583
20
0.4437898818897638
11
0.7016319291338583
21
0.4440742913385827
0
LINE
8
BLACK
6
CONTINUOUS
10
0.7016319291338583
20
0.4440742913385827
11
0.7002797244094489
21
0.4444123228346457
0
LINE
8
BLACK
6
CONTINUOUS
10
0.7002797244094489
20
0.4444123228346457
11
0.7002372047244094
21
0.4444275196850394
0
LINE
8
BLACK
6
CONTINUOUS
10
0.7002372047244094
20
0.4444275196850394
11
0.7002159448818898
21
0.4444290157480315
0
LINE
8
BLACK
6
CONTINUOUS
10
0.7002159448818898
20
0.4444290157480315
11
0.6999761811023621
21
0.4445207874015748
0
LINE
8
BLACK
6
CONTINUOUS
10
0.6999761811023621
20
0.4445207874015748
11
0.6997346062992126
21
0.4446070866141732
0
LINE
8
BLACK
6
CONTINUOUS
10
0.6997346062992126
20
0.4446070866141732
11
0.6997174409448819
21
0.4446198031496063
0
LINE
8
BLACK
6
CONTINUOUS
10
0.6997174409448819
20
0.4446198031496063
11
0.6996753543307086
21
0.444635905511811
0
LINE
8
BLACK
6
CONTINUOUS
10
0.6996753543307086
20
0.444635905511811
11
0.6959258267716535
21
0.4465106692913386
0
LINE
8
BLACK
6
CONTINUOUS
10
0.6959258267716535
20
0.4465106692913386
11
0.695745157480315
21
0.4466244094488189
0
LINE
8
BLACK
6
CONTINUOUS
10
0.695745157480315
20
0.4466244094488189
11
0.695745157480315
21
0.4437898818897638
0
LINE
8
BLACK
6
CONTINUOUS
10
0.7113685039370079
20
0.4641343307086614
11
0.711384094488189
21
0.4640773228346456
0
LINE
8
BLACK
6
CONTINUOUS
10
0.711384094488189
20
0.4640773228346456
11
0.7114032677165354
21
0.4640581496062992
0
LINE
8
BLACK
6
CONTINUOUS
10
0.7114032677165354
20
0.4640581496062992
11
0.7114401968503937
21
0.4638723622047244
0
LINE
8
BLACK
6
CONTINUOUS
10
0.7114401968503937
20
0.4638723622047244
11
0.7114901968503937
21
0.463689842519685
0
LINE
8
BLACK
6
CONTINUOUS
10
0.7114901968503937
20
0.463689842519685
11
0.7114816141732283
21
0.4636642125984252
0
LINE
8
BLACK
6
CONTINUOUS
10
0.7114816141732283
20
0.4636642125984252
11
0.7114931889763779
21
0.4636061417322834
0
LINE
8
BLACK
6
CONTINUOUS
10
0.7114931889763779
20
0.4636061417322834
11
0.7114931889763779
21
0.4591066929133858
0
LINE
8
BLACK
6
CONTINUOUS
10
0.7114931889763779
20
0.4591066929133858
11
0.7114816141732283
21
0.4590486614173228
0
LINE
8
BLACK
6
CONTINUOUS
10
0.7114816141732283
20
0.4590486614173228
11
0.7114901968503937
21
0.4590229921259842
0
LINE
8
BLACK
6
CONTINUOUS
10
0.7114901968503937
20
0.4590229921259842
11
0.7114401968503937
21
0.4588405118110236
0
LINE
8
BLACK
6
CONTINUOUS
10
0.7114401968503937
20
0.4588405118110236
11
0.7114032677165354
21
0.4586546850393701
0
LINE
8
BLACK
6
CONTINUOUS
10
0.7114032677165354
20
0.4586546850393701
11
0.711384094488189
21
0.4586355511811023
0
LINE
8
BLACK
6
CONTINUOUS
10
0.711384094488189
20
0.4586355511811023
11
0.7113685039370079
21
0.4585785039370079
0
LINE
8
BLACK
6
CONTINUOUS
10
0.7113685039370079
20
0.4585785039370079
11
0.7106186220472441
21
0.4570787007874015
0
LINE
8
BLACK
6
CONTINUOUS
10
0.7106186220472441
20
0.4570787007874015
11
0.7105024803149607
21
0.456929094488189
0
LINE
8
BLACK
6
CONTINUOUS
10
0.7105024803149607
20
0.456929094488189
11
0.7103973622047244
21
0.4567717322834646
0
LINE
8
BLACK
6
CONTINUOUS
10
0.7103973622047244
20
0.4567717322834646
11
0.7096474409448819
21
0.456021811023622
0
LINE
8
BLACK
6
CONTINUOUS
10
0.7096474409448819
20
0.456021811023622
11
0.709264251968504
21
0.4557657874015748
0
LINE
8
BLACK
6
CONTINUOUS
10
0.709264251968504
20
0.4557657874015748
11
0.7083603149606299
21
0.4557657874015748
0
LINE
8
BLACK
6
CONTINUOUS
10
0.7083603149606299
20
0.4557657874015748
11
0.7077211023622048
21
0.456405
0
LINE
8
BLACK
6
CONTINUOUS
10
0.7077211023622048
20
0.456405
11
0.7077211023622048
21
0.457308937007874
0
LINE
8
BLACK
6
CONTINUOUS
10
0.7077211023622048
20
0.457308937007874
11
0.707977125984252
21
0.457692125984252
0
LINE
8
BLACK
6
CONTINUOUS
10
0.707977125984252
20
0.457692125984252
11
0.7085914566929133
21
0.4583064960629921
0
LINE
8
BLACK
6
CONTINUOUS
10
0.7085914566929133
20
0.4583064960629921
11
0.7091309842519685
21
0.4593855118110236
0
LINE
8
BLACK
6
CONTINUOUS
10
0.7091309842519685
20
0.4593855118110236
11
0.7091309842519685
21
0.4633273622047244
0
LINE
8
BLACK
6
CONTINUOUS
10
0.7091309842519685
20
0.4633273622047244
11
0.7085914566929133
21
0.4644063779527559
0
LINE
8
BLACK
6
CONTINUOUS
10
0.7085914566929133
20
0.4644063779527559
11
0.7082126771653543
21
0.464785157480315
0
LINE
8
BLACK
6
CONTINUOUS
10
0.7082126771653543
20
0.464785157480315
11
0.7020264173228347
21
0.4632385826771653
0
LINE
8
BLACK
6
CONTINUOUS
10
0.7020264173228347
20
0.4632385826771653
11
0.7017444094488189
21
0.4630975984251968
0
LINE
8
BLACK
6
CONTINUOUS
10
0.7017444094488189
20
0.4630975984251968
11
0.7017444094488189
21
0.4613564173228346
0
LINE
8
BLACK
6
CONTINUOUS
10
0.7017444094488189
20
0.4613564173228346
11
0.7016788582677165
21
0.4610271259842519
0
LINE
8
BLACK
6
CONTINUOUS
10
0.7016788582677165
20
0.4610271259842519
11
0.7016821653543307
21
0.460978031496063
0
LINE
8
BLACK
6
CONTINUOUS
10
0.7016821653543307
20
0.460978031496063
11
0.7016652755905511
21
0.460958779527559
0
LINE
8
BLACK
6
CONTINUOUS
10
0.7016652755905511
20
0.460958779527559
11
0.7016544881889764
21
0.4609044094488189
0
LINE
8
BLACK
6
CONTINUOUS
10
0.7016544881889764
20
0.4609044094488189
11
0.7013605118110237
21
0.4606104724409449
0
LINE
8
BLACK
6
CONTINUOUS
10
0.7013605118110237
20
0.4606104724409449
11
0.7010868503937008
21
0.4602976771653543
0
LINE
8
BLACK
6
CONTINUOUS
10
0.7010868503937008
20
0.4602976771653543
11
0.7010449606299213
21
0.4602949212598425
0
LINE
8
BLACK
6
CONTINUOUS
10
0.7010449606299213
20
0.4602949212598425
11
0.7010153149606299
21
0.4602652362204724
0
LINE
8
BLACK
6
CONTINUOUS
10
0.7010153149606299
20
0.4602652362204724
11
0.7006001574803149
21
0.4602652362204724
0
LINE
8
BLACK
6
CONTINUOUS
10
0.7006001574803149
20
0.4602652362204724
11
0.7001849212598426
21
0.4602375590551181
0
LINE
8
BLACK
6
CONTINUOUS
10
0.7001849212598426
20
0.4602375590551181
11
0.7001368503937008
21
0.4602652362204724
0
LINE
8
BLACK
6
CONTINUOUS
10
0.7001368503937008
20
0.4602652362204724
11
0.7001112992125984
21
0.4602652362204724
0
LINE
8
BLACK
6
CONTINUOUS
10
0.7001112992125984
20
0.4602652362204724
11
0.7000765748031496
21
0.4602999606299212
0
LINE
8
BLACK
6
CONTINUOUS
10
0.7000765748031496
20
0.4602999606299212
11
0.6997855511811023
21
0.4604675590551181
0
LINE
8
BLACK
6
CONTINUOUS
10
0.6997855511811023
20
0.4604675590551181
11
0.6986945275590551
21
0.4614222047244094
0
LINE
8
BLACK
6
CONTINUOUS
10
0.6986945275590551
20
0.4614222047244094
11
0.6977983070866142
21
0.4605259448818897
0
LINE
8
BLACK
6
CONTINUOUS
10
0.6977983070866142
20
0.4605259448818897
11
0.6964495669291338
21
0.4578284645669291
0
LINE
8
BLACK
6
CONTINUOUS
10
0.6964495669291338
20
0.4578284645669291
11
0.6964495669291338
21
0.455473031496063
0
LINE
8
BLACK
6
CONTINUOUS
10
0.6964495669291338
20
0.455473031496063
11
0.6977916929133858
21
0.4527887401574803
0
LINE
8
BLACK
6
CONTINUOUS
10
0.6977916929133858
20
0.4527887401574803
11
0.6998133858267717
21
0.4527887401574803
0
LINE
8
BLACK
6
CONTINUOUS
10
0.6998133858267717
20
0.4527887401574803
11
0.6998714173228346
21
0.4527772047244095
0
LINE
8
BLACK
6
CONTINUOUS
10
0.6998714173228346
20
0.4527772047244095
11
0.6998970866141732
21
0.4527857480314961
0
LINE
8
BLACK
6
CONTINUOUS
10
0.6998970866141732
20
0.4527857480314961
11
0.7000795669291339
21
0.4527357874015748
0
LINE
8
BLACK
6
CONTINUOUS
10
0.7000795669291339
20
0.4527357874015748
11
0.7002653937007873
21
0.4526988188976378
0
LINE
8
BLACK
6
CONTINUOUS
10
0.7002653937007873
20
0.4526988188976378
11
0.7002845275590551
21
0.4526796850393701
0
LINE
8
BLACK
6
CONTINUOUS
10
0.7002845275590551
20
0.4526796850393701
11
0.7003415748031496
21
0.4526640551181103
0
LINE
8
BLACK
6
CONTINUOUS
10
0.7003415748031496
20
0.4526640551181103
11
0.7018414566929134
21
0.4519141338582677
0
LINE
8
BLACK
6
CONTINUOUS
10
0.7018414566929134
20
0.4519141338582677
11
0.7019911811023621
21
0.4517979133858268
0
LINE
8
BLACK
6
CONTINUOUS
10
0.7019911811023621
20
0.4517979133858268
11
0.7021483858267716
21
0.451692874015748
0
LINE
8
BLACK
6
CONTINUOUS
10
0.7021483858267716
20
0.451692874015748
11
0.7028983070866142
21
0.4509429921259843
0
LINE
8
BLACK
6
CONTINUOUS
10
0.7028983070866142
20
0.4509429921259843
11
0.7030035433070866
21
0.4507854724409449
0
LINE
8
BLACK
6
CONTINUOUS
10
0.7030035433070866
20
0.4507854724409449
11
0.7031195275590552
21
0.450636062992126
0
LINE
8
BLACK
6
CONTINUOUS
10
0.7031195275590552
20
0.450636062992126
11
0.7036031496062992
21
0.4496687795275591
0
LINE
8
BLACK
6
CONTINUOUS
10
0.7036031496062992
20
0.4496687795275591
11
0.7049879921259843
21
0.4493225590551181
0
LINE
8
BLACK
6
CONTINUOUS
10
0.7049879921259843
20
0.4493225590551181
11
0.7096347637795275
21
0.4525752362204724
0
LINE
8
BLACK
6
CONTINUOUS
10
0.7096347637795275
20
0.4525752362204724
11
0.7100566141732283
21
0.4527607480314961
0
LINE
8
BLACK
6
CONTINUOUS
10
0.7100566141732283
20
0.4527607480314961
11
0.710946811023622
21
0.4526036614173228
0
LINE
8
BLACK
6
CONTINUOUS
10
0.710946811023622
20
0.4526036614173228
11
0.7114651968503937
21
0.4518630708661417
0
LINE
8
BLACK
6
CONTINUOUS
10
0.7114651968503937
20
0.4518630708661417
11
0.7113081102362204
21
0.4509729133858267
0
LINE
8
BLACK
6
CONTINUOUS
10
0.7113081102362204
20
0.4509729133858267
11
0.7109893700787402
21
0.4506400393700787
0
LINE
8
BLACK
6
CONTINUOUS
10
0.7109893700787402
20
0.4506400393700787
11
0.7080231889763779
21
0.4485637401574803
0
LINE
8
BLACK
6
CONTINUOUS
10
0.7080231889763779
20
0.4485637401574803
11
0.7088584645669291
21
0.4483549212598425
0
LINE
8
BLACK
6
CONTINUOUS
10
0.7088584645669291
20
0.4483549212598425
11
0.7174212598425197
21
0.4483549212598425
0
LINE
8
BLACK
6
CONTINUOUS
10
0.7174212598425197
20
0.4483549212598425
11
0.7174212598425197
21
0.4649465748031496
0
LINE
8
BLACK
6
CONTINUOUS
10
0.7174212598425197
20
0.4649465748031496
11
0.7109624015748032
21
0.4649465748031496
0
LINE
8
BLACK
6
CONTINUOUS
10
0.7109624015748032
20
0.4649465748031496
11
0.7113685039370079
21
0.4641343307086614
0
LINE
8
BLACK
6
CONTINUOUS
10
0.7213582677165354
20
0.4493182283464567
11
0.7243372440944882
21
0.4500629527559055
0
LINE
8
BLACK
6
CONTINUOUS
10
0.7243372440944882
20
0.4500629527559055
11
0.7273682283464566
21
0.4515784645669291
0
LINE
8
BLACK
6
CONTINUOUS
10
0.7273682283464566
20
0.4515784645669291
11
0.7285653937007874
21
0.4527755905511811
0
LINE
8
BLACK
6
CONTINUOUS
10
0.7285653937007874
20
0.4527755905511811
11
0.7299141338582678
21
0.455473031496063
0
LINE
8
BLACK
6
CONTINUOUS
10
0.7299141338582678
20
0.455473031496063
11
0.7299141338582678
21
0.4578284645669291
0
LINE
8
BLACK
6
CONTINUOUS
10
0.7299141338582678
20
0.4578284645669291
11
0.7285653937007874
21
0.4605259448818897
0
LINE
8
BLACK
6
CONTINUOUS
10
0.7285653937007874
20
0.4605259448818897
11
0.7273682283464566
21
0.4617230708661417
0
LINE
8
BLACK
6
CONTINUOUS
10
0.7273682283464566
20
0.4617230708661417
11
0.7243372440944882
21
0.4632385826771653
0
LINE
8
BLACK
6
CONTINUOUS
10
0.7243372440944882
20
0.4632385826771653
11
0.7213582677165354
21
0.4639833464566929
0
LINE
8
BLACK
6
CONTINUOUS
10
0.7213582677165354
20
0.4639833464566929
11
0.7213582677165354
21
0.4493182283464567
0
LINE
8
BLACK
6
CONTINUOUS
10
0.6663971259842519
20
0.4332528346456693
11
0.6672117716535433
21
0.4324381889763779
0
LINE
8
BLACK
6
CONTINUOUS
10
0.6672117716535433
20
0.4324381889763779
11
0.6676526771653544
21
0.4313737795275591
0
LINE
8
BLACK
6
CONTINUOUS
10
0.6676526771653544
20
0.4313737795275591
11
0.6677094094488188
21
0.4307977165354331
0
LINE
8
BLACK
6
CONTINUOUS
10
0.6677094094488188
20
0.4307977165354331
11
0.6677094094488188
21
0.4083005511811024
0
LINE
8
BLACK
6
CONTINUOUS
10
0.6677094094488188
20
0.4083005511811024
11
0.6676526771653544
21
0.4077244881889764
0
LINE
8
BLACK
6
CONTINUOUS
10
0.6676526771653544
20
0.4077244881889764
11
0.6672117716535433
21
0.4066600787401575
0
LINE
8
BLACK
6
CONTINUOUS
10
0.6672117716535433
20
0.4066600787401575
11
0.6663971259842519
21
0.4058454330708661
0
LINE
8
BLACK
6
CONTINUOUS
10
0.6663971259842519
20
0.4058454330708661
11
0.665332716535433
21
0.4054045275590551
0
LINE
8
BLACK
6
CONTINUOUS
10
0.665332716535433
20
0.4054045275590551
11
0.6641805905511811
21
0.4054045275590551
0
LINE
8
BLACK
6
CONTINUOUS
10
0.6641805905511811
20
0.4054045275590551
11
0.6631161811023621
21
0.4058454330708661
0
LINE
8
BLACK
6
CONTINUOUS
10
0.6631161811023621
20
0.4058454330708661
11
0.6623015354330708
21
0.4066600787401575
0
LINE
8
BLACK
6
CONTINUOUS
10
0.6623015354330708
20
0.4066600787401575
11
0.6618606299212598
21
0.4077244881889764
0
LINE
8
BLACK
6
CONTINUOUS
10
0.6618606299212598
20
0.4077244881889764
11
0.6618038976377952
21
0.4083005511811024
0
LINE
8
BLACK
6
CONTINUOUS
10
0.6618038976377952
20
0.4083005511811024
11
0.6618038976377952
21
0.4165963779527559
0
LINE
8
BLACK
6
CONTINUOUS
10
0.6618038976377952
20
0.4165963779527559
11
0.6343899212598425
21
0.4165963779527559
0
LINE
8
BLACK
6
CONTINUOUS
10
0.6343899212598425
20
0.4165963779527559
11
0.6368483070866141
21
0.4141379921259842
0
LINE
8
BLACK
6
CONTINUOUS
10
0.6368483070866141
20
0.4141379921259842
11
0.6370341338582677
21
0.4139116141732284
0
LINE
8
BLACK
6
CONTINUOUS
10
0.6370341338582677
20
0.4139116141732284
11
0.6370930708661418
21
0.4138604724409449
0
LINE
8
BLACK
6
CONTINUOUS
10
0.6370930708661418
20
0.4138604724409449
11
0.637148937007874
21
0.4137717322834645
0
LINE
8
BLACK
6
CONTINUOUS
10
0.637148937007874
20
0.4137717322834645
11
0.6372155511811024
21
0.4136905511811024
0
LINE
8
BLACK
6
CONTINUOUS
10
0.6372155511811024
20
0.4136905511811024
11
0.6372453937007874
21
0.4136184251968504
0
LINE
8
BLACK
6
CONTINUOUS
10
0.6372453937007874
20
0.4136184251968504
11
0.6374014173228346
21
0.4133705905511811
0
LINE
8
BLACK
6
CONTINUOUS
10
0.6374014173228346
20
0.4133705905511811
11
0.6392761811023622
21
0.409621062992126
0
LINE
8
BLACK
6
CONTINUOUS
10
0.6392761811023622
20
0.409621062992126
11
0.6394830708661418
21
0.4090804724409449
0
LINE
8
BLACK
6
CONTINUOUS
10
0.6394830708661418
20
0.4090804724409449
11
0.6395647244094488
21
0.4079312598425197
0
LINE
8
BLACK
6
CONTINUOUS
10
0.6395647244094488
20
0.4079312598425197
11
0.6392003937007874
21
0.4068382677165354
0
LINE
8
BLACK
6
CONTINUOUS
10
0.6392003937007874
20
0.4068382677165354
11
0.6384455511811024
21
0.4059679133858268
0
LINE
8
BLACK
6
CONTINUOUS
10
0.6384455511811024
20
0.4059679133858268
11
0.6374150393700787
21
0.4054526377952756
0
LINE
8
BLACK
6
CONTINUOUS
10
0.6374150393700787
20
0.4054526377952756
11
0.6362658267716536
21
0.4053709842519685
0
LINE
8
BLACK
6
CONTINUOUS
10
0.6362658267716536
20
0.4053709842519685
11
0.6351728740157481
21
0.4057353149606299
0
LINE
8
BLACK
6
CONTINUOUS
10
0.6351728740157481
20
0.4057353149606299
11
0.6343024803149606
21
0.406490157480315
0
LINE
8
BLACK
6
CONTINUOUS
10
0.6343024803149606
20
0.406490157480315
11
0.6339941338582677
21
0.4069800393700787
0
LINE
8
BLACK
6
CONTINUOUS
10
0.6339941338582677
20
0.4069800393700787
11
0.6323336614173228
21
0.4103009842519685
0
LINE
8
BLACK
6
CONTINUOUS
10
0.6323336614173228
20
0.4103009842519685
11
0.6291296850393701
21
0.4135049606299213
0
LINE
8
BLACK
6
CONTINUOUS
10
0.6291296850393701
20
0.4135049606299213
11
0.6237486614173228
21
0.4170922834645669
0
LINE
8
BLACK
6
CONTINUOUS
10
0.6237486614173228
20
0.4170922834645669
11
0.623746968503937
21
0.4170936614173228
0
LINE
8
BLACK
6
CONTINUOUS
10
0.623746968503937
20
0.4170936614173228
11
0.6237461023622047
21
0.4170940157480315
0
LINE
8
BLACK
6
CONTINUOUS
10
0.6237461023622047
20
0.4170940157480315
11
0.6237440551181103
21
0.417096062992126
0
LINE
8
BLACK
6
CONTINUOUS
10
0.6237440551181103
20
0.417096062992126
11
0.6233008267716535
21
0.4174590551181102
0
LINE
8
BLACK
6
CONTINUOUS
10
0.6233008267716535
20
0.4174590551181102
11
0.6231381496062992
21
0.417701968503937
0
LINE
8
BLACK
6
CONTINUOUS
10
0.6231381496062992
20
0.417701968503937
11
0.6229314566929134
21
0.4179086614173228
0
LINE
8
BLACK
6
CONTINUOUS
10
0.6229314566929134
20
0.4179086614173228
11
0.6228207086614173
21
0.4181759842519685
0
LINE
8
BLACK
6
CONTINUOUS
10
0.6228207086614173
20
0.4181759842519685
11
0.6226597637795276
21
0.4184163385826772
0
LINE
8
BLACK
6
CONTINUOUS
10
0.6226597637795276
20
0.4184163385826772
11
0.6226024015748032
21
0.4187029921259842
0
LINE
8
BLACK
6
CONTINUOUS
10
0.6226024015748032
20
0.4187029921259842
11
0.6224905511811023
21
0.4189730708661417
0
LINE
8
BLACK
6
CONTINUOUS
10
0.6224905511811023
20
0.4189730708661417
11
0.6224905511811023
21
0.4192624015748032
0
LINE
8
BLACK
6
CONTINUOUS
10
0.6224905511811023
20
0.4192624015748032
11
0.6224338188976378
21
0.4195460236220472
0
LINE
8
BLACK
6
CONTINUOUS
10
0.6224338188976378
20
0.4195460236220472
11
0.6224905511811023
21
0.4198328346456693
0
LINE
8
BLACK
6
CONTINUOUS
10
0.6224905511811023
20
0.4198328346456693
11
0.6224905511811023
21
0.4201251968503937
0
LINE
8
BLACK
6
CONTINUOUS
10
0.6224905511811023
20
0.4201251968503937
11
0.6226012598425197
21
0.4203924803149606
0
LINE
8
BLACK
6
CONTINUOUS
10
0.6226012598425197
20
0.4203924803149606
11
0.6226574015748031
21
0.4206762598425197
0
LINE
8
BLACK
6
CONTINUOUS
10
0.6226574015748031
20
0.4206762598425197
11
0.6228195669291339
21
0.4209195275590551
0
LINE
8
BLACK
6
CONTINUOUS
10
0.6228195669291339
20
0.4209195275590551
11
0.6229314566929134
21
0.4211896062992126
0
LINE
8
BLACK
6
CONTINUOUS
10
0.6229314566929134
20
0.4211896062992126
11
0.6231359842519685
21
0.4213941732283464
0
LINE
8
BLACK
6
CONTINUOUS
10
0.6231359842519685
20
0.4213941732283464
11
0.6232964960629921
21
0.4216348818897638
0
LINE
8
BLACK
6
CONTINUOUS
10
0.6232964960629921
20
0.4216348818897638
11
0.6235393700787402
21
0.4217975590551181
0
LINE
8
BLACK
6
CONTINUOUS
10
0.6235393700787402
20
0.4217975590551181
11
0.6237461023622047
21
0.4220042519685039
0
LINE
8
BLACK
6
CONTINUOUS
10
0.6237461023622047
20
0.4220042519685039
11
0.6240133858267717
21
0.422115
0
LINE
8
BLACK
6
CONTINUOUS
10
0.6240133858267717
20
0.422115
11
0.624253779527559
21
0.4222759448818897
0
LINE
8
BLACK
6
CONTINUOUS
10
0.624253779527559
20
0.4222759448818897
11
0.6245403937007874
21
0.4223333070866142
0
LINE
8
BLACK
6
CONTINUOUS
10
0.6245403937007874
20
0.4223333070866142
11
0.6248105118110236
21
0.422445157480315
0
LINE
8
BLACK
6
CONTINUOUS
10
0.6248105118110236
20
0.422445157480315
11
0.6253804330708661
21
0.4225012992125984
0
LINE
8
BLACK
6
CONTINUOUS
10
0.6253804330708661
20
0.4225012992125984
11
0.6253834645669292
21
0.4225018897637795
0
LINE
8
BLACK
6
CONTINUOUS
10
0.6253834645669292
20
0.4225018897637795
11
0.6253844881889764
21
0.4225016929133858
0
LINE
8
BLACK
6
CONTINUOUS
10
0.6253844881889764
20
0.4225016929133858
11
0.6253865748031496
21
0.4225018897637795
0
LINE
8
BLACK
6
CONTINUOUS
10
0.6253865748031496
20
0.4225018897637795
11
0.6618038976377952
21
0.4225018897637795
0
LINE
8
BLACK
6
CONTINUOUS
10
0.6618038976377952
20
0.4225018897637795
11
0.6618038976377952
21
0.4307977165354331
0
LINE
8
BLACK
6
CONTINUOUS
10
0.6618038976377952
20
0.4307977165354331
11
0.6618606299212598
21
0.4313737795275591
0
LINE
8
BLACK
6
CONTINUOUS
10
0.6618606299212598
20
0.4313737795275591
11
0.6623015354330708
21
0.4324381889763779
0
LINE
8
BLACK
6
CONTINUOUS
10
0.6623015354330708
20
0.4324381889763779
11
0.6631161811023621
21
0.4332528346456693
0
LINE
8
BLACK
6
CONTINUOUS
10
0.6631161811023621
20
0.4332528346456693
11
0.6641805905511811
21
0.4336937401574803
0
LINE
8
BLACK
6
CONTINUOUS
10
0.6641805905511811
20
0.4336937401574803
11
0.665332716535433
21
0.4336937401574803
0
LINE
8
BLACK
6
CONTINUOUS
10
0.665332716535433
20
0.4336937401574803
11
0.6663971259842519
21
0.4332528346456693
0
LINE
8
BLACK
6
CONTINUOUS
10
0.5878917716535433
20
0.4426316929133858
11
0.5889561811023621
21
0.4421907874015748
0
LINE
8
BLACK
6
CONTINUOUS
10
0.5889561811023621
20
0.4421907874015748
11
0.5897708267716535
21
0.4413761417322835
0
LINE
8
BLACK
6
CONTINUOUS
10
0.5897708267716535
20
0.4413761417322835
11
0.5902117322834646
21
0.4403117322834645
0
LINE
8
BLACK
6
CONTINUOUS
10
0.5902117322834646
20
0.4403117322834645
11
0.5902117322834646
21
0.4391596062992126
0
LINE
8
BLACK
6
CONTINUOUS
10
0.5902117322834646
20
0.4391596062992126
11
0.5897708267716535
21
0.4380951968503937
0
LINE
8
BLACK
6
CONTINUOUS
10
0.5897708267716535
20
0.4380951968503937
11
0.5889561811023621
21
0.4372805511811024
0
LINE
8
BLACK
6
CONTINUOUS
10
0.5889561811023621
20
0.4372805511811024
11
0.5878917716535433
21
0.4368396456692913
0
LINE
8
BLACK
6
CONTINUOUS
10
0.5878917716535433
20
0.4368396456692913
11
0.5873157086614174
21
0.4367829133858268
0
LINE
8
BLACK
6
CONTINUOUS
10
0.5873157086614174
20
0.4367829133858268
11
0.5673903149606299
21
0.4367829133858268
0
LINE
8
BLACK
6
CONTINUOUS
10
0.5673903149606299
20
0.4367829133858268
11
0.5651445669291338
21
0.4356600787401575
0
LINE
8
BLACK
6
CONTINUOUS
10
0.5651445669291338
20
0.4356600787401575
11
0.5640217322834645
21
0.4334143307086614
0
LINE
8
BLACK
6
CONTINUOUS
10
0.5640217322834645
20
0.4334143307086614
11
0.5640217322834645
21
0.4291841338582677
0
LINE
8
BLACK
6
CONTINUOUS
10
0.5640217322834645
20
0.4291841338582677
11
0.5653704724409448
21
0.4264866535433071
0
LINE
8
BLACK
6
CONTINUOUS
10
0.5653704724409448
20
0.4264866535433071
11
0.5660415748031495
21
0.4258155511811024
0
LINE
8
BLACK
6
CONTINUOUS
10
0.5660415748031495
20
0.4258155511811024
11
0.5873157086614174
21
0.4258155511811024
0
LINE
8
BLACK
6
CONTINUOUS
10
0.5873157086614174
20
0.4258155511811024
11
0.5878917716535433
21
0.4257588188976378
0
LINE
8
BLACK
6
CONTINUOUS
10
0.5878917716535433
20
0.4257588188976378
11
0.5889561811023621
21
0.4253179133858268
0
LINE
8
BLACK
6
CONTINUOUS
10
0.5889561811023621
20
0.4253179133858268
11
0.5897708267716535
21
0.4245032677165354
0
LINE
8
BLACK
6
CONTINUOUS
10
0.5897708267716535
20
0.4245032677165354
11
0.5902117322834646
21
0.4234388582677165
0
LINE
8
BLACK
6
CONTINUOUS
10
0.5902117322834646
20
0.4234388582677165
11
0.5902117322834646
21
0.4222867322834646
0
LINE
8
BLACK
6
CONTINUOUS
10
0.5902117322834646
20
0.4222867322834646
11
0.5897708267716535
21
0.4212223228346457
0
LINE
8
BLACK
6
CONTINUOUS
10
0.5897708267716535
20
0.4212223228346457
11
0.5889561811023621
21
0.4204076771653543
0
LINE
8
BLACK
6
CONTINUOUS
10
0.5889561811023621
20
0.4204076771653543
11
0.5878917716535433
21
0.4199667716535433
0
LINE
8
BLACK
6
CONTINUOUS
10
0.5878917716535433
20
0.4199667716535433
11
0.5873157086614174
21
0.4199100393700788
0
LINE
8
BLACK
6
CONTINUOUS
10
0.5873157086614174
20
0.4199100393700788
11
0.5610689763779527
21
0.4199100393700788
0
LINE
8
BLACK
6
CONTINUOUS
10
0.5610689763779527
20
0.4199100393700788
11
0.5604929133858267
21
0.4199667716535433
0
LINE
8
BLACK
6
CONTINUOUS
10
0.5604929133858267
20
0.4199667716535433
11
0.5594285039370078
21
0.4204076771653543
0
LINE
8
BLACK
6
CONTINUOUS
10
0.5594285039370078
20
0.4204076771653543
11
0.5586138582677165
21
0.4212223228346457
0
LINE
8
BLACK
6
CONTINUOUS
10
0.5586138582677165
20
0.4212223228346457
11
0.5581729527559055
21
0.4222867322834646
0
LINE
8
BLACK
6
CONTINUOUS
10
0.5581729527559055
20
0.4222867322834646
11
0.5581729527559055
21
0.4234388582677165
0
LINE
8
BLACK
6
CONTINUOUS
10
0.5581729527559055
20
0.4234388582677165
11
0.5586138582677165
21
0.4245032677165354
0
LINE
8
BLACK
6
CONTINUOUS
10
0.5586138582677165
20
0.4245032677165354
11
0.5593776771653544
21
0.425267125984252
0
LINE
8
BLACK
6
CONTINUOUS
10
0.5593776771653544
20
0.425267125984252
11
0.5584279527559055
21
0.4271665748031496
0
LINE
8
BLACK
6
CONTINUOUS
10
0.5584279527559055
20
0.4271665748031496
11
0.5582210629921259
21
0.4277072047244094
0
LINE
8
BLACK
6
CONTINUOUS
10
0.5582210629921259
20
0.4277072047244094
11
0.5582135433070866
21
0.427813031496063
0
LINE
8
BLACK
6
CONTINUOUS
10
0.5582135433070866
20
0.427813031496063
11
0.5581729527559055
21
0.4279110236220472
0
LINE
8
BLACK
6
CONTINUOUS
10
0.5581729527559055
20
0.4279110236220472
11
0.5581162204724409
21
0.4284870866141732
0
LINE
8
BLACK
6
CONTINUOUS
10
0.5581162204724409
20
0.4284870866141732
11
0.5581162204724409
21
0.4341113779527559
0
LINE
8
BLACK
6
CONTINUOUS
10
0.5581162204724409
20
0.4341113779527559
11
0.5581729527559055
21
0.4346874409448819
0
LINE
8
BLACK
6
CONTINUOUS
10
0.5581729527559055
20
0.4346874409448819
11
0.5582135433070866
21
0.4347854724409449
0
LINE
8
BLACK
6
CONTINUOUS
10
0.5582135433070866
20
0.4347854724409449
11
0.5582210629921259
21
0.4348912598425197
0
LINE
8
BLACK
6
CONTINUOUS
10
0.5582210629921259
20
0.4348912598425197
11
0.5584279527559055
21
0.4354318897637795
0
LINE
8
BLACK
6
CONTINUOUS
10
0.5584279527559055
20
0.4354318897637795
11
0.5603027165354331
21
0.4391814173228346
0
LINE
8
BLACK
6
CONTINUOUS
10
0.5603027165354331
20
0.4391814173228346
11
0.5603633464566929
21
0.4392777952755905
0
LINE
8
BLACK
6
CONTINUOUS
10
0.5603633464566929
20
0.4392777952755905
11
0.5603785039370078
21
0.439323188976378
0
LINE
8
BLACK
6
CONTINUOUS
10
0.5603785039370078
20
0.439323188976378
11
0.5604275196850393
21
0.4393797637795275
0
LINE
8
BLACK
6
CONTINUOUS
10
0.5604275196850393
20
0.4393797637795275
11
0.5606110629921259
21
0.4396712992125984
0
LINE
8
BLACK
6
CONTINUOUS
10
0.5606110629921259
20
0.4396712992125984
11
0.5608907480314961
21
0.4399138976377953
0
LINE
8
BLACK
6
CONTINUOUS
10
0.5608907480314961
20
0.4399138976377953
11
0.5611333464566929
21
0.4401935826771654
0
LINE
8
BLACK
6
CONTINUOUS
10
0.5611333464566929
20
0.4401935826771654
11
0.5614248818897638
21
0.4403771259842519
0
LINE
8
BLACK
6
CONTINUOUS
10
0.5614248818897638
20
0.4403771259842519
11
0.5614814566929134
21
0.4404261417322834
0
LINE
8
BLACK
6
CONTINUOUS
10
0.5614814566929134
20
0.4404261417322834
11
0.5615268503937008
21
0.4404412992125984
0
LINE
8
BLACK
6
CONTINUOUS
10
0.5615268503937008
20
0.4404412992125984
11
0.5616232283464567
21
0.4405019291338583
0
LINE
8
BLACK
6
CONTINUOUS
10
0.5616232283464567
20
0.4405019291338583
11
0.5653727559055118
21
0.4423766929133858
0
LINE
8
BLACK
6
CONTINUOUS
10
0.5653727559055118
20
0.4423766929133858
11
0.5659133464566929
21
0.4425835826771654
0
LINE
8
BLACK
6
CONTINUOUS
10
0.5659133464566929
20
0.4425835826771654
11
0.5660192125984251
21
0.4425911417322835
0
LINE
8
BLACK
6
CONTINUOUS
10
0.5660192125984251
20
0.4425911417322835
11
0.5661172047244094
21
0.4426316929133858
0
LINE
8
BLACK
6
CONTINUOUS
10
0.5661172047244094
20
0.4426316929133858
11
0.5666932677165354
21
0.4426884251968504
0
LINE
8
BLACK
6
CONTINUOUS
10
0.5666932677165354
20
0.4426884251968504
11
0.5873157086614174
21
0.4426884251968504
0
LINE
8
BLACK
6
CONTINUOUS
10
0.5873157086614174
20
0.4426884251968504
11
0.5878917716535433
21
0.4426316929133858
0
LINE
8
BLACK
6
CONTINUOUS
10
0.7679816535433071
20
0.4523835039370079
11
0.7680073228346457
21
0.4523920472440945
0
LINE
8
BLACK
6
CONTINUOUS
10
0.7680073228346457
20
0.4523920472440945
11
0.7681898031496063
21
0.4523420866141732
0
LINE
8
BLACK
6
CONTINUOUS
10
0.7681898031496063
20
0.4523420866141732
11
0.7683756299212599
21
0.4523051181102362
0
LINE
8
BLACK
6
CONTINUOUS
10
0.7683756299212599
20
0.4523051181102362
11
0.7683947637795275
21
0.4522859842519685
0
LINE
8
BLACK
6
CONTINUOUS
10
0.7683947637795275
20
0.4522859842519685
11
0.768451811023622
21
0.4522703543307087
0
LINE
8
BLACK
6
CONTINUOUS
10
0.768451811023622
20
0.4522703543307087
11
0.7699516929133858
21
0.4515204330708661
0
LINE
8
BLACK
6
CONTINUOUS
10
0.7699516929133858
20
0.4515204330708661
11
0.7701014173228347
21
0.4514042125984252
0
LINE
8
BLACK
6
CONTINUOUS
10
0.7701014173228347
20
0.4514042125984252
11
0.770258622047244
21
0.4512991732283465
0
LINE
8
BLACK
6
CONTINUOUS
10
0.770258622047244
20
0.4512991732283465
11
0.7710085433070866
21
0.4505492913385827
0
LINE
8
BLACK
6
CONTINUOUS
10
0.7710085433070866
20
0.4505492913385827
11
0.771113779527559
21
0.4503917716535433
0
LINE
8
BLACK
6
CONTINUOUS
10
0.771113779527559
20
0.4503917716535433
11
0.7712297637795276
21
0.4502423622047244
0
LINE
8
BLACK
6
CONTINUOUS
10
0.7712297637795276
20
0.4502423622047244
11
0.7719796850393701
21
0.4487425196850394
0
LINE
8
BLACK
6
CONTINUOUS
10
0.7719796850393701
20
0.4487425196850394
11
0.7719952755905511
21
0.4486855118110236
0
LINE
8
BLACK
6
CONTINUOUS
10
0.7719952755905511
20
0.4486855118110236
11
0.7720144488188976
21
0.4486663385826772
0
LINE
8
BLACK
6
CONTINUOUS
10
0.7720144488188976
20
0.4486663385826772
11
0.7720513385826772
21
0.4484808661417323
0
LINE
8
BLACK
6
CONTINUOUS
10
0.7720513385826772
20
0.4484808661417323
11
0.7721014173228347
21
0.448298031496063
0
LINE
8
BLACK
6
CONTINUOUS
10
0.7721014173228347
20
0.448298031496063
11
0.7720928346456692
21
0.4482723228346457
0
LINE
8
BLACK
6
CONTINUOUS
10
0.7720928346456692
20
0.4482723228346457
11
0.772101062992126
21
0.4482308267716535
0
LINE
8
BLACK
6
CONTINUOUS
10
0.772101062992126
20
0.4482308267716535
11
0.777745
21
0.4521815354330709
0
LINE
8
BLACK
6
CONTINUOUS
10
0.777745
20
0.4521815354330709
11
0.7781668503937008
21
0.4523670472440945
0
LINE
8
BLACK
6
CONTINUOUS
10
0.7781668503937008
20
0.4523670472440945
11
0.7790570472440945
21
0.4522099606299212
0
LINE
8
BLACK
6
CONTINUOUS
10
0.7790570472440945
20
0.4522099606299212
11
0.7795754330708661
21
0.4514693700787402
0
LINE
8
BLACK
6
CONTINUOUS
10
0.7795754330708661
20
0.4514693700787402
11
0.7794183464566929
21
0.4505792125984252
0
LINE
8
BLACK
6
CONTINUOUS
10
0.7794183464566929
20
0.4505792125984252
11
0.7790996062992126
21
0.4502463385826772
0
LINE
8
BLACK
6
CONTINUOUS
10
0.7790996062992126
20
0.4502463385826772
11
0.7721043700787401
21
0.4453496850393701
0
LINE
8
BLACK
6
CONTINUOUS
10
0.7721043700787401
20
0.4453496850393701
11
0.7721043700787401
21
0.4433961811023622
0
LINE
8
BLACK
6
CONTINUOUS
10
0.7721043700787401
20
0.4433961811023622
11
0.7784223228346456
21
0.4433961811023622
0
LINE
8
BLACK
6
CONTINUOUS
10
0.7784223228346456
20
0.4433961811023622
11
0.7788743307086614
21
0.4433062598425197
0
LINE
8
BLACK
6
CONTINUOUS
10
0.7788743307086614
20
0.4433062598425197
11
0.7795135039370078
21
0.4426670866141732
0
LINE
8
BLACK
6
CONTINUOUS
10
0.7795135039370078
20
0.4426670866141732
11
0.7795135039370078
21
0.4417630708661417
0
LINE
8
BLACK
6
CONTINUOUS
10
0.7795135039370078
20
0.4417630708661417
11
0.7788743307086614
21
0.4411238976377952
0
LINE
8
BLACK
6
CONTINUOUS
10
0.7788743307086614
20
0.4411238976377952
11
0.7784223228346456
21
0.4410339763779527
0
LINE
8
BLACK
6
CONTINUOUS
10
0.7784223228346456
20
0.4410339763779527
11
0.7626742913385827
21
0.4410339763779527
0
LINE
8
BLACK
6
CONTINUOUS
10
0.7626742913385827
20
0.4410339763779527
11
0.7622222834645669
21
0.4411238976377952
0
LINE
8
BLACK
6
CONTINUOUS
10
0.7622222834645669
20
0.4411238976377952
11
0.7615831102362205
21
0.4417630708661417
0
LINE
8
BLACK
6
CONTINUOUS
10
0.7615831102362205
20
0.4417630708661417
11
0.761493188976378
21
0.4422150787401575
0
LINE
8
BLACK
6
CONTINUOUS
10
0.761493188976378
20
0.4422150787401575
11
0.761493188976378
21
0.4482143307086614
0
LINE
8
BLACK
6
CONTINUOUS
10
0.761493188976378
20
0.4482143307086614
11
0.7615047244094488
21
0.4482724015748031
0
LINE
8
BLACK
6
CONTINUOUS
10
0.7615047244094488
20
0.4482724015748031
11
0.7614961811023622
21
0.448298031496063
0
LINE
8
BLACK
6
CONTINUOUS
10
0.7614961811023622
20
0.448298031496063
11
0.7615461417322834
21
0.4484805905511811
0
LINE
8
BLACK
6
CONTINUOUS
10
0.7615461417322834
20
0.4484805905511811
11
0.7615831102362205
21
0.4486663385826772
0
LINE
8
BLACK
6
CONTINUOUS
10
0.7615831102362205
20
0.4486663385826772
11
0.7616022440944882
21
0.4486855118110236
0
LINE
8
BLACK
6
CONTINUOUS
10
0.7616022440944882
20
0.4486855118110236
11
0.761617874015748
21
0.4487425590551181
0
LINE
8
BLACK
6
CONTINUOUS
10
0.761617874015748
20
0.4487425590551181
11
0.7623677952755905
21
0.4502423622047244
0
LINE
8
BLACK
6
CONTINUOUS
10
0.7623677952755905
20
0.4502423622047244
11
0.7624840157480315
21
0.4503921259842519
0
LINE
8
BLACK
6
CONTINUOUS
10
0.7624840157480315
20
0.4503921259842519
11
0.7625890551181103
21
0.4505492913385827
0
LINE
8
BLACK
6
CONTINUOUS
10
0.7625890551181103
20
0.4505492913385827
11
0.763338937007874
21
0.4512992125984252
0
LINE
8
BLACK
6
CONTINUOUS
10
0.763338937007874
20
0.4512992125984252
11
0.7634966535433071
21
0.4514046062992126
0
LINE
8
BLACK
6
CONTINUOUS
10
0.7634966535433071
20
0.4514046062992126
11
0.763645905511811
21
0.4515204330708661
0
LINE
8
BLACK
6
CONTINUOUS
10
0.763645905511811
20
0.4515204330708661
11
0.765145748031496
21
0.4522703543307087
0
LINE
8
BLACK
6
CONTINUOUS
10
0.765145748031496
20
0.4522703543307087
11
0.7652027559055118
21
0.4522859842519685
0
LINE
8
BLACK
6
CONTINUOUS
10
0.7652027559055118
20
0.4522859842519685
11
0.7652219291338582
21
0.4523051181102362
0
LINE
8
BLACK
6
CONTINUOUS
10
0.7652219291338582
20
0.4523051181102362
11
0.7654074015748031
21
0.4523420472440945
0
LINE
8
BLACK
6
CONTINUOUS
10
0.7654074015748031
20
0.4523420472440945
11
0.7655902362204724
21
0.4523920866141732
0
LINE
8
BLACK
6
CONTINUOUS
10
0.7655902362204724
20
0.4523920866141732
11
0.7656159448818898
21
0.4523835433070866
0
LINE
8
BLACK
6
CONTINUOUS
10
0.7656159448818898
20
0.4523835433070866
11
0.765673937007874
21
0.4523950393700787
0
LINE
8
BLACK
6
CONTINUOUS
10
0.765673937007874
20
0.4523950393700787
11
0.7679236220472441
21
0.4523950393700787
0
LINE
8
BLACK
6
CONTINUOUS
10
0.7679236220472441
20
0.4523950393700787
11
0.7679816535433071
21
0.4523835039370079
0
LINE
8
BLACK
6
CONTINUOUS
10
0.7648737401574803
20
0.4494933464566929
11
0.7643948818897638
21
0.4490145275590551
0
LINE
8
BLACK
6
CONTINUOUS
10
0.7643948818897638
20
0.4490145275590551
11
0.7638553937007874
21
0.4479354724409449
0
LINE
8
BLACK
6
CONTINUOUS
10
0.7638553937007874
20
0.4479354724409449
11
0.7638553937007874
21
0.4433961811023622
0
LINE
8
BLACK
6
CONTINUOUS
10
0.7638553937007874
20
0.4433961811023622
11
0.7697421653543307
21
0.4433961811023622
0
LINE
8
BLACK
6
CONTINUOUS
10
0.7697421653543307
20
0.4433961811023622
11
0.7697421653543307
21
0.4479354724409449
0
LINE
8
BLACK
6
CONTINUOUS
10
0.7697421653543307
20
0.4479354724409449
11
0.7692025984251968
21
0.4490145275590551
0
LINE
8
BLACK
6
CONTINUOUS
10
0.7692025984251968
20
0.4490145275590551
11
0.7687238188976377
21
0.4494933464566929
0
LINE
8
BLACK
6
CONTINUOUS
10
0.7687238188976377
20
0.4494933464566929
11
0.7676448031496063
21
0.4500328346456693
0
LINE
8
BLACK
6
CONTINUOUS
10
0.7676448031496063
20
0.4500328346456693
11
0.7659527952755906
21
0.4500328346456693
0
LINE
8
BLACK
6
CONTINUOUS
10
0.7659527952755906
20
0.4500328346456693
11
0.7648737401574803
21
0.4494933464566929
0
LINE
8
BLACK
6
CONTINUOUS
10
0.7673593307086614
20
0.4673562598425197
11
0.7675472440944882
21
0.4673325590551181
0
LINE
8
BLACK
6
CONTINUOUS
10
0.7675472440944882
20
0.4673325590551181
11
0.769796968503937
21
0.4665826771653543
0
LINE
8
BLACK
6
CONTINUOUS
10
0.769796968503937
20
0.4665826771653543
11
0.7698484251968504
21
0.4665533464566929
0
LINE
8
BLACK
6
CONTINUOUS
10
0.7698484251968504
20
0.4665533464566929
11
0.7698754330708661
21
0.4665533464566929
0
LINE
8
BLACK
6
CONTINUOUS
10
0.7698754330708661
20
0.4665533464566929
11
0.7700326771653543
21
0.4664483070866142
0
LINE
8
BLACK
6
CONTINUOUS
10
0.7700326771653543
20
0.4664483070866142
11
0.7701973228346457
21
0.4663544094488189
0
LINE
8
BLACK
6
CONTINUOUS
10
0.7701973228346457
20
0.4663544094488189
11
0.7702094094488189
21
0.4663301968503937
0
LINE
8
BLACK
6
CONTINUOUS
10
0.7702094094488189
20
0.4663301968503937
11
0.770258622047244
21
0.4662973228346456
0
LINE
8
BLACK
6
CONTINUOUS
10
0.770258622047244
20
0.4662973228346456
11
0.7772412204724409
21
0.4593147244094488
0
LINE
8
BLACK
6
CONTINUOUS
10
0.7772412204724409
20
0.4593147244094488
11
0.7772412204724409
21
0.4662120472440945
0
LINE
8
BLACK
6
CONTINUOUS
10
0.7772412204724409
20
0.4662120472440945
11
0.7773311417322835
21
0.4666640551181102
0
LINE
8
BLACK
6
CONTINUOUS
10
0.7773311417322835
20
0.4666640551181102
11
0.7779703149606298
21
0.4673032283464567
0
LINE
8
BLACK
6
CONTINUOUS
10
0.7779703149606298
20
0.4673032283464567
11
0.7788743307086614
21
0.4673032283464567
0
LINE
8
BLACK
6
CONTINUOUS
10
0.7788743307086614
20
0.4673032283464567
11
0.7795135039370078
21
0.4666640551181102
0
LINE
8
BLACK
6
CONTINUOUS
10
0.7795135039370078
20
0.4666640551181102
11
0.7796034251968503
21
0.4662120472440945
0
LINE
8
BLACK
6
CONTINUOUS
10
0.7796034251968503
20
0.4662120472440945
11
0.7796034251968503
21
0.4564632677165354
0
LINE
8
BLACK
6
CONTINUOUS
10
0.7796034251968503
20
0.4564632677165354
11
0.7795135039370078
21
0.4560112598425197
0
LINE
8
BLACK
6
CONTINUOUS
10
0.7795135039370078
20
0.4560112598425197
11
0.7788743307086614
21
0.4553720866141732
0
LINE
8
BLACK
6
CONTINUOUS
10
0.7788743307086614
20
0.4553720866141732
11
0.7788742913385827
21
0.4553720472440945
0
LINE
8
BLACK
6
CONTINUOUS
10
0.7788742913385827
20
0.4553720472440945
11
0.7779703543307086
21
0.4553720866141732
0
LINE
8
BLACK
6
CONTINUOUS
10
0.7779703543307086
20
0.4553720866141732
11
0.7779703149606298
21
0.4553720866141732
0
LINE
8
BLACK
6
CONTINUOUS
10
0.7779703149606298
20
0.4553720866141732
11
0.7779701968503937
21
0.4553722047244094
0
LINE
8
BLACK
6
CONTINUOUS
10
0.7779701968503937
20
0.4553722047244094
11
0.7775871653543307
21
0.4556281102362205
0
LINE
8
BLACK
6
CONTINUOUS
10
0.7775871653543307
20
0.4556281102362205
11
0.7687854724409449
21
0.4644298425196851
0
LINE
8
BLACK
6
CONTINUOUS
10
0.7687854724409449
20
0.4644298425196851
11
0.7669820078740157
21
0.4650309448818897
0
LINE
8
BLACK
6
CONTINUOUS
10
0.7669820078740157
20
0.4650309448818897
11
0.7659527559055118
21
0.4650309448818897
0
LINE
8
BLACK
6
CONTINUOUS
10
0.7659527559055118
20
0.4650309448818897
11
0.7648737795275591
21
0.4644914960629921
0
LINE
8
BLACK
6
CONTINUOUS
10
0.7648737795275591
20
0.4644914960629921
11
0.7643948818897638
21
0.4640125984251968
0
LINE
8
BLACK
6
CONTINUOUS
10
0.7643948818897638
20
0.4640125984251968
11
0.7638553937007874
21
0.4629335826771653
0
LINE
8
BLACK
6
CONTINUOUS
10
0.7638553937007874
20
0.4629335826771653
11
0.7638553937007874
21
0.4597417716535433
0
LINE
8
BLACK
6
CONTINUOUS
10
0.7638553937007874
20
0.4597417716535433
11
0.7643948818897638
21
0.4586627952755906
0
LINE
8
BLACK
6
CONTINUOUS
10
0.7643948818897638
20
0.4586627952755906
11
0.7650092913385826
21
0.4580483464566929
0
LINE
8
BLACK
6
CONTINUOUS
10
0.7650092913385826
20
0.4580483464566929
11
0.7652653149606299
21
0.4576651181102362
0
LINE
8
BLACK
6
CONTINUOUS
10
0.7652653149606299
20
0.4576651181102362
11
0.7652652755905511
21
0.4567612204724409
0
LINE
8
BLACK
6
CONTINUOUS
10
0.7652652755905511
20
0.4567612204724409
11
0.7646260236220472
21
0.456121968503937
0
LINE
8
BLACK
6
CONTINUOUS
10
0.7646260236220472
20
0.456121968503937
11
0.7637220866141732
21
0.4561220078740157
0
LINE
8
BLACK
6
CONTINUOUS
10
0.7637220866141732
20
0.4561220078740157
11
0.7633388976377953
21
0.4563780708661417
0
LINE
8
BLACK
6
CONTINUOUS
10
0.7633388976377953
20
0.4563780708661417
11
0.7625890157480315
21
0.4571279527559055
0
LINE
8
BLACK
6
CONTINUOUS
10
0.7625890157480315
20
0.4571279527559055
11
0.7624838188976378
21
0.4572854330708661
0
LINE
8
BLACK
6
CONTINUOUS
10
0.7624838188976378
20
0.4572854330708661
11
0.7623677952755905
21
0.4574348818897638
0
LINE
8
BLACK
6
CONTINUOUS
10
0.7623677952755905
20
0.4574348818897638
11
0.761617874015748
21
0.4589346850393701
0
LINE
8
BLACK
6
CONTINUOUS
10
0.761617874015748
20
0.4589346850393701
11
0.7616022440944882
21
0.4589917716535433
0
LINE
8
BLACK
6
CONTINUOUS
10
0.7616022440944882
20
0.4589917716535433
11
0.7615831102362205
21
0.459010905511811
0
LINE
8
BLACK
6
CONTINUOUS
10
0.7615831102362205
20
0.459010905511811
11
0.7615461417322834
21
0.4591966929133858
0
LINE
8
BLACK
6
CONTINUOUS
10
0.7615461417322834
20
0.4591966929133858
11
0.7614961811023622
21
0.4593792125984252
0
LINE
8
BLACK
6
CONTINUOUS
10
0.7614961811023622
20
0.4593792125984252
11
0.7615047244094488
21
0.4594048818897637
0
LINE
8
BLACK
6
CONTINUOUS
10
0.7615047244094488
20
0.4594048818897637
11
0.761493188976378
21
0.4594629133858268
0
LINE
8
BLACK
6
CONTINUOUS
10
0.761493188976378
20
0.4594629133858268
11
0.761493188976378
21
0.4632124409448819
0
LINE
8
BLACK
6
CONTINUOUS
10
0.761493188976378
20
0.4632124409448819
11
0.7615047244094488
21
0.4632705118110236
0
LINE
8
BLACK
6
CONTINUOUS
10
0.7615047244094488
20
0.4632705118110236
11
0.7614961811023622
21
0.4632961417322835
0
LINE
8
BLACK
6
CONTINUOUS
10
0.7614961811023622
20
0.4632961417322835
11
0.7615461417322834
21
0.4634787007874016
0
LINE
8
BLACK
6
CONTINUOUS
10
0.7615461417322834
20
0.4634787007874016
11
0.7615831102362205
21
0.4636644488188976
0
LINE
8
BLACK
6
CONTINUOUS
10
0.7615831102362205
20
0.4636644488188976
11
0.7616022440944882
21
0.4636836220472441
0
LINE
8
BLACK
6
CONTINUOUS
10
0.7616022440944882
20
0.4636836220472441
11
0.761617874015748
21
0.4637406692913386
0
LINE
8
BLACK
6
CONTINUOUS
10
0.761617874015748
20
0.4637406692913386
11
0.7623677952755905
21
0.4652404724409449
0
LINE
8
BLACK
6
CONTINUOUS
10
0.7623677952755905
20
0.4652404724409449
11
0.7624838188976378
21
0.4653899606299213
0
LINE
8
BLACK
6
CONTINUOUS
10
0.7624838188976378
20
0.4653899606299213
11
0.7625890157480315
21
0.4655474015748031
0
LINE
8
BLACK
6
CONTINUOUS
10
0.7625890157480315
20
0.4655474015748031
11
0.7633388976377953
21
0.4662972834645669
0
LINE
8
BLACK
6
CONTINUOUS
10
0.7633388976377953
20
0.4662972834645669
11
0.7634962598425197
21
0.4664024803149606
0
LINE
8
BLACK
6
CONTINUOUS
10
0.7634962598425197
20
0.4664024803149606
11
0.763645905511811
21
0.4665185826771653
0
LINE
8
BLACK
6
CONTINUOUS
10
0.763645905511811
20
0.4665185826771653
11
0.765145748031496
21
0.4672684645669291
0
LINE
8
BLACK
6
CONTINUOUS
10
0.765145748031496
20
0.4672684645669291
11
0.7652027559055118
21
0.467284094488189
0
LINE
8
BLACK
6
CONTINUOUS
10
0.7652027559055118
20
0.467284094488189
11
0.7652219291338582
21
0.4673032283464567
0
LINE
8
BLACK
6
CONTINUOUS
10
0.7652219291338582
20
0.4673032283464567
11
0.765407716535433
21
0.4673401968503937
0
LINE
8
BLACK
6
CONTINUOUS
10
0.765407716535433
20
0.4673401968503937
11
0.7655902362204724
21
0.4673901574803149
0
LINE
8
BLACK
6
CONTINUOUS
10
0.7655902362204724
20
0.4673901574803149
11
0.7656158661417323
21
0.4673816141732283
0
LINE
8
BLACK
6
CONTINUOUS
10
0.7656158661417323
20
0.4673816141732283
11
0.765673937007874
21
0.4673931496062992
0
LINE
8
BLACK
6
CONTINUOUS
10
0.765673937007874
20
0.4673931496062992
11
0.7671737401574803
21
0.4673931496062992
0
LINE
8
BLACK
6
CONTINUOUS
10
0.7671737401574803
20
0.4673931496062992
11
0.7673593307086614
21
0.4673562598425197
0
LINE
8
BLACK
6
CONTINUOUS
10
0.7882533070866141
20
0.4871533070866141
11
0.7893186614173228
21
0.4860879527559055
0
LINE
8
BLACK
6
CONTINUOUS
10
0.7893186614173228
20
0.4860879527559055
11
0.7894685039370078
21
0.4853346456692914
0
LINE
8
BLACK
6
CONTINUOUS
10
0.7894685039370078
20
0.4853346456692914
11
0.7894685039370078
21
0.4223425196850394
0
LINE
8
BLACK
6
CONTINUOUS
10
0.7894685039370078
20
0.4223425196850394
11
0.7893186614173228
21
0.4215892125984252
0
LINE
8
BLACK
6
CONTINUOUS
10
0.7893186614173228
20
0.4215892125984252
11
0.7882533070866141
21
0.4205238582677165
0
LINE
8
BLACK
6
CONTINUOUS
10
0.7882533070866141
20
0.4205238582677165
11
0.7875
21
0.4203740157480315
0
LINE
8
BLACK
6
CONTINUOUS
10
0.7875
20
0.4203740157480315
11
0.7550196850393701
21
0.4203740157480315
0
LINE
8
BLACK
6
CONTINUOUS
10
0.7550196850393701
20
0.4203740157480315
11
0.7542663779527559
21
0.4205238582677165
0
LINE
8
BLACK
6
CONTINUOUS
10
0.7542663779527559
20
0.4205238582677165
11
0.7532010236220472
21
0.4215892125984252
0
LINE
8
BLACK
6
CONTINUOUS
10
0.7532010236220472
20
0.4215892125984252
11
0.7530511811023621
21
0.4223425196850394
0
LINE
8
BLACK
6
CONTINUOUS
10
0.7530511811023621
20
0.4223425196850394
11
0.7530511811023621
21
0.4853346456692914
0
LINE
8
BLACK
6
CONTINUOUS
10
0.7530511811023621
20
0.4853346456692914
11
0.7532010236220472
21
0.4860879527559055
0
LINE
8
BLACK
6
CONTINUOUS
10
0.7532010236220472
20
0.4860879527559055
11
0.7542663779527559
21
0.4871533070866141
0
LINE
8
BLACK
6
CONTINUOUS
10
0.7542663779527559
20
0.4871533070866141
11
0.7550196850393701
21
0.4873031496062992
0
LINE
8
BLACK
6
CONTINUOUS
10
0.7550196850393701
20
0.4873031496062992
11
0.7875
21
0.4873031496062992
0
LINE
8
BLACK
6
CONTINUOUS
10
0.7875
20
0.4873031496062992
11
0.7882533070866141
21
0.4871533070866141
0
LINE
8
BLACK
6
CONTINUOUS
10
0.756988188976378
20
0.4833661417322834
11
0.756988188976378
21
0.4243110236220473
0
LINE
8
BLACK
6
CONTINUOUS
10
0.756988188976378
20
0.4243110236220473
11
0.7855314960629921
21
0.4243110236220473
0
LINE
8
BLACK
6
CONTINUOUS
10
0.7855314960629921
20
0.4243110236220473
11
0.7855314960629921
21
0.4833661417322834
0
LINE
8
BLACK
6
CONTINUOUS
10
0.7855314960629921
20
0.4833661417322834
11
0.756988188976378
21
0.4833661417322834
0
LINE
8
BLACK
6
CONTINUOUS
10
0.350168937007874
20
0.4580457480314961
11
0.3504192519685039
21
0.4580141732283464
0
LINE
8
BLACK
6
CONTINUOUS
10
0.3504192519685039
20
0.4580141732283464
11
0.3526689763779527
21
0.457264251968504
0
LINE
8
BLACK
6
CONTINUOUS
10
0.3526689763779527
20
0.457264251968504
11
0.3527374803149606
21
0.4572251968503937
0
LINE
8
BLACK
6
CONTINUOUS
10
0.3527374803149606
20
0.4572251968503937
11
0.3527736220472441
21
0.4572251968503937
0
LINE
8
BLACK
6
CONTINUOUS
10
0.3527736220472441
20
0.4572251968503937
11
0.3529834251968504
21
0.457085
0
LINE
8
BLACK
6
CONTINUOUS
10
0.3529834251968504
20
0.457085
11
0.3532027952755906
21
0.4569599606299212
0
LINE
8
BLACK
6
CONTINUOUS
10
0.3532027952755906
20
0.4569599606299212
11
0.353218937007874
21
0.4569276377952756
0
LINE
8
BLACK
6
CONTINUOUS
10
0.353218937007874
20
0.4569276377952756
11
0.3532845275590551
21
0.4568838188976378
0
LINE
8
BLACK
6
CONTINUOUS
10
0.3532845275590551
20
0.4568838188976378
11
0.3547843307086614
21
0.4553840551181103
0
LINE
8
BLACK
6
CONTINUOUS
10
0.3547843307086614
20
0.4553840551181103
11
0.3549246062992126
21
0.455174094488189
0
LINE
8
BLACK
6
CONTINUOUS
10
0.3549246062992126
20
0.455174094488189
11
0.3550793307086614
21
0.4549747244094488
0
LINE
8
BLACK
6
CONTINUOUS
10
0.3550793307086614
20
0.4549747244094488
11
0.3558292125984252
21
0.4534749212598425
0
LINE
8
BLACK
6
CONTINUOUS
10
0.3558292125984252
20
0.4534749212598425
11
0.3558747244094488
21
0.4533087007874015
0
LINE
8
BLACK
6
CONTINUOUS
10
0.3558747244094488
20
0.4533087007874015
11
0.3559484645669291
21
0.4531526377952756
0
LINE
8
BLACK
6
CONTINUOUS
10
0.3559484645669291
20
0.4531526377952756
11
0.3566983858267717
21
0.4501529527559055
0
LINE
8
BLACK
6
CONTINUOUS
10
0.3566983858267717
20
0.4501529527559055
11
0.3567077559055118
21
0.4499602362204724
0
LINE
8
BLACK
6
CONTINUOUS
10
0.3567077559055118
20
0.4499602362204724
11
0.3567453937007874
21
0.4497710236220472
0
LINE
8
BLACK
6
CONTINUOUS
10
0.3567453937007874
20
0.4497710236220472
11
0.3567453937007874
21
0.4475212992125984
0
LINE
8
BLACK
6
CONTINUOUS
10
0.3567453937007874
20
0.4475212992125984
11
0.3567077559055118
21
0.447332125984252
0
LINE
8
BLACK
6
CONTINUOUS
10
0.3567077559055118
20
0.447332125984252
11
0.3566983858267717
21
0.4471393307086614
0
LINE
8
BLACK
6
CONTINUOUS
10
0.3566983858267717
20
0.4471393307086614
11
0.3559484645669291
21
0.4441397244094488
0
LINE
8
BLACK
6
CONTINUOUS
10
0.3559484645669291
20
0.4441397244094488
11
0.3558747244094488
21
0.4439837007874016
0
LINE
8
BLACK
6
CONTINUOUS
10
0.3558747244094488
20
0.4439837007874016
11
0.3558292125984252
21
0.4438174409448819
0
LINE
8
BLACK
6
CONTINUOUS
10
0.3558292125984252
20
0.4438174409448819
11
0.3550793307086614
21
0.4423176377952756
0
LINE
8
BLACK
6
CONTINUOUS
10
0.3550793307086614
20
0.4423176377952756
11
0.3549246850393701
21
0.4421184251968504
0
LINE
8
BLACK
6
CONTINUOUS
10
0.3549246850393701
20
0.4421184251968504
11
0.3547843700787401
21
0.4419083464566929
0
LINE
8
BLACK
6
CONTINUOUS
10
0.3547843700787401
20
0.4419083464566929
11
0.3532845669291338
21
0.4404085039370079
0
LINE
8
BLACK
6
CONTINUOUS
10
0.3532845669291338
20
0.4404085039370079
11
0.353218937007874
21
0.4403646850393701
0
LINE
8
BLACK
6
CONTINUOUS
10
0.353218937007874
20
0.4403646850393701
11
0.3532027952755906
21
0.4403323622047244
0
LINE
8
BLACK
6
CONTINUOUS
10
0.3532027952755906
20
0.4403323622047244
11
0.3529837007874015
21
0.4402075196850394
0
LINE
8
BLACK
6
CONTINUOUS
10
0.3529837007874015
20
0.4402075196850394
11
0.3527736614173228
21
0.440067125984252
0
LINE
8
BLACK
6
CONTINUOUS
10
0.3527736614173228
20
0.440067125984252
11
0.3527374803149606
21
0.440067125984252
0
LINE
8
BLACK
6
CONTINUOUS
10
0.3527374803149606
20
0.440067125984252
11
0.3526689763779527
21
0.4400280708661417
0
LINE
8
BLACK
6
CONTINUOUS
10
0.3526689763779527
20
0.4400280708661417
11
0.3504192519685039
21
0.4392781889763779
0
LINE
8
BLACK
6
CONTINUOUS
10
0.3504192519685039
20
0.4392781889763779
11
0.350168937007874
21
0.4392466535433071
0
LINE
8
BLACK
6
CONTINUOUS
10
0.350168937007874
20
0.4392466535433071
11
0.3499212598425196
21
0.4391973622047244
0
LINE
8
BLACK
6
CONTINUOUS
10
0.3499212598425196
20
0.4391973622047244
11
0.3461717322834645
21
0.4391973622047244
0
LINE
8
BLACK
6
CONTINUOUS
10
0.3461717322834645
20
0.4391973622047244
11
0.345569094488189
21
0.4393172440944882
0
LINE
8
BLACK
6
CONTINUOUS
10
0.345569094488189
20
0.4393172440944882
11
0.3447168110236221
21
0.4401695275590551
0
LINE
8
BLACK
6
CONTINUOUS
10
0.3447168110236221
20
0.4401695275590551
11
0.3445969291338583
21
0.4407721653543307
0
LINE
8
BLACK
6
CONTINUOUS
10
0.3445969291338583
20
0.4407721653543307
11
0.3445969291338583
21
0.4565201968503937
0
LINE
8
BLACK
6
CONTINUOUS
10
0.3445969291338583
20
0.4565201968503937
11
0.3447168110236221
21
0.4571228346456693
0
LINE
8
BLACK
6
CONTINUOUS
10
0.3447168110236221
20
0.4571228346456693
11
0.345569094488189
21
0.4579751181102362
0
LINE
8
BLACK
6
CONTINUOUS
10
0.345569094488189
20
0.4579751181102362
11
0.3461717322834645
21
0.458095
0
LINE
8
BLACK
6
CONTINUOUS
10
0.3461717322834645
20
0.458095
11
0.3499212598425196
21
0.458095
0
LINE
8
BLACK
6
CONTINUOUS
10
0.3499212598425196
20
0.458095
11
0.350168937007874
21
0.4580457480314961
0
LINE
8
BLACK
6
CONTINUOUS
10
0.3477465354330709
20
0.442346968503937
11
0.3496657480314961
21
0.442346968503937
0
LINE
8
BLACK
6
CONTINUOUS
10
0.3496657480314961
20
0.442346968503937
11
0.3513202755905512
21
0.4428985039370079
0
LINE
8
BLACK
6
CONTINUOUS
10
0.3513202755905512
20
0.4428985039370079
11
0.3523765354330708
21
0.4439548031496063
0
LINE
8
BLACK
6
CONTINUOUS
10
0.3523765354330708
20
0.4439548031496063
11
0.3529347637795275
21
0.4450712204724409
0
LINE
8
BLACK
6
CONTINUOUS
10
0.3529347637795275
20
0.4450712204724409
11
0.3535957874015748
21
0.4477152755905512
0
LINE
8
BLACK
6
CONTINUOUS
10
0.3535957874015748
20
0.4477152755905512
11
0.3535957874015748
21
0.4495770866141732
0
LINE
8
BLACK
6
CONTINUOUS
10
0.3535957874015748
20
0.4495770866141732
11
0.3529347244094488
21
0.4522211811023622
0
LINE
8
BLACK
6
CONTINUOUS
10
0.3529347244094488
20
0.4522211811023622
11
0.3523765354330708
21
0.4533375984251968
0
LINE
8
BLACK
6
CONTINUOUS
10
0.3523765354330708
20
0.4533375984251968
11
0.3513202755905512
21
0.4543938976377953
0
LINE
8
BLACK
6
CONTINUOUS
10
0.3513202755905512
20
0.4543938976377953
11
0.3496657480314961
21
0.4549453937007874
0
LINE
8
BLACK
6
CONTINUOUS
10
0.3496657480314961
20
0.4549453937007874
11
0.3477465354330709
21
0.4549453937007874
0
LINE
8
BLACK
6
CONTINUOUS
10
0.3477465354330709
20
0.4549453937007874
11
0.3477465354330709
21
0.442346968503937
0
LINE
8
BLACK
6
CONTINUOUS
10
0.3672464566929134
20
0.4580796062992126
11
0.3672807480314961
21
0.4580910236220472
0
LINE
8
BLACK
6
CONTINUOUS
10
0.3672807480314961
20
0.4580910236220472
11
0.3675241732283465
21
0.4580243700787401
0
LINE
8
BLACK
6
CONTINUOUS
10
0.3675241732283465
20
0.4580243700787401
11
0.3677717322834645
21
0.4579751181102362
0
LINE
8
BLACK
6
CONTINUOUS
10
0.3677717322834645
20
0.4579751181102362
11
0.3677972440944882
21
0.4579496062992126
0
LINE
8
BLACK
6
CONTINUOUS
10
0.3677972440944882
20
0.4579496062992126
11
0.3678733858267716
21
0.4579287401574803
0
LINE
8
BLACK
6
CONTINUOUS
10
0.3678733858267716
20
0.4579287401574803
11
0.3693731889763779
21
0.4571788188976378
0
LINE
8
BLACK
6
CONTINUOUS
10
0.3693731889763779
20
0.4571788188976378
11
0.3695726377952756
21
0.4570240157480315
0
LINE
8
BLACK
6
CONTINUOUS
10
0.3695726377952756
20
0.4570240157480315
11
0.3697824409448819
21
0.4568838582677165
0
LINE
8
BLACK
6
CONTINUOUS
10
0.3697824409448819
20
0.4568838582677165
11
0.3705323228346457
21
0.4561339763779527
0
LINE
8
BLACK
6
CONTINUOUS
10
0.3705323228346457
20
0.4561339763779527
11
0.3706725196850393
21
0.4559241732283464
0
LINE
8
BLACK
6
CONTINUOUS
10
0.3706725196850393
20
0.4559241732283464
11
0.3708273622047244
21
0.4557246456692913
0
LINE
8
BLACK
6
CONTINUOUS
10
0.3708273622047244
20
0.4557246456692913
11
0.3715772440944882
21
0.4542248031496063
0
LINE
8
BLACK
6
CONTINUOUS
10
0.3715772440944882
20
0.4542248031496063
11
0.3715980708661417
21
0.4541487401574803
0
LINE
8
BLACK
6
CONTINUOUS
10
0.3715980708661417
20
0.4541487401574803
11
0.3716236220472441
21
0.4541231889763779
0
LINE
8
BLACK
6
CONTINUOUS
10
0.3716236220472441
20
0.4541231889763779
11
0.371672874015748
21
0.4538755118110236
0
LINE
8
BLACK
6
CONTINUOUS
10
0.371672874015748
20
0.4538755118110236
11
0.3717395275590551
21
0.4536321653543307
0
LINE
8
BLACK
6
CONTINUOUS
10
0.3717395275590551
20
0.4536321653543307
11
0.3717281102362205
21
0.4535979527559055
0
LINE
8
BLACK
6
CONTINUOUS
10
0.3717281102362205
20
0.4535979527559055
11
0.3717435039370079
21
0.4535205511811023
0
LINE
8
BLACK
6
CONTINUOUS
10
0.3717435039370079
20
0.4535205511811023
11
0.3717435039370079
21
0.4520207480314961
0
LINE
8
BLACK
6
CONTINUOUS
10
0.3717435039370079
20
0.4520207480314961
11
0.3716942519685039
21
0.4517733858267716
0
LINE
8
BLACK
6
CONTINUOUS
10
0.3716942519685039
20
0.4517733858267716
11
0.371662716535433
21
0.4515227559055118
0
LINE
8
BLACK
6
CONTINUOUS
10
0.371662716535433
20
0.4515227559055118
11
0.3709127952755906
21
0.449273031496063
0
LINE
8
BLACK
6
CONTINUOUS
10
0.3709127952755906
20
0.449273031496063
11
0.3708737401574803
21
0.4492045275590551
0
LINE
8
BLACK
6
CONTINUOUS
10
0.3708737401574803
20
0.4492045275590551
11
0.3708737401574803
21
0.4491683858267717
0
LINE
8
BLACK
6
CONTINUOUS
10
0.3708737401574803
20
0.4491683858267717
11
0.3707334251968504
21
0.4489584251968504
0
LINE
8
BLACK
6
CONTINUOUS
10
0.3707334251968504
20
0.4489584251968504
11
0.3706085039370078
21
0.4487392519685039
0
LINE
8
BLACK
6
CONTINUOUS
10
0.3706085039370078
20
0.4487392519685039
11
0.3705761811023622
21
0.4487231102362205
0
LINE
8
BLACK
6
CONTINUOUS
10
0.3705761811023622
20
0.4487231102362205
11
0.3705323622047244
21
0.4486574803149606
0
LINE
8
BLACK
6
CONTINUOUS
10
0.3705323622047244
20
0.4486574803149606
11
0.3642218110236221
21
0.442346968503937
0
LINE
8
BLACK
6
CONTINUOUS
10
0.3642218110236221
20
0.442346968503937
11
0.3701687007874016
21
0.442346968503937
0
LINE
8
BLACK
6
CONTINUOUS
10
0.3701687007874016
20
0.442346968503937
11
0.3707713385826771
21
0.4422270866141732
0
LINE
8
BLACK
6
CONTINUOUS
10
0.3707713385826771
20
0.4422270866141732
11
0.3716236220472441
21
0.4413748031496063
0
LINE
8
BLACK
6
CONTINUOUS
10
0.3716236220472441
20
0.4413748031496063
11
0.3716236220472441
21
0.4401695275590551
0
LINE
8
BLACK
6
CONTINUOUS
10
0.3716236220472441
20
0.4401695275590551
11
0.3707713385826771
21
0.4393172440944882
0
LINE
8
BLACK
6
CONTINUOUS
10
0.3707713385826771
20
0.4393172440944882
11
0.3701687007874016
21
0.4391973622047244
0
LINE
8
BLACK
6
CONTINUOUS
10
0.3701687007874016
20
0.4391973622047244
11
0.3604199212598425
21
0.4391973622047244
0
LINE
8
BLACK
6
CONTINUOUS
10
0.3604199212598425
20
0.4391973622047244
11
0.3598172834645669
21
0.4393172440944882
0
LINE
8
BLACK
6
CONTINUOUS
10
0.3598172834645669
20
0.4393172440944882
11
0.3598172440944882
21
0.4393172440944882
0
LINE
8
BLACK
6
CONTINUOUS
10
0.3598172440944882
20
0.4393172440944882
11
0.358965
21
0.4401695275590551
0
LINE
8
BLACK
6
CONTINUOUS
10
0.358965
20
0.4401695275590551
11
0.358965
21
0.441374842519685
0
LINE
8
BLACK
6
CONTINUOUS
10
0.358965
20
0.441374842519685
11
0.3593063779527559
21
0.4418857086614173
0
LINE
8
BLACK
6
CONTINUOUS
10
0.3593063779527559
20
0.4418857086614173
11
0.3680423622047244
21
0.4506216929133858
0
LINE
8
BLACK
6
CONTINUOUS
10
0.3680423622047244
20
0.4506216929133858
11
0.3685938976377953
21
0.4522762598425197
0
LINE
8
BLACK
6
CONTINUOUS
10
0.3685938976377953
20
0.4522762598425197
11
0.3685938976377953
21
0.4531487795275591
0
LINE
8
BLACK
6
CONTINUOUS
10
0.3685938976377953
20
0.4531487795275591
11
0.3681245669291339
21
0.4540875196850394
0
LINE
8
BLACK
6
CONTINUOUS
10
0.3681245669291339
20
0.4540875196850394
11
0.3677360236220472
21
0.4544760236220473
0
LINE
8
BLACK
6
CONTINUOUS
10
0.3677360236220472
20
0.4544760236220473
11
0.3667973228346457
21
0.4549453937007874
0
LINE
8
BLACK
6
CONTINUOUS
10
0.3667973228346457
20
0.4549453937007874
11
0.3637913385826771
21
0.4549453937007874
0
LINE
8
BLACK
6
CONTINUOUS
10
0.3637913385826771
20
0.4549453937007874
11
0.3628525590551181
21
0.4544760236220473
0
LINE
8
BLACK
6
CONTINUOUS
10
0.3628525590551181
20
0.4544760236220473
11
0.3622833858267717
21
0.453906811023622
0
LINE
8
BLACK
6
CONTINUOUS
10
0.3622833858267717
20
0.453906811023622
11
0.3617724409448819
21
0.4535654724409449
0
LINE
8
BLACK
6
CONTINUOUS
10
0.3617724409448819
20
0.4535654724409449
11
0.3605671653543307
21
0.4535655118110236
0
LINE
8
BLACK
6
CONTINUOUS
10
0.3605671653543307
20
0.4535655118110236
11
0.3597149212598425
21
0.4544177952755906
0
LINE
8
BLACK
6
CONTINUOUS
10
0.3597149212598425
20
0.4544177952755906
11
0.3597149606299213
21
0.4556230708661417
0
LINE
8
BLACK
6
CONTINUOUS
10
0.3597149606299213
20
0.4556230708661417
11
0.3600562992125984
21
0.4561339763779527
0
LINE
8
BLACK
6
CONTINUOUS
10
0.3600562992125984
20
0.4561339763779527
11
0.3608062204724409
21
0.4568838582677165
0
LINE
8
BLACK
6
CONTINUOUS
10
0.3608062204724409
20
0.4568838582677165
11
0.3610161023622047
21
0.457024094488189
0
LINE
8
BLACK
6
CONTINUOUS
10
0.3610161023622047
20
0.457024094488189
11
0.3612154724409449
21
0.4571788188976378
0
LINE
8
BLACK
6
CONTINUOUS
10
0.3612154724409449
20
0.4571788188976378
11
0.3627152755905512
21
0.4579287401574803
0
LINE
8
BLACK
6
CONTINUOUS
10
0.3627152755905512
20
0.4579287401574803
11
0.3627913779527559
21
0.4579496062992126
0
LINE
8
BLACK
6
CONTINUOUS
10
0.3627913779527559
20
0.4579496062992126
11
0.3628169291338583
21
0.4579751181102362
0
LINE
8
BLACK
6
CONTINUOUS
10
0.3628169291338583
20
0.4579751181102362
11
0.3630644488188977
21
0.4580243700787401
0
LINE
8
BLACK
6
CONTINUOUS
10
0.3630644488188977
20
0.4580243700787401
11
0.3633079133858267
21
0.4580910236220472
0
LINE
8
BLACK
6
CONTINUOUS
10
0.3633079133858267
20
0.4580910236220472
11
0.3633421653543307
21
0.4580796062992126
0
LINE
8
BLACK
6
CONTINUOUS
10
0.3633421653543307
20
0.4580796062992126
11
0.3634195669291339
21
0.458095
0
LINE
8
BLACK
6
CONTINUOUS
10
0.3634195669291339
20
0.458095
11
0.367169094488189
21
0.458095
0
LINE
8
BLACK
6
CONTINUOUS
10
0.367169094488189
20
0.458095
11
0.3672464566929134
21
0.4580796062992126
0
LINE
8
BLACK
6
CONTINUOUS
10
0.6498590157480315
20
0.471235905511811
11
0.6499020472440945
21
0.4712422834645669
0
LINE
8
BLACK
6
CONTINUOUS
10
0.6499020472440945
20
0.4712422834645669
11
0.6501175196850394
21
0.4712104330708661
0
LINE
8
BLACK
6
CONTINUOUS
10
0.6501175196850394
20
0.4712104330708661
11
0.6503345669291338
21
0.4711890551181102
0
LINE
8
BLACK
6
CONTINUOUS
10
0.6503345669291338
20
0.4711890551181102
11
0.6503747637795275
21
0.4711724409448819
0
LINE
8
BLACK
6
CONTINUOUS
10
0.6503747637795275
20
0.4711724409448819
11
0.6504746456692914
21
0.4711576377952756
0
LINE
8
BLACK
6
CONTINUOUS
10
0.6504746456692914
20
0.4711576377952756
11
0.6579737007874016
21
0.469282874015748
0
LINE
8
BLACK
6
CONTINUOUS
10
0.6579737007874016
20
0.469282874015748
11
0.6580161811023622
21
0.469267716535433
0
LINE
8
BLACK
6
CONTINUOUS
10
0.6580161811023622
20
0.469267716535433
11
0.6580374409448819
21
0.4692661811023622
0
LINE
8
BLACK
6
CONTINUOUS
10
0.6580374409448819
20
0.4692661811023622
11
0.6582768503937008
21
0.4691745669291338
0
LINE
8
BLACK
6
CONTINUOUS
10
0.6582768503937008
20
0.4691745669291338
11
0.6585188188976377
21
0.4690881102362204
0
LINE
8
BLACK
6
CONTINUOUS
10
0.6585188188976377
20
0.4690881102362204
11
0.6585359448818897
21
0.4690754330708661
0
LINE
8
BLACK
6
CONTINUOUS
10
0.6585359448818897
20
0.4690754330708661
11
0.6585780708661417
21
0.4690592913385827
0
LINE
8
BLACK
6
CONTINUOUS
10
0.6585780708661417
20
0.4690592913385827
11
0.6623275984251968
21
0.4671845275590551
0
LINE
8
BLACK
6
CONTINUOUS
10
0.6623275984251968
20
0.4671845275590551
11
0.6625754724409448
21
0.4670285039370078
0
LINE
8
BLACK
6
CONTINUOUS
10
0.6625754724409448
20
0.4670285039370078
11
0.6626475196850393
21
0.4669986614173228
0
LINE
8
BLACK
6
CONTINUOUS
10
0.6626475196850393
20
0.4669986614173228
11
0.6627285433070866
21
0.4669321653543307
0
LINE
8
BLACK
6
CONTINUOUS
10
0.6627285433070866
20
0.4669321653543307
11
0.6628174803149606
21
0.4668761811023622
0
LINE
8
BLACK
6
CONTINUOUS
10
0.6628174803149606
20
0.4668761811023622
11
0.6628686220472441
21
0.4668172047244095
0
LINE
8
BLACK
6
CONTINUOUS
10
0.6628686220472441
20
0.4668172047244095
11
0.6630949606299212
21
0.4666314566929134
0
LINE
8
BLACK
6
CONTINUOUS
10
0.6630949606299212
20
0.4666314566929134
11
0.6649697637795275
21
0.4647566929133858
0
LINE
8
BLACK
6
CONTINUOUS
10
0.6649697637795275
20
0.4647566929133858
11
0.6651555118110236
21
0.4645303543307087
0
LINE
8
BLACK
6
CONTINUOUS
10
0.6651555118110236
20
0.4645303543307087
11
0.6652145669291338
21
0.4644791338582677
0
LINE
8
BLACK
6
CONTINUOUS
10
0.6652145669291338
20
0.4644791338582677
11
0.6652705511811023
21
0.4643901968503937
0
LINE
8
BLACK
6
CONTINUOUS
10
0.6652705511811023
20
0.4643901968503937
11
0.6653370078740157
21
0.4643092125984252
0
LINE
8
BLACK
6
CONTINUOUS
10
0.6653370078740157
20
0.4643092125984252
11
0.6653668110236221
21
0.4642372834645669
0
LINE
8
BLACK
6
CONTINUOUS
10
0.6653668110236221
20
0.4642372834645669
11
0.6655229133858268
21
0.4639892519685039
0
LINE
8
BLACK
6
CONTINUOUS
10
0.6655229133858268
20
0.4639892519685039
11
0.6673976771653544
21
0.4602397244094488
0
LINE
8
BLACK
6
CONTINUOUS
10
0.6673976771653544
20
0.4602397244094488
11
0.6676045669291338
21
0.4596991338582677
0
LINE
8
BLACK
6
CONTINUOUS
10
0.6676045669291338
20
0.4596991338582677
11
0.6676120866141733
21
0.4595932677165354
0
LINE
8
BLACK
6
CONTINUOUS
10
0.6676120866141733
20
0.4595932677165354
11
0.6676526771653544
21
0.4594952755905511
0
LINE
8
BLACK
6
CONTINUOUS
10
0.6676526771653544
20
0.4594952755905511
11
0.6677094094488188
21
0.4589192125984252
0
LINE
8
BLACK
6
CONTINUOUS
10
0.6677094094488188
20
0.4589192125984252
11
0.6677094094488188
21
0.4551696850393701
0
LINE
8
BLACK
6
CONTINUOUS
10
0.6677094094488188
20
0.4551696850393701
11
0.6676526771653544
21
0.4545936220472441
0
LINE
8
BLACK
6
CONTINUOUS
10
0.6676526771653544
20
0.4545936220472441
11
0.6676120866141733
21
0.4544956692913386
0
LINE
8
BLACK
6
CONTINUOUS
10
0.6676120866141733
20
0.4544956692913386
11
0.6676045669291338
21
0.4543897637795276
0
LINE
8
BLACK
6
CONTINUOUS
10
0.6676045669291338
20
0.4543897637795276
11
0.6673976771653544
21
0.4538491732283464
0
LINE
8
BLACK
6
CONTINUOUS
10
0.6673976771653544
20
0.4538491732283464
11
0.6655229133858268
21
0.4500996456692913
0
LINE
8
BLACK
6
CONTINUOUS
10
0.6655229133858268
20
0.4500996456692913
11
0.6653668110236221
21
0.4498516535433071
0
LINE
8
BLACK
6
CONTINUOUS
10
0.6653668110236221
20
0.4498516535433071
11
0.6653370078740157
21
0.44977968503937
0
LINE
8
BLACK
6
CONTINUOUS
10
0.6653370078740157
20
0.44977968503937
11
0.6652705511811023
21
0.4496987401574803
0
LINE
8
BLACK
6
CONTINUOUS
10
0.6652705511811023
20
0.4496987401574803
11
0.6652145669291338
21
0.4496097637795275
0
LINE
8
BLACK
6
CONTINUOUS
10
0.6652145669291338
20
0.4496097637795275
11
0.6651555118110236
21
0.4495585826771654
0
LINE
8
BLACK
6
CONTINUOUS
10
0.6651555118110236
20
0.4495585826771654
11
0.6649697637795275
21
0.4493322047244094
0
LINE
8
BLACK
6
CONTINUOUS
10
0.6649697637795275
20
0.4493322047244094
11
0.6630949606299212
21
0.4474574409448819
0
LINE
8
BLACK
6
CONTINUOUS
10
0.6630949606299212
20
0.4474574409448819
11
0.6628686220472441
21
0.4472717322834646
0
LINE
8
BLACK
6
CONTINUOUS
10
0.6628686220472441
20
0.4472717322834646
11
0.6628174803149606
21
0.447212716535433
0
LINE
8
BLACK
6
CONTINUOUS
10
0.6628174803149606
20
0.447212716535433
11
0.6627285433070866
21
0.4471567716535433
0
LINE
8
BLACK
6
CONTINUOUS
10
0.6627285433070866
20
0.4471567716535433
11
0.6626475196850393
21
0.4470902362204724
0
LINE
8
BLACK
6
CONTINUOUS
10
0.6626475196850393
20
0.4470902362204724
11
0.6625754724409448
21
0.4470604330708661
0
LINE
8
BLACK
6
CONTINUOUS
10
0.6625754724409448
20
0.4470604330708661
11
0.6623275984251968
21
0.4469043700787401
0
LINE
8
BLACK
6
CONTINUOUS
10
0.6623275984251968
20
0.4469043700787401
11
0.6585780708661417
21
0.4450296062992126
0
LINE
8
BLACK
6
CONTINUOUS
10
0.6585780708661417
20
0.4450296062992126
11
0.6585359448818897
21
0.4450135039370078
0
LINE
8
BLACK
6
CONTINUOUS
10
0.6585359448818897
20
0.4450135039370078
11
0.6585188188976377
21
0.4450007874015748
0
LINE
8
BLACK
6
CONTINUOUS
10
0.6585188188976377
20
0.4450007874015748
11
0.6582768503937008
21
0.4449143700787401
0
LINE
8
BLACK
6
CONTINUOUS
10
0.6582768503937008
20
0.4449143700787401
11
0.6580374409448819
21
0.444822716535433
0
LINE
8
BLACK
6
CONTINUOUS
10
0.6580374409448819
20
0.444822716535433
11
0.6580161811023622
21
0.4448212204724409
0
LINE
8
BLACK
6
CONTINUOUS
10
0.6580161811023622
20
0.4448212204724409
11
0.6579737007874016
21
0.4448060236220472
0
LINE
8
BLACK
6
CONTINUOUS
10
0.6579737007874016
20
0.4448060236220472
11
0.6504746456692914
21
0.4429312598425197
0
LINE
8
BLACK
6
CONTINUOUS
10
0.6504746456692914
20
0.4429312598425197
11
0.6503747637795275
21
0.4429164960629921
0
LINE
8
BLACK
6
CONTINUOUS
10
0.6503747637795275
20
0.4429164960629921
11
0.6503345669291338
21
0.442899842519685
0
LINE
8
BLACK
6
CONTINUOUS
10
0.6503345669291338
20
0.442899842519685
11
0.6501175196850394
21
0.4428785039370078
0
LINE
8
BLACK
6
CONTINUOUS
10
0.6501175196850394
20
0.4428785039370078
11
0.6499020472440945
21
0.4428466141732283
0
LINE
8
BLACK
6
CONTINUOUS
10
0.6499020472440945
20
0.4428466141732283
11
0.6498590157480315
21
0.442853031496063
0
LINE
8
BLACK
6
CONTINUOUS
10
0.6498590157480315
20
0.442853031496063
11
0.6497585039370078
21
0.4428431102362205
0
LINE
8
BLACK
6
CONTINUOUS
10
0.6497585039370078
20
0.4428431102362205
11
0.6403846850393701
21
0.4428431102362205
0
LINE
8
BLACK
6
CONTINUOUS
10
0.6403846850393701
20
0.4428431102362205
11
0.6402841338582677
21
0.442853031496063
0
LINE
8
BLACK
6
CONTINUOUS
10
0.6402841338582677
20
0.442853031496063
11
0.6402411417322834
21
0.4428466141732283
0
LINE
8
BLACK
6
CONTINUOUS
10
0.6402411417322834
20
0.4428466141732283
11
0.6400256299212598
21
0.4428785039370078
0
LINE
8
BLACK
6
CONTINUOUS
10
0.6400256299212598
20
0.4428785039370078
11
0.6398086220472441
21
0.442899842519685
0
LINE
8
BLACK
6
CONTINUOUS
10
0.6398086220472441
20
0.442899842519685
11
0.6397683858267716
21
0.4429164960629921
0
LINE
8
BLACK
6
CONTINUOUS
10
0.6397683858267716
20
0.4429164960629921
11
0.6396685433070866
21
0.4429312598425197
0
LINE
8
BLACK
6
CONTINUOUS
10
0.6396685433070866
20
0.4429312598425197
11
0.6321694881889763
21
0.4448060236220472
0
LINE
8
BLACK
6
CONTINUOUS
10
0.6321694881889763
20
0.4448060236220472
11
0.632126968503937
21
0.4448212204724409
0
LINE
8
BLACK
6
CONTINUOUS
10
0.632126968503937
20
0.4448212204724409
11
0.6321057086614174
21
0.444822716535433
0
LINE
8
BLACK
6
CONTINUOUS
10
0.6321057086614174
20
0.444822716535433
11
0.6318659448818897
21
0.4449144881889764
0
LINE
8
BLACK
6
CONTINUOUS
10
0.6318659448818897
20
0.4449144881889764
11
0.6316243700787402
21
0.4450007874015748
0
LINE
8
BLACK
6
CONTINUOUS
10
0.6316243700787402
20
0.4450007874015748
11
0.6316072047244095
21
0.4450135039370078
0
LINE
8
BLACK
6
CONTINUOUS
10
0.6316072047244095
20
0.4450135039370078
11
0.6315651181102362
21
0.4450296062992126
0
LINE
8
BLACK
6
CONTINUOUS
10
0.6315651181102362
20
0.4450296062992126
11
0.6278155905511811
21
0.4469043700787401
0
LINE
8
BLACK
6
CONTINUOUS
10
0.6278155905511811
20
0.4469043700787401
11
0.6275675590551181
21
0.4470604724409449
0
LINE
8
BLACK
6
CONTINUOUS
10
0.6275675590551181
20
0.4470604724409449
11
0.6274956299212598
21
0.4470902755905511
0
LINE
8
BLACK
6
CONTINUOUS
10
0.6274956299212598
20
0.4470902755905511
11
0.6274146456692913
21
0.4471567716535433
0
LINE
8
BLACK
6
CONTINUOUS
10
0.6274146456692913
20
0.4471567716535433
11
0.6273257086614173
21
0.447212716535433
0
LINE
8
BLACK
6
CONTINUOUS
10
0.6273257086614173
20
0.447212716535433
11
0.6272745275590551
21
0.4472717322834646
0
LINE
8
BLACK
6
CONTINUOUS
10
0.6272745275590551
20
0.4472717322834646
11
0.6270481889763779
21
0.4474574803149606
0
LINE
8
BLACK
6
CONTINUOUS
10
0.6270481889763779
20
0.4474574803149606
11
0.6251734251968504
21
0.4493322440944882
0
LINE
8
BLACK
6
CONTINUOUS
10
0.6251734251968504
20
0.4493322440944882
11
0.6249876377952756
21
0.4495586220472441
0
LINE
8
BLACK
6
CONTINUOUS
10
0.6249876377952756
20
0.4495586220472441
11
0.6249286614173228
21
0.4496097637795275
0
LINE
8
BLACK
6
CONTINUOUS
10
0.6249286614173228
20
0.4496097637795275
11
0.6248726771653543
21
0.4496987401574803
0
LINE
8
BLACK
6
CONTINUOUS
10
0.6248726771653543
20
0.4496987401574803
11
0.6248062204724409
21
0.44977968503937
0
LINE
8
BLACK
6
CONTINUOUS
10
0.6248062204724409
20
0.44977968503937
11
0.6247763779527559
21
0.4498516535433071
0
LINE
8
BLACK
6
CONTINUOUS
10
0.6247763779527559
20
0.4498516535433071
11
0.6246203149606299
21
0.4500996456692913
0
LINE
8
BLACK
6
CONTINUOUS
10
0.6246203149606299
20
0.4500996456692913
11
0.6227455511811023
21
0.4538491732283464
0
LINE
8
BLACK
6
CONTINUOUS
10
0.6227455511811023
20
0.4538491732283464
11
0.6225386614173228
21
0.4543898031496063
0
LINE
8
BLACK
6
CONTINUOUS
10
0.6225386614173228
20
0.4543898031496063
11
0.6225311417322834
21
0.4544956299212599
0
LINE
8
BLACK
6
CONTINUOUS
10
0.6225311417322834
20
0.4544956299212599
11
0.6224905511811023
21
0.4545936220472441
0
LINE
8
BLACK
6
CONTINUOUS
10
0.6224905511811023
20
0.4545936220472441
11
0.6224338188976378
21
0.4551696850393701
0
LINE
8
BLACK
6
CONTINUOUS
10
0.6224338188976378
20
0.4551696850393701
11
0.6224338188976378
21
0.4589192125984252
0
LINE
8
BLACK
6
CONTINUOUS
10
0.6224338188976378
20
0.4589192125984252
11
0.6224905511811023
21
0.4594952755905511
0
LINE
8
BLACK
6
CONTINUOUS
10
0.6224905511811023
20
0.4594952755905511
11
0.6225311417322834
21
0.4595933070866142
0
LINE
8
BLACK
6
CONTINUOUS
10
0.6225311417322834
20
0.4595933070866142
11
0.6225386614173228
21
0.459699094488189
0
LINE
8
BLACK
6
CONTINUOUS
10
0.6225386614173228
20
0.459699094488189
11
0.6227455511811023
21
0.4602397244094488
0
LINE
8
BLACK
6
CONTINUOUS
10
0.6227455511811023
20
0.4602397244094488
11
0.6246203149606299
21
0.4639892519685039
0
LINE
8
BLACK
6
CONTINUOUS
10
0.6246203149606299
20
0.4639892519685039
11
0.6247763779527559
21
0.4642372834645669
0
LINE
8
BLACK
6
CONTINUOUS
10
0.6247763779527559
20
0.4642372834645669
11
0.6248062204724409
21
0.4643092125984252
0
LINE
8
BLACK
6
CONTINUOUS
10
0.6248062204724409
20
0.4643092125984252
11
0.6248726771653543
21
0.4643901968503937
0
LINE
8
BLACK
6
CONTINUOUS
10
0.6248726771653543
20
0.4643901968503937
11
0.6249286614173228
21
0.4644791338582677
0
LINE
8
BLACK
6
CONTINUOUS
10
0.6249286614173228
20
0.4644791338582677
11
0.6249876377952756
21
0.4645303149606299
0
LINE
8
BLACK
6
CONTINUOUS
10
0.6249876377952756
20
0.4645303149606299
11
0.6251734251968504
21
0.4647566535433071
0
LINE
8
BLACK
6
CONTINUOUS
10
0.6251734251968504
20
0.4647566535433071
11
0.6270481889763779
21
0.4666314173228346
0
LINE
8
BLACK
6
CONTINUOUS
10
0.6270481889763779
20
0.4666314173228346
11
0.6272745275590551
21
0.4668172047244095
0
LINE
8
BLACK
6
CONTINUOUS
10
0.6272745275590551
20
0.4668172047244095
11
0.6273257086614173
21
0.4668761811023622
0
LINE
8
BLACK
6
CONTINUOUS
10
0.6273257086614173
20
0.4668761811023622
11
0.6274146456692913
21
0.4669321653543307
0
LINE
8
BLACK
6
CONTINUOUS
10
0.6274146456692913
20
0.4669321653543307
11
0.6274956299212598
21
0.4669986220472441
0
LINE
8
BLACK
6
CONTINUOUS
10
0.6274956299212598
20
0.4669986220472441
11
0.6275675590551181
21
0.4670284645669291
0
LINE
8
BLACK
6
CONTINUOUS
10
0.6275675590551181
20
0.4670284645669291
11
0.6278155905511811
21
0.4671845275590551
0
LINE
8
BLACK
6
CONTINUOUS
10
0.6278155905511811
20
0.4671845275590551
11
0.6315651181102362
21
0.4690592913385827
0
LINE
8
BLACK
6
CONTINUOUS
10
0.6315651181102362
20
0.4690592913385827
11
0.6316072047244095
21
0.4690754330708661
0
LINE
8
BLACK
6
CONTINUOUS
10
0.6316072047244095
20
0.4690754330708661
11
0.6316243700787402
21
0.4690881102362204
0
LINE
8
BLACK
6
CONTINUOUS
10
0.6316243700787402
20
0.4690881102362204
11
0.6318659448818897
21
0.4691744488188976
0
LINE
8
BLACK
6
CONTINUOUS
10
0.6318659448818897
20
0.4691744488188976
11
0.6321057086614174
21
0.4692661811023622
0
LINE
8
BLACK
6
CONTINUOUS
10
0.6321057086614174
20
0.4692661811023622
11
0.632126968503937
21
0.469267716535433
0
LINE
8
BLACK
6
CONTINUOUS
10
0.632126968503937
20
0.469267716535433
11
0.6321694881889763
21
0.469282874015748
0
LINE
8
BLACK
6
CONTINUOUS
10
0.6321694881889763
20
0.469282874015748
11
0.6396685433070866
21
0.4711576377952756
0
LINE
8
BLACK
6
CONTINUOUS
10
0.6396685433070866
20
0.4711576377952756
11
0.6397683858267716
21
0.4711724409448819
0
LINE
8
BLACK
6
CONTINUOUS
10
0.6397683858267716
20
0.4711724409448819
11
0.6398086220472441
21
0.4711890551181102
0
LINE
8
BLACK
6
CONTINUOUS
10
0.6398086220472441
20
0.4711890551181102
11
0.6400256299212598
21
0.4712104330708661
0
LINE
8
BLACK
6
CONTINUOUS
10
0.6400256299212598
20
0.4712104330708661
11
0.6402411417322834
21
0.4712422834645669
0
LINE
8
BLACK
6
CONTINUOUS
10
0.6402411417322834
20
0.4712422834645669
11
0.6402841338582677
21
0.471235905511811
0
LINE
8
BLACK
6
CONTINUOUS
10
0.6402841338582677
20
0.471235905511811
11
0.6403846850393701
21
0.4712457874015748
0
LINE
8
BLACK
6
CONTINUOUS
10
0.6403846850393701
20
0.4712457874015748
11
0.6497585039370078
21
0.4712457874015748
0
LINE
8
BLACK
6
CONTINUOUS
10
0.6497585039370078
20
0.4712457874015748
11
0.6498590157480315
21
0.471235905511811
0
LINE
8
BLACK
6
CONTINUOUS
10
0.6339161811023621
20
0.4636322834645669
11
0.6308851968503937
21
0.4621167716535433
0
LINE
8
BLACK
6
CONTINUOUS
10
0.6308851968503937
20
0.4621167716535433
11
0.6296880708661418
21
0.4609196456692913
0
LINE
8
BLACK
6
CONTINUOUS
10
0.6296880708661418
20
0.4609196456692913
11
0.6283393307086614
21
0.4582221653543307
0
LINE
8
BLACK
6
CONTINUOUS
10
0.6283393307086614
20
0.4582221653543307
11
0.6283393307086614
21
0.4558667322834646
0
LINE
8
BLACK
6
CONTINUOUS
10
0.6283393307086614
20
0.4558667322834646
11
0.6296880708661418
21
0.4531692519685039
0
LINE
8
BLACK
6
CONTINUOUS
10
0.6296880708661418
20
0.4531692519685039
11
0.6308851968503937
21
0.451972125984252
0
LINE
8
BLACK
6
CONTINUOUS
10
0.6308851968503937
20
0.451972125984252
11
0.6339161811023621
21
0.4504566535433071
0
LINE
8
BLACK
6
CONTINUOUS
10
0.6339161811023621
20
0.4504566535433071
11
0.6407482283464567
21
0.4487486220472441
0
LINE
8
BLACK
6
CONTINUOUS
10
0.6407482283464567
20
0.4487486220472441
11
0.6493949606299212
21
0.4487486220472441
0
LINE
8
BLACK
6
CONTINUOUS
10
0.6493949606299212
20
0.4487486220472441
11
0.6562270078740158
21
0.4504566535433071
0
LINE
8
BLACK
6
CONTINUOUS
10
0.6562270078740158
20
0.4504566535433071
11
0.6592579921259842
21
0.4519721653543307
0
LINE
8
BLACK
6
CONTINUOUS
10
0.6592579921259842
20
0.4519721653543307
11
0.6604551574803149
21
0.4531692913385827
0
LINE
8
BLACK
6
CONTINUOUS
10
0.6604551574803149
20
0.4531692913385827
11
0.6618038976377952
21
0.4558667322834646
0
LINE
8
BLACK
6
CONTINUOUS
10
0.6618038976377952
20
0.4558667322834646
11
0.6618038976377952
21
0.4582221653543307
0
LINE
8
BLACK
6
CONTINUOUS
10
0.6618038976377952
20
0.4582221653543307
11
0.6604551574803149
21
0.4609196456692913
0
LINE
8
BLACK
6
CONTINUOUS
10
0.6604551574803149
20
0.4609196456692913
11
0.6592579921259842
21
0.4621167716535433
0
LINE
8
BLACK
6
CONTINUOUS
10
0.6592579921259842
20
0.4621167716535433
11
0.6562270078740158
21
0.4636322834645669
0
LINE
8
BLACK
6
CONTINUOUS
10
0.6562270078740158
20
0.4636322834645669
11
0.6493949606299212
21
0.4653402755905512
0
LINE
8
BLACK
6
CONTINUOUS
10
0.6493949606299212
20
0.4653402755905512
11
0.6407482283464567
21
0.4653402755905512
0
LINE
8
BLACK
6
CONTINUOUS
10
0.6407482283464567
20
0.4653402755905512
11
0.6339161811023621
21
0.4636322834645669
0
LINE
8
BLACK
6
CONTINUOUS
10
0.4806884645669291
20
0.4676313779527559
11
0.4815031102362204
21
0.4668167322834645
0
LINE
8
BLACK
6
CONTINUOUS
10
0.4815031102362204
20
0.4668167322834645
11
0.4819440157480315
21
0.4657523228346457
0
LINE
8
BLACK
6
CONTINUOUS
10
0.4819440157480315
20
0.4657523228346457
11
0.4820007480314961
21
0.4651762598425197
0
LINE
8
BLACK
6
CONTINUOUS
10
0.4820007480314961
20
0.4651762598425197
11
0.4820007480314961
21
0.4493813779527559
0
LINE
8
BLACK
6
CONTINUOUS
10
0.4820007480314961
20
0.4493813779527559
11
0.494842874015748
21
0.4493813779527559
0
LINE
8
BLACK
6
CONTINUOUS
10
0.494842874015748
20
0.4493813779527559
11
0.494842874015748
21
0.459551968503937
0
LINE
8
BLACK
6
CONTINUOUS
10
0.494842874015748
20
0.459551968503937
11
0.4948996062992126
21
0.460128031496063
0
LINE
8
BLACK
6
CONTINUOUS
10
0.4948996062992126
20
0.460128031496063
11
0.4953405118110236
21
0.4611924409448819
0
LINE
8
BLACK
6
CONTINUOUS
10
0.4953405118110236
20
0.4611924409448819
11
0.496155157480315
21
0.4620070866141732
0
LINE
8
BLACK
6
CONTINUOUS
10
0.496155157480315
20
0.4620070866141732
11
0.4972195669291338
21
0.4624479921259843
0
LINE
8
BLACK
6
CONTINUOUS
10
0.4972195669291338
20
0.4624479921259843
11
0.4983716929133858
21
0.4624479921259843
0
LINE
8
BLACK
6
CONTINUOUS
10
0.4983716929133858
20
0.4624479921259843
11
0.4994361023622047
21
0.4620070866141732
0
LINE
8
BLACK
6
CONTINUOUS
10
0.4994361023622047
20
0.4620070866141732
11
0.5002507480314961
21
0.4611924409448819
0
LINE
8
BLACK
6
CONTINUOUS
10
0.5002507480314961
20
0.4611924409448819
11
0.500691653543307
21
0.460128031496063
0
LINE
8
BLACK
6
CONTINUOUS
10
0.500691653543307
20
0.460128031496063
11
0.5007483858267716
21
0.459551968503937
0
LINE
8
BLACK
6
CONTINUOUS
10
0.5007483858267716
20
0.459551968503937
11
0.5007483858267716
21
0.4493813779527559
0
LINE
8
BLACK
6
CONTINUOUS
10
0.5007483858267716
20
0.4493813779527559
11
0.5184180708661417
21
0.4493813779527559
0
LINE
8
BLACK
6
CONTINUOUS
10
0.5184180708661417
20
0.4493813779527559
11
0.5189941338582678
21
0.4493246456692913
0
LINE
8
BLACK
6
CONTINUOUS
10
0.5189941338582678
20
0.4493246456692913
11
0.5200585433070866
21
0.4488837401574803
0
LINE
8
BLACK
6
CONTINUOUS
10
0.5200585433070866
20
0.4488837401574803
11
0.5208731889763779
21
0.448069094488189
0
LINE
8
BLACK
6
CONTINUOUS
10
0.5208731889763779
20
0.448069094488189
11
0.521314094488189
21
0.4470046850393701
0
LINE
8
BLACK
6
CONTINUOUS
10
0.521314094488189
20
0.4470046850393701
11
0.521314094488189
21
0.4458525590551181
0
LINE
8
BLACK
6
CONTINUOUS
10
0.521314094488189
20
0.4458525590551181
11
0.5208731889763779
21
0.4447881496062992
0
LINE
8
BLACK
6
CONTINUOUS
10
0.5208731889763779
20
0.4447881496062992
11
0.5200585433070866
21
0.4439735039370079
0
LINE
8
BLACK
6
CONTINUOUS
10
0.5200585433070866
20
0.4439735039370079
11
0.5189941338582678
21
0.4435325984251968
0
LINE
8
BLACK
6
CONTINUOUS
10
0.5189941338582678
20
0.4435325984251968
11
0.5184180708661417
21
0.4434758661417323
0
LINE
8
BLACK
6
CONTINUOUS
10
0.5184180708661417
20
0.4434758661417323
11
0.4790479921259843
21
0.4434758661417323
0
LINE
8
BLACK
6
CONTINUOUS
10
0.4790479921259843
20
0.4434758661417323
11
0.4784719291338583
21
0.4435325984251968
0
LINE
8
BLACK
6
CONTINUOUS
10
0.4784719291338583
20
0.4435325984251968
11
0.4774075196850394
21
0.4439735039370079
0
LINE
8
BLACK
6
CONTINUOUS
10
0.4774075196850394
20
0.4439735039370079
11
0.476592874015748
21
0.4447881496062992
0
LINE
8
BLACK
6
CONTINUOUS
10
0.476592874015748
20
0.4447881496062992
11
0.476151968503937
21
0.4458525590551181
0
LINE
8
BLACK
6
CONTINUOUS
10
0.476151968503937
20
0.4458525590551181
11
0.4760952362204725
21
0.4464286220472441
0
LINE
8
BLACK
6
CONTINUOUS
10
0.4760952362204725
20
0.4464286220472441
11
0.4760952362204725
21
0.4651762598425197
0
LINE
8
BLACK
6
CONTINUOUS
10
0.4760952362204725
20
0.4651762598425197
11
0.476151968503937
21
0.4657523228346457
0
LINE
8
BLACK
6
CONTINUOUS
10
0.476151968503937
20
0.4657523228346457
11
0.476592874015748
21
0.4668167322834645
0
LINE
8
BLACK
6
CONTINUOUS
10
0.476592874015748
20
0.4668167322834645
11
0.4774075196850394
21
0.4676313779527559
0
LINE
8
BLACK
6
CONTINUOUS
10
0.4774075196850394
20
0.4676313779527559
11
0.4784719291338583
21
0.4680722834645669
0
LINE
8
BLACK
6
CONTINUOUS
10
0.4784719291338583
20
0.4680722834645669
11
0.4796240551181102
21
0.4680722834645669
0
LINE
8
BLACK
6
CONTINUOUS
10
0.4796240551181102
20
0.4680722834645669
11
0.4806884645669291
21
0.4676313779527559
0
LINE
8
BLACK
6
CONTINUOUS
10
0.5495861023622047
20
0.4796861023622047
11
0.5504007480314961
21
0.4788714566929134
0
LINE
8
BLACK
6
CONTINUOUS
10
0.5504007480314961
20
0.4788714566929134
11
0.5508416535433071
21
0.4778070472440945
0
LINE
8
BLACK
6
CONTINUOUS
10
0.5508416535433071
20
0.4778070472440945
11
0.5508983858267716
21
0.4772309842519685
0
LINE
8
BLACK
6
CONTINUOUS
10
0.5508983858267716
20
0.4772309842519685
11
0.5508983858267716
21
0.4614361023622047
0
LINE
8
BLACK
6
CONTINUOUS
10
0.5508983858267716
20
0.4614361023622047
11
0.5637405118110236
21
0.4614361023622047
0
LINE
8
BLACK
6
CONTINUOUS
10
0.5637405118110236
20
0.4614361023622047
11
0.5637405118110236
21
0.4716066929133858
0
LINE
8
BLACK
6
CONTINUOUS
10
0.5637405118110236
20
0.4716066929133858
11
0.5637972440944882
21
0.4721827559055118
0
LINE
8
BLACK
6
CONTINUOUS
10
0.5637972440944882
20
0.4721827559055118
11
0.5642381496062993
21
0.4732471653543307
0
LINE
8
BLACK
6
CONTINUOUS
10
0.5642381496062993
20
0.4732471653543307
11
0.5650527952755905
21
0.474061811023622
0
LINE
8
BLACK
6
CONTINUOUS
10
0.5650527952755905
20
0.474061811023622
11
0.5661172047244094
21
0.4745027165354331
0
LINE
8
BLACK
6
CONTINUOUS
10
0.5661172047244094
20
0.4745027165354331
11
0.5672693307086614
21
0.4745027165354331
0
LINE
8
BLACK
6
CONTINUOUS
10
0.5672693307086614
20
0.4745027165354331
11
0.5683337401574803
21
0.474061811023622
0
LINE
8
BLACK
6
CONTINUOUS
10
0.5683337401574803
20
0.474061811023622
11
0.5691483858267716
21
0.4732471653543307
0
LINE
8
BLACK
6
CONTINUOUS
10
0.5691483858267716
20
0.4732471653543307
11
0.5695892913385827
21
0.4721827559055118
0
LINE
8
BLACK
6
CONTINUOUS
10
0.5695892913385827
20
0.4721827559055118
11
0.5696460236220472
21
0.4716066929133858
0
LINE
8
BLACK
6
CONTINUOUS
10
0.5696460236220472
20
0.4716066929133858
11
0.5696460236220472
21
0.4614361023622047
0
LINE
8
BLACK
6
CONTINUOUS
10
0.5696460236220472
20
0.4614361023622047
11
0.5873157086614174
21
0.4614361023622047
0
LINE
8
BLACK
6
CONTINUOUS
10
0.5873157086614174
20
0.4614361023622047
11
0.5878917716535433
21
0.4613793700787401
0
LINE
8
BLACK
6
CONTINUOUS
10
0.5878917716535433
20
0.4613793700787401
11
0.5889561811023621
21
0.4609384645669291
0
LINE
8
BLACK
6
CONTINUOUS
10
0.5889561811023621
20
0.4609384645669291
11
0.5897708267716535
21
0.4601238188976378
0
LINE
8
BLACK
6
CONTINUOUS
10
0.5897708267716535
20
0.4601238188976378
11
0.5902117322834646
21
0.4590594094488189
0
LINE
8
BLACK
6
CONTINUOUS
10
0.5902117322834646
20
0.4590594094488189
11
0.5902117322834646
21
0.4579072834645669
0
LINE
8
BLACK
6
CONTINUOUS
10
0.5902117322834646
20
0.4579072834645669
11
0.5897708267716535
21
0.456842874015748
0
LINE
8
BLACK
6
CONTINUOUS
10
0.5897708267716535
20
0.456842874015748
11
0.5889561811023621
21
0.4560282283464567
0
LINE
8
BLACK
6
CONTINUOUS
10
0.5889561811023621
20
0.4560282283464567
11
0.5878917716535433
21
0.4555873228346456
0
LINE
8
BLACK
6
CONTINUOUS
10
0.5878917716535433
20
0.4555873228346456
11
0.5873157086614174
21
0.4555305905511811
0
LINE
8
BLACK
6
CONTINUOUS
10
0.5873157086614174
20
0.4555305905511811
11
0.5479456299212598
21
0.4555305905511811
0
LINE
8
BLACK
6
CONTINUOUS
10
0.5479456299212598
20
0.4555305905511811
11
0.5473695669291339
21
0.4555873228346456
0
LINE
8
BLACK
6
CONTINUOUS
10
0.5473695669291339
20
0.4555873228346456
11
0.5463051574803149
21
0.4560282283464567
0
LINE
8
BLACK
6
CONTINUOUS
10
0.5463051574803149
20
0.4560282283464567
11
0.5454905118110236
21
0.456842874015748
0
LINE
8
BLACK
6
CONTINUOUS
10
0.5454905118110236
20
0.456842874015748
11
0.5450496062992126
21
0.4579072834645669
0
LINE
8
BLACK
6
CONTINUOUS
10
0.5450496062992126
20
0.4579072834645669
11
0.544992874015748
21
0.4584833464566929
0
LINE
8
BLACK
6
CONTINUOUS
10
0.544992874015748
20
0.4584833464566929
11
0.544992874015748
21
0.4772309842519685
0
LINE
8
BLACK
6
CONTINUOUS
10
0.544992874015748
20
0.4772309842519685
11
0.5450496062992126
21
0.4778070472440945
0
LINE
8
BLACK
6
CONTINUOUS
10
0.5450496062992126
20
0.4778070472440945
11
0.5454905118110236
21
0.4788714566929134
0
LINE
8
BLACK
6
CONTINUOUS
10
0.5454905118110236
20
0.4788714566929134
11
0.5463051574803149
21
0.4796861023622047
0
LINE
8
BLACK
6
CONTINUOUS
10
0.5463051574803149
20
0.4796861023622047
11
0.5473695669291339
21
0.4801270078740157
0
LINE
8
BLACK
6
CONTINUOUS
10
0.5473695669291339
20
0.4801270078740157
11
0.5485216929133858
21
0.4801270078740157
0
LINE
8
BLACK
6
CONTINUOUS
10
0.5485216929133858
20
0.4801270078740157
11
0.5495861023622047
21
0.4796861023622047
0
LINE
8
BLACK
6
CONTINUOUS
10
0.2600283858267716
20
0.4861076377952756
11
0.2602160236220473
21
0.4860839763779528
0
LINE
8
BLACK
6
CONTINUOUS
10
0.2602160236220473
20
0.4860839763779528
11
0.2624657480314961
21
0.4853340551181102
0
LINE
8
BLACK
6
CONTINUOUS
10
0.2624657480314961
20
0.4853340551181102
11
0.262517125984252
21
0.4853047637795275
0
LINE
8
BLACK
6
CONTINUOUS
10
0.262517125984252
20
0.4853047637795275
11
0.2625442125984252
21
0.4853047637795275
0
LINE
8
BLACK
6
CONTINUOUS
10
0.2625442125984252
20
0.4853047637795275
11
0.2627016141732283
21
0.4851996062992126
0
LINE
8
BLACK
6
CONTINUOUS
10
0.2627016141732283
20
0.4851996062992126
11
0.2628661023622047
21
0.4851058267716535
0
LINE
8
BLACK
6
CONTINUOUS
10
0.2628661023622047
20
0.4851058267716535
11
0.2628781889763779
21
0.4850816141732283
0
LINE
8
BLACK
6
CONTINUOUS
10
0.2628781889763779
20
0.4850816141732283
11
0.2629274015748032
21
0.4850487401574803
0
LINE
8
BLACK
6
CONTINUOUS
10
0.2629274015748032
20
0.4850487401574803
11
0.2644272047244094
21
0.4835489763779527
0
LINE
8
BLACK
6
CONTINUOUS
10
0.2644272047244094
20
0.4835489763779527
11
0.2645323228346457
21
0.4833916141732283
0
LINE
8
BLACK
6
CONTINUOUS
10
0.2645323228346457
20
0.4833916141732283
11
0.2646484645669291
21
0.483241968503937
0
LINE
8
BLACK
6
CONTINUOUS
10
0.2646484645669291
20
0.483241968503937
11
0.2653983464566929
21
0.4817421653543307
0
LINE
8
BLACK
6
CONTINUOUS
10
0.2653983464566929
20
0.4817421653543307
11
0.2654324803149606
21
0.4816174015748032
0
LINE
8
BLACK
6
CONTINUOUS
10
0.2654324803149606
20
0.4816174015748032
11
0.2654877559055118
21
0.4815004330708662
0
LINE
8
BLACK
6
CONTINUOUS
10
0.2654877559055118
20
0.4815004330708662
11
0.2662376771653543
21
0.4785007874015748
0
LINE
8
BLACK
6
CONTINUOUS
10
0.2662376771653543
20
0.4785007874015748
11
0.2662446850393701
21
0.4783563385826772
0
LINE
8
BLACK
6
CONTINUOUS
10
0.2662446850393701
20
0.4783563385826772
11
0.2662729527559055
21
0.4782143307086614
0
LINE
8
BLACK
6
CONTINUOUS
10
0.2662729527559055
20
0.4782143307086614
11
0.2662729527559055
21
0.4759646062992126
0
LINE
8
BLACK
6
CONTINUOUS
10
0.2662729527559055
20
0.4759646062992126
11
0.2662446850393701
21
0.4758226377952756
0
LINE
8
BLACK
6
CONTINUOUS
10
0.2662446850393701
20
0.4758226377952756
11
0.2662376771653543
21
0.4756781496062992
0
LINE
8
BLACK
6
CONTINUOUS
10
0.2662376771653543
20
0.4756781496062992
11
0.2654877559055118
21
0.4726785433070866
0
LINE
8
BLACK
6
CONTINUOUS
10
0.2654877559055118
20
0.4726785433070866
11
0.2654324803149606
21
0.4725616141732283
0
LINE
8
BLACK
6
CONTINUOUS
10
0.2654324803149606
20
0.4725616141732283
11
0.2653983464566929
21
0.4724368110236221
0
LINE
8
BLACK
6
CONTINUOUS
10
0.2653983464566929
20
0.4724368110236221
11
0.2646484645669291
21
0.4709370078740157
0
LINE
8
BLACK
6
CONTINUOUS
10
0.2646484645669291
20
0.4709370078740157
11
0.2645322047244095
21
0.4707872834645669
0
LINE
8
BLACK
6
CONTINUOUS
10
0.2645322047244095
20
0.4707872834645669
11
0.2644272047244094
21
0.4706300393700787
0
LINE
8
BLACK
6
CONTINUOUS
10
0.2644272047244094
20
0.4706300393700787
11
0.2629274015748032
21
0.4691301968503937
0
LINE
8
BLACK
6
CONTINUOUS
10
0.2629274015748032
20
0.4691301968503937
11
0.2628781889763779
21
0.4690973622047244
0
LINE
8
BLACK
6
CONTINUOUS
10
0.2628781889763779
20
0.4690973622047244
11
0.2628661023622047
21
0.4690731102362204
0
LINE
8
BLACK
6
CONTINUOUS
10
0.2628661023622047
20
0.4690731102362204
11
0.2627014566929134
21
0.4689792519685039
0
LINE
8
BLACK
6
CONTINUOUS
10
0.2627014566929134
20
0.4689792519685039
11
0.2625442125984252
21
0.4688741732283465
0
LINE
8
BLACK
6
CONTINUOUS
10
0.2625442125984252
20
0.4688741732283465
11
0.2625171653543307
21
0.4688741732283465
0
LINE
8
BLACK
6
CONTINUOUS
10
0.2625171653543307
20
0.4688741732283465
11
0.2624657480314961
21
0.468844842519685
0
LINE
8
BLACK
6
CONTINUOUS
10
0.2624657480314961
20
0.468844842519685
11
0.2602160236220473
21
0.4680949606299212
0
LINE
8
BLACK
6
CONTINUOUS
10
0.2602160236220473
20
0.4680949606299212
11
0.2600281102362205
21
0.4680712992125984
0
LINE
8
BLACK
6
CONTINUOUS
10
0.2600281102362205
20
0.4680712992125984
11
0.2598425196850394
21
0.4680343700787402
0
LINE
8
BLACK
6
CONTINUOUS
10
0.2598425196850394
20
0.4680343700787402
11
0.2560929921259842
21
0.4680343700787402
0
LINE
8
BLACK
6
CONTINUOUS
10
0.2560929921259842
20
0.4680343700787402
11
0.2556409842519685
21
0.4681242913385827
0
LINE
8
BLACK
6
CONTINUOUS
10
0.2556409842519685
20
0.4681242913385827
11
0.255001811023622
21
0.4687634645669291
0
LINE
8
BLACK
6
CONTINUOUS
10
0.255001811023622
20
0.4687634645669291
11
0.2549118897637795
21
0.4692154724409449
0
LINE
8
BLACK
6
CONTINUOUS
10
0.2549118897637795
20
0.4692154724409449
11
0.2549118897637795
21
0.4849635039370079
0
LINE
8
BLACK
6
CONTINUOUS
10
0.2549118897637795
20
0.4849635039370079
11
0.255001811023622
21
0.4854155118110236
0
LINE
8
BLACK
6
CONTINUOUS
10
0.255001811023622
20
0.4854155118110236
11
0.2556409842519685
21
0.48605468503937
0
LINE
8
BLACK
6
CONTINUOUS
10
0.2556409842519685
20
0.48605468503937
11
0.2560929921259842
21
0.4861446062992126
0
LINE
8
BLACK
6
CONTINUOUS
10
0.2560929921259842
20
0.4861446062992126
11
0.2598425196850394
21
0.4861446062992126
0
LINE
8
BLACK
6
CONTINUOUS
10
0.2598425196850394
20
0.4861446062992126
11
0.2600283858267716
21
0.4861076377952756
0
LINE
8
BLACK
6
CONTINUOUS
10
0.257274094488189
20
0.4703965748031496
11
0.2596507874015748
21
0.4703965748031496
0
LINE
8
BLACK
6
CONTINUOUS
10
0.2596507874015748
20
0.4703965748031496
11
0.2614542519685039
21
0.470997716535433
0
LINE
8
BLACK
6
CONTINUOUS
10
0.2614542519685039
20
0.470997716535433
11
0.2626213385826772
21
0.4721648818897637
0
LINE
8
BLACK
6
CONTINUOUS
10
0.2626213385826772
20
0.4721648818897637
11
0.2632275590551181
21
0.4733772834645669
0
LINE
8
BLACK
6
CONTINUOUS
10
0.2632275590551181
20
0.4733772834645669
11
0.2639107480314961
21
0.47611
0
LINE
8
BLACK
6
CONTINUOUS
10
0.2639107480314961
20
0.47611
11
0.2639107480314961
21
0.4780689763779528
0
LINE
8
BLACK
6
CONTINUOUS
10
0.2639107480314961
20
0.4780689763779528
11
0.2632275196850394
21
0.4808017322834646
0
LINE
8
BLACK
6
CONTINUOUS
10
0.2632275196850394
20
0.4808017322834646
11
0.2626213385826772
21
0.4820141338582677
0
LINE
8
BLACK
6
CONTINUOUS
10
0.2626213385826772
20
0.4820141338582677
11
0.2614542125984252
21
0.4831812992125984
0
LINE
8
BLACK
6
CONTINUOUS
10
0.2614542125984252
20
0.4831812992125984
11
0.259650905511811
21
0.4837824015748031
0
LINE
8
BLACK
6
CONTINUOUS
10
0.259650905511811
20
0.4837824015748031
11
0.257274094488189
21
0.4837824015748031
0
LINE
8
BLACK
6
CONTINUOUS
10
0.257274094488189
20
0.4837824015748031
11
0.257274094488189
21
0.4703965748031496
0
LINE
8
BLACK
6
CONTINUOUS
10
0.2759209842519685
20
0.48605468503937
11
0.2760425590551181
21
0.48605468503937
0
LINE
8
BLACK
6
CONTINUOUS
10
0.2760425590551181
20
0.48605468503937
11
0.2762857086614173
21
0.4858115354330709
0
LINE
8
BLACK
6
CONTINUOUS
10
0.2762857086614173
20
0.4858115354330709
11
0.2765719291338583
21
0.4856207086614173
0
LINE
8
BLACK
6
CONTINUOUS
10
0.2765719291338583
20
0.4856207086614173
11
0.2765957480314961
21
0.4855014960629921
0
LINE
8
BLACK
6
CONTINUOUS
10
0.2765957480314961
20
0.4855014960629921
11
0.2766817322834645
21
0.4854155118110236
0
LINE
8
BLACK
6
CONTINUOUS
10
0.2766817322834645
20
0.4854155118110236
11
0.2767716535433071
21
0.4849635039370079
0
LINE
8
BLACK
6
CONTINUOUS
10
0.2767716535433071
20
0.4849635039370079
11
0.2767716535433071
21
0.4703965748031496
0
LINE
8
BLACK
6
CONTINUOUS
10
0.2767716535433071
20
0.4703965748031496
11
0.2800899606299213
21
0.4703965748031496
0
LINE
8
BLACK
6
CONTINUOUS
10
0.2800899606299213
20
0.4703965748031496
11
0.280541968503937
21
0.4703066535433071
0
LINE
8
BLACK
6
CONTINUOUS
10
0.280541968503937
20
0.4703066535433071
11
0.2811811417322835
21
0.4696674803149606
0
LINE
8
BLACK
6
CONTINUOUS
10
0.2811811417322835
20
0.4696674803149606
11
0.2811811417322835
21
0.4687634645669291
0
LINE
8
BLACK
6
CONTINUOUS
10
0.2811811417322835
20
0.4687634645669291
11
0.280541968503937
21
0.4681242913385827
0
LINE
8
BLACK
6
CONTINUOUS
10
0.280541968503937
20
0.4681242913385827
11
0.2800899606299213
21
0.4680343700787402
0
LINE
8
BLACK
6
CONTINUOUS
10
0.2800899606299213
20
0.4680343700787402
11
0.2710911023622047
21
0.4680343700787402
0
LINE
8
BLACK
6
CONTINUOUS
10
0.2710911023622047
20
0.4680343700787402
11
0.270639094488189
21
0.4681242913385827
0
LINE
8
BLACK
6
CONTINUOUS
10
0.270639094488189
20
0.4681242913385827
11
0.2699999212598425
21
0.4687634645669291
0
LINE
8
BLACK
6
CONTINUOUS
10
0.2699999212598425
20
0.4687634645669291
11
0.2699999212598425
21
0.4696674803149606
0
LINE
8
BLACK
6
CONTINUOUS
10
0.2699999212598425
20
0.4696674803149606
11
0.270639094488189
21
0.4703066535433071
0
LINE
8
BLACK
6
CONTINUOUS
10
0.270639094488189
20
0.4703066535433071
11
0.2710911023622047
21
0.4703965748031496
0
LINE
8
BLACK
6
CONTINUOUS
10
0.2710911023622047
20
0.4703965748031496
11
0.2744094488188976
21
0.4703965748031496
0
LINE
8
BLACK
6
CONTINUOUS
10
0.2744094488188976
20
0.4703965748031496
11
0.2744094488188976
21
0.4813622047244094
0
LINE
8
BLACK
6
CONTINUOUS
10
0.2744094488188976
20
0.4813622047244094
11
0.273426062992126
21
0.4803788188976378
0
LINE
8
BLACK
6
CONTINUOUS
10
0.273426062992126
20
0.4803788188976378
11
0.2732688582677165
21
0.4802738188976378
0
LINE
8
BLACK
6
CONTINUOUS
10
0.2732688582677165
20
0.4802738188976378
11
0.2731191338582677
21
0.4801575590551181
0
LINE
8
BLACK
6
CONTINUOUS
10
0.2731191338582677
20
0.4801575590551181
11
0.2716193307086614
21
0.4794076377952756
0
LINE
8
BLACK
6
CONTINUOUS
10
0.2716193307086614
20
0.4794076377952756
11
0.2711748031496063
21
0.4792859448818897
0
LINE
8
BLACK
6
CONTINUOUS
10
0.2711748031496063
20
0.4792859448818897
11
0.2703172834645669
21
0.4795717716535433
0
LINE
8
BLACK
6
CONTINUOUS
10
0.2703172834645669
20
0.4795717716535433
11
0.2699129921259842
21
0.4803803543307086
0
LINE
8
BLACK
6
CONTINUOUS
10
0.2699129921259842
20
0.4803803543307086
11
0.2701988188976378
21
0.481237874015748
0
LINE
8
BLACK
6
CONTINUOUS
10
0.2701988188976378
20
0.481237874015748
11
0.270562874015748
21
0.4815204724409449
0
LINE
8
BLACK
6
CONTINUOUS
10
0.270562874015748
20
0.4815204724409449
11
0.2718912598425197
21
0.4821846850393701
0
LINE
8
BLACK
6
CONTINUOUS
10
0.2718912598425197
20
0.4821846850393701
11
0.2731729133858268
21
0.4834663779527559
0
LINE
8
BLACK
6
CONTINUOUS
10
0.2731729133858268
20
0.4834663779527559
11
0.2746078346456693
21
0.4856186614173228
0
LINE
8
BLACK
6
CONTINUOUS
10
0.2746078346456693
20
0.4856186614173228
11
0.2749333858267716
21
0.4859448818897638
0
LINE
8
BLACK
6
CONTINUOUS
10
0.2749333858267716
20
0.4859448818897638
11
0.2750525590551181
21
0.4859687401574803
0
LINE
8
BLACK
6
CONTINUOUS
10
0.2750525590551181
20
0.4859687401574803
11
0.2751385433070866
21
0.48605468503937
0
LINE
8
BLACK
6
CONTINUOUS
10
0.2751385433070866
20
0.48605468503937
11
0.2754823622047244
21
0.48605468503937
0
LINE
8
BLACK
6
CONTINUOUS
10
0.2754823622047244
20
0.48605468503937
11
0.2758197637795275
21
0.4861221653543307
0
LINE
8
BLACK
6
CONTINUOUS
10
0.2758197637795275
20
0.4861221653543307
11
0.2759209842519685
21
0.48605468503937
0
LINE
8
BLACK
6
CONTINUOUS
10
0.299965905511811
20
0.4939446456692913
11
0.3010312598425197
21
0.4928792913385827
0
LINE
8
BLACK
6
CONTINUOUS
10
0.3010312598425197
20
0.4928792913385827
11
0.3011811023622047
21
0.4921259842519685
0
LINE
8
BLACK
6
CONTINUOUS
10
0.3011811023622047
20
0.4921259842519685
11
0.3011811023622047
21
0.4724409448818898
0
LINE
8
BLACK
6
CONTINUOUS
10
0.3011811023622047
20
0.4724409448818898
11
0.3010312598425197
21
0.4716876377952756
0
LINE
8
BLACK
6
CONTINUOUS
10
0.3010312598425197
20
0.4716876377952756
11
0.3006045275590551
21
0.4710490157480315
0
LINE
8
BLACK
6
CONTINUOUS
10
0.3006045275590551
20
0.4710490157480315
11
0.2887935039370079
21
0.4592379921259843
0
LINE
8
BLACK
6
CONTINUOUS
10
0.2887935039370079
20
0.4592379921259843
11
0.2881548818897638
21
0.4588112598425197
0
LINE
8
BLACK
6
CONTINUOUS
10
0.2881548818897638
20
0.4588112598425197
11
0.2874015748031496
21
0.4586614173228346
0
LINE
8
BLACK
6
CONTINUOUS
10
0.2874015748031496
20
0.4586614173228346
11
0.2362204724409449
21
0.4586614173228346
0
LINE
8
BLACK
6
CONTINUOUS
10
0.2362204724409449
20
0.4586614173228346
11
0.2354671653543307
21
0.4588112598425197
0
LINE
8
BLACK
6
CONTINUOUS
10
0.2354671653543307
20
0.4588112598425197
11
0.234401811023622
21
0.4598766141732283
0
LINE
8
BLACK
6
CONTINUOUS
10
0.234401811023622
20
0.4598766141732283
11
0.234251968503937
21
0.4606299212598425
0
LINE
8
BLACK
6
CONTINUOUS
10
0.234251968503937
20
0.4606299212598425
11
0.234251968503937
21
0.4921259842519685
0
LINE
8
BLACK
6
CONTINUOUS
10
0.234251968503937
20
0.4921259842519685
11
0.234401811023622
21
0.4928792913385827
0
LINE
8
BLACK
6
CONTINUOUS
10
0.234401811023622
20
0.4928792913385827
11
0.2354671653543307
21
0.4939446456692913
0
LINE
8
BLACK
6
CONTINUOUS
10
0.2354671653543307
20
0.4939446456692913
11
0.2362204724409449
21
0.4940944881889764
0
LINE
8
BLACK
6
CONTINUOUS
10
0.2362204724409449
20
0.4940944881889764
11
0.2992125984251968
21
0.4940944881889764
0
LINE
8
BLACK
6
CONTINUOUS
10
0.2992125984251968
20
0.4940944881889764
11
0.299965905511811
21
0.4939446456692913
0
LINE
8
BLACK
6
CONTINUOUS
10
0.2381889763779527
20
0.4901574803149606
11
0.2381889763779527
21
0.4625984251968504
0
LINE
8
BLACK
6
CONTINUOUS
10
0.2381889763779527
20
0.4625984251968504
11
0.2865862204724409
21
0.4625984251968504
0
LINE
8
BLACK
6
CONTINUOUS
10
0.2865862204724409
20
0.4625984251968504
11
0.2972440944881889
21
0.4732562992125984
0
LINE
8
BLACK
6
CONTINUOUS
10
0.2972440944881889
20
0.4732562992125984
11
0.2972440944881889
21
0.4901574803149606
0
LINE
8
BLACK
6
CONTINUOUS
10
0.2972440944881889
20
0.4901574803149606
11
0.2381889763779527
21
0.4901574803149606
0
LINE
8
BLACK
6
CONTINUOUS
10
0.6657364566929134
20
0.5029494881889763
11
0.6667278346456693
21
0.5023625196850393
0
LINE
8
BLACK
6
CONTINUOUS
10
0.6667278346456693
20
0.5023625196850393
11
0.6674191338582677
21
0.5014408267716536
0
LINE
8
BLACK
6
CONTINUOUS
10
0.6674191338582677
20
0.5014408267716536
11
0.6677050393700787
21
0.5003247637795275
0
LINE
8
BLACK
6
CONTINUOUS
10
0.6677050393700787
20
0.5003247637795275
11
0.667542125984252
21
0.4991842519685039
0
LINE
8
BLACK
6
CONTINUOUS
10
0.667542125984252
20
0.4991842519685039
11
0.6669551181102362
21
0.498192874015748
0
LINE
8
BLACK
6
CONTINUOUS
10
0.6669551181102362
20
0.498192874015748
11
0.6665283070866141
21
0.4978018503937008
0
LINE
8
BLACK
6
CONTINUOUS
10
0.6665283070866141
20
0.4978018503937008
11
0.654253779527559
21
0.4885960236220472
0
LINE
8
BLACK
6
CONTINUOUS
10
0.654253779527559
20
0.4885960236220472
11
0.6547311023622047
21
0.4881187007874015
0
LINE
8
BLACK
6
CONTINUOUS
10
0.6547311023622047
20
0.4881187007874015
11
0.664756653543307
21
0.4881187007874015
0
LINE
8
BLACK
6
CONTINUOUS
10
0.664756653543307
20
0.4881187007874015
11
0.665332716535433
21
0.488061968503937
0
LINE
8
BLACK
6
CONTINUOUS
10
0.665332716535433
20
0.488061968503937
11
0.6663971259842519
21
0.487621062992126
0
LINE
8
BLACK
6
CONTINUOUS
10
0.6663971259842519
20
0.487621062992126
11
0.6672117716535433
21
0.4868064173228346
0
LINE
8
BLACK
6
CONTINUOUS
10
0.6672117716535433
20
0.4868064173228346
11
0.6676526771653544
21
0.4857420078740157
0
LINE
8
BLACK
6
CONTINUOUS
10
0.6676526771653544
20
0.4857420078740157
11
0.6676526771653544
21
0.4845898818897638
0
LINE
8
BLACK
6
CONTINUOUS
10
0.6676526771653544
20
0.4845898818897638
11
0.6672117716535433
21
0.4835254724409448
0
LINE
8
BLACK
6
CONTINUOUS
10
0.6672117716535433
20
0.4835254724409448
11
0.6663971259842519
21
0.4827108267716536
0
LINE
8
BLACK
6
CONTINUOUS
10
0.6663971259842519
20
0.4827108267716536
11
0.665332716535433
21
0.4822699212598425
0
LINE
8
BLACK
6
CONTINUOUS
10
0.665332716535433
20
0.4822699212598425
11
0.664756653543307
21
0.4822131889763779
0
LINE
8
BLACK
6
CONTINUOUS
10
0.664756653543307
20
0.4822131889763779
11
0.6253865748031496
21
0.4822131889763779
0
LINE
8
BLACK
6
CONTINUOUS
10
0.6253865748031496
20
0.4822131889763779
11
0.6248105118110236
21
0.4822699212598425
0
LINE
8
BLACK
6
CONTINUOUS
10
0.6248105118110236
20
0.4822699212598425
11
0.6237461023622047
21
0.4827108267716536
0
LINE
8
BLACK
6
CONTINUOUS
10
0.6237461023622047
20
0.4827108267716536
11
0.6229314566929134
21
0.4835254724409448
0
LINE
8
BLACK
6
CONTINUOUS
10
0.6229314566929134
20
0.4835254724409448
11
0.6224905511811023
21
0.4845898818897638
0
LINE
8
BLACK
6
CONTINUOUS
10
0.6224905511811023
20
0.4845898818897638
11
0.6224905511811023
21
0.4857420078740157
0
LINE
8
BLACK
6
CONTINUOUS
10
0.6224905511811023
20
0.4857420078740157
11
0.6229314566929134
21
0.4868064173228346
0
LINE
8
BLACK
6
CONTINUOUS
10
0.6229314566929134
20
0.4868064173228346
11
0.6237461023622047
21
0.487621062992126
0
LINE
8
BLACK
6
CONTINUOUS
10
0.6237461023622047
20
0.487621062992126
11
0.6248105118110236
21
0.488061968503937
0
LINE
8
BLACK
6
CONTINUOUS
10
0.6248105118110236
20
0.488061968503937
11
0.6253865748031496
21
0.4881187007874015
0
LINE
8
BLACK
6
CONTINUOUS
10
0.6253865748031496
20
0.4881187007874015
11
0.6463794488188976
21
0.4881187007874015
0
LINE
8
BLACK
6
CONTINUOUS
10
0.6463794488188976
20
0.4881187007874015
11
0.6364220078740157
21
0.4980761417322834
0
LINE
8
BLACK
6
CONTINUOUS
10
0.6364220078740157
20
0.4980761417322834
11
0.6360548031496063
21
0.4985235826771653
0
LINE
8
BLACK
6
CONTINUOUS
10
0.6360548031496063
20
0.4985235826771653
11
0.6356138976377953
21
0.499588031496063
0
LINE
8
BLACK
6
CONTINUOUS
10
0.6356138976377953
20
0.499588031496063
11
0.6356138976377953
21
0.5007400787401575
0
LINE
8
BLACK
6
CONTINUOUS
10
0.6356138976377953
20
0.5007400787401575
11
0.6360548031496063
21
0.5018045275590551
0
LINE
8
BLACK
6
CONTINUOUS
10
0.6360548031496063
20
0.5018045275590551
11
0.6368694488188976
21
0.5026191732283465
0
LINE
8
BLACK
6
CONTINUOUS
10
0.6368694488188976
20
0.5026191732283465
11
0.6379338976377953
21
0.5030600787401575
0
LINE
8
BLACK
6
CONTINUOUS
10
0.6379338976377953
20
0.5030600787401575
11
0.6390859448818897
21
0.5030600787401575
0
LINE
8
BLACK
6
CONTINUOUS
10
0.6390859448818897
20
0.5030600787401575
11
0.6401503937007874
21
0.5026191732283465
0
LINE
8
BLACK
6
CONTINUOUS
10
0.6401503937007874
20
0.5026191732283465
11
0.6405978346456693
21
0.5022519685039371
0
LINE
8
BLACK
6
CONTINUOUS
10
0.6405978346456693
20
0.5022519685039371
11
0.6500355511811023
21
0.4928142519685039
0
LINE
8
BLACK
6
CONTINUOUS
10
0.6500355511811023
20
0.4928142519685039
11
0.6629849999999999
21
0.5025262598425196
0
LINE
8
BLACK
6
CONTINUOUS
10
0.6629849999999999
20
0.5025262598425196
11
0.6634798818897638
21
0.5028265354330709
0
LINE
8
BLACK
6
CONTINUOUS
10
0.6634798818897638
20
0.5028265354330709
11
0.6645959842519685
21
0.5031124409448818
0
LINE
8
BLACK
6
CONTINUOUS
10
0.6645959842519685
20
0.5031124409448818
11
0.6657364566929134
21
0.5029494881889763
0
LINE
8
BLACK
6
CONTINUOUS
10
0.3151617322834646
20
0.5570370078740158
11
0.3152597244094488
21
0.5569964173228347
0
LINE
8
BLACK
6
CONTINUOUS
10
0.3152597244094488
20
0.5569964173228347
11
0.3153655511811024
21
0.5569888976377952
0
LINE
8
BLACK
6
CONTINUOUS
10
0.3153655511811024
20
0.5569888976377952
11
0.3159061811023622
21
0.5567820078740158
0
LINE
8
BLACK
6
CONTINUOUS
10
0.3159061811023622
20
0.5567820078740158
11
0.3196557086614173
21
0.5549072440944882
0
LINE
8
BLACK
6
CONTINUOUS
10
0.3196557086614173
20
0.5549072440944882
11
0.3199037007874015
21
0.5547511811023622
0
LINE
8
BLACK
6
CONTINUOUS
10
0.3199037007874015
20
0.5547511811023622
11
0.3199756692913386
21
0.5547213385826771
0
LINE
8
BLACK
6
CONTINUOUS
10
0.3199756692913386
20
0.5547213385826771
11
0.3200566141732283
21
0.5546548818897638
0
LINE
8
BLACK
6
CONTINUOUS
10
0.3200566141732283
20
0.5546548818897638
11
0.3201455905511811
21
0.5545988976377952
0
LINE
8
BLACK
6
CONTINUOUS
10
0.3201455905511811
20
0.5545988976377952
11
0.3201967322834646
21
0.5545399212598425
0
LINE
8
BLACK
6
CONTINUOUS
10
0.3201967322834646
20
0.5545399212598425
11
0.3204231102362204
21
0.5543541338582677
0
LINE
8
BLACK
6
CONTINUOUS
10
0.3204231102362204
20
0.5543541338582677
11
0.322297874015748
21
0.5524793700787402
0
LINE
8
BLACK
6
CONTINUOUS
10
0.322297874015748
20
0.5524793700787402
11
0.3224836220472441
21
0.552253031496063
0
LINE
8
BLACK
6
CONTINUOUS
10
0.3224836220472441
20
0.552253031496063
11
0.3225426377952756
21
0.5522018503937007
0
LINE
8
BLACK
6
CONTINUOUS
10
0.3225426377952756
20
0.5522018503937007
11
0.3225985826771653
21
0.5521129133858268
0
LINE
8
BLACK
6
CONTINUOUS
10
0.3225985826771653
20
0.5521129133858268
11
0.3226650787401575
21
0.5520319291338582
0
LINE
8
BLACK
6
CONTINUOUS
10
0.3226650787401575
20
0.5520319291338582
11
0.3226948818897638
21
0.55196
0
LINE
8
BLACK
6
CONTINUOUS
10
0.3226948818897638
20
0.55196
11
0.3228509842519685
21
0.551711968503937
0
LINE
8
BLACK
6
CONTINUOUS
10
0.3228509842519685
20
0.551711968503937
11
0.3247257480314961
21
0.5479624409448819
0
LINE
8
BLACK
6
CONTINUOUS
10
0.3247257480314961
20
0.5479624409448819
11
0.3249326377952756
21
0.5474218503937007
0
LINE
8
BLACK
6
CONTINUOUS
10
0.3249326377952756
20
0.5474218503937007
11
0.324940157480315
21
0.5473159842519685
0
LINE
8
BLACK
6
CONTINUOUS
10
0.324940157480315
20
0.5473159842519685
11
0.3249807480314961
21
0.5472179921259842
0
LINE
8
BLACK
6
CONTINUOUS
10
0.3249807480314961
20
0.5472179921259842
11
0.3250374803149606
21
0.5466419291338582
0
LINE
8
BLACK
6
CONTINUOUS
10
0.3250374803149606
20
0.5466419291338582
11
0.3250374803149606
21
0.5410176377952756
0
LINE
8
BLACK
6
CONTINUOUS
10
0.3250374803149606
20
0.5410176377952756
11
0.3249807480314961
21
0.5404415748031496
0
LINE
8
BLACK
6
CONTINUOUS
10
0.3249807480314961
20
0.5404415748031496
11
0.324940157480315
21
0.5403436220472441
0
LINE
8
BLACK
6
CONTINUOUS
10
0.324940157480315
20
0.5403436220472441
11
0.3249326377952756
21
0.5402377165354331
0
LINE
8
BLACK
6
CONTINUOUS
10
0.3249326377952756
20
0.5402377165354331
11
0.3247257480314961
21
0.5396971259842519
0
LINE
8
BLACK
6
CONTINUOUS
10
0.3247257480314961
20
0.5396971259842519
11
0.3228509842519685
21
0.5359475984251968
0
LINE
8
BLACK
6
CONTINUOUS
10
0.3228509842519685
20
0.5359475984251968
11
0.3226948818897638
21
0.5356996062992125
0
LINE
8
BLACK
6
CONTINUOUS
10
0.3226948818897638
20
0.5356996062992125
11
0.3226650787401575
21
0.5356276377952756
0
LINE
8
BLACK
6
CONTINUOUS
10
0.3226650787401575
20
0.5356276377952756
11
0.3225985826771653
21
0.5355466929133859
0
LINE
8
BLACK
6
CONTINUOUS
10
0.3225985826771653
20
0.5355466929133859
11
0.3225426377952756
21
0.5354577165354331
0
LINE
8
BLACK
6
CONTINUOUS
10
0.3225426377952756
20
0.5354577165354331
11
0.3224836220472441
21
0.5354065748031496
0
LINE
8
BLACK
6
CONTINUOUS
10
0.3224836220472441
20
0.5354065748031496
11
0.322297874015748
21
0.5351801968503936
0
LINE
8
BLACK
6
CONTINUOUS
10
0.322297874015748
20
0.5351801968503936
11
0.3204231102362204
21
0.5333054330708661
0
LINE
8
BLACK
6
CONTINUOUS
10
0.3204231102362204
20
0.5333054330708661
11
0.3201967322834646
21
0.53311968503937
0
LINE
8
BLACK
6
CONTINUOUS
10
0.3201967322834646
20
0.53311968503937
11
0.3201455905511811
21
0.5330606692913386
0
LINE
8
BLACK
6
CONTINUOUS
10
0.3201455905511811
20
0.5330606692913386
11
0.3200566141732283
21
0.5330047244094488
0
LINE
8
BLACK
6
CONTINUOUS
10
0.3200566141732283
20
0.5330047244094488
11
0.3199756692913386
21
0.5329382283464567
0
LINE
8
BLACK
6
CONTINUOUS
10
0.3199756692913386
20
0.5329382283464567
11
0.3199037007874015
21
0.5329084251968503
0
LINE
8
BLACK
6
CONTINUOUS
10
0.3199037007874015
20
0.5329084251968503
11
0.3196557086614173
21
0.5327523228346457
0
LINE
8
BLACK
6
CONTINUOUS
10
0.3196557086614173
20
0.5327523228346457
11
0.3159061811023622
21
0.5308775590551181
0
LINE
8
BLACK
6
CONTINUOUS
10
0.3159061811023622
20
0.5308775590551181
11
0.3153655511811024
21
0.5306706692913385
0
LINE
8
BLACK
6
CONTINUOUS
10
0.3153655511811024
20
0.5306706692913385
11
0.3152597244094488
21
0.530663188976378
0
LINE
8
BLACK
6
CONTINUOUS
10
0.3152597244094488
20
0.530663188976378
11
0.3151617322834646
21
0.5306225590551181
0
LINE
8
BLACK
6
CONTINUOUS
10
0.3151617322834646
20
0.5306225590551181
11
0.3146295669291339
21
0.530570157480315
0
LINE
8
BLACK
6
CONTINUOUS
10
0.3146295669291339
20
0.530570157480315
11
0.3245037401574803
21
0.5164641732283465
0
LINE
8
BLACK
6
CONTINUOUS
10
0.3245037401574803
20
0.5164641732283465
11
0.3247875984251968
21
0.5159597244094488
0
LINE
8
BLACK
6
CONTINUOUS
10
0.3247875984251968
20
0.5159597244094488
11
0.3250367716535433
21
0.5148348818897638
0
LINE
8
BLACK
6
CONTINUOUS
10
0.3250367716535433
20
0.5148348818897638
11
0.3248365748031496
21
0.51370031496063
0
LINE
8
BLACK
6
CONTINUOUS
10
0.3248365748031496
20
0.51370031496063
11
0.3242174015748032
21
0.5127287401574803
0
LINE
8
BLACK
6
CONTINUOUS
10
0.3242174015748032
20
0.5127287401574803
11
0.3232735433070866
21
0.5120680314960629
0
LINE
8
BLACK
6
CONTINUOUS
10
0.3232735433070866
20
0.5120680314960629
11
0.3221487007874015
21
0.5118188188976378
0
LINE
8
BLACK
6
CONTINUOUS
10
0.3221487007874015
20
0.5118188188976378
11
0.3210141732283465
21
0.5120190551181102
0
LINE
8
BLACK
6
CONTINUOUS
10
0.3210141732283465
20
0.5120190551181102
11
0.3200425590551181
21
0.5126382283464567
0
LINE
8
BLACK
6
CONTINUOUS
10
0.3200425590551181
20
0.5126382283464567
11
0.3196657480314961
21
0.5130775984251968
0
LINE
8
BLACK
6
CONTINUOUS
10
0.3196657480314961
20
0.5130775984251968
11
0.3074240157480315
21
0.5305658267716535
0
LINE
8
BLACK
6
CONTINUOUS
10
0.3074240157480315
20
0.5305658267716535
11
0.3025403149606299
21
0.5305658267716535
0
LINE
8
BLACK
6
CONTINUOUS
10
0.3025403149606299
20
0.5305658267716535
11
0.3025403149606299
21
0.514770905511811
0
LINE
8
BLACK
6
CONTINUOUS
10
0.3025403149606299
20
0.514770905511811
11
0.3024835826771654
21
0.5141948425196851
0
LINE
8
BLACK
6
CONTINUOUS
10
0.3024835826771654
20
0.5141948425196851
11
0.3020426771653543
21
0.5131304330708661
0
LINE
8
BLACK
6
CONTINUOUS
10
0.3020426771653543
20
0.5131304330708661
11
0.301228031496063
21
0.5123157874015748
0
LINE
8
BLACK
6
CONTINUOUS
10
0.301228031496063
20
0.5123157874015748
11
0.3001636220472441
21
0.5118748818897638
0
LINE
8
BLACK
6
CONTINUOUS
10
0.3001636220472441
20
0.5118748818897638
11
0.2990114960629921
21
0.5118748818897638
0
LINE
8
BLACK
6
CONTINUOUS
10
0.2990114960629921
20
0.5118748818897638
11
0.2979470866141732
21
0.5123157874015748
0
LINE
8
BLACK
6
CONTINUOUS
10
0.2979470866141732
20
0.5123157874015748
11
0.2971324409448819
21
0.5131304330708661
0
LINE
8
BLACK
6
CONTINUOUS
10
0.2971324409448819
20
0.5131304330708661
11
0.2966915354330709
21
0.5141948425196851
0
LINE
8
BLACK
6
CONTINUOUS
10
0.2966915354330709
20
0.5141948425196851
11
0.2966348031496063
21
0.514770905511811
0
LINE
8
BLACK
6
CONTINUOUS
10
0.2966348031496063
20
0.514770905511811
11
0.2966348031496063
21
0.5541409842519684
0
LINE
8
BLACK
6
CONTINUOUS
10
0.2966348031496063
20
0.5541409842519684
11
0.2966915354330709
21
0.5547170472440944
0
LINE
8
BLACK
6
CONTINUOUS
10
0.2966915354330709
20
0.5547170472440944
11
0.2971324409448819
21
0.5557814566929133
0
LINE
8
BLACK
6
CONTINUOUS
10
0.2971324409448819
20
0.5557814566929133
11
0.2979470866141732
21
0.5565961023622047
0
LINE
8
BLACK
6
CONTINUOUS
10
0.2979470866141732
20
0.5565961023622047
11
0.2990114960629921
21
0.5570370078740158
0
LINE
8
BLACK
6
CONTINUOUS
10
0.2990114960629921
20
0.5570370078740158
11
0.2995875590551181
21
0.5570937401574803
0
LINE
8
BLACK
6
CONTINUOUS
10
0.2995875590551181
20
0.5570937401574803
11
0.3145856692913386
21
0.5570937401574803
0
LINE
8
BLACK
6
CONTINUOUS
10
0.3145856692913386
20
0.5570937401574803
11
0.3151617322834646
21
0.5570370078740158
0
LINE
8
BLACK
6
CONTINUOUS
10
0.3025403149606299
20
0.5364713385826771
11
0.3138886220472441
21
0.5364713385826771
0
LINE
8
BLACK
6
CONTINUOUS
10
0.3138886220472441
20
0.5364713385826771
11
0.3165861023622047
21
0.5378200787401575
0
LINE
8
BLACK
6
CONTINUOUS
10
0.3165861023622047
20
0.5378200787401575
11
0.3177832283464567
21
0.5390172047244094
0
LINE
8
BLACK
6
CONTINUOUS
10
0.3177832283464567
20
0.5390172047244094
11
0.319131968503937
21
0.54171468503937
0
LINE
8
BLACK
6
CONTINUOUS
10
0.319131968503937
20
0.54171468503937
11
0.319131968503937
21
0.5459448818897638
0
LINE
8
BLACK
6
CONTINUOUS
10
0.319131968503937
20
0.5459448818897638
11
0.3177832283464567
21
0.5486423622047244
0
LINE
8
BLACK
6
CONTINUOUS
10
0.3177832283464567
20
0.5486423622047244
11
0.3165861023622047
21
0.5498394881889763
0
LINE
8
BLACK
6
CONTINUOUS
10
0.3165861023622047
20
0.5498394881889763
11
0.3138886220472441
21
0.5511882283464566
0
LINE
8
BLACK
6
CONTINUOUS
10
0.3138886220472441
20
0.5511882283464566
11
0.3025403149606299
21
0.5511882283464566
0
LINE
8
BLACK
6
CONTINUOUS
10
0.3025403149606299
20
0.5511882283464566
11
0.3025403149606299
21
0.5364713385826771
0
LINE
8
BLACK
6
CONTINUOUS
10
0.2858206299212598
20
0.5568248031496063
11
0.2867539763779527
21
0.5561493700787401
0
LINE
8
BLACK
6
CONTINUOUS
10
0.2867539763779527
20
0.5561493700787401
11
0.2873577559055118
21
0.555168188976378
0
LINE
8
BLACK
6
CONTINUOUS
10
0.2873577559055118
20
0.555168188976378
11
0.287540157480315
21
0.5540305905511811
0
LINE
8
BLACK
6
CONTINUOUS
10
0.287540157480315
20
0.5540305905511811
11
0.2874618897637795
21
0.5534570472440945
0
LINE
8
BLACK
6
CONTINUOUS
10
0.2874618897637795
20
0.5534570472440945
11
0.278088031496063
21
0.514086968503937
0
LINE
8
BLACK
6
CONTINUOUS
10
0.278088031496063
20
0.514086968503937
11
0.2780199212598425
21
0.5138894094488189
0
LINE
8
BLACK
6
CONTINUOUS
10
0.2780199212598425
20
0.5138894094488189
11
0.2780105118110236
21
0.5138183858267716
0
LINE
8
BLACK
6
CONTINUOUS
10
0.2780105118110236
20
0.5138183858267716
11
0.2779733464566929
21
0.5137542519685039
0
LINE
8
BLACK
6
CONTINUOUS
10
0.2779733464566929
20
0.5137542519685039
11
0.2778994488188976
21
0.5135397244094488
0
LINE
8
BLACK
6
CONTINUOUS
10
0.2778994488188976
20
0.5135397244094488
11
0.277648031496063
21
0.5131923622047244
0
LINE
8
BLACK
6
CONTINUOUS
10
0.277648031496063
20
0.5131923622047244
11
0.2774332677165354
21
0.5128213779527558
0
LINE
8
BLACK
6
CONTINUOUS
10
0.2774332677165354
20
0.5128213779527558
11
0.277312874015748
21
0.5127292519685039
0
LINE
8
BLACK
6
CONTINUOUS
10
0.277312874015748
20
0.5127292519685039
11
0.2772239763779528
21
0.5126063779527559
0
LINE
8
BLACK
6
CONTINUOUS
10
0.2772239763779528
20
0.5126063779527559
11
0.276858937007874
21
0.5123817716535433
0
LINE
8
BLACK
6
CONTINUOUS
10
0.276858937007874
20
0.5123817716535433
11
0.2765183858267716
21
0.512121062992126
0
LINE
8
BLACK
6
CONTINUOUS
10
0.2765183858267716
20
0.512121062992126
11
0.2763717716535433
21
0.5120819685039369
0
LINE
8
BLACK
6
CONTINUOUS
10
0.2763717716535433
20
0.5120819685039369
11
0.2762427952755905
21
0.5120025984251968
0
LINE
8
BLACK
6
CONTINUOUS
10
0.2762427952755905
20
0.5120025984251968
11
0.2758198031496063
21
0.5119348031496063
0
LINE
8
BLACK
6
CONTINUOUS
10
0.2758198031496063
20
0.5119348031496063
11
0.2754051968503937
21
0.5118242125984251
0
LINE
8
BLACK
6
CONTINUOUS
10
0.2754051968503937
20
0.5118242125984251
11
0.275254842519685
21
0.5118442125984252
0
LINE
8
BLACK
6
CONTINUOUS
10
0.275254842519685
20
0.5118442125984252
11
0.2751051968503937
21
0.5118201968503937
0
LINE
8
BLACK
6
CONTINUOUS
10
0.2751051968503937
20
0.5118201968503937
11
0.274688031496063
21
0.5119195275590551
0
LINE
8
BLACK
6
CONTINUOUS
10
0.274688031496063
20
0.5119195275590551
11
0.2742631102362205
21
0.5119759842519684
0
LINE
8
BLACK
6
CONTINUOUS
10
0.2742631102362205
20
0.5119759842519684
11
0.2741319291338583
21
0.5120519291338582
0
LINE
8
BLACK
6
CONTINUOUS
10
0.2741319291338583
20
0.5120519291338582
11
0.2739844094488189
21
0.5120870472440945
0
LINE
8
BLACK
6
CONTINUOUS
10
0.2739844094488189
20
0.5120870472440945
11
0.273636968503937
21
0.5123385039370079
0
LINE
8
BLACK
6
CONTINUOUS
10
0.273636968503937
20
0.5123385039370079
11
0.273266062992126
21
0.5125532283464567
0
LINE
8
BLACK
6
CONTINUOUS
10
0.273266062992126
20
0.5125532283464567
11
0.2731738976377953
21
0.5126736220472441
0
LINE
8
BLACK
6
CONTINUOUS
10
0.2731738976377953
20
0.5126736220472441
11
0.273051062992126
21
0.5127625196850394
0
LINE
8
BLACK
6
CONTINUOUS
10
0.273051062992126
20
0.5127625196850394
11
0.2728264173228346
21
0.5131275984251968
0
LINE
8
BLACK
6
CONTINUOUS
10
0.2728264173228346
20
0.5131275984251968
11
0.2725657874015748
21
0.5134680708661418
0
LINE
8
BLACK
6
CONTINUOUS
10
0.2725657874015748
20
0.5134680708661418
11
0.2724860236220472
21
0.5136807480314961
0
LINE
8
BLACK
6
CONTINUOUS
10
0.2724860236220472
20
0.5136807480314961
11
0.2724472834645669
21
0.5137437007874016
0
LINE
8
BLACK
6
CONTINUOUS
10
0.2724472834645669
20
0.5137437007874016
11
0.2724359448818898
21
0.5138142125984252
0
LINE
8
BLACK
6
CONTINUOUS
10
0.2724359448818898
20
0.5138142125984252
11
0.2723625196850394
21
0.5140100787401575
0
LINE
8
BLACK
6
CONTINUOUS
10
0.2723625196850394
20
0.5140100787401575
11
0.2677164960629921
21
0.5314325590551181
0
LINE
8
BLACK
6
CONTINUOUS
10
0.2677164960629921
20
0.5314325590551181
11
0.2630705511811023
21
0.5140100787401575
0
LINE
8
BLACK
6
CONTINUOUS
10
0.2630705511811023
20
0.5140100787401575
11
0.2629970866141732
21
0.5138142519685039
0
LINE
8
BLACK
6
CONTINUOUS
10
0.2629970866141732
20
0.5138142519685039
11
0.2629857874015748
21
0.5137437007874016
0
LINE
8
BLACK
6
CONTINUOUS
10
0.2629857874015748
20
0.5137437007874016
11
0.2629470078740158
21
0.5136807086614174
0
LINE
8
BLACK
6
CONTINUOUS
10
0.2629470078740158
20
0.5136807086614174
11
0.2628672834645669
21
0.5134681102362204
0
LINE
8
BLACK
6
CONTINUOUS
10
0.2628672834645669
20
0.5134681102362204
11
0.2626066929133858
21
0.5131277165354331
0
LINE
8
BLACK
6
CONTINUOUS
10
0.2626066929133858
20
0.5131277165354331
11
0.2623820078740157
21
0.5127625196850394
0
LINE
8
BLACK
6
CONTINUOUS
10
0.2623820078740157
20
0.5127625196850394
11
0.2622591338582677
21
0.5126736220472441
0
LINE
8
BLACK
6
CONTINUOUS
10
0.2622591338582677
20
0.5126736220472441
11
0.2621670078740158
21
0.5125532283464567
0
LINE
8
BLACK
6
CONTINUOUS
10
0.2621670078740158
20
0.5125532283464567
11
0.261796062992126
21
0.5123385039370079
0
LINE
8
BLACK
6
CONTINUOUS
10
0.261796062992126
20
0.5123385039370079
11
0.2614486614173228
21
0.5120870472440945
0
LINE
8
BLACK
6
CONTINUOUS
10
0.2614486614173228
20
0.5120870472440945
11
0.2613011023622047
21
0.5120519291338582
0
LINE
8
BLACK
6
CONTINUOUS
10
0.2613011023622047
20
0.5120519291338582
11
0.2611699606299213
21
0.5119759842519684
0
LINE
8
BLACK
6
CONTINUOUS
10
0.2611699606299213
20
0.5119759842519684
11
0.2607451181102362
21
0.5119195669291339
0
LINE
8
BLACK
6
CONTINUOUS
10
0.2607451181102362
20
0.5119195669291339
11
0.260327874015748
21
0.5118201968503937
0
LINE
8
BLACK
6
CONTINUOUS
10
0.260327874015748
20
0.5118201968503937
11
0.2601781102362205
21
0.5118442125984252
0
LINE
8
BLACK
6
CONTINUOUS
10
0.2601781102362205
20
0.5118442125984252
11
0.2600279133858268
21
0.5118242519685039
0
LINE
8
BLACK
6
CONTINUOUS
10
0.2600279133858268
20
0.5118242519685039
11
0.2596136614173228
21
0.5119347244094488
0
LINE
8
BLACK
6
CONTINUOUS
10
0.2596136614173228
20
0.5119347244094488
11
0.2591902755905512
21
0.5120025984251968
0
LINE
8
BLACK
6
CONTINUOUS
10
0.2591902755905512
20
0.5120025984251968
11
0.2590611417322835
21
0.5120820472440945
0
LINE
8
BLACK
6
CONTINUOUS
10
0.2590611417322835
20
0.5120820472440945
11
0.2589146850393701
21
0.5121211023622048
0
LINE
8
BLACK
6
CONTINUOUS
10
0.2589146850393701
20
0.5121211023622048
11
0.2585742519685039
21
0.5123816929133859
0
LINE
8
BLACK
6
CONTINUOUS
10
0.2585742519685039
20
0.5123816929133859
11
0.258209094488189
21
0.5126063779527559
0
LINE
8
BLACK
6
CONTINUOUS
10
0.258209094488189
20
0.5126063779527559
11
0.258120157480315
21
0.5127292519685039
0
LINE
8
BLACK
6
CONTINUOUS
10
0.258120157480315
20
0.5127292519685039
11
0.2579998031496063
21
0.5128213779527558
0
LINE
8
BLACK
6
CONTINUOUS
10
0.2579998031496063
20
0.5128213779527558
11
0.2577850393700787
21
0.5131923228346457
0
LINE
8
BLACK
6
CONTINUOUS
10
0.2577850393700787
20
0.5131923228346457
11
0.2575336220472441
21
0.5135397244094488
0
LINE
8
BLACK
6
CONTINUOUS
10
0.2575336220472441
20
0.5135397244094488
11
0.2574596456692914
21
0.5137543307086614
0
LINE
8
BLACK
6
CONTINUOUS
10
0.2574596456692914
20
0.5137543307086614
11
0.2574225590551181
21
0.5138184251968504
0
LINE
8
BLACK
6
CONTINUOUS
10
0.2574225590551181
20
0.5138184251968504
11
0.2574131102362205
21
0.5138893700787401
0
LINE
8
BLACK
6
CONTINUOUS
10
0.2574131102362205
20
0.5138893700787401
11
0.2573450393700787
21
0.514086968503937
0
LINE
8
BLACK
6
CONTINUOUS
10
0.2573450393700787
20
0.514086968503937
11
0.2479712204724409
21
0.5534570472440945
0
LINE
8
BLACK
6
CONTINUOUS
10
0.2479712204724409
20
0.5534570472440945
11
0.2478929527559055
21
0.5540305905511811
0
LINE
8
BLACK
6
CONTINUOUS
10
0.2478929527559055
20
0.5540305905511811
11
0.2480753543307087
21
0.555168188976378
0
LINE
8
BLACK
6
CONTINUOUS
10
0.2480753543307087
20
0.555168188976378
11
0.2486791338582677
21
0.5561493700787401
0
LINE
8
BLACK
6
CONTINUOUS
10
0.2486791338582677
20
0.5561493700787401
11
0.2496124803149606
21
0.556824842519685
0
LINE
8
BLACK
6
CONTINUOUS
10
0.2496124803149606
20
0.556824842519685
11
0.2507332677165354
21
0.5570916929133858
0
LINE
8
BLACK
6
CONTINUOUS
10
0.2507332677165354
20
0.5570916929133858
11
0.2518708661417323
21
0.5569092913385827
0
LINE
8
BLACK
6
CONTINUOUS
10
0.2518708661417323
20
0.5569092913385827
11
0.2528520472440945
21
0.5563055118110236
0
LINE
8
BLACK
6
CONTINUOUS
10
0.2528520472440945
20
0.5563055118110236
11
0.2535275196850393
21
0.5553721653543306
0
LINE
8
BLACK
6
CONTINUOUS
10
0.2535275196850393
20
0.5553721653543306
11
0.2537161023622047
21
0.5548249212598425
0
LINE
8
BLACK
6
CONTINUOUS
10
0.2537161023622047
20
0.5548249212598425
11
0.2603795275590551
21
0.5268384645669292
0
LINE
8
BLACK
6
CONTINUOUS
10
0.2603795275590551
20
0.5268384645669292
11
0.2648634645669291
21
0.5436532283464567
0
LINE
8
BLACK
6
CONTINUOUS
10
0.2648634645669291
20
0.5436532283464567
11
0.2649140551181102
21
0.5437882283464567
0
LINE
8
BLACK
6
CONTINUOUS
10
0.2649140551181102
20
0.5437882283464567
11
0.2649216141732283
21
0.5438448818897638
0
LINE
8
BLACK
6
CONTINUOUS
10
0.2649216141732283
20
0.5438448818897638
11
0.2649605511811023
21
0.5439122047244095
0
LINE
8
BLACK
6
CONTINUOUS
10
0.2649605511811023
20
0.5439122047244095
11
0.2650667322834646
21
0.5441952362204724
0
LINE
8
BLACK
6
CONTINUOUS
10
0.2650667322834646
20
0.5441952362204724
11
0.2653036220472441
21
0.5445047244094489
0
LINE
8
BLACK
6
CONTINUOUS
10
0.2653036220472441
20
0.5445047244094489
11
0.2654988582677165
21
0.5448419291338582
0
LINE
8
BLACK
6
CONTINUOUS
10
0.2654988582677165
20
0.5448419291338582
11
0.2656507086614173
21
0.5449581889763779
0
LINE
8
BLACK
6
CONTINUOUS
10
0.2656507086614173
20
0.5449581889763779
11
0.2657670078740157
21
0.5451100787401575
0
LINE
8
BLACK
6
CONTINUOUS
10
0.2657670078740157
20
0.5451100787401575
11
0.2661042913385827
21
0.5453053937007873
0
LINE
8
BLACK
6
CONTINUOUS
10
0.2661042913385827
20
0.5453053937007873
11
0.2664137401574803
21
0.5455422047244094
0
LINE
8
BLACK
6
CONTINUOUS
10
0.2664137401574803
20
0.5455422047244094
11
0.2665984645669291
21
0.5455914960629921
0
LINE
8
BLACK
6
CONTINUOUS
10
0.2665984645669291
20
0.5455914960629921
11
0.2667640551181102
21
0.5456873228346456
0
LINE
8
BLACK
6
CONTINUOUS
10
0.2667640551181102
20
0.5456873228346456
11
0.2671505511811024
21
0.5457387007874016
0
LINE
8
BLACK
6
CONTINUOUS
10
0.2671505511811024
20
0.5457387007874016
11
0.267526968503937
21
0.5458390551181103
0
LINE
8
BLACK
6
CONTINUOUS
10
0.267526968503937
20
0.5458390551181103
11
0.2677164173228346
21
0.5458138976377953
0
LINE
8
BLACK
6
CONTINUOUS
10
0.2677164173228346
20
0.5458138976377953
11
0.2679061417322834
21
0.545839094488189
0
LINE
8
BLACK
6
CONTINUOUS
10
0.2679061417322834
20
0.545839094488189
11
0.2682829133858268
21
0.5457386220472441
0
LINE
8
BLACK
6
CONTINUOUS
10
0.2682829133858268
20
0.5457386220472441
11
0.2686690157480315
21
0.5456873228346456
0
LINE
8
BLACK
6
CONTINUOUS
10
0.2686690157480315
20
0.5456873228346456
11
0.2688344094488189
21
0.5455915748031496
0
LINE
8
BLACK
6
CONTINUOUS
10
0.2688344094488189
20
0.5455915748031496
11
0.2690193307086614
21
0.5455422440944881
0
LINE
8
BLACK
6
CONTINUOUS
10
0.2690193307086614
20
0.5455422440944881
11
0.2693288582677165
21
0.5453053149606299
0
LINE
8
BLACK
6
CONTINUOUS
10
0.2693288582677165
20
0.5453053149606299
11
0.269666062992126
21
0.5451100787401575
0
LINE
8
BLACK
6
CONTINUOUS
10
0.269666062992126
20
0.5451100787401575
11
0.2697822834645669
21
0.5449582283464567
0
LINE
8
BLACK
6
CONTINUOUS
10
0.2697822834645669
20
0.5449582283464567
11
0.2699342125984252
21
0.5448419291338582
0
LINE
8
BLACK
6
CONTINUOUS
10
0.2699342125984252
20
0.5448419291338582
11
0.2701295275590551
21
0.5445046062992126
0
LINE
8
BLACK
6
CONTINUOUS
10
0.2701295275590551
20
0.5445046062992126
11
0.2703663385826772
21
0.5441951968503936
0
LINE
8
BLACK
6
CONTINUOUS
10
0.2703663385826772
20
0.5441951968503936
11
0.2704724015748031
21
0.5439123622047244
0
LINE
8
BLACK
6
CONTINUOUS
10
0.2704724015748031
20
0.5439123622047244
11
0.2705114566929134
21
0.5438449212598425
0
LINE
8
BLACK
6
CONTINUOUS
10
0.2705114566929134
20
0.5438449212598425
11
0.2705189763779527
21
0.5437881889763779
0
LINE
8
BLACK
6
CONTINUOUS
10
0.2705189763779527
20
0.5437881889763779
11
0.2705696062992126
21
0.5436532283464567
0
LINE
8
BLACK
6
CONTINUOUS
10
0.2705696062992126
20
0.5436532283464567
11
0.2750535039370079
21
0.5268384645669292
0
LINE
8
BLACK
6
CONTINUOUS
10
0.2750535039370079
20
0.5268384645669292
11
0.2817170078740158
21
0.5548248818897638
0
LINE
8
BLACK
6
CONTINUOUS
10
0.2817170078740158
20
0.5548248818897638
11
0.2819055905511811
21
0.5553721653543306
0
LINE
8
BLACK
6
CONTINUOUS
10
0.2819055905511811
20
0.5553721653543306
11
0.282581062992126
21
0.5563055118110236
0
LINE
8
BLACK
6
CONTINUOUS
10
0.282581062992126
20
0.5563055118110236
11
0.2835622440944882
21
0.5569092913385827
0
LINE
8
BLACK
6
CONTINUOUS
10
0.2835622440944882
20
0.5569092913385827
11
0.2846998425196851
21
0.5570916929133858
0
LINE
8
BLACK
6
CONTINUOUS
10
0.2846998425196851
20
0.5570916929133858
11
0.2858206299212598
21
0.5568248031496063
0
LINE
8
BLACK
6
CONTINUOUS
10
0.2307972834645669
20
0.5570370078740158
11
0.2308952755905512
21
0.5569964173228347
0
LINE
8
BLACK
6
CONTINUOUS
10
0.2308952755905512
20
0.5569964173228347
11
0.2310011023622047
21
0.5569888976377952
0
LINE
8
BLACK
6
CONTINUOUS
10
0.2310011023622047
20
0.5569888976377952
11
0.2315417322834646
21
0.5567820078740158
0
LINE
8
BLACK
6
CONTINUOUS
10
0.2315417322834646
20
0.5567820078740158
11
0.2352912598425197
21
0.5549072440944882
0
LINE
8
BLACK
6
CONTINUOUS
10
0.2352912598425197
20
0.5549072440944882
11
0.2355392519685039
21
0.5547511811023622
0
LINE
8
BLACK
6
CONTINUOUS
10
0.2355392519685039
20
0.5547511811023622
11
0.2356112204724409
21
0.5547213385826771
0
LINE
8
BLACK
6
CONTINUOUS
10
0.2356112204724409
20
0.5547213385826771
11
0.2356921653543307
21
0.5546548818897638
0
LINE
8
BLACK
6
CONTINUOUS
10
0.2356921653543307
20
0.5546548818897638
11
0.2357811417322835
21
0.5545988976377952
0
LINE
8
BLACK
6
CONTINUOUS
10
0.2357811417322835
20
0.5545988976377952
11
0.2358322834645669
21
0.5545399212598425
0
LINE
8
BLACK
6
CONTINUOUS
10
0.2358322834645669
20
0.5545399212598425
11
0.2360586614173228
21
0.5543541338582677
0
LINE
8
BLACK
6
CONTINUOUS
10
0.2360586614173228
20
0.5543541338582677
11
0.2379334251968504
21
0.5524793700787402
0
LINE
8
BLACK
6
CONTINUOUS
10
0.2379334251968504
20
0.5524793700787402
11
0.2381191732283464
21
0.552253031496063
0
LINE
8
BLACK
6
CONTINUOUS
10
0.2381191732283464
20
0.552253031496063
11
0.2381781889763779
21
0.5522018503937007
0
LINE
8
BLACK
6
CONTINUOUS
10
0.2381781889763779
20
0.5522018503937007
11
0.2382341338582677
21
0.5521129133858268
0
LINE
8
BLACK
6
CONTINUOUS
10
0.2382341338582677
20
0.5521129133858268
11
0.2383006299212598
21
0.5520319291338582
0
LINE
8
BLACK
6
CONTINUOUS
10
0.2383006299212598
20
0.5520319291338582
11
0.2383304330708661
21
0.55196
0
LINE
8
BLACK
6
CONTINUOUS
10
0.2383304330708661
20
0.55196
11
0.2384865354330709
21
0.551711968503937
0
LINE
8
BLACK
6
CONTINUOUS
10
0.2384865354330709
20
0.551711968503937
11
0.2403612992125984
21
0.5479624409448819
0
LINE
8
BLACK
6
CONTINUOUS
10
0.2403612992125984
20
0.5479624409448819
11
0.2405681889763779
21
0.5474218503937007
0
LINE
8
BLACK
6
CONTINUOUS
10
0.2405681889763779
20
0.5474218503937007
11
0.2405757086614173
21
0.5473159842519685
0
LINE
8
BLACK
6
CONTINUOUS
10
0.2405757086614173
20
0.5473159842519685
11
0.2406162992125984
21
0.5472179921259842
0
LINE
8
BLACK
6
CONTINUOUS
10
0.2406162992125984
20
0.5472179921259842
11
0.240673031496063
21
0.5466419291338582
0
LINE
8
BLACK
6
CONTINUOUS
10
0.240673031496063
20
0.5466419291338582
11
0.240673031496063
21
0.5410176377952756
0
LINE
8
BLACK
6
CONTINUOUS
10
0.240673031496063
20
0.5410176377952756
11
0.2406162992125984
21
0.5404415748031496
0
LINE
8
BLACK
6
CONTINUOUS
10
0.2406162992125984
20
0.5404415748031496
11
0.2405757086614173
21
0.5403436220472441
0
LINE
8
BLACK
6
CONTINUOUS
10
0.2405757086614173
20
0.5403436220472441
11
0.2405681889763779
21
0.5402377165354331
0
LINE
8
BLACK
6
CONTINUOUS
10
0.2405681889763779
20
0.5402377165354331
11
0.2403612992125984
21
0.5396971259842519
0
LINE
8
BLACK
6
CONTINUOUS
10
0.2403612992125984
20
0.5396971259842519
11
0.2384865354330709
21
0.5359475984251968
0
LINE
8
BLACK
6
CONTINUOUS
10
0.2384865354330709
20
0.5359475984251968
11
0.2383304330708661
21
0.5356996062992125
0
LINE
8
BLACK
6
CONTINUOUS
10
0.2383304330708661
20
0.5356996062992125
11
0.2383006299212598
21
0.5356276377952756
0
LINE
8
BLACK
6
CONTINUOUS
10
0.2383006299212598
20
0.5356276377952756
11
0.2382341338582677
21
0.5355466929133859
0
LINE
8
BLACK
6
CONTINUOUS
10
0.2382341338582677
20
0.5355466929133859
11
0.2381781889763779
21
0.5354577165354331
0
LINE
8
BLACK
6
CONTINUOUS
10
0.2381781889763779
20
0.5354577165354331
11
0.2381191732283464
21
0.5354065748031496
0
LINE
8
BLACK
6
CONTINUOUS
10
0.2381191732283464
20
0.5354065748031496
11
0.2379334251968504
21
0.5351801968503936
0
LINE
8
BLACK
6
CONTINUOUS
10
0.2379334251968504
20
0.5351801968503936
11
0.2360586614173228
21
0.5333054330708661
0
LINE
8
BLACK
6
CONTINUOUS
10
0.2360586614173228
20
0.5333054330708661
11
0.2358322834645669
21
0.53311968503937
0
LINE
8
BLACK
6
CONTINUOUS
10
0.2358322834645669
20
0.53311968503937
11
0.2357811417322835
21
0.5330606692913386
0
LINE
8
BLACK
6
CONTINUOUS
10
0.2357811417322835
20
0.5330606692913386
11
0.2356921653543307
21
0.5330047244094488
0
LINE
8
BLACK
6
CONTINUOUS
10
0.2356921653543307
20
0.5330047244094488
11
0.2356112204724409
21
0.5329382283464567
0
LINE
8
BLACK
6
CONTINUOUS
10
0.2356112204724409
20
0.5329382283464567
11
0.2355392519685039
21
0.5329084251968503
0
LINE
8
BLACK
6
CONTINUOUS
10
0.2355392519685039
20
0.5329084251968503
11
0.2352912598425197
21
0.5327523228346457
0
LINE
8
BLACK
6
CONTINUOUS
10
0.2352912598425197
20
0.5327523228346457
11
0.2315417322834646
21
0.5308775590551181
0
LINE
8
BLACK
6
CONTINUOUS
10
0.2315417322834646
20
0.5308775590551181
11
0.2310011023622047
21
0.5306706692913385
0
LINE
8
BLACK
6
CONTINUOUS
10
0.2310011023622047
20
0.5306706692913385
11
0.2308952755905512
21
0.530663188976378
0
LINE
8
BLACK
6
CONTINUOUS
10
0.2308952755905512
20
0.530663188976378
11
0.2307972834645669
21
0.5306225590551181
0
LINE
8
BLACK
6
CONTINUOUS
10
0.2307972834645669
20
0.5306225590551181
11
0.230221220472441
21
0.5305658267716535
0
LINE
8
BLACK
6
CONTINUOUS
10
0.230221220472441
20
0.5305658267716535
11
0.2181758661417323
21
0.5305658267716535
0
LINE
8
BLACK
6
CONTINUOUS
10
0.2181758661417323
20
0.5305658267716535
11
0.2181758661417323
21
0.514770905511811
0
LINE
8
BLACK
6
CONTINUOUS
10
0.2181758661417323
20
0.514770905511811
11
0.2181191338582677
21
0.5141948425196851
0
LINE
8
BLACK
6
CONTINUOUS
10
0.2181191338582677
20
0.5141948425196851
11
0.2176782283464567
21
0.5131304330708661
0
LINE
8
BLACK
6
CONTINUOUS
10
0.2176782283464567
20
0.5131304330708661
11
0.2168635826771654
21
0.5123157874015748
0
LINE
8
BLACK
6
CONTINUOUS
10
0.2168635826771654
20
0.5123157874015748
11
0.2157991732283465
21
0.5118748818897638
0
LINE
8
BLACK
6
CONTINUOUS
10
0.2157991732283465
20
0.5118748818897638
11
0.2146470472440945
21
0.5118748818897638
0
LINE
8
BLACK
6
CONTINUOUS
10
0.2146470472440945
20
0.5118748818897638
11
0.2135826377952756
21
0.5123157874015748
0
LINE
8
BLACK
6
CONTINUOUS
10
0.2135826377952756
20
0.5123157874015748
11
0.2127679921259842
21
0.5131304330708661
0
LINE
8
BLACK
6
CONTINUOUS
10
0.2127679921259842
20
0.5131304330708661
11
0.2123270866141732
21
0.5141948425196851
0
LINE
8
BLACK
6
CONTINUOUS
10
0.2123270866141732
20
0.5141948425196851
11
0.2122703543307086
21
0.514770905511811
0
LINE
8
BLACK
6
CONTINUOUS
10
0.2122703543307086
20
0.514770905511811
11
0.2122703543307086
21
0.5541409842519684
0
LINE
8
BLACK
6
CONTINUOUS
10
0.2122703543307086
20
0.5541409842519684
11
0.2123270866141732
21
0.5547170472440944
0
LINE
8
BLACK
6
CONTINUOUS
10
0.2123270866141732
20
0.5547170472440944
11
0.2127679921259842
21
0.5557814566929133
0
LINE
8
BLACK
6
CONTINUOUS
10
0.2127679921259842
20
0.5557814566929133
11
0.2135826377952756
21
0.5565961023622047
0
LINE
8
BLACK
6
CONTINUOUS
10
0.2135826377952756
20
0.5565961023622047
11
0.2146470472440945
21
0.5570370078740158
0
LINE
8
BLACK
6
CONTINUOUS
10
0.2146470472440945
20
0.5570370078740158
11
0.2152231102362205
21
0.5570937401574803
0
LINE
8
BLACK
6
CONTINUOUS
10
0.2152231102362205
20
0.5570937401574803
11
0.230221220472441
21
0.5570937401574803
0
LINE
8
BLACK
6
CONTINUOUS
10
0.230221220472441
20
0.5570937401574803
11
0.2307972834645669
21
0.5570370078740158
0
LINE
8
BLACK
6
CONTINUOUS
10
0.2181758661417323
20
0.5364713385826771
11
0.2295241732283465
21
0.5364713385826771
0
LINE
8
BLACK
6
CONTINUOUS
10
0.2295241732283465
20
0.5364713385826771
11
0.2322216535433071
21
0.5378200787401575
0
LINE
8
BLACK
6
CONTINUOUS
10
0.2322216535433071
20
0.5378200787401575
11
0.233418779527559
21
0.5390172047244094
0
LINE
8
BLACK
6
CONTINUOUS
10
0.233418779527559
20
0.5390172047244094
11
0.2347675196850394
21
0.54171468503937
0
LINE
8
BLACK
6
CONTINUOUS
10
0.2347675196850394
20
0.54171468503937
11
0.2347675196850394
21
0.5459448818897638
0
LINE
8
BLACK
6
CONTINUOUS
10
0.2347675196850394
20
0.5459448818897638
11
0.233418779527559
21
0.5486423622047244
0
LINE
8
BLACK
6
CONTINUOUS
10
0.233418779527559
20
0.5486423622047244
11
0.2322216535433071
21
0.5498394881889763
0
LINE
8
BLACK
6
CONTINUOUS
10
0.2322216535433071
20
0.5498394881889763
11
0.2295241732283465
21
0.5511882283464566
0
LINE
8
BLACK
6
CONTINUOUS
10
0.2295241732283465
20
0.5511882283464566
11
0.2181758661417323
21
0.5511882283464566
0
LINE
8
BLACK
6
CONTINUOUS
10
0.2181758661417323
20
0.5511882283464566
11
0.2181758661417323
21
0.5364713385826771
  0
ENDSEC
  0
EOF
